id,met_0001,met_0002,met_0003,met_0004,met_0005,met_0006,met_0007,met_0008,met_0009,met_0010,met_0011,met_0012,met_0013,met_0014,met_0015,met_0016,met_0017,met_0018,met_0019,met_0020,met_0021,met_0022,met_0023,met_0024,met_0025,met_0026,met_0027,met_0028,met_0029,met_0030,met_0031,met_0032,met_0033,met_0034,met_0035,met_0036,met_0037,met_0038,met_0039,met_0040,met_0041,met_0042,met_0043,met_0044,met_0045,met_0046,met_0047,met_0048,met_0049,met_0050
sample_001,-0.9112759373542336,1.837453637565274,-0.14300489756279086,-0.9810707195555455,-1.1509202360954185,-0.11789056977202471,-1.0586524314674108,-0.08315476476975699,1.7791083409362565,-0.7501166731719668,-0.40103448798217844,0.010615238181040165,-0.33548027626315946,-0.8870630285011228,0.2544636586230144,0.42243262358441097,1.6049348850409264,-0.37752436550179613,1.2394505678161514,-1.3591103637320547,0.8097610953352936,0.2056075476025467,0.7409187555494519,-0.7126734775470657,-0.8793406115810352,1.3916937154206774,1.4886023615030066,2.854281191579761,-1.6474211851353633,-0.212041678317039,-0.5092177922440381,-0.43731253022822036,0.03625420822065261,-0.7671423709360684,0.7725022099442366,-0.2862947278616194,-0.39090247730589256,0.17112232557677412,0.8191381507880381,-0.9219718101310578,2.9442433078639176,2.5072398905620554,-0.25735322192223137,-0.6587941330946177,1.0044330108913657,-1.302409697518545,-0.1558133560993902,1.6615939150365249,-0.5529233733237066,0.2410937691402188
sample_002,2.1332972392321805,0.40357067927134377,-0.29619910572627595,-0.20687165852518344,-0.4688276769701617,-2.0912921743308686,0.27626828846870266,-0.462392994757582,0.709982857265344,0.9538206958667137,0.5532710570611963,0.7916003736550838,0.3640194626234888,1.5341603780714845,1.707540422301542,0.3605215299396548,-0.6817757933844285,-0.9736663944395375,0.4711387575344324,-0.47192261815512154,-0.5279619108907155,-1.9698452790283074,-1.1519971943319864,-1.5080941801506942,-0.35767214885549975,-1.3371240961776965,-1.710311452312314,1.1037598631173409,-0.06509424874201054,1.2971448893984951,1.0061605877103041,-0.05013445499645,-0.03850471250972685,-0.48436898226785347,-0.3860088690291673,-1.1859250296958,1.4778341066218186,-0.1693164574836104,0.3344182217358004,-1.673547456988785,-2.7664884443776594,-1.402482499531746,0.09499473302344696,-1.552112156703179,0.3915969135073416,-0.3344803311840636,-0.8981453775765896,-0.9899901284171158,1.5226627985853824,1.7144042118495315
sample_003,-0.7460401051050389,0.23715722522133922,-1.56738473408533,-0.23664435504257797,0.43072899154549604,0.8591465929584714,-0.20511088276380413,-0.9189246265245891,0.3876565677524095,1.5404001900294944,0.4406832785728651,-0.29869619966482813,-0.7398597295245924,1.743550497113027,1.226310375852889,0.854358104399456,-0.8208175363405908,1.4885245560912443,-0.673446211128902,1.5213950957602205,-1.2566588072440625,0.26853245437661527,1.3211944151219968,0.9993963317849137,-2.0777672709202695,-2.01726601092561,0.6479121017772751,-0.3415304257699177,0.6954474451033411,-0.35743147882125964,0.7545611237433661,-0.8510708062139678,1.011765706886235,-0.7120387564638978,0.8092885504690618,-0.4999270646747716,0.31068935791373603,-0.44585492447828284,0.07676620153222176,1.1973245441813165,-0.6095390944486766,0.19327323681545616,0.5393447624595261,1.1534414034592488,-1.0276416703282634,0.6829384601661891,0.7618445826196528,1.0518855022585953,0.9746020422943471,0.5718160368839638
sample_004,1.6137798454403638,-0.3160948852771067,0.68807183771766,0.21703821904629333,2.5156042605894586,1.452031893023094,-0.9759684709282522,0.5636582439205191,0.5980691342190735,1.306874278624452,-0.8354755273873078,0.7856988918859852,0.31970949452315894,-1.1082809377863523,-1.670207481599188,-1.4791219998819747,-1.706960544844511,-0.8645523267488993,-0.1681540580182611,0.17816128709632284,0.7646308263313002,-0.5183117259323586,0.5336832751080046,-0.758660769280051,-0.556527462517993,-0.6400947292148148,0.11420879794449104,0.537330391670427,-0.8110251356114888,0.5934830364930611,-0.6515225719948325,-1.2104640722991447,-0.5859033027324344,0.23147774988982206,0.16247477948972358,0.18446262701330285,0.23181509913512596,0.271293337600269,-0.5828967961177474,-0.5072856092441819,0.026820211347067427,0.4046859412951897,-0.9141101493865241,-1.3815582219655658,-0.9565844800105192,-0.46928409656937664,2.507983187075107,-0.12695024527310275,-1.246073429147122,-0.19963175262426222
sample_005,-1.0024056388777234,-0.12405324383922454,-1.3998781061865733,0.034102477690682496,-0.0013814688861308374,-0.9641357890394862,-0.8908190254872609,-0.708372764992228,-0.37466106040377745,-0.5892672972363227,0.32684288096306463,-0.2619549960434207,0.798502068029507,-0.38245646426462976,-1.504038124801938,1.3512396857899,-2.7842759873942504,-0.768650106743637,1.2616344583529335,-0.06595147841057172,-1.425031322081507,-0.11219059600037455,0.6612029008944551,-1.1285184146466976,1.2784951811180196,2.5140730518214376,-1.4879731252242239,-1.324533410153454,0.6958036902578355,-0.5732075565142909,-0.11375990167589571,-1.0915538032501553,0.6773439082594936,-1.7959115422014327,1.949425871689341,-0.9389820775960461,-0.9169357213093023,2.4446669691803162,-0.2844300656196715,0.5779528210066065,1.6816956694902045,2.463576481201462,2.4767008825679473,0.10535441597799755,-0.7609958875893997,-0.1258712579408517,0.4571093676079004,1.440708476397839,-0.23793314378850128,-1.9967295393227027
sample_006,-1.2052401392275025,0.1630756266090568,0.5654103865100881,0.27064214682831633,-0.08649419729352618,-0.5701881265673616,-0.4084612025738129,-1.2908345465314233,-0.7467511924159547,0.5932985012433344,0.17177654769776038,-0.4585755833360936,-1.1835921227493054,1.3134300410502386,1.734912032663537,-0.6403311764751771,0.6081911559495558,-0.07439559992124126,0.8383605671241645,-1.3501873742197408,0.5740549640426815,0.2599093140906183,1.203322895453082,0.24217108304191226,0.400339978808608,-0.27196122262787903,0.3084527627054846,0.164969110024657,-0.9306402504437105,1.6857139183391765,-1.9728608183144838,-0.5889177590424663,1.1835323058490028,0.7257835611957281,0.5658185186239324,-0.37061575672811015,0.04110408289097427,1.1565273372828677,-0.9805814828538655,0.13102225567447429,-0.5238066771053821,0.527137044958428,0.005294987075569726,1.828695418652801,-2.418576228059381,-0.14066806978310517,-1.8755631996318056,0.3357000999865175,0.19208150232712612,0.2415229325376717
sample_007,-1.4921002377943227,-0.6031086715760854,-1.3619842436407508,0.20853614992481045,0.3311707638690408,1.1173211946927728,0.06596399089095067,0.4587890566502718,0.8860944170003898,0.625271666145314,-0.24014050269476533,-0.15222999943458343,1.1962661128996084,-0.09077915819390979,-1.3955484811567898,0.11820422939824253,-0.3902938034540634,0.8548947679166086,0.6509347884829684,2.0714364211390404,-1.1608214172929843,1.6039977529913778,-1.9341955604185501,0.06932678828667704,0.629839799519876,0.08616441289632387,-0.6071942449533508,-1.1148044101352728,-1.4054917570573553,0.3994202466620762,0.20332265496942148,1.7030897264600775,-1.6554321476729095,0.3493248636542294,0.5019207904069896,0.1593825584256955,0.4812304249902545,1.8291029203940967,-0.6662860541867269,0.7328290331044693,1.264634443730303,-1.7704539291592898,1.0736781651860383,0.07406390908169894,1.191834215729815,-0.37208223653315015,2.5979881481744336,0.3118747073995897,0.2571703014130292,0.11948945204843951
sample_008,-0.01420885534694856,-1.715929216335836,-0.43898173407212976,-0.24474468970221833,-1.7259481220649855,-0.6416983341117767,-0.5805779871961433,1.4315288058867135,1.46000481880412,-1.385760458831284,-1.4447301851696965,1.5727954253521665,-1.2226695163861723,-0.43013967019528687,-2.4328699025628735,-1.372204789808033,-0.49959160609932013,-0.2841901290741007,0.5569193761019914,0.5726925808113629,-0.971720609542878,-0.0592689488290644,-0.5814380179676898,2.436217759933767,-1.0100142492853612,0.9138284412894908,0.6853510677339926,0.7582012823897587,-0.6042881819411718,-0.49745671244600687,-0.5909363129951078,0.4755296635306195,1.8066238763708793,0.4915114569781712,1.1523218211537365,0.2839287234211907,-1.005984101485076,0.3038222016937044,-0.009963775200600596,-0.017258022545687573,-0.9485782789858224,-0.0025449731166719237,-0.9123114195443495,1.3779768570453086,-0.46699554634749874,1.2672587134235394,-0.8614108495800803,0.01569303730970369,0.828719650987145,1.6005384460400511
sample_009,-0.2530864511554399,-0.0054138080535217495,0.12807717862491558,-0.03451906101598949,0.7513543703897632,0.6405897114203064,-1.6458734029711486,1.2686987931539764,0.1110415346245581,0.0714988019227858,0.32898941228482304,0.2553176432510024,1.123809047835078,0.847525740013493,0.5183481888104408,1.049370069576873,-1.2500073557254867,-0.8973374219181477,0.6113855548610324,-0.8401123645799475,0.5307446709283083,-0.06774267442432229,-1.0876447960165405,0.49048962227750187,0.8677929766437185,-1.0635381017942287,-0.6046457676165815,-1.1288281236086564,0.23398226979734113,0.5746663638544024,1.3903683265564992,0.055256118651289834,0.7160772838883729,0.8507516387990952,-2.0276768778794936,0.8859145834098131,-0.39985207466329087,1.1277041218129833,2.222426216506189,0.2013839399005784,0.37813367397569836,-0.43443256486052145,-0.21576751181230713,0.1184969386234594,-0.8628694815600302,1.0000748959401289,-0.21590166370448458,-0.43085244112001153,0.20462031916095183,-0.7628705596157641
sample_010,0.9717912668482207,-1.9872302182739057,-0.6627746271564751,0.7854246587814845,-0.6361433867420437,0.4286271108696164,0.2838960397565884,-0.15440836594548163,0.4386643302452556,0.6608191788608282,-0.7612858379830476,-1.505524051144598,-0.6487772792416829,0.6098453770488385,0.03058725885143328,-0.594710969904734,0.7745543593906948,-0.7282987005329521,-0.3793346393829021,1.050710293316256,0.23717830234464565,-2.7628941397431603,-0.9949800891521831,-0.4836249420986084,-0.9994913868859199,1.3686562917321885,0.4900337921171933,-0.5649439241475224,-0.08068284156449372,-0.38369128660226126,0.5455700522232357,-0.7974544158755322,-1.2244107591837796,-0.9513879855215146,-0.16967292854768568,-1.0556235021109885,0.2845543567037968,-0.6079955904045682,0.1470009961658778,-0.4759348955204277,0.5954925479556176,-0.9448992675983872,0.3403365491206923,1.6053080666974604,-0.707318419417532,1.465135876812378,-0.043268409151718736,-0.5118451123379432,1.3794510308059584,-1.0517013041494205
sample_011,-0.06450350644857196,0.4282008467909479,-1.3020925866123085,0.8470691320952982,-0.21385879971526722,-0.7418939413402624,0.11882906863131378,0.5299985325301231,1.5794741935100767,-0.17214138577447563,0.6327472715163222,0.31134895166912707,-0.023783020468338734,-1.3711312529163482,-1.3449191996381968,0.8220198259751368,0.3786818731140698,-0.06725969996723907,1.1256566011377847,0.633158202195148,-0.05284215160116196,-0.14495854246481035,0.6261264052458476,-0.19974684633866666,-0.9553266949415566,1.3508079235825867,0.5404368019360029,-0.6924099691167579,2.334527601341608,-0.09136469958780255,-1.9971762191504918,0.6717152009778488,-1.2651424757868486,1.1584517981514,1.2280762616749883,0.9259063935249242,2.469308666581472,-1.0551916087607789,0.05261701075813116,-0.7088610411648203,-0.5978042442948713,-2.3259282389828733,1.9244273618088317,1.341901407255552,0.5068701337146694,-2.0316699049518254,0.008645386447155136,-0.4511330559003288,-0.6313027245352062,-1.9907522293902202
sample_012,-1.0355008285130394,-0.039996222119021395,-0.26929271954969625,1.3934923333708935,1.0533627528912821,-2.3706071607708257,1.7037215824423506,0.6071880125593077,-1.1166331780228227,1.179991705938984,0.49109043730023033,0.012923561734241829,-0.6009270955022386,0.4164303689512262,0.589414388732756,-1.308913620670106,0.6877653198887654,-1.4744908508442718,2.5085273964782813,0.1350043394621069,0.6815624936504776,0.8199554152031496,0.09820653336870346,-1.8723917269248709,-2.7512528788202104,0.6588328814458158,1.073581798365688,-0.4060044343087724,-1.0110977255738733,-1.192239021862819,1.535863175576456,0.25080844773588407,-0.7632854273247094,0.3168124118456355,0.36731163870845296,0.2040759449637671,-1.0818160877340608,1.3454524206157656,0.5484413704714586,0.9551371724261967,-1.6906100062326237,0.5317942774358951,1.2067777225795544,-0.6283986005415046,-0.6350008722224664,-0.33205855668060325,-0.7129957188063428,-0.36055225883016223,0.6951944346389414,0.4192257556714904
sample_013,-0.1554962735302165,0.16487531503427263,-0.4705239616505077,-1.217960391273779,0.45688486375177834,2.057463294094047,-0.8982945665703834,-0.420369935078263,0.11216549891580223,-0.848781810343202,0.00844413174378237,-1.3211482255485307,0.41546936447612826,-0.26291550361736676,-1.2922948683940407,-1.1998951845254069,1.0758549296959543,-0.5036814719038032,0.7202675533951562,-0.17068200714643228,0.02052931451159821,-0.4848936516996344,1.72077805294082,1.2225491921725806,0.08010087581259212,-0.3584237883884335,0.01347301481922401,-0.5845732289867713,1.153868039037017,1.463981039843998,-1.2718756214212321,1.6002064829417204,1.4106467744521811,0.9102266704526336,-0.40849213532078477,0.29775788025411376,-1.085322754226226,-0.5727696920831433,1.1856098519799578,0.6112675755788148,-0.4574333997222242,1.498671103374609,-0.3094162990272492,1.0123676012256304,-1.0474181931368822,-0.44897631826842915,-1.7855795566343209,1.4857090055524764,0.036724072888278635,1.2795576608729833
sample_014,0.8264469644898508,-1.1278040065465937,0.09268115735743958,-1.5898905391794063,1.7903286614913771,0.8637995166415137,-1.126561807210104,0.4341608924332438,0.35019669174222495,0.10131767864998684,0.8585932702424695,0.33298079937457875,-0.9851526917807775,-0.3625686947621115,1.366603693672967,1.0636969414972108,-2.435798144260583,-0.8335419156938134,1.0284554893048883,-0.3910678235824672,-0.22850668648995046,-1.5523787475732975,0.24393322045075352,0.8533143453576848,-1.5356879062341628,-0.0004653522321561296,0.40423918245400703,0.6704264624953546,1.217513265427748,-0.8240138110169334,-0.1641764802529621,1.0236001454191255,-0.0023717150099695924,1.5237940731290056,0.43884164873482584,0.22472163758954,0.3550954651428905,-1.925183094866419,-0.6859825479127855,-1.6546397637833394,1.15149755966071,1.2196231904640842,2.064721653251794,0.49771368206355665,-0.6268065068799512,0.9563865403018944,-0.3223044860166978,2.110562331641284,0.8734468184454466,2.2013726018599553
sample_015,-1.2174445508767247,-0.48055722057817785,1.3752969360808434,-0.3821438333673851,0.024166806649078595,-0.9634045693945145,0.7031457516456939,0.4609338333903072,-0.3412101582538919,1.2066454061961367,-0.4843801283551037,-1.6516890843141003,0.3826300782321058,0.026932760665784986,-1.0795358390766272,-0.8580826659083689,-0.41306124950579953,1.3156008851664196,-0.2357136573186291,0.5524542607589625,0.16137036155609794,0.24813583807892617,0.1715689207230425,-0.9062223137784826,-0.25962374503884467,0.8259754114804387,0.5743340596195791,1.6673636407739527,0.9465109495726036,0.23146473880949775,-0.6367379084299817,-0.4476339689698764,-1.4317397504209484,1.7283251820382386,-0.7302909243762519,0.4422264395026764,0.9737331575453505,1.8308713326181718,0.41930498632820834,-0.8375820262302287,-0.9784212487811761,-0.48345348052375103,1.0697038349166428,0.3981198386529547,1.5997771967441854,0.5866509401200702,0.03757167278678557,0.5668015891363394,1.399275406107444,0.08129739105974938
sample_016,-1.560659419352895,-0.3683655495970566,-0.5072154949725831,-0.7824886338618482,0.6532120906366012,-0.8458097557002585,0.4569952424566075,0.41266189982093265,0.20072316583191657,-1.3626231905159956,2.208656460541125,0.5992384776823937,-0.3749165035056269,-0.3099670445225169,1.7001861072723925,-0.6856194399250699,-1.5622585194164706,1.275993694578001,0.45795860596326293,-0.15803541709126262,0.4345483278680899,-1.6372411867707355,-0.12222598239923144,-0.4157472815264327,-0.43032870955244956,0.5745882264303998,0.25335313649687896,0.40064967923379596,-0.2372007554555415,-0.3734306716033693,-2.165507946423589,-0.8904019213655675,0.09404968513668549,0.46785797834286263,-1.208547209370913,-0.4225035289220704,-0.21099874975441824,-0.28578301656437033,-1.1841108341377458,0.6530141478419391,1.3948834998673332,1.8800723816649498,-0.6096221202088007,0.6547584980057888,-0.8710511891881902,0.30955770488305623,0.9814243891183386,0.09362785646742022,-0.9400475173926562,-1.344217779106072
sample_017,-0.1809856924435143,0.3129580281443334,1.4803553339809004,-0.6729701786529182,1.8998037670014263,0.8190683104565476,1.5755735254789938,-1.0915739849751414,-0.3565048863861021,1.7601342829675495,-0.2820706531486989,0.13473632844953115,-0.3034066086858033,0.001067214076888645,-0.12605155754843733,-1.989971427576282,-1.5204985351608822,-0.0820302666396357,-0.7709739175707009,1.5758511749064332,0.3687568495846417,-0.6594524957474792,0.3661197150138606,-1.0979353011345698,1.303393584910796,1.383361104534528,-0.4907083262220909,0.14898889153157754,0.24243105681325375,0.10888770468985928,-0.5818194487913503,1.3286765910848288,1.4407218782424518,-0.13561668120922832,-0.2966335646792138,-0.6053532462339365,0.07275289920516294,-1.2786031676532208,-0.8529129237842487,-0.3121370771548839,0.2629543763360498,0.80179243607395,1.0110971810398541,1.4014484087626071,-0.37899805967144556,2.098597259298432,-0.7288892640696287,2.013213037008397,2.0521841592440353,-1.6069515842534612
sample_018,-0.8261006186960587,0.16369420496984471,0.21840704221838264,0.32616368610177043,-0.19204838313136138,-1.2964545090611925,1.2919239948842927,0.9864041875605093,-0.788588495032807,0.7273663574826355,0.3891288487088907,-0.4127800810479502,0.5995589575013992,-0.25084701960607386,-0.807393603664022,0.3758627902154188,0.24622361922552127,-1.2474075261902424,-0.21437246828997186,1.0519683638987383,-0.5661502299186054,1.6361839920596024,-1.4173550769996073,0.6685377954712857,0.1185104106828185,-0.48185059807937447,0.5136076162091313,0.3711310414178925,-0.2621700138019147,-0.6090567475256001,-0.24098591365644292,-0.8145826914292644,1.2903435631359814,-0.15369684620214863,-1.987382540182358,0.5742303356676104,-0.7308471953470751,-0.7469220824699563,0.5579065220906014,0.5909223213775106,-2.4986910212300253,-1.206847380559744,-0.6236611544026378,-0.5400966844708077,-1.075708788581933,1.1277075977397464,1.5967288500718486,0.7367758610010597,0.2735452432893773,0.19036127077467985
sample_019,-0.8706382460979541,-0.46231388893290504,-0.5496153369893472,0.7243405502759995,-0.05173176003937807,-0.31207248234238344,0.41378016632044934,-0.4905189413124099,-0.8690901069438933,-1.924337105614055,0.46321957794448815,1.0356929984777152,0.16153386746969992,-0.1048907135020462,-0.6683802143623134,1.433038200108172,1.0410299564839083,0.4595036457349304,1.1671292646957552,-2.5581640747081726,1.6841758921535532,-0.2918415727221661,-0.39970644237371405,-0.532565869659434,0.8125501958723961,-1.7162394665372078,0.7372495847637661,0.4938843730915186,0.34842849683092203,-1.1904275011093275,-0.174317595842819,-2.77374277456929,-1.9243428988095426,-1.8902758454064845,0.5379998210348006,2.1662420156715925,0.8918941708203794,0.8072988106537744,-0.40241893241019616,0.563192629500963,-1.3750172813492454,0.9450729499897407,0.6474160008245652,1.1700899947914043,-0.03036590949059368,0.1820381968869533,0.09459276775390356,0.1733636582507608,0.2714751413500365,-0.6619196673805652
sample_020,-0.3178333007874239,-0.6657191182655386,-0.19237345563293654,1.1645317945594407,-0.7892193686941644,-1.2417092023933507,-1.0189424413349868,-1.227304918165631,-0.6272922332727305,0.43756944390889996,-0.12974411713925085,-0.9024569484315248,-1.0597934517588785,-1.269509456995997,-0.6585424588459411,0.9077308800790057,0.053511616746723445,1.4589322712005692,-0.8139732792457778,-1.4835686033490074,-1.1721716340091621,1.4531931321621716,-0.8178411930936774,-1.0449863597760265,-0.3615613734770594,-0.2830333567489126,-0.6403908582098934,0.7550436566034155,0.29287711015401185,0.9603909066449741,-0.9002517595394103,0.515996407871483,1.407002203520745,-0.4099880998385024,-1.1547060641685,0.8997427953618673,1.3117815905657562,1.8350007555799772,-0.2107935439028793,1.2633664294848075,-0.16134865421951483,0.8219494384120682,0.7503892678364086,-0.9321764435549127,-0.12245571135825685,0.6872929685646485,-0.44183104828735015,-0.8739979589550526,-1.2538611111796507,-0.11256780480796517
sample_021,-0.49577508027068773,0.5428383981470631,-0.944831520047864,-0.3599990956514583,0.12918739792956213,0.688539623599532,-0.865564912544841,0.41534872163102493,0.5243217797440589,1.048633124100167,-0.6577987644705793,-0.5357221915906288,-0.4378837472460761,0.04439898285860509,-1.1636159027729782,-1.3203490394946964,-0.4860468831933438,-0.15949168659392293,-0.39385644417362115,-2.081077380057081,0.08971441249656036,-0.33548741074023347,-0.039992716496168916,-2.3752596829625605,-0.5698198449271463,-1.656652681633634,0.4004261269023718,0.1912263182905547,-0.5107408218691574,-0.052437941523538145,0.23254316285086016,1.1469525136426426,0.4408090158300612,1.8300506091846322,1.0170093421213315,0.10826820673704966,0.6465204052477431,0.1174109775422655,1.3154557611014286,-0.8378215189881595,0.06870017417649467,-1.1600583860306053,-0.09079318490422218,0.2117181309640718,0.9810730416081384,-0.1884810064813851,0.17053189118191017,0.38795426908500363,-0.3574113358927038,0.6224489827520114
sample_022,-0.09426077182941227,-0.9132764618605536,-0.6148952894250355,-1.6977840367730754,1.4801848667471345,0.40056222901551347,-0.24688343910622534,-0.5957702790449643,0.2461561292939953,-0.7262706657411325,0.1409851429288841,0.30176220091717393,-0.8333288347086859,-1.1652483515248409,-0.00785887680085304,0.04126874349553311,0.4842083062671952,0.72861237077164,1.2203765948051195,1.2115565888003121,-1.3512179760433864,-0.48139308391208513,0.7676092786371329,1.6105575625845745,0.2779807464575241,0.5566551707613283,2.3490048021659797,1.405032934610676,-0.7621964519878973,-0.4108334059801692,-0.3507972984111124,-0.6130275765745116,0.596027408792041,0.5144157847164338,0.1187352945350559,-1.59334014781004,-0.9007600058334665,0.5424219635858553,0.9088083593301896,1.7488267655055616,0.05103561309454783,2.386305380087943,-0.3464810270375931,0.4883379587659672,-0.7068434226412322,0.0326193081579126,-0.6799075230932484,-0.11687916271245925,-0.16868537354893975,-0.27619447582600404
sample_023,0.2727729334879715,0.775871054987818,-0.20503238090815534,-0.8910646081469912,0.26368221004867554,-0.6683636959872435,-1.3183208051042148,-0.19750525122522652,0.055882605427672066,-0.35655311306448867,-1.869229374285706,1.3373683299885841,1.9901379923681313,0.5011864924694621,-0.2862557229381015,0.5765471813189621,-0.1790474086387837,1.0964531212636701,1.7446322044779676,-0.7756684031351094,0.5175025072026833,0.9138790428263138,-0.10584000714358088,-0.613465374705344,2.2427479866373163,0.7683350466211476,-2.0676243820235576,-1.2110092955685163,0.5889574068569283,-0.92657881159382,-0.5778852410063445,-0.8392547441379324,-0.49610753726133855,-0.017041840076872473,1.4386635361638056,1.245815001645337,0.4755745670658512,-1.8156551454691117,0.5819324308169176,-0.26282652232513815,0.22619255965563723,-0.03977912541053198,-2.0438842868192926,0.439965944283736,0.5235975561781724,0.05135427004403567,-1.4024087389149429,0.29208334601220765,-1.071876932658807,1.537104975772837
sample_024,1.0670513337731387,-1.0462713258204133,-0.18084380234667852,-1.2483972547036664,0.8865718814856514,-1.5965924548435226,-0.14292514531266096,-0.22511949879802906,0.19939575249537592,-0.34142611490481956,-0.8636814765608253,-0.6545433779638967,2.2727749165919042,0.10302978250600743,-0.32623801210045444,0.5872901032108983,0.5691118095008917,-1.3913273665046344,-0.37472917274017814,-1.4195843164444055,0.6165502114255744,0.19669050303244917,-1.5926612855880464,-0.25533693323010764,-0.23907296087420218,0.6971754776608146,-0.6844320228105542,-0.4857389162369065,1.002980627359746,-0.6126724746826913,-1.2728028572335224,0.5881349617253177,0.251675929703824,0.9215605888656977,0.7416671259377206,0.8957700805295479,-1.2311170206920317,-1.9311700632095978,-0.06983009713016014,0.8505076199769741,-1.7553880523590277,1.0993382888837844,-2.4988694913113245,0.6217900101010854,-0.43451793413847317,1.438069889221475,-0.8881057788517779,0.23662528543820657,0.2316651299083294,-0.10451722609053399
sample_025,-0.23260842010775218,-0.568566453419162,0.237337217052652,0.4507982830539715,0.49787625496197846,-1.7358655290887541,-2.1169533453002964,1.157281548756244,0.2974685122472844,0.13283814658405346,-0.4483179724928711,-0.5736075789033485,-0.9625870194413467,0.6437954359794865,0.38085105743068515,0.21845879085904196,1.1816607927794553,0.27771020656583,-0.06920025395386886,0.25009714402857386,0.41550433960147437,-1.4897544728974312,-0.1379710761460826,1.2250300318007148,0.8289085387716122,2.1957597271904383,-3.053750111377701,1.2560132750562714,-0.3846553532810999,0.2275951338231459,-0.21542638159744912,-1.0179278723783347,-1.0376996981832523,-0.343326991155198,-1.2003515228869002,0.6478271969966076,0.44170831794892845,-1.3214578057983835,-1.253553932004054,0.4710854865679759,-0.06602574510189929,-1.10412903344497,-1.058756532139723,0.8841348996930766,-1.774731075178966,0.4586893024589885,-0.1403262557308256,-0.28765958869611746,2.3672913733696603,1.2470740239462779
sample_026,-2.7771247637024254,0.2653898989869931,-0.8642332629064124,-0.685934058465654,-1.0920928819752047,0.7937954811115342,-0.6173220769960714,1.0757200190105094,-0.6521392111826305,0.9291831336840626,0.17464864104065628,-0.4422013855517199,0.4021908851792322,0.40569890584295204,1.1966112633421129,0.2852756002921098,-2.146621092371276,0.8353916879832426,0.623621469694451,-0.99973531102861,-0.5800449846337651,0.9915144669396563,2.5535980913541003,0.3256568380828879,-0.2616163214701603,-0.05084117405439657,0.5010212117768462,-0.23227057775457344,1.5659018134580118,0.6169327468370122,-0.9469359196446334,0.6273026376145273,-1.5504020178492213,0.274770259199853,1.0461558227307992,0.43602027896367396,0.7270320236959625,-1.2151977396136895,-1.3791072131114346,0.5407333390984282,1.1334814117158043,0.6996395627604615,1.2680633709718732,1.1062099863825685,1.2797136071138533,-0.287982544419183,-0.9598205632387738,-1.3910914239523695,-0.8680133864577487,0.04016609277919926
sample_027,-0.24964842594666586,0.43794038084763415,0.24508923919574696,-0.043598373333397236,-1.0667477673123646,0.2583016639729224,0.7218395303852594,-0.03527154132915675,2.8365964148084712,0.2876939934196734,1.612455373301399,1.9994232823120697,0.25704182287928173,1.6163209515863288,0.2470615391064558,-0.9618315876072798,-1.122658670118298,0.7419313516514627,-0.6521057760035099,1.2273889156135982,0.6326622669118594,-1.7195442100171319,-0.2153656680160814,1.4780275487244623,0.9223155542040391,-0.2711130493592365,0.18757710555356852,-1.3394074762495514,0.8653093326373846,0.9044964654737849,0.5081412973156646,-0.6511027199217678,0.20524549826037228,0.4008498341627142,-0.3471500753477594,-0.17988168998605866,0.9328201691523911,1.3899896879920182,1.1014762008644725,-1.1265995815460754,-1.819962960434795,0.23077085221871185,-0.11797986565840665,1.6772831078303883,-0.030320970313455462,-0.7327820268880458,0.8934489581470448,-1.4868035003361555,-0.746939897063505,-0.2940619502711193
sample_028,0.4040701603948073,1.1811084374280105,-0.005044797983455476,-0.40796292468011963,0.33090584479652063,-0.2107498919483175,-1.200444968934584,0.7379969896856693,-0.19319479265650033,0.3292252345132801,-0.08321525319309636,0.7273577993091903,0.5980128180953918,0.028923142239614702,0.578477097664978,0.8171964214354407,-0.07254382214901597,0.826103777966765,-0.8436069937987027,-1.079617499366402,-0.29228904119172555,0.38823560728584733,-0.3605521822846135,0.1227466472803,0.21816485412336858,1.0888573209366237,-0.06843192221312357,0.8746586582547983,0.26368312398916804,-1.66606271948181,-0.08008065803304747,0.7657726742923041,0.12805199688020383,0.5948605504088127,0.7282998086067181,1.1533641303428663,0.587372562683135,-0.9702704205380683,-0.3868084564674488,-0.56625138267896,-1.0266418686213357,0.042258879233530375,1.2161691093740754,0.6751430506562848,-0.49838905724967575,-0.260738342024719,1.1791142382784348,-0.7466700888103485,0.9176588878062001,-1.3289343255226893
sample_029,-1.5294364021063405,1.2996258745263265,-1.3166046462674934,-0.8785614202794882,0.5067142276262241,-1.0345295627699407,0.5435546436530675,0.03940789859698574,-0.3804697460318793,1.0175224062718995,0.33422543160732177,0.3047783465153025,-1.100211995450714,-2.225682191995767,0.04244687211126688,0.836491586829167,-0.7106639283420392,0.5347107354954275,0.27500142867660726,0.24266824427929534,0.13495298772354536,-0.5928667908080955,0.8580254187684462,-0.8104270420833561,-0.00846451714382936,0.6610128693940689,1.4345321392465085,0.14663550383950488,-3.1215705475904447,0.6243935624052531,-0.8218874727786227,0.16406159995151784,-0.8338544194956256,0.6492551995327149,-0.7658071215876097,0.2210583169959332,-0.5444715991041837,-0.4251744535746947,1.4491040692697155,-1.2203993545929155,-0.24364064748981207,-1.5338931877176083,0.2219189440751596,-1.338554656121398,-0.7586504017134718,-0.7931622354271939,-0.9566574030163472,-1.7014486150280326,-1.301536808160837,-0.05426080622725257
sample_030,0.1403965897214199,-0.20717612280606945,0.06614535619874046,-0.4109705600849626,0.5255887009794961,0.49184002144491745,1.2446722654965785,-0.5636071469469442,-0.5967737075524792,1.106405777492035,-0.18121086971986963,-1.6854008613487315,1.2566541210131517,1.136255866268309,0.06003737237181875,1.136733565486085,-0.5932398510955296,-0.9324600881301547,-0.3608991756209503,0.15742641475043523,-0.08137067445418611,-0.036748747943764724,0.3553814467459098,-0.12603508773789704,-0.6068972123979619,-0.5967833190726068,1.9862076156618278,-0.7830890825867529,-1.404673318567396,-1.9213776139072651,-0.38996301889057783,-0.2867739797110645,0.5288235624384123,-0.594339847851482,-1.4860077525619262,0.037493269948324186,-1.8533655492434535,-0.3436000018694983,-0.3192788657071329,-0.09616343831320152,1.093792002943909,-1.3490255887803813,-0.11288052046708802,0.18582190870963672,0.004431773200405905,-0.3448523221918233,-1.1373388534592606,0.6310665691431774,-1.5484273502776718,0.4717185123224508
sample_031,-0.21744795588457513,0.7803171246942262,-0.6605390443061068,0.6443861725079056,0.5290956822227195,-0.4987552589679478,-1.2806207098102844,-1.6672200043928014,0.19632678342959511,-0.009141429203038742,-0.5950587790842853,-1.756573640376599,0.5508937276277929,0.6144668749327615,0.9203819046108551,0.5416972034679031,-0.40814513668986013,0.24901037211329027,-0.3518383869377026,-0.6756414929080348,0.5973159083360903,-0.4640689139342195,-0.9835055723697247,-0.005995900843728557,-0.5999338279525285,-0.31704621501411456,-0.28587170008287555,-0.8029204767232374,-0.8617826887881617,-0.42912491755858073,-0.020164740001303912,-0.013042252151176577,-0.3673399148494294,-0.8297232235145553,1.5157100002728792,0.2754914973960532,0.3373689299186498,0.32991928311945823,-0.33658296658105386,-0.5990237030382026,1.6555919069255005,0.4353088567829032,-1.2301673531892665,-1.1024181469839724,1.1471839516547435,-0.40270063782919086,1.1678144343484695,1.4959704077448863,0.10551010646593131,1.992343339330417
sample_032,-0.8309249898423553,-0.5715018316184394,0.9395688123895233,-0.0336293028667261,-0.44897239738800815,0.7851339758296633,0.6402366746073836,-1.6015387600473738,0.7047603669039498,-0.44389140097576596,-1.5744861281390157,0.36741535237526085,-0.10977487689562762,1.4704738834141164,-0.47365862664115965,-0.42083914935302036,1.4822416292548701,-0.2035948867429817,-0.3154430268105143,1.0760939805921992,-0.4271347621394571,0.7334685950747007,-1.9940532401224262,0.9809573896522358,-1.6622389644681752,-0.5153864129652617,0.5660241010920505,-1.1499712173094299,-1.178577673373223,-0.5186734742944662,-0.2253990968137108,0.5248647297074825,-1.738186916435842,0.7053373638300092,-0.33650090642420194,0.13955628559544486,-0.45111674578599115,-1.9536115605552629,-0.6167952501438526,0.7616439641012844,-0.21720434343320452,-0.7724539822999932,-1.4788566297961532,-1.7594926790339094,-0.4958549355554222,-0.11359989883111163,-0.060565381428218025,-1.2504642073608505,0.519209643758647,-1.481357839315632
sample_033,0.5631643381517707,0.6387438844779276,-0.5588619412229267,1.057195746530543,0.755213064542348,1.7854647585936372,-0.6212107870485528,-1.6189850808835637,-0.1762886681032043,-0.322793974572655,0.036574597683625386,0.6592396847353154,-1.3052892633374036,-1.4537386682837508,-1.427554107964287,1.894516486121372,1.2651354851173324,1.7135407819370725,0.6137292304260223,0.3512311989903288,-0.8301975009709162,-0.16029979891745122,-1.528632556963356,1.5500253374149746,0.7853088812913228,1.9411103440722808,0.467696061897722,-1.524362526411279,-1.857945602070186,-0.1716803756792852,-0.7186846507348612,0.7525592518218763,-0.8494545783358207,0.11086910627401092,0.2777577436975533,-0.3731451567615943,0.1781381897489366,-0.40480359117240716,1.1637496184962839,-0.837563518585408,0.7318609107651987,0.14593634753344747,0.7418451849108421,1.2574205583158176,1.1714329091110798,0.6347956729355598,0.39673935231382873,-0.3892913636032345,-0.29042316763589193,-0.7227754924588573
sample_034,0.9042483291099671,-3.1159052341569784,0.7585971945082504,0.6875566154240765,-0.7967867583334566,-2.1018278016836582,0.8599814460041514,0.3028231496726882,-0.8445570785261667,0.23759105880688944,-0.47458485867244055,0.7868882673314554,1.5687939867981586,-0.6822373547150176,0.2901961041002545,-2.388987393118166,-0.6995864502748649,-0.42982448262153194,1.1060898855397006,1.3155662897312934,-1.5286857022250533,-0.6825066910066486,0.6215632688715981,0.9752140141358427,1.2020697467782193,-0.7260997263904513,-0.643377566875031,-1.034090176700445,-1.5008003978230213,0.16084308365416733,-0.7783819167668373,-0.6610294355052211,-1.2491123071863908,1.0370150193849805,-2.839607399171375,0.2129221883744322,-0.9710087424919394,0.9461871464094802,1.0259076678064802,1.3435808790368686,-0.17484865786046241,0.8349319272993219,1.4949516561004845,0.8900673387671609,-0.22697636313115455,-1.1102828015751447,0.1265808720702774,0.52480270723807,1.2834976416960917,-0.8171698341526004
sample_035,1.5378492708719376,1.9980930569504607,-0.5976758477283238,-1.1304703653742159,0.41083355435524405,1.1775343692347435,-0.07101467951071837,0.4501332993784267,-1.343346324595936,-0.8851394144022428,0.4399246843141188,-2.168562832560455,-0.21276065746633904,0.3506592037737091,0.2760372298499632,-0.14632502685253712,-0.54137449423279,-1.6192675880264522,0.5399845826414035,-0.08314664735995174,-0.23401011165499275,-0.023701421880955652,0.4666729222378689,0.2558002992391603,-0.6583550798581888,-0.6986043556181112,1.3413228790784675,1.5667028025009455,0.4292924547416989,-0.1224057637154091,0.20865139900095256,0.5358842238988782,0.10694792230725816,-0.27197841303444237,-0.9984479086774195,0.06765551370617783,0.4827688257312355,-0.2894923801249886,0.027305224407763975,-0.21221536662182608,1.1867301609226817,0.7903822582807096,-2.24971701769276,1.4118211848334075,-0.816445870247919,-0.48211061880023365,-0.2604061536110378,0.2301429279106518,1.3095654039350617,-0.8320763647042196
sample_036,-0.03443698958276283,-0.7712262217418152,0.7933554931138579,-0.2703289151490825,-0.246065126649133,-0.07147112457031543,0.1354145395486774,0.7230349414276176,-0.059838809418439096,0.2032777324334566,-0.824655752861062,-0.5391074263485987,-0.5148036776027343,1.5970350624065959,-0.2582310007726362,0.5689793645859286,-0.32090814987468685,0.495476635062605,-1.570118911440427,0.48240792771547936,-0.3385827032146392,1.082725386234139,-0.3982392506323536,-0.013089578491312221,-0.7181627970220439,-1.5207220521850802,0.20656066977470433,1.002905762143358,0.4769648538204379,-1.1346166426698956,-1.0283262096974932,0.5805721158038055,1.5411832746735608,0.12206238801096483,-1.4525426807967428,0.27450295444366146,2.5554442567448525,1.4572393269931807,0.6845924859699057,0.830921280156033,-0.4234371101182765,-0.6399705055489991,0.21224344151812205,-0.8807076453799316,-0.3656611088334545,0.461775056266588,-1.3156087678672221,0.9521377488863795,-0.5221298986420618,0.2587158095067028
sample_037,-0.19121428966942652,1.5574999931036069,0.237558545665874,-0.2799140688560045,-0.4976883848237081,-1.3970450099007528,-2.3133331575846023,-0.06830097621396876,0.7388132831719506,0.8562908224278918,1.1071964712473492,0.28214090481026416,-0.41921242252912255,-0.5150337543960415,1.2090726038734387,-0.2943805116265549,0.5335083130613734,0.9112994091524972,0.13839640845779008,-0.3636126110681107,-0.6376832521507073,-0.2522977952036506,1.0525841342105986,0.8921474329521208,-1.4341222222538323,-0.7462939598357778,1.5483379154825136,0.07310858660728352,-0.15887579293853632,-0.8742113004438596,-0.2606424501714234,0.9202116793362537,-1.2426544916633477,0.9200106429308872,-0.9268994493286048,1.3532097715419074,-0.4533889349951323,-0.09862815606090923,0.7035079657359259,-1.0149908986374188,0.9298523776230435,0.09718357622130257,-0.5029351281699537,0.6265352369881099,0.6046999269451552,1.4433696604321478,-0.7325915392902338,0.28939769939212034,-0.9814424363300235,2.190513926002047
sample_038,0.17639223176221058,0.4106983678847703,0.9178709523047163,1.0880176218970485,-0.6303483536483665,-0.28978274253596364,2.2634142026070396,0.07024227997058283,0.3448935306924892,-1.6137319568058968,0.8859625471834341,0.7611796058886352,0.16814001547560317,0.4035776133103824,0.9378765062904989,-1.0359115286890546,0.37977011399416977,0.17548007028630716,-0.7032841900304138,0.43536490716822335,-0.059958330011504225,-0.6370967699366313,1.1786448769766833,-1.579171854742449,0.8541629390051304,-0.17337152645936946,2.3396102704815975,-0.9208492685628844,1.1940661948921443,0.5380549911309841,0.24277111457927034,-0.03708873085437844,1.6085947349134209,-0.9349207478378343,1.0853167857980086,0.33085085434405076,-0.6520570750524094,0.7379491826311543,0.7750948082708692,0.9575165191441383,0.76509935238043,1.3552873636229483,-1.8621924414861124,-0.07338894312956862,1.217671986270433,-0.9088001562060349,0.028739974839780358,1.1240938219587466,0.4645812963619182,0.075105508138624
sample_039,1.3069615373274914,-1.1716285580589347,1.2747195049619284,0.8847262980169018,-0.004807561713803743,-0.3684148831866595,-1.4298442681980703,0.9839564926543609,-0.3522137286774116,0.5544775107946884,2.485677432441609,1.2502651051460365,-1.4542631901002183,1.7269743916268387,0.5058411847280895,-1.0059949925117366,0.4696487734711034,-0.5561604238772258,0.9584669198132165,0.12263537286203507,0.7065519829745023,-0.5532523640215806,-0.21028708619394829,-1.2296124734219265,-0.0032158665443400626,-0.062266758729985106,-1.8814012046946123,-0.4253757323997639,1.5039160866527086,-0.005369879594683745,-0.8810434686580081,-0.5054709319054913,0.7656071575453214,0.18251183479254982,-2.096445554698662,-0.10205815306750303,0.007625557748127484,-1.58203713296125,-1.7161488987281204,0.13928014169418595,-1.0012009400766435,0.5971116712227308,-0.39708564648548356,-0.23563286012268225,-0.6974466893413879,0.6657311311759783,-0.47498847128676325,0.5969582107402877,-0.4188585309923816,0.48502375983065316
sample_040,-0.8218017252306875,1.6960481359853399,-0.7160027029032364,0.5206538469814738,1.2526782721843952,0.16106566936525396,-2.2612473327007914,-1.206210316739291,0.6569556202350655,0.17808313183805838,-0.8296664750452994,-0.4900799467288538,-0.7647478267927694,0.6344750264675423,0.6403470822830095,1.4799176582935505,0.6071421303694088,-0.5108378134441707,-0.27525912639266137,-1.0576663287663417,0.8903507151589407,1.9629593247857662,-0.30063281032402495,0.45555298831253105,1.7197164847788076,-1.0349698796636033,0.9041871856850179,-0.8818207321585834,-0.7054683139709064,-0.9159994867794496,0.3894173930579989,0.1130387547983898,1.1672224357043064,2.5876699270523704,-0.7173012591393553,0.6340854210192726,-0.2436882857718317,-0.47553700902151874,-1.0720691742621595,-0.32100662825300524,-0.38210274872355016,-1.1244054875182437,0.21573109235435928,-0.629629170055188,-0.3947307211724806,0.18607292430620348,-0.3754226111149922,-0.34880470850750583,-0.8134634740828114,-0.001064385965811671
sample_041,0.1694606830306145,-0.2760159552858939,-0.29127644284151266,0.13772059854527538,0.8737994795419269,-0.005166386923753044,0.2382528898418828,0.7763633961677404,-1.2409252274852074,-2.3268615346599613,-0.056769807774125415,0.9188093046047549,1.535207202832135,-0.3107120796339674,0.6247496607215968,0.8935426019477701,0.8398129413471523,-1.6236766522369197,-2.851048177368346,0.3027220915383506,-1.0252958147052356,-0.13359072570193692,-0.4410682151452455,-1.5098593985841102,0.4943920974968395,1.533290587070096,2.2841043532497802,0.2771562870060416,-0.36117954937719443,0.3545219011249833,0.5783811464047557,0.9281358974542127,0.2964479470355058,0.4314277683141486,-1.9954531867574588,-0.2987261368579801,1.0995218007329985,-0.7523452209573596,-2.2369846492338814,-0.7744376261399856,-1.0860195250074738,-1.4062655856341266,0.14979409666555119,0.148428634741813,-1.0533116415736048,0.010215870235028969,1.6117177300787782,-0.7461989808041684,1.3822978378415711,0.7539118912430532
sample_042,0.04607493517061273,0.7151940865160845,0.4935099216713456,-1.7838637620136435,-1.6679588183903644,-0.19747813869211672,-0.893723957137618,-0.30907264977344223,-1.0046831238238245,2.470525737992944,1.4119525206825931,-1.9070469077558427,0.325282000786914,-0.7691754794916859,0.2140889230522374,1.041670792883872,0.2376469983704053,-1.9179019109949174,0.7018579726648757,-1.423005847909783,0.25701540635238296,1.4881168236737827,-0.5100994572183739,0.5387222389308842,0.10923134852336142,-0.9150248363864952,0.4318231457161132,-0.2187989778657067,-0.9730556870041214,-0.2582856951574126,1.292679270222639,-1.2495448871499193,1.365754993895377,0.4444839486203326,-0.19406834939121695,0.14578529233185084,-1.2703264275258148,1.3895255012498327,-0.8879586603937838,0.86189887546806,0.38070019095533314,-1.4260812935415228,-0.2627772577388738,0.5228505098716312,-1.6224419640154646,1.0344547413702143,-0.7896007583803112,-0.3995173063686474,-1.2835706325660743,-0.3400253433695591
sample_043,-0.9599288441185565,-0.17635920167926725,0.022572320215501672,-1.1100492021003534,-1.062140723476372,-0.186815882439723,0.16605092029165355,0.9879317766857716,-1.7780180920896684,1.7598816019085644,0.44908564864863104,0.4373926085717975,0.4387336875578016,-2.2524908167780002,0.047969002736773965,0.11918298650292232,-0.0992817817080572,-0.041373187186809005,1.6422200523172248,2.388712187048311,0.7334383256201503,-1.7380055898382427,0.30972632217855406,-0.7436745654220271,0.5397776642277116,-0.017353128554451862,0.0974707484501129,0.6594294609716033,-0.6016925842697759,1.492770154723614,-0.8420071864519811,-0.924143669698475,1.6718970044791355,1.5086411258139067,1.4876569496257228,0.21099822707031407,0.6995983352762126,0.32552733538515655,-0.31848918390367037,-0.27262016169997455,-1.9390987506692334,0.6791544914276585,-1.0812251433111308,-1.367104029503613,-0.027458381725022293,1.491778786280115,0.11407348111085885,-0.2471084415618442,0.2086295920653562,-1.0828929474573934
sample_044,-0.5526339697039132,0.3481058655613231,1.9073389458256644,-2.779728924986479,0.5881413647662568,-0.3585991680318178,-0.7405576909769253,0.3381232255249338,-0.8384016298495343,-0.11300828392865211,0.5748482511802461,0.8481185888129427,-0.2849969613544583,0.2922781726252633,-1.5960714704482586,-0.4588386669919819,0.575497168343691,0.8609614596260317,0.4102381013174624,-0.2522078025091979,1.600916825553677,-1.074101072564839,1.124610183806674,-0.3202468416954231,0.25178668095244433,0.14425282029706965,0.712879822431399,0.042516080923711654,-0.2950917377136431,-0.36015684114664465,-1.23017846983516,1.6205047065802949,1.4121377190818123,0.6732117356972178,-0.4958752578374247,0.613387287459371,0.18831081348829717,-0.21829678322176702,0.6468639219247887,0.7189319333424085,0.8834866449292079,0.5512050941757607,0.6937200864928894,-1.478483849640926,1.2148492908036534,1.8066290192999261,1.0957001915832811,0.6435997453626411,-0.5225034198079165,1.4228305366182166
sample_045,0.2372387617752917,-1.6750011703610261,0.8455485120511078,0.36902975657918907,0.3108960427267563,0.3536159908941084,0.6939153145919019,-1.7589196366074407,-0.6971437723232566,1.0921701981810303,-0.1937133586130816,-0.32772163176588803,-0.9474557205425692,1.4862829994445854,0.26930567676627254,-0.016771524644773158,-0.19559161538759592,1.5979731253126368,-0.005373885477834547,0.8916193611983361,0.3698927647265996,-1.5939700653983961,0.8047947785746407,-0.2184868664716955,0.8654185752229442,-0.6434403350928699,0.4284400183492217,0.8366420996316387,-0.4269791237074004,-1.1941539683859135,-0.17968841718244952,-1.5662637495705436,-0.8778026017777275,0.28555864869340286,-0.8551818649992671,0.9030394749176132,1.8249592926257578,-2.175417165106217,0.5350191374985989,-1.8321166941302722,-1.1663593546038444,-0.6198946403367439,-0.5793276401469365,0.09918345729954803,0.805644528646428,-0.8877941168939866,-1.7051759418170878,-1.4751110848495825,1.256604174570445,-0.5708515320173059
sample_046,-0.07770841602916108,-0.5504125614760184,0.7637925003107614,-0.7979541031669589,0.3565032166390177,1.6119399507254193,-0.5678031339735058,2.292176316058426,0.45900543824202306,-0.18794708858970016,0.23058012162284275,-1.1333058798568676,-0.7174904678751582,-0.6132840211280721,-0.09276471100382666,-1.498060611196907,-0.5551785498940255,-0.2575594848690078,0.5592921423978247,-0.2917892090708268,-1.2376069893735142,-0.657478835970874,0.3681834769873911,0.5352934706949297,0.40350882192104015,-0.008973302519452114,1.0591464761342182,1.1165650704314969,0.22294047071829112,-1.127800637506607,-0.7174402333002364,0.17902802406910137,0.04919664496338008,-0.9459248238096404,1.5161415329632373,0.0693423630869881,0.7147911859217477,0.5749827371905954,0.05350456174959221,-0.33838905414096976,-0.46673165219980234,1.1892327376036615,0.4938716481983607,0.5425051062798333,1.113282778556777,0.18276731777466992,0.3239714432125693,-1.085347520746909,-1.7270180324822633,-0.4920677014660434
sample_047,-0.04425922405353544,-0.07499160581994149,-0.446711807364018,-0.4981668960740841,0.6159653779012514,1.4734637481800952,-1.5329065063945655,-0.191883747128469,0.39892779384749216,-1.730277693600322,-0.4970542314914524,-0.6616581947967759,0.7634166712390767,1.1959104026729657,0.8402238892606718,-0.47809774134275124,1.9786247428434753,-0.7778320207069922,0.8010133782590286,0.9191203288445842,-1.3124228325754295,-0.9963811621739765,-0.509280672394387,0.9340653652065449,0.24815754659857023,-1.2854990870622647,-0.066098306823112,-0.09433127944497303,-0.42705750987029045,-0.6723326956398743,1.1677020040330655,0.18422257575437553,-1.1266287816108003,0.018971266684334093,-0.2789525263856301,0.4922911341521146,-0.5401705984637548,1.4002612899305047,0.9167937874252597,-1.0522039605435793,0.04538689630049011,-0.20311500839653682,-1.132225705417992,-1.2122591890138177,-0.45904634125122334,-1.1740528741741036,0.37547211135664804,1.979249611512342,-1.2445905769934216,0.039131639674332204
sample_048,-0.7867226024976927,0.8827523199082304,-0.6736888529337811,-1.0633222468871926,0.10846537652973491,2.5493499459490936,-0.15570218832302582,0.11443790196775899,0.9389025789234453,-1.1525256182533046,0.1667365160644916,-2.3392668406173986,-2.1945078169643044,-0.6653018631625554,-0.5476283311361146,-0.06895621722966046,-0.630988957010525,-1.162601919322927,0.8806066683930189,-0.17090958707189507,0.041268114012211546,0.3390501609143496,-0.9870882857562074,-0.519552252085089,-0.7006511233742134,-0.8404034325867173,0.7985434290575966,0.4451550107301729,-0.3371380220248902,-0.31944840738122066,1.2388624535483475,0.0784602960842807,-2.1919049876757386,-0.46575967042278527,2.0757445163739665,-1.4883808077740655,-0.9230065447087636,0.8852777850078319,-0.2715312961004718,1.0954238701415724,-0.3079339864480721,-1.5529402650484,-1.1725358566059862,0.36538632431354273,0.5639141372028523,-0.5778308940085776,-0.4436741950217083,-0.4132879920244436,0.03787508781358887,-0.65773517299313
sample_049,-0.3886302092178487,-1.07995609863232,-0.22985674481500912,-0.1773864254589929,0.177938528568023,1.5139910881272716,-0.19108014293565134,0.5686128790563676,-0.7022905783428397,0.1254449193453422,-0.41261863193756554,0.10041328228025702,-1.496181698246325,0.012762450704267935,-1.1303612144581927,0.21034133988120807,-0.44361731918603453,0.30166075096105166,1.040365342780706,-0.3443032790765906,-1.743058571719631,-0.42280930231225855,1.4093909016376853,-0.8896294205032413,0.26282881334231095,0.8936443160647418,-0.7498602547259029,-0.2821530971960179,-0.9811418939123858,-0.07213850337419485,-0.00048568991926591993,0.3840149783606354,1.122801920152763,-0.5099987822225898,-1.8340663832813169,-1.238798485698258,0.37111744462335944,1.2674975884396797,0.24507375281446792,-0.8738063817147382,0.4068208430405992,0.19248337490903375,0.28486343662940977,-0.6179635181426317,1.652021567630776,-0.39163537426531575,-0.8118644759033133,0.6706816462486932,0.7438282534757161,0.4884232625979991
sample_050,-0.5353299269095242,-0.4847584990549643,-1.5671222369861864,-1.9608257428823859,-1.394970368905095,-0.2721881785411987,-0.6938043266526233,0.7770593287813513,-1.0415146689514707,1.4079007176983063,-1.1436977570127382,-0.2994359215260883,0.1804754488296608,-0.8905455243230239,0.30114534595607295,-1.0292515516071827,-0.46458469965931176,1.1796777291699603,0.5685762666465283,1.1970398707824788,0.27072576150422395,1.946008366298199,-0.8088667809118995,-0.47965627072150596,1.0096875002364067,0.9371879996743394,0.9357241320089315,0.24642433083833412,0.4268435071555897,0.3063730786118138,-0.0152887692266271,0.8839229617183458,0.8512642999587064,-1.1866554189076057,1.8653646444957006,-0.06177826914905184,-0.3217274812926965,-0.43456333670430924,-0.7132906329289824,-1.7754690517838807,2.225094184196958,1.2852350025794765,-1.7361700195106655,1.1844745242343306,-0.5087576551849534,0.6564125888736444,0.6951362025629771,0.04561419272925618,-0.4632740721951715,0.4987757211000124
sample_051,1.499299203261004,0.008262963655220222,-0.13757618991244866,1.1602026598976767,2.31150875706365,-0.4537324377197199,2.9195868236161107,-0.536834948114763,0.3822567996700394,-0.6480483647697162,0.19407275265598467,-0.1657252806340063,-1.919861144573492,0.02136770110344579,-0.6775085941775773,0.07091014416042037,-1.8135759929456996,-1.484880423437146,0.6267946850908266,-1.040926893157824,0.4175576314733068,-0.15199997625245748,-0.3954242537669445,2.301908024518729,0.31091123601298176,0.19431596636319043,-0.8122294633481182,-0.37884161839235636,0.26306405778724523,0.45574252773024965,-1.6690552984491738,0.6961169941072403,0.7932749346647202,1.4794169734004603,0.20973787734671054,-0.30328889733133774,-0.834076768137993,0.5138390075004803,0.6233835203346749,0.9374815248296778,1.167807103122518,-0.7849334164998926,-1.7037782896230533,-1.5552869722814808,-0.06455869455085748,-0.09512579198729461,-0.0628845426712188,-0.8757949634218387,-0.240422143080247,1.0501466090209162
sample_052,-1.0244671581343001,0.002771153968668978,0.29453475716071764,0.7607276430231104,0.6478942075607125,0.22285873531920591,0.636983357160235,-1.065082526756178,1.1772511012404372,0.5247678844981757,-2.1869026055732204,1.2678039843175926,-0.8345028545943822,-2.0895795136572923,-2.0850176836349252,1.5973151949797422,-0.35637216138125966,1.1674047052844068,1.0541780215773824,0.03888199316859056,-0.39457266923306716,-0.4366327630363532,1.4819475978754275,1.529078823117739,1.4054937432998027,0.6661774798290625,1.7332325450396535,0.2460974375631902,3.5835121323813204,1.491541499131205,1.1937567427945837,-0.033714008565793,-1.2295320047579004,0.0668987432013256,-1.0421203679407631,-0.5228706808662095,1.89820192162691,1.0907692177843509,1.8728741788318288,-0.04782000257225005,0.18558532824885804,0.8561726951226599,0.5132949235385825,0.45859572373503843,0.2849896514689636,0.2852104091529796,-1.5464841561469145,1.1881951300109501,1.0527286906691555,-0.4300079587896004
sample_053,0.2647440706703056,0.775680237870699,-0.37954212307590557,0.9289668354236857,0.14524883683029607,0.028970060556093784,-0.6656648296660095,-1.6893569866652531,-0.26612994978984533,1.217314298612662,-2.2047819921188654,-0.23025909808039477,0.34659345386002877,1.0922755621911444,-1.4278674545972156,-1.129809788621224,-0.0862655500382851,0.8231184290792872,-0.6384215908292699,0.3834845491129968,-1.0419262666638858,-0.03204405552157278,-0.6826104929772681,-0.8878983766777102,-0.6016686587019628,0.47697862341698155,1.8098909585386664,-0.45945010932230007,2.1509596252703123,-1.5163212678808322,1.7313647731457908,-0.3785325262975531,-0.4583504336535337,0.3114385461999455,1.6321204488366403,-0.8307863717827687,2.257149716136747,1.4011975241214663,-0.8983934276712642,-1.2631263479422374,-0.9844411957529584,0.4836159645643457,-0.027376894801828578,0.8811405645720556,-0.33823596604207234,0.4266347495553822,-1.7126492499914732,1.13722313543914,1.0844088744984135,1.3025977143780991
sample_054,-0.15458306012876516,-0.8112576963533622,0.10081023610790504,0.7246459270641826,-1.4249084496172444,-0.10923714436663956,1.7436546579169807,0.06916720479395617,-0.05656428189491758,0.5154747342764499,-0.3735278059564373,0.7313812210176046,1.1281719508247638,-1.1926576698931608,-1.5069691761856567,1.4251336707253999,-0.41775381983915233,-0.7348673922921395,-0.46024507014813015,-0.326030204825203,-0.38565144286838227,1.2354751947132763,1.0880567976099949,-2.7257291192562625,0.17984050865392817,0.36923708359363827,1.1138449909602999,1.7911765092907066,-0.09162454309084982,0.3224476065341344,0.3449270636863489,-0.22982512727483137,0.7157205838019468,-1.1952977722433609,-0.087349768362936,0.5160910747780658,-0.20991827515051342,0.8847308869167987,-0.24502552627545743,-0.5581464919797664,1.2597475904734445,0.497651569288442,-0.15976528048047545,0.5956821726816505,-1.3971973114898937,-0.4143214786567419,0.35804021389037693,-0.018991027596209915,1.0067691773541871,-0.3041237000007588
sample_055,-1.9001060152404785,1.5699741987619285,-0.21827782740493512,-0.3667519038437118,0.09609709591899397,1.1879850503414817,0.9536331258473644,1.3827369441428385,0.9056341517186127,1.1079570371708443,1.3396718106824643,1.2808010075308236,-0.044099985804535745,-0.5270870190669775,0.5219576097499907,-0.03489269803923149,0.8127682687430463,-0.1131821613050516,-0.6077386114573302,0.3142237490268498,-0.5564539443316495,-1.5811312451339992,-0.1269105215728961,-0.28216880773227165,-0.4816236039747906,-1.6559264048169808,1.087082819687702,0.3842773771813177,1.3023492460360562,1.1848713110499132,0.6008645351352737,-1.2983584832343917,-1.0623550871012322,0.2114723563359019,-0.5357021151410447,-1.00803187757866,0.5481378760569586,0.27515186145049686,-0.2295644743724094,0.7369804828871761,1.0618166987576716,0.0012033771598724144,-0.43193452127138016,-0.41892472792286956,1.2915868103966655,0.48276051400615455,-0.18138505902247248,-0.08053649645577989,0.8106094748421935,0.5463294631865824
sample_056,-1.3612263801012312,1.4343230770195614,0.12004187419474299,-1.0112960895748995,0.4640005847060135,0.4064355516356546,-1.0885324549974804,-0.1458311004804033,-0.5390451677908014,1.3240532196615284,-1.437360942812982,-0.8109124350858382,0.3841104216334042,-0.6049675355032156,-0.6571940925106758,-0.6758739730734735,-0.33451490312049814,-1.7834105161129643,1.334712304647399,1.1364561916452158,-0.6840647899475665,0.6744739778508873,2.8127514178926942,-0.6506032202486796,0.7327548664740283,-0.3919174048988517,-1.4223583138428115,1.6186283837127624,-0.13407185865441085,1.1866367153121562,0.6859658117074106,-0.9350971208208406,-1.2348747759102443,0.04643723540114349,-0.07726919340283339,0.05782267341403599,-0.30294547404485406,-0.31000994153665745,0.7338122658031351,0.5940738790399137,0.05696705463761975,-0.025759560511576334,2.462822507571558,-0.875947145827814,0.8841208759590764,0.2968429251385676,-1.1451304863931016,0.4835694406696413,0.6184074900459852,0.14193852964608777
sample_057,-1.2621470410056788,0.9318114070792448,-1.8192241616483589,-0.8674342623635515,-0.14236569321555856,-1.2680824663807775,0.20720026280704182,0.4675186387511608,-1.4835122220818089,0.13325462077703926,-1.415739697918039,2.0364352120167153,-0.353532101950015,0.6963451549278435,0.049277093453770834,1.6505324122582172,1.3494150862582364,-0.5731093897100096,1.0043287368778453,0.8866389522879347,0.25491352994708016,-1.3107941611399436,0.3486262657862546,0.12980614503316862,1.5867683732980884,1.2065194913112205,0.0743622695331059,0.3546974153929133,-0.615719247572231,0.7462244410312558,-0.1079208223956741,-1.2906850243512717,0.011242192601770153,-0.5149748651435794,0.7576600182912278,1.2660490169845438,0.40199017191200836,0.49128471523663075,-1.2079676697897361,0.9300026787388498,1.4227642069825637,1.2371499265978847,0.2281402781324223,2.549638882862577,2.292506957512063,-1.5047812532852654,0.1676173239131387,0.7384334552103059,0.022800380207576795,0.49223456539157107
sample_058,0.8205542988688876,-0.6793807708648691,0.6834184450575652,-0.8308543612345095,0.08918870768797098,1.3161677721524754,-1.1968228180521403,-1.649393259520546,1.7010463154215019,-1.578374534318665,0.09893034257966753,1.1150351265670237,1.2747124982226086,-0.25072901138364534,2.1360618401986486,-0.04133693220474243,1.3551023758262482,-0.15075303948957344,0.040038665070885916,1.8258807965925643,0.5013699107611242,0.904603938134226,0.7566869018885428,0.15186309705082007,0.5422752769346354,0.6687225539386906,-1.21120782999025,-1.4158449981004575,0.507782639839818,-0.060479004710760426,-0.5886640190607191,-0.4119468267423841,0.08996155278871329,2.333227251348413,-0.13307097057553344,-0.34030615888069754,-0.030640271762891854,-2.100936687303004,-0.6416972985546406,-0.9730433509513808,0.9194757617557484,0.685996570138179,0.385859062191689,-0.10505762007064123,0.7086012662343771,-0.832249367543967,0.4772664948986185,1.2799028898732554,-0.2124516996406473,2.3793847683415503
sample_059,0.007050874845703387,2.5175665657691635,0.6984913400654266,0.09171690500444306,-0.20539499858662216,-0.20535920930603616,0.5743354062756743,-0.38153762707893324,-0.349039613070437,0.9222992599976098,1.221266631178507,-0.38948748936003613,0.22225625514976927,0.06427588309991483,0.6032740132339578,1.0268901602649647,0.4859760207878364,-1.0127164201381098,-1.1455655886878193,0.25912186834979034,-0.006601566018423122,0.9362491312707502,0.95087977642474,-1.6180197397802019,-0.15127759792649356,0.19587534313263477,1.5931631505959971,-0.9817020920730382,1.3943132797399564,-0.206822329290382,0.5406361886110358,2.150996496718672,-0.20951263689501848,-0.3643789384852003,0.6173436322206804,-1.379116679451697,-1.4015668433639898,1.6780939620978916,0.7024500693863022,0.8862798992767599,-0.346206699309209,1.3167798775716058,-0.7659529189100015,1.216667820098917,0.919057872480264,0.3861686682347401,-1.1248640314550422,0.24586715359509853,-0.2787762301242585,0.8659980439827639
sample_060,-1.3942687201664037,-0.4555070833283836,-1.5924199565296886,-0.813515754256395,-0.4379910958290586,-0.46698207703332983,-0.06148151612457497,-0.9885870122475177,-1.7593572374258528,1.5948046602746768,-0.6046681090304042,-0.7159819250176138,-1.9121843889069146,1.033035269902522,-1.2772071672342589,0.9797937362272708,1.7702139063399551,0.9331017256240157,-0.7460440105749047,-0.2176023468381222,-2.0400044556464,1.4544620024305792,-0.7277878935379035,0.7150034453657627,-0.36297081322594776,-0.591687008671753,0.41795605864679874,0.4688627566470234,1.7609338603524374,0.875027663847683,0.30915463250075903,1.7644648707047899,0.6392121723359752,1.7800268685342895,0.7837718994112808,-0.13364723281421445,-0.6937195630731335,0.002264928646416018,-0.5243543970973515,-1.0843339266289098,1.3461499247731459,-0.40638077854044846,1.155594204759577,-1.5511543030160901,-0.9680695101378434,0.8596795423295115,-0.5659476993390413,0.4646185092848615,-0.5440064696967115,0.7938857251804379
sample_061,0.12134367606777734,0.11428987308494021,-0.4511167463407275,0.11215946639692728,-0.15555780808420427,1.416563513332544,-0.2058244680417116,-0.6533973412476264,0.7925178714543498,-0.8288103562550216,0.6701000626696242,1.4114227498954575,-2.1636614684693467,-0.6250097586298488,-0.0438711519289123,-0.07843409434257537,-0.3476015764753906,-0.9532595477166209,-0.18316433458092005,0.7824418012355041,0.2454817658638279,0.5471577776368939,-1.939426692859011,-0.45594563397075966,1.192951222909613,-0.704131263467777,-0.9688673996748306,-1.6108123088326498,-1.0164609669065785,-0.7864034111765702,-0.8714588532639621,-0.19368076652306485,0.5814585462543311,0.38386507654579755,-0.041408123170109015,-0.668534384437996,-0.639181900489641,0.7020448689949244,-0.6684225524577315,-0.19934493529724998,0.8071913927815156,0.12035168670829095,-0.04683606708618456,0.4036204816500532,-1.0756826149565952,-0.39647582752274224,1.123935046308668,-0.7022702737490253,-0.543815810271172,1.5406003273186721
sample_062,0.34765496577329597,0.3973561330163022,-0.23983256182586932,1.8359298268238424,0.5209657394509518,-0.17324448981515925,-1.5727655543715815,-1.0038481029774906,0.2789475603804751,0.3093496193427657,2.211089090994874,0.34941576457332224,1.2758213234696931,-0.17724155307188333,1.0090805256853532,-0.761135700404306,-0.11964842203089021,0.01016977316732229,1.38397922029348,-0.07865636400098681,0.2144004184968104,3.2182143105897385,1.0913015077844122,-0.018895676396349426,0.25443362516123236,-1.1692136824650499,-0.2506958715260843,0.5993235343475497,0.18539412791907176,-2.89197238659101,0.4311876680464284,0.7945527087581786,-0.9376113044264632,1.1240838356254603,-0.853800757116331,-0.5014816025919022,-1.1603704634890042,0.6661583514352518,0.030861665449453676,0.007204390300023356,-0.5794158993046208,2.4891748508304885,1.2366502698159643,1.0358583260507783,-0.0512177725451658,0.5923528085749825,1.3126125351508118,1.499112105435205,-0.03262148668042886,-0.7694450217604568
sample_063,-0.5381895525853156,0.14800858656753632,0.19446041740835004,-0.017194422777508968,1.6970242654034888,0.9135327505107458,0.9186105634032599,1.0712635412402034,-0.3543887358648127,0.1737388711851477,0.44104024569460215,-1.805071885523004,1.6817962439003804,-0.32479504717070323,-0.37189736647676497,-1.8742605723120944,0.016311401468755263,0.09789241255297557,1.6953776361363877,-0.8204491830411738,-0.5670629902273187,0.6807920486205854,1.1330672726804314,0.8000540365136075,0.7941920550452051,-1.1100775392653286,0.7254639647919485,-1.0960302133730762,-1.416876505202747,0.5181854730826199,0.46309903939563213,-1.0232202473862355,-0.5524746968561023,-0.9358643212683805,0.04355353004669949,-0.41621333638554653,-0.2520307736797983,-0.9086522557966759,-0.21300463790811489,0.8118263406346801,-0.11258730107468437,0.30082873720315,1.4954920744388633,-0.8056730872091891,1.3825260019253351,1.3428524084189468,0.4595220252073337,-0.6213438499161137,0.8382321977600802,1.9048998201115421
sample_064,-0.727217032547656,0.6355917874667092,-1.4718784041555575,-1.4516581444717616,0.3569848970020459,-0.7441171873400972,0.07216876178324043,-1.1079226364597412,0.42552639018174965,0.153595270735132,-0.9073224928303314,0.4441702335600633,-1.0835486286561753,-1.873015983268513,-0.5657929885030977,0.3135949384322703,0.31491252045922524,-0.2771899203668029,-0.37126520315119227,0.2850502145878051,-0.13470507900193374,-0.149936369569585,-0.001220597387706976,0.768635234177701,-0.6795482831053751,1.0712971114671648,-1.26476795205636,-0.15817645928126625,0.5365889558774177,-0.018501675100401415,-0.2747117626099771,-0.13717166110350554,-0.29053810180281575,-0.6188212479634421,-0.5784636660344294,-0.2742753601628841,1.3610658246983716,1.330078852293819,-0.26708842995520776,0.12576517272402526,0.025844991998097682,0.1493937609934475,-0.021060775786641117,1.289052214962012,0.2968482494226979,-1.2701506677698893,0.3741053851972892,-1.128959444577249,0.03045677728530326,0.5142053593076525
sample_065,-0.2833091947827306,1.0900821109301877,0.3184822616238365,-1.4958936437277182,-0.7840231761291071,0.905716820083395,1.045033579337207,0.8302075308717425,-0.5465578896725956,0.41373364501086174,1.4612236264899696,0.7611529525103656,-2.0582577868150445,0.6628082600301027,0.5372008611980312,0.9070785614987773,0.30016113559614077,-1.5255416829190869,0.1425267453088443,0.7410727529123664,0.7543805412092678,-0.006655422100175207,0.8218799199224879,0.4112076918749241,-0.9904997783334185,-0.9618903601260956,1.1931643214417456,1.2337237438205753,-0.13703160285966245,-0.6882102981017295,0.9928080834188887,0.3080443055843907,0.24914372723391898,-1.0183935341716217,2.307542993453889,-0.6391630242267891,-1.6365515964784076,1.8068735708061594,0.35232846950736174,-1.3107790791652878,-0.7290368347769197,0.08682957819875639,0.2318713157331399,-1.355320282609609,-0.08456350273879762,0.1930389972593013,0.3271764999341054,2.024376421091413,1.344687931467194,1.5274180913761948
sample_066,-1.4623105720879281,0.09618970197787632,0.41134846882973974,-0.216783818391141,-0.5025300187555163,0.6324603373530047,-0.302819796009448,1.3888463399028925,-0.5581259145162533,-1.0918670338471983,-0.9647365977642367,0.6729033018851409,-0.12208008185952181,-0.6479077677605629,-0.12710720175602155,1.075446845277041,-0.29197005374118834,-1.4393417969746858,1.101422238613262,0.13029268753011386,0.9850874242724877,0.922517852976699,0.8218015270974158,-1.6711951231157107,0.3603169177568073,-0.4222846961072484,0.5997065142644874,0.5731732682171983,-0.7911433086447459,0.7332136959789036,0.23221387515045955,0.28391661722835915,-0.4707403382490932,-0.10421015610393813,0.47501180067914445,-0.3284973477509257,-0.538442468810091,-0.9257565545279781,-0.364204253727246,1.4244827487115153,1.2424269312541278,-0.8553573786699077,0.7281171195831768,1.9704435029500837,0.5871731394674523,0.7123188839874027,0.7536445567326236,0.3926656514294515,0.6975071151810316,-0.49383557296782277
sample_067,-0.5216264913680564,0.23905422916872143,3.233899079733405,0.7015976543621024,-0.7736002078642624,-0.8197850607279382,-0.2936374588856935,0.178134937590078,-0.11338664964405619,0.014902513009097782,0.8981197310483401,1.7835250165215215,-0.2099964799708919,-1.5325247726112659,-0.3676668085533117,-0.5392941524712919,-0.7486184401447028,0.22122097431116994,-0.5048504436561245,-1.0580687651944594,-1.8781472515646687,-1.4296502490685858,-0.17552884564373072,0.8357918440206445,-1.2511401172596357,0.7555047254457959,-0.841078457567063,0.05480977337887353,-0.48513485667332534,-1.0898193229907782,-1.3816173588501424,-1.1419089028778657,-1.764541927755419,-1.240302293774483,-0.8754614268303991,1.3932598466463009,0.48714860814460614,-0.7145934293270596,0.6812621929942398,-0.9015472461197676,-0.6591645594627763,-0.17952326519290054,0.8815724344635191,0.4162773417066311,0.9447717762805146,-0.38247570314873996,-0.7163714462481561,-0.17112150277844806,0.5999940137238648,-0.12618038564342846
sample_068,0.791758270134829,0.11856416642683026,0.5219647680328824,0.7962686494176514,-0.09472540958540489,1.7666568379715994,1.1671413772033628,-0.0502115199083484,0.7620030744926813,-0.4474302461652046,-0.4369386314864928,-0.15225937106181636,0.4460796687024022,-0.10371953130596137,0.0038405711701561445,0.027834027472035915,-0.5150565216411193,-1.1744514466696294,-1.6006166323322872,-0.9583119419802243,-0.5694102531770998,-1.515209345699416,0.09333467547396605,-0.6735095135786661,1.7442567330770586,-1.3383449976630588,0.751039226205287,0.9408836153169052,-0.07147234576446802,-2.3135583067015686,-0.10721520425027434,0.7198012948837913,2.4546861776882443,-0.07736186037214145,-2.331206828734726,-0.18155656338560666,-0.34500113534820764,0.1381245790562563,0.10143818662770303,1.2332170068142576,-0.034066514931499925,-2.498942537893087,-0.11982609457802819,-1.8709268869156126,0.4776508289515446,1.288221182591168,-0.4668755243448808,0.7954884539298331,-0.3019387977018553,-1.7759479097679736
sample_069,0.41443022688768294,-0.6912584311239763,1.3756119722867466,0.8196895016449981,-0.9527294448280276,-0.21710362981630862,-0.8518716561846655,0.857847679894809,-0.5482431383073277,0.4303931925677544,0.7869339276087207,0.7518246039474741,0.709501320307088,-0.24437547310041874,-0.44903921251189655,0.5548352633458169,0.5576261865564629,-0.3164727127612152,-0.30119922008897193,1.427414299971322,-2.428204996977607,-0.6953250582151432,-0.32410726088414105,-0.7216810958106643,-0.2684017805760786,-0.418557247373802,1.6877682480088632,-2.582872635585403,-0.6977263528060003,1.08518097701447,-0.12941024306437435,0.7983097819962531,0.9069290712493419,-0.12072912542218653,-2.2047836914373633,-1.1678130585818198,-0.529267318339842,-0.8077676470089108,0.5953502590388279,-0.9412512148946242,0.3452248702120575,-0.6789125633777693,-1.8261365164783874,0.47670662878516,1.9405054498344594,-1.0924969499884742,-0.37063105169815563,1.4369489137147522,-0.3786371994906924,-1.002411313480124
sample_070,-0.7506179549386796,0.5916467958102269,1.4574769608585607,-0.1517866454711311,-2.104889862091153,2.0476398962627798,1.156784622754816,-1.1993591659563156,-0.2043086619735341,1.1093633688384865,0.6479477717770102,-0.4489492501476341,-0.9210742991999978,-0.26050042657496897,-0.9301981260497157,0.3430535758249719,-0.35206824272991594,0.4616680327478908,-0.5810566193591593,0.2000849203804855,0.9149712604815953,0.9470959257191712,0.2198717311836828,0.8874915231015421,-0.6920127600186865,-0.09775253096610292,-1.5838269107119836,-1.5917507069599028,1.1886827600360266,-1.197693481946031,1.535322994663771,0.9747108508913619,0.02823294036844813,0.4182134455701107,0.30479766137207714,0.3240290761565022,-1.191153107637896,-0.661307290581119,0.3530215205269537,-1.9475905601978314,0.5517892912423787,0.9425683243393034,0.668639326077168,0.9052782768967266,0.873062666286983,0.9337168674645113,-0.8866398851164223,0.1906739120469669,1.3402500605203609,1.007964249686461
sample_071,0.8094740935609587,-0.4857424682677897,0.130410071413962,-0.682446837100128,-0.27951127328546643,0.4128411418360963,1.6075443836515215,1.9371619504270798,-0.8824227973701322,2.1745698481729407,-0.23157483753923364,-1.1206240953313928,0.04950109646645864,1.5000696007694037,-0.7678574780384239,0.31317850290476174,-1.0586850315379097,1.0273658712526934,0.17419799997102653,1.3161248976603053,2.430299703238639,2.427248441007622,0.5926761026469756,0.9055025497110015,-0.23492228368840126,-0.35909548595313195,0.48336956577466217,0.5151076405999098,1.2509038867461717,-0.6748899324566824,-0.6238533016653788,2.5804616083514853,-0.26676511703154127,1.2149172859376605,-1.6994775462125575,0.8347906321601706,0.6773263173455913,-0.1856188534105548,0.7099648508145306,-0.2580373047731284,-1.6766128472429982,-0.025159169146622445,0.4172402756024512,0.2971431562792258,1.7159372113021802,-0.19256616988968558,1.7329972391693422,0.2515621246650721,1.663435934614859,1.876144033655086
sample_072,-1.0966950780946811,-0.9554917694026355,-0.317197777930293,-0.364208311768172,-1.2489945117731838,0.3394559997197763,1.8572139601901114,1.1082987014185095,-0.4363019460938161,-0.9242742772149145,-0.7693647242045354,1.3821865901393227,-0.03835734767327577,0.15084756273094138,0.5219079447445079,0.44848177427728375,0.39630254901800477,0.1660108951278722,0.9392629141035463,-3.6591828842930187,-1.9262400361269045,-0.34446382151829313,-0.30301939443593995,-0.159895377078679,-0.9445979200328037,-0.23917432082511347,0.32193187147490704,-0.8335823176194659,0.0051820051216145396,-0.4650740185977856,1.7279220169731393,-0.4135345263426216,0.09884522651712782,-0.363732228443285,1.6649225839264379,-2.035175596428251,-0.39648160491622464,-0.6813734853133601,1.050685039254714,1.5039154216389061,0.17532459415171378,-0.951288288997768,-0.17304612717104909,2.287385896414765,0.09904896885084716,1.0763424779424715,0.32311850763229927,-0.47689593464944624,0.8916757862772534,-0.736904187180587
sample_073,0.9262315349925708,1.2322641121946152,-0.942051336276873,1.4216282276185865,0.15397563676983342,0.29383184859824324,-0.967553847616836,-1.0615104027490196,-1.5547021014570384,-2.130362833802144,0.24798150247756673,-0.527582806822767,0.18287309165187862,-0.0681824024849082,-0.1539492269054821,0.7089797779154331,0.8249119576459739,1.1237747918379126,0.34147989035675624,-0.7881197332355901,1.0721254333328418,1.9768343949022233,-1.4706477733912966,1.5130424737950514,-0.13133785551233387,0.8317760695436414,0.5209913408329285,0.2063143183240641,-1.067453876108001,1.1730216910577032,-2.1969467364804425,-1.7343279870831279,1.0603477163533808,0.2515167435792221,0.5234695445286264,0.06780286802200963,-0.8481517130192984,-1.585543285037321,1.227774122420302,-0.9337431956388504,-1.5553105927617419,-0.43130916375040856,0.8869936706935319,-0.11759764898439944,-0.34542222001122946,1.7003927796729825,0.6063891358684783,1.1862416422564264,2.397365868913587,-1.473522635835345
sample_074,0.7678425463872464,0.2542324577653837,-0.5273238507588427,-0.4264722518717921,1.7024047732460241,-2.2628238371719087,-0.4064040769790635,-0.7963835556918599,-1.288060745456157,-1.7610429677792037,1.7692685272718,-2.6711183282493653,1.3997573843622555,-0.740800245271479,-1.0999655471881349,-1.485378820332203,-0.3328748489652606,0.33138583854972686,1.2571966085898618,-1.74903518545007,-1.7510066185404365,-0.4257557615107655,-0.4765640685032712,-0.07030341095419058,0.6500864155703611,0.48338769392468023,-1.3808878861240748,0.9024671635180206,-1.383179505878493,0.7051942613623245,0.22972718691355518,-0.6810675499024125,-1.822625142446805,1.6905845846103233,0.5963130754182974,1.0495407241378054,0.8464702484065346,-0.040540440449469854,2.1356696196948874,0.34400383894567715,0.32742457782715884,-1.9605628512039206,0.8319916706337038,-0.8408792653671602,0.6725644673419634,0.33951179964091016,-0.4080750448185544,0.36320921572431475,-0.9340987091962148,-0.6392074881968361
sample_075,-1.2515103528262048,-0.6870316200944038,0.6220641660002466,0.8731530203209217,-0.4520895336307048,-1.3550023451124655,1.2504911870267819,-0.07046267237967514,0.7835276613545329,-0.3524204268260481,-0.07082744747603369,-0.8272133956515124,0.7465538332121783,-1.1563443569881138,0.4620518290019459,-0.31938864657611316,-0.35743416562801783,0.5528776397548545,-0.547126265503282,-0.5923791456179566,0.5298470187816183,-0.5840028621053324,1.2314601990411793,-0.7349474202120387,0.5207946960317873,-0.7872592702655101,-0.17213358433857873,1.13083766770433,-1.5513797144809214,1.2003607756950578,-0.6060567299861656,0.5218205944793076,-0.03300733438041002,-0.9496852681278554,2.5814975606423745,0.35223638939544744,0.3465763938191556,0.5601485107080537,-0.5547819426454561,0.044332024937984486,1.4670345470746746,-1.207894674365144,0.005055483585087513,0.03863267457180627,-1.420998675783035,0.015546377700190262,0.5518294481172842,0.14703382791471256,-0.19039643152032942,-0.9705646711268074
sample_076,-0.22956840428479747,0.9007176121562501,-0.5663851741674286,1.2181232285589265,0.9744843102766515,0.6579065673579186,0.5793355098627878,0.08116020149765776,-0.7640458903215959,0.6436124894257009,0.2664636018200151,-1.4269382370470867,-0.5588622341460157,0.5280212876768802,1.1874328620917365,-0.13306369290115516,-0.5894536641489724,-0.45629519361428766,-0.402196888461663,0.6685279414187515,-0.6519785788007239,0.2483584647348473,-0.0812070357087018,-0.22832753232827538,-0.4492672581335866,0.08867144506500926,-0.2548454859089341,0.9481426787333376,-0.35589144172924725,0.27373390034982814,-0.23086593205913222,1.218139622935239,0.030671147763641327,0.544821664912968,0.6729347189215001,1.2354790879989626,1.8259603726648466,0.06377527403052088,-0.08095582037947212,-1.2785299593321648,1.889897153774535,-0.33961184904581804,-0.24698712059162808,-0.5121712041412344,1.2676537963082213,1.2968627973347466,-0.12091066329312454,0.685035496823527,-1.7137857532588479,-0.07211821439608479
sample_077,-0.5147601960317886,0.4914184460023266,-0.1463433267536852,0.012592283240315104,-1.3816471575011067,-0.8904593360286281,-0.4397228849689057,-0.04997051806501417,0.19811524817963805,0.08086352264228158,0.9188165019132163,-0.30458328837211696,-1.517963296404738,-1.2993334192323631,1.1200312444178122,0.5118657877930158,0.8773076412186726,0.05428982775096207,1.5825918783675013,0.5605986988737481,-0.2784955973729226,-0.01797174824100984,0.9325735661291467,1.6091276171604305,0.4218950656128671,-1.0464382896642586,-1.0431510852615646,-0.24391428354324454,-0.48821103632875035,-1.0046912375394985,0.22657910299181733,1.161964645832718,-1.635793744688236,2.447973367193014,-0.3886758878039708,-0.22952965883106174,-0.6150775097557366,-0.4399997808488764,0.8456317755258826,-0.970282102071046,0.8439814174953969,1.5435952449234633,-0.8149937689853509,-0.7507298180301253,-0.8152464574619154,-1.150781231806117,0.016284739957046854,-0.09079429557780935,-0.11905775237911775,-0.21638516623968615
sample_078,-0.1738023456333744,-2.1822702050484586,0.1420933527870457,-0.87244951728608,1.0994019751743258,0.5598783127452427,-0.5800428614812334,0.07230913948262532,1.0003773648440488,1.0441444814406744,-0.27338888306478076,-0.8426499836957998,-0.4443706684488732,-0.1746068227316296,-0.11513780501631234,0.3286372413966871,-0.4822324634809863,-0.18930303925004058,0.3784645851644934,-0.7338574925925546,0.3866119064543424,-0.7641617901636579,-1.6535782198301925,-0.2957175275206709,0.8352577146884586,-0.7157276055044369,0.30834403717904346,-1.5372182320709467,-0.6730630276296006,0.4413728902850377,0.7131559258895434,-0.5314141194119693,0.13869824593117666,0.34084467546107766,-0.36698769060806613,-0.46192568213764046,0.2724506522530717,-0.8212048876667821,-0.9016105043169813,0.01225706119054639,0.6318982565710544,-0.3511430394657949,-1.4261468590551298,0.6280197349895061,0.47738692441909186,0.388648321947597,1.6845437608251144,0.8172331241694479,-0.1563454334869419,-1.578991495002946
sample_079,1.5160200525028598,0.10848524434702651,0.4940716584685658,-0.7861993484661761,-0.9627867904920832,0.7475058330740935,0.39714474871388156,0.0005759028502147605,0.2828263380481457,0.6646688827324908,1.8107106297015438,0.7853507548776832,1.707602383427729,1.744755617432317,-2.261810736274326,2.038821330137999,-0.09885844213610279,2.423505667140098,-1.6525604406623868,0.1748197270020993,-1.1407828574078385,-0.8021595387854639,1.346559787122398,1.9631906827069507,-1.171504564144148,-0.41821266794406836,-1.5960027008943287,-0.21876946312389903,0.8671736030259676,1.3138611528699782,-0.3779687447619161,-0.9591270068288773,0.43904357228502655,0.26041125098763795,0.814476871602409,-1.5971659060334193,-0.3733116910388782,-1.8955555111418179,-0.5775445254013072,0.7638432014845974,0.6576374530650179,1.2886332195263814,-0.012110051111106131,0.3556664498801667,-0.7166510086737027,-0.008217533524690502,-0.38326966880355096,-0.7904224429785601,-2.678350319725149,0.1397208381506336
sample_080,-0.3301812382489003,0.3917072880360425,-0.9855702875315555,-1.6289494283960038,0.17909900008964066,0.5990802230606528,1.3101976797574466,0.4662304439185864,-0.9835306114990565,-0.19070489613868286,-0.6965227977099213,-0.1623432908602512,-0.13378972582289245,-0.2032713574208976,1.3166049728454783,0.3279211967788786,1.2595654945600578,0.32679907625018906,-1.5995845100335933,-1.5603038711517885,-0.05407036258411475,0.30981122715561854,-1.1023919851506963,-0.4098461578606169,0.3714645755924759,0.3451285511567182,0.86871026574598,-0.3888807553347885,-2.5442942592132503,-2.259095748721467,-0.9458504906271499,-0.15405878705075074,-0.7912641934710434,-0.4952426878906895,0.06417036858209985,0.9422903791222025,0.42284940920570374,1.225165314233997,-0.05379305626341144,-0.4640228186611456,0.04328759892241421,-0.9977455544010684,0.5503210433682985,-0.586959976409358,-0.6627357640349014,0.3716280706753941,-0.5174932095706278,-0.654877854804846,0.5640483105924533,0.19429196077675964
sample_081,-0.5312715490166932,1.333990525824487,-0.2879904367852012,0.5412443919569583,1.2447797594856558,-0.5603548219515969,-0.06317109112372449,-0.44284998007156606,-0.9331728970435842,1.1115503342269712,0.9617183135111387,0.23058726522484416,-0.9024606827112279,-1.9509145094992488,-0.6728081335065911,1.9070983337316039,-0.8741801921335061,-0.3517238981404207,-0.10808739691065429,-0.3481950955606708,-1.072316048202166,1.2391858160948743,0.1733793401085997,1.3476772583758034,-0.5118439660184274,-0.04226732879513833,0.7351283102288176,0.39269738833891504,-0.7994390836960009,1.668098243295178,0.8099391141095656,0.5339498917028881,-1.0938816575288333,-0.42577544062662337,-1.3671365867907004,0.002452118582894537,1.0591247848124583,0.5355277011095674,-0.0668916087152274,-0.6299036426221697,1.0248726604747582,-0.2529366617339772,-0.1577009371149859,-1.3199236825214027,-0.09494904482362088,1.1999285454241064,-1.1477902229201693,-0.8247954453618113,-0.42551169888945994,1.8711465403478487
sample_082,-1.0163658619722193,-0.9910803319518048,0.45901352677991986,0.8581681196920504,-1.4764334088099367,0.24494125139510797,-0.2547419374294886,-0.41105383706134474,0.3462110416589777,-0.9030229259785327,0.36966013820969074,1.4839596376175141,-0.5215431750753307,-0.32971296758096097,-0.7856557591616359,-0.20941167526494675,-2.3452969168159705,1.703902668920926,0.2289236117076696,-1.419342371969797,0.42558815817470125,-0.9844686574840147,0.17048441456499577,-0.06813230551747955,0.8084658537116136,-2.0460546262922183,0.79238744354521,0.5258302741662363,0.1048787076869725,0.03541865852344354,0.5018102937567306,-0.32946678824836306,-0.9614739948611376,0.5295441860234337,-0.7256084458906,-0.3364470443689886,0.6205312384025707,-0.47107848723344675,1.3493696050799802,0.012484600863905529,0.9500331654155723,0.8293645534412933,0.0886987599808269,-0.4289684320649329,-1.217465928750909,1.4975018115932006,0.6159970875331517,0.4292618610966951,-2.4007670025530397,-0.6266312390687867
sample_083,-0.25542442514759284,2.64757162064382,-2.0019554678704554,0.13844702972741973,-1.4422836703447703,-1.3865791929095768,-1.5889867065722785,0.9296946624912767,-0.02458411039026089,-0.7461370108907937,-0.8590317509333851,1.9468081379538762,1.345336838362606,0.08515654607429454,-0.9286479481195623,-1.0502639886578762,-0.25571118369574175,-0.7965465163842202,1.024195611580662,-0.5951593084024553,0.12264085725361037,-0.36521939974182255,-1.3746701337575733,-0.5050314862960776,-0.014871066109262572,0.36059511674305034,-0.87479083224031,0.34504915006827036,1.2626880307218735,0.39049829324643626,-1.8349924062647933,-1.2306921613095378,-1.241290651028798,-0.28509518896786085,0.5484596348192952,-0.26412362461814415,-0.5091488625789262,1.2634385793341982,0.515115388680522,1.3025327927651396,-0.6579117250126345,1.4788459609989943,-1.0933288174938007,-0.7537547520748266,0.1771274956866794,0.2235451738043993,-0.34377031773440386,-0.9013422240497356,0.7379132871800699,-0.504673131113843
sample_084,-0.24888415890133306,0.45131452697396396,1.713679963408567,0.9358540452053373,0.09870006004461983,0.8061250311154342,-0.21507072588986048,0.6700998164580106,0.037321215082474116,-0.3042011989627599,0.5167078277155673,0.5835371089971362,-0.410287509657218,-0.9512250316383354,0.9624782961297208,1.596839737513672,-0.33134208358802436,-2.118900426016387,0.9546089642833042,1.319893924149709,-0.9698056887362276,0.21103234168142251,-0.14389282403680909,0.5319328246938703,0.23512917944409106,-1.39934091527343,-0.9528597545597806,-0.7592519109420559,0.9530695009393526,0.5104966589312683,1.343089281350282,-0.12616533576903669,-0.907183474230068,1.2700417362465983,0.8585756231370691,-2.4405750902848538,0.4002035937201735,-0.2187450315925817,-1.0376289881721807,-1.5510135731290497,0.23306014688545762,1.1729448770991022,-1.871289529527149,0.4143610104727001,1.6183899487472242,-1.3099137356850414,-1.6670271280841458,0.4927542437101256,-0.625329247375126,-0.36675166070415455
sample_085,-1.8619634564605607,-0.758692640200656,-0.5691084958489308,0.6499962673368439,0.4228952012230141,-0.5628070904429833,-1.2407122384915708,0.10994726948938546,0.9718230356047911,-1.3082226469450193,-0.3103114761092554,-0.27054930085185797,-1.969926772448271,-0.9525668674757017,1.0975306381109349,0.9906210626053612,0.8274748950615574,1.0494154237013107,-1.4610590958432885,0.8994003381611063,-1.1000016960181558,-1.137316524341751,0.14126659939250658,2.1516271756787004,-1.4735253723373263,-0.8106177082299196,-0.3071557835398009,0.819777083854441,0.28145372066825664,0.939677408744769,-0.2487802410518343,0.12889538048429666,-0.847779897541288,-0.036646304305472985,-0.23219848242469535,-0.3388108704089158,0.21385390869942333,-0.39312180424349835,-0.11980224582472633,0.005508032503694151,-1.1550704727589511,0.4661327357335963,1.2263881399956986,0.43833223558647794,-1.1150977386949035,2.1731771074886646,-0.07628035517462695,1.8403019088712878,1.1502416056083462,0.20284058232693966
sample_086,-0.65482220892859,-0.9377132734030525,1.0235888120886325,-1.4464408058713407,-1.158621605850555,0.7917235159336149,1.2918972114490341,-0.357699353679747,-0.16359687989582072,-1.7077920907634387,0.13260550884931824,-1.3061983486740656,0.29490943715736034,-0.1588708308585727,2.098191028796586,0.5333402737081212,1.6599201845090406,-1.6847270126337388,-0.0395688172425773,-0.04573590593097524,-1.1182159628716728,1.9551019399855551,-1.5759563965918386,0.398065348132195,-0.6483563784266065,-1.422918809388452,0.30450388653735955,0.4078086117541302,2.847916214777849,-0.7780101086783868,-1.651126075444966,0.6754860621750809,0.33504995490797074,-1.2560505875519856,0.026187267636767823,1.3707899696113486,0.9319719245679842,1.0281616718439919,-0.4456858100663084,0.3498095807181437,-1.2511384473704688,-1.1395054264680937,-0.4597198953575832,-0.11528913519026358,-1.2475257556551957,0.7652424225853455,-0.7806962623203996,-1.8045793112321968,-0.11207150136579724,1.6532451465200007
sample_087,-1.0016377428253052,0.7075377558235374,2.3283923547708785,1.3380507096853242,0.25173529621522295,-0.6589438844542909,0.2633939538777712,-0.09944091696694125,0.442276324761806,-0.0395435963529108,-0.82183688046436,0.8165095110502705,-0.2384100203672434,1.1161731945182083,0.8593198921458804,0.34204378650266354,0.6633275856383822,-0.26446657779439986,0.5833601108222451,0.15357263552951056,-1.3613839958853673,0.3875867188125475,-0.058142409617942384,1.045671582982141,-0.6662714530609329,-0.06162456231122321,0.7633988175712169,-0.26798303387580935,-0.9843913434185224,-1.0261723521211636,-0.11874155608471115,0.6786769635280646,-0.36665833696438377,0.844480085348333,1.4590887048633614,-0.7026164277870883,-0.4459555306339747,-1.6880901724503417,-0.3515265725700118,-0.6444249319919007,0.3350507090779997,0.9119847207327226,-0.18461190479514897,1.1977925366431048,0.3298751860425989,0.295993876933076,-0.07560775789023727,0.5272413995428513,0.07975943527938353,0.9333921511133544
sample_088,0.12512911601063512,1.5594565480535587,-1.7721230289593366,-1.6322952226019762,1.0592993219662181,0.6872164388348639,0.4646766309680792,0.22060282873319195,0.08596152928660727,-2.4363134232638712,-0.03070134204383381,-0.15227487704848505,0.0017321914792040411,1.3560611315253202,-0.4437432781013963,-1.440629693804954,0.25191117890762466,0.46223337333649644,-1.124746827512525,-1.1092637402820476,-0.06287839032545439,-0.08124742057101793,-0.30338711883525643,-0.027376207664946348,0.8698086365334511,-1.2597753687976065,-0.749686077235762,-0.6648005626323663,-0.09900255041940763,-1.5662607689329457,0.6687699509176277,-1.2775528768927384,-0.10698597704443634,-1.9779505250097673,-0.830895128816637,-0.7137635168215501,-0.34409234703946895,2.261987760755679,0.21186144691329895,-1.8402766970723894,0.30597804413970614,0.01163001803663712,1.4667756172463833,0.05572962068175678,0.08013379771616269,0.8187243292950032,-1.2351732630735157,0.743376025408505,-0.6707224331633546,-0.11965044323862511
sample_089,0.9982925492412723,2.0448856035090226,0.9991207855466313,1.2358866351100948,-0.0810617913819465,-0.35829782332889354,0.020712290589889718,-1.5771553017123974,-1.29311371462884,-0.6901731337043328,-0.6279076509930268,1.8111691796735068,-1.1760263295556095,0.5283985421628431,-0.6698650435717339,-2.7758330551704242,0.1435375615625457,-0.9856719801516102,0.16065756540223566,0.7427284644316452,-0.5747965801117305,0.5029968614313003,1.6463130206569132,-1.8459326321862197,1.0871691980743976,0.6640329862982437,0.7689266691081927,1.0078120185016628,0.1278783537737494,-1.5159182222696912,-0.4548417202974166,1.6920947839596063,-0.2912374517502049,0.45284425137357065,-0.876083006974016,1.3513814529234445,0.6849854320007468,-0.18991159141747585,-0.6067393358120337,-1.931904433767903,-1.27933167659385,1.251318214897367,-1.209444635562311,-1.6263337872657113,1.2867292383528157,1.669512082450197,1.1053240046839645,-0.42812528117217435,-0.18120560980004194,0.7955676987209207
sample_090,0.9907445348041118,0.2980230135905053,-0.659174834747273,1.3843423263664925,1.7904562667046229,-0.7759728933029797,-0.30193306473715625,0.09892042709708807,-1.6695818719920825,1.2201622191935286,-0.45914350553455513,-0.7483839971529791,1.3527088459357235,1.3988808853417998,-0.3613788523252397,0.4866131777923488,1.8905978961280914,0.47223456005998693,-1.5512933387878973,1.5802649299546354,-0.5447491221987538,1.5170338816833766,0.575828368446078,0.5161056642937443,-1.282693292312961,0.7832059237658024,1.3458639068130627,-1.3961582014983756,0.4955603599215814,0.7124583446563397,0.2309904929104239,2.510191648759557,0.8031843419267684,-0.43757893419002175,0.6481013759517276,-0.6711514935711962,0.3622412120193396,1.2422418382586307,-1.2686643638870307,0.5075888033297428,0.28865379078178094,0.34655521002901685,0.2833841895223565,0.7528376145201932,0.9638811194536813,-1.3697058375392963,2.596601546050652,1.328198648251666,-0.31292211320060487,0.14026925589792064
sample_091,-0.33853054744844263,1.4691233318475931,0.6631252714560614,0.4630751964101472,0.21671659931161463,0.6548562009956996,0.22407708429027737,-1.203798280461698,0.7278688331655083,-0.9604247688406691,1.5676024073552388,0.22008628288101764,1.3986920812623784,0.26725723923716316,-0.26703330147371745,-0.8482841285822134,0.0728556832149435,2.076976703667255,1.2919539803008062,-0.33326073750739893,-0.5972458553413615,1.137968616669814,-0.41406291556313835,1.0867902430231577,2.068844582412174,1.0703458947809223,-0.599610099036644,-0.4873171987504721,-0.1260579122990753,0.23412068972637268,1.6254480544304188,-0.6970907283563953,-1.0467305356919836,-0.18645750293774946,0.8598144046703485,0.13738743681418808,0.17315238144741715,-1.2640093621593538,1.7216555809346261,0.9101486716486442,-0.0983881377962546,-0.841992720918921,-1.5146713597205639,-1.8264206498438789,2.407156507293161,-0.9313575032946106,0.4609755082064767,-0.7995995842294848,-1.1874486873501047,-0.12580791305158504
sample_092,1.0587709358692734,2.229715183788889,-0.351949541280532,-0.23642070705199153,0.33040873468056386,-0.5594742390292384,-0.14110571894134613,0.39764417146876735,0.34468645717827145,-0.11501321707257543,-0.552900036237716,0.990322014981004,-0.11659090344394657,-1.359321817857628,-2.474805895679833,-0.43181946999239473,-0.21009571933705617,1.633097941868638,0.7913186311082181,2.7212959000457078,-0.029584339517191558,-0.22391580197612246,-0.21307523510204152,0.13045010244892744,-0.6619853249058928,-0.9181434927450082,-3.1224066025412327,-0.5958484819767825,0.6158196190772752,0.6173710781266233,-0.19021473967588093,1.572582338447517,-0.5478296136047265,-0.7180763991956383,-0.9212488022449745,-0.937466776039134,-0.33872934314377495,-0.42167858295029653,-0.8185473748698697,1.369621379438619,1.0376028504684363,2.9074806506220687,-0.08856132992012561,0.8709895047082737,-1.1350652830627583,-1.2024583481151323,0.399359188786367,1.4250433794526345,1.72156337728631,-0.7565875950007261
sample_093,0.8288889183017553,-1.3030828556870697,0.03494170572468163,-0.3534940811540632,0.626666766704787,1.4390492674734703,-1.6858448988257566,0.37438894805293627,-0.29565610020610394,0.14720943702228156,-0.9481811617030973,0.2955095013895864,-0.7725711636088652,1.181694353463769,-0.1847691606718739,-0.49706249807815617,1.0264227287920435,-0.3496441125890443,1.1461289955446259,-1.19487749674401,-0.7351948925062309,0.4315751789857265,1.2732662767339857,-1.6802724560727547,-0.42329577041016775,0.499428950843934,0.9033831194922392,-0.0027143878761736,1.1248037408633158,-2.5419474624374514,-0.6645934716997353,0.9644649338832159,-1.0972657862372608,0.9675747391414997,1.0580166849503665,-0.6300006253856515,-0.3182588455106058,0.8991829513283911,0.16797692155845156,-0.7810068848560021,-1.3322844692407683,1.1569856157357308,-0.8044780798583018,2.0290365400947667,-1.7857016114676754,-0.6238441161730724,-0.7523527962054485,-0.3507940802196394,0.48984911202962766,2.6851652630252816
sample_094,-0.37893384352696924,-1.226869309218579,0.60043994457476,0.9953167404524441,-0.004111592399942199,1.4062035630171943,0.7547910771704103,-0.38088572593432024,-0.0402803006899902,-0.9874540417342267,-0.3783909822689719,-0.016413352753066494,-0.3168931011941085,0.3691634163714721,-1.802302161694407,-2.1265918898962655,-0.17418524943183586,-0.0074850868684809705,-1.1310701710487867,0.9165838345593644,0.04755543436996768,1.860452459427285,-1.0249871280051102,-1.1887374136017164,0.5621089961260453,0.32631394388582324,0.42024256530241316,-0.7100166943491435,-0.4249433480824013,0.5047123932225178,-1.5247461363398553,-0.4174340783163949,0.7421460298868755,-1.8281985031316597,0.3742563841998706,-1.033989965973983,0.8010853416552157,1.5614796018684818,-0.8346042813580306,-0.7633327378771344,1.1707837262885512,-1.6984451710901527,-0.16918928640420297,1.1116476529270793,0.3155106745217401,0.1331914965373575,-1.5299438903365057,0.8512684556478575,-0.2490188535788573,1.1507643265605907
sample_095,1.4328379913279017,-1.1024736894765166,0.6348086851042112,1.0811962264792048,1.413993954953589,-1.3264262215614677,-0.3298719427828007,-1.7496881432908529,-1.001693325999384,0.7835671322322746,0.786804318967123,0.3156103161828782,-1.402740564537844,-1.2030705951517744,0.14490791565324326,1.4467879102880936,-1.3969401831521104,-0.8390072764350536,0.6534033350793387,1.8938018217881116,0.44755124666687635,-1.3126624267821685,0.1928983901131115,0.4734099304203113,-1.4450571246731947,0.18904461914725412,-0.19550367264484397,-0.5977138789528411,0.06184647211638711,1.8365838037109306,2.8743381618717496,-0.7836650862513154,-0.04559505095137747,1.1267840038539432,-1.100503509240357,0.21662582462716085,0.5048535505899068,0.9863902228313285,-1.599691834198763,0.25253312589291566,-1.0258034149038642,-1.0134316005624944,-1.064028961794401,-0.06308066677794445,-1.1077470754524221,1.4834258493175683,0.9532579536191784,-0.02533322081086291,1.776514309322199,0.991769109016618
sample_096,0.9375174464647624,-1.463638693220885,-0.728856768919064,-2.047953657357999,0.2708788611998513,-1.461208342373164,-1.0286979632512687,-0.37220471904512414,-0.21326315440440302,0.3694549403849609,1.5057344563930877,-1.2747036791357715,-0.7861761419863768,0.06006106180419895,-0.6401820422366264,-0.6219454999833469,0.18378729492152354,0.9897356319723678,-0.8069355383682248,-0.736848082200552,0.44123147239222726,-0.5167595745675277,-1.1021448692976983,0.2950174456186627,-0.029329402026092615,-0.20656300463207186,-0.3384869707239737,-0.5789475771656833,-0.5679224536590607,0.10490796786817479,0.28980184235630807,0.13048721811781056,0.8554214998499418,-0.6861957346257964,0.6754318721297309,0.6094146785071693,-0.4950367605533659,0.5714868898907429,0.031902768114812054,0.6327142788520251,-0.3318049691783096,-0.9796754202650001,2.0511841652832645,-0.365812548533298,-1.9326618907862425,1.1393863760304763,-1.7203813610256093,-0.2994521869549656,-0.6553375703569019,0.04350556553994594
sample_097,0.11610191315589398,-0.7322724285831818,1.6172236068476378,1.4187375748030333,-1.2024413553522404,0.374518517193692,1.22009398126785,1.3029983904167195,-0.37854150411039345,1.9222857729197682,0.10983154014216907,-0.15743267834563918,0.0027689704519232596,0.5051179226748728,1.359717292937542,-0.35538012430885113,-0.8520203644576008,0.8131318246316472,1.3652128737561948,-1.6753388231932573,-0.6638050992222687,1.1149067319760984,-0.15228340000612858,0.12036539592371885,0.366736949658745,-0.006103013490099601,0.493328900859735,-0.8687793962544031,0.1734881005736879,-1.0670416559334202,0.08859826464451451,0.25864527066539117,-0.31534675103911136,0.7039988069612593,0.6154205430936176,0.24044936072596937,-1.550034171361827,1.983377368687705,0.21295741157768544,0.29070312762888517,0.03529115567154854,-0.048808831595050624,0.871148468696324,-1.2946238524423133,-0.19299921898465625,1.1252246220819568,-2.2666932889774176,0.08071186399564861,-0.7909891101866932,-0.41906643647522573
sample_098,-1.1894800512886865,-1.0096300149709052,-1.5519365981004623,1.1068832459269413,-0.14677301212787683,0.2953340748833492,-0.519708365152124,0.8926777820968466,1.6473476423834876,-1.4400010021894096,0.9694083070736232,-1.969944514543577,-0.957178623260919,0.5508188491475084,-0.02253735127088058,0.4698129216893899,-0.5164784292431408,-0.8701950930132832,0.305035629947003,0.5305368876339369,-1.9228900931970008,-0.3753239151495375,0.7731578179414403,-0.9939908451193157,0.29185837005836485,0.9202443155638901,-0.3678136349913211,0.6244080094780118,-0.802532000216114,0.4336758053237858,0.1807963403504205,-0.5311672654973396,1.0624771211112245,-0.6511563775691596,0.9222960919772888,0.47299905520042285,-0.16524678911414542,-0.11746678020120582,-0.948765060130177,0.22244987524815513,0.3979291902779254,1.3150545132669431,0.3403359210774533,-1.5178843641821271,-0.11102826108739262,1.9586999229113067,0.7284074381221948,0.030173403195360757,-0.5787884385582809,0.11326608178341686
sample_099,0.16766358474095558,1.005951963893517,-0.0021824692258523076,-0.905441391324381,-0.10595622307141193,-1.7692085605971835,0.6847173765121701,1.6010817082539035,0.22207661368281761,-0.055802855759524046,-0.1844830635558456,0.8201773514605127,0.025496730759424678,-1.5077076144130677,-0.9212462798690254,-1.4232195123164433,-0.3240301710352151,-0.8829541555839511,-0.15651091620652888,0.9080441263409019,1.3455351357847845,1.0908529163927538,1.3343422727346588,-0.13523755357827388,-0.6869598436498009,-0.8042359787246008,0.3968326919304149,1.39274667765596,-0.6855659810675874,-0.7238895250707182,-0.9909819183544621,0.6465577899639247,1.9975588926197103,0.5502019223174541,2.695938310963896,0.8994955004392924,1.5381788572998984,0.06646556031592817,-0.8086907080656817,2.0990919614103345,-0.59923019976243,-0.3198533328118595,-0.616723552921126,1.2399217632362454,-0.13462880626833243,-2.2854721254343167,0.7769689330812625,2.465329686738267,-1.1331541872648496,-1.595679051474663
sample_100,-0.14761201678104208,1.3908762245071369,0.8980467268699269,-1.2729173371682636,-0.408141695507066,-0.10333006849981029,0.582947411953553,-1.61482049773168,0.09026774953515632,0.7704065664125427,1.2613644655109828,0.9429842065067793,-0.9007500558360441,-0.6948216430620999,-0.29102761656702436,0.27213136810333904,-0.6563399824665358,-0.3743410690853449,0.698056311549907,2.021713857280219,-0.8590081856423207,-1.386832154864184,1.0264364137245165,0.3193766404534535,0.9964999331259873,-0.6630795423905653,0.15385160982631768,-0.9305308372951431,0.9322035138099448,-2.0473527123078994,-0.9573015674640872,0.1567401290843237,0.9295554069632016,0.5338671444152141,0.42516504752690815,-1.152342446804873,-0.3233434698019867,-0.5453839950560744,1.3343835087771776,0.8340277086616236,1.0764414745620385,0.38735219882506183,0.6789099800440511,-1.8918342357035045,0.2717207979422389,0.07126651316225036,-0.9387085149991272,0.3033383049614511,-1.733380259043222,0.7082351990898617
sample_101,-0.5914867891689753,-0.6608303182143459,1.4042077149494456,-1.1944711163192356,-0.43703333280322,-0.34875781731302014,0.2061457860065865,0.20663124850902886,1.8537132361537088,-0.33904863870863744,0.17195350320493652,-0.33661076716656513,-0.9984132301809732,1.2798675999227889,-0.44373976628560924,1.2903642009362817,-0.8012220539513785,0.4677572552779907,0.24676956523896376,-1.0564793022086114,0.7143330914326388,0.5826528250331671,-0.38768648354830865,-1.178677393310933,-0.2091272304950794,-0.3765876213991202,1.786295809105374,-1.663311529712717,1.0692982581195127,-1.5038374170611464,0.15791153451581783,-0.1882963569573687,-0.04023228095057023,0.20564990837262517,0.5945353579456071,-0.48121275218255566,-1.815155319367963,0.712685829046202,0.6233855697452323,0.49089605621476934,0.2349536898342043,-0.0760230276688286,-0.7257402655865837,0.8669248818699635,0.7879176590247869,0.983295087964306,0.2273434656667583,-0.952804025226671,-0.7792711953739975,-1.363588236162243
sample_102,0.6321439387165204,1.6100078708563454,1.0437387249760974,-0.8876635900715955,-0.0971506820636747,0.38029165365570433,-0.4924485420823705,1.5455795202220484,-1.6506714782865606,0.645925493547626,-0.5011424807429176,1.579913879314814,0.09835332867912765,-0.4992387919912158,1.6305945798887502,-0.2106183061725395,1.5772355883842584,1.4080756086322448,1.6694504533551113,-1.3332437988037575,1.1126472368015845,1.1496250093247216,1.0038505148104577,-0.41338903038070385,-0.05377827547650099,-0.06257153701480675,-0.5589461222644411,-0.7815690934607699,0.3794280846191321,-1.2095266139326442,-1.454376120840704,-1.350768697635769,0.3010427912640719,-0.05963120731474779,0.4445231506194718,0.15861686668447114,-0.7068867525484813,0.24627157354400842,0.3321714154979311,-0.1281940789183573,-0.7785495949638446,-0.05778721428527227,0.5872694796737403,-1.1449029442238388,-1.1738758495879804,-0.055849450834987595,-0.38452729777897315,0.4891621980635303,-0.2448837141115382,-0.4305683136905475
sample_103,-0.3032281303607308,0.7720357601981074,0.14478500782370113,-1.4560671786595638,1.0184488444271294,1.1078136714235156,-2.221923260286963,-0.29529943610664966,-0.43686336864963177,1.3611332259347861,-0.08780345729631998,0.653087366515884,-0.6382099856361855,0.7192718877521275,0.016282555382251176,0.22638519954042582,0.3756331672786018,0.9324208517353682,1.177889775437455,-1.505227542047235,0.13959488667418044,1.4831659179986723,1.418426906570801,-0.42286818224428413,-0.6768849262382995,-0.30812687552274887,1.5580814539998982,-0.3698755230304439,-0.25754778236180587,0.2906201118045647,-0.5920571331979648,0.9112007620673772,-1.5510859958442715,-1.0990275367720503,-0.6855064836150807,-0.33888701776260427,-0.8728750181023357,0.4466456759087723,-0.6199954180132573,1.4750486201237585,-0.2532634336030015,-0.7885336218097873,0.28011442040409584,-0.04388797358790103,1.814772181192588,0.6710698572723833,1.010546787443385,1.8793966862678388,-0.1672589950076279,-1.6976673022448856
sample_104,-0.26935268880753865,-0.7489204806548746,2.81383031346402,-1.452704740807949,-0.17111822953891898,-2.331879571686452,0.7283671186493043,-2.417219256900482,-1.0741104065089093,0.7406367737269746,-0.9674907483348031,-2.1447567459893873,-0.6611135087888604,-1.2605286184082234,-1.2454969710987407,-0.5160664728316446,0.16738427956908342,-0.05519251949079299,-2.4522116090409054,-0.8593611586881245,-0.21739659937091074,-0.9146628291160325,-0.9440030921387123,0.10618793615874107,1.0140097402848247,1.6097310714940645,-0.8383109971579981,3.0227384425560024,0.10180508787220087,0.5746094839164878,-0.29588763034193577,-0.5327843288844544,1.1776965940462718,0.14651363778590257,0.13965132943471614,0.7338466533790392,-1.4655754897848483,-1.2087484724164381,-1.1225458561708241,0.05538344325862434,0.16585815121388858,1.2854701733800007,-1.2405265734586626,-0.9254426972452956,1.181848281833526,1.1455105965975139,-0.35249190796359375,0.9007941034382476,0.479722298788093,-2.033554770240284
sample_105,0.6732119725147657,-1.9753012101036174,1.4882791074339514,0.7726805205406945,-1.693100600703048,1.739046362373981,-0.9794840634619741,-0.7913381110004287,-0.7479064999473394,0.5873364315429332,-0.18036809869746848,-1.6426943988205407,0.8325469273694465,0.32871110584631663,0.5411242379339826,0.41080780193695704,0.42982829982470916,-0.7843025748412747,2.0619136912149156,1.38682954577888,1.6788748051794398,-1.7805179535837337,-0.30239699368550255,-0.2191830297716258,0.661233588008151,-0.3154655253800048,-1.6017793020404882,-1.0362628407455539,1.7367392125819805,1.604397841155741,0.7282954450282558,-0.4152260909611642,-1.5828166407676663,1.7503513153408856,0.8461083459805941,2.2311649046724327,0.3298982699199198,-0.8754249629451758,-0.728588574175892,-1.5367167744287136,-0.535556985400256,-0.4660071904644859,-1.99026956478233,-0.05734558760195935,-1.1487279787342433,0.8199420225595657,-1.5650158535680032,1.9046112258901484,2.8280145020167256,1.3067105251744942
sample_106,-2.0001430440179586,1.6422459761465478,0.3302247229704321,-1.0558751721936044,-0.20229314779040722,0.5659673428005959,-0.9952535262004004,-2.442966199612291,0.059022396187332155,-0.08375772458852636,0.3586186817387953,-0.8161795851349968,0.09274752686619048,0.238608254090474,-0.04831940775891161,-0.6573530416713285,-2.548041223770527,-0.9968256940614523,0.5952528863283726,-1.1369570075726743,-0.9899881717285167,-1.4193828516425853,0.3184984764578571,-2.14287721866325,-2.2797838361446408,0.3211221654553657,-0.48092523793737846,0.5045583030258662,-1.6557548882529358,0.5839041799643372,-0.9767958639359069,1.126686208077817,1.2570892383966752,-0.9953145899384425,1.008809776218644,-0.7189298198915604,0.4205181803701375,-0.15971640397427528,-1.3534868431416471,-0.08991002983221132,-0.1357732187157805,-1.3917490842119802,0.43503697994942725,1.8659359641463893,0.35531719496676123,1.0302964302113755,0.6420910144648139,1.830836919316647,-0.5193064670547235,-0.008333592205048182
sample_107,1.3109573454807686,1.3055346797343255,0.37019801159091054,2.2564762148265465,-0.04965056898111447,1.1286235861353935,-0.3774863876368656,0.37711965680602183,-1.1786367947342342,0.8040619473358246,-1.008409572222595,0.41481850649890495,-1.429859125700635,0.5598960374827109,-4.136972712039649,-0.03008711721671391,-0.856440527107783,-0.2855507048222503,2.032985831724423,-1.0090235160351735,1.3595415916470097,-1.9623370136768943,-0.7294861321045812,-1.3823369391676363,1.9761648635968094,-0.3618713948074269,0.5745065733572632,1.2802489706732216,0.08781977747768811,-0.3258293867211717,-1.7629602816130712,0.3819101047805267,-0.74063466826366,-0.8283375752275494,-0.2692771844444577,0.20945159110172168,0.14912527381006702,0.16393276666213968,1.0701114115805899,0.5478589325586695,1.773009544264514,0.2767610815510278,-0.05248147698488253,-0.4594857924654978,1.6825344531632183,0.018938318752065315,-0.22082924634643564,0.7460723916629695,0.16532412362032323,-0.47630463448921656
sample_108,-0.18169049087371056,0.47148547576680777,1.0153319872926476,0.6781060487494673,1.8665847625213745,-0.19263072677743368,-1.118491669534319,-0.5388828915202281,0.29363293004817054,1.7470470371895892,0.5746639247067737,-1.0429117996544757,0.9642265726463756,-1.0435236701721258,-0.45717691553727746,-0.34450221579998164,-2.011199718696235,-1.0380827880403305,-0.6208554493472435,0.8923318483057857,0.20811674509619868,0.8830715671329842,-1.393659025684225,1.3619907772192568,-0.8718259398669874,0.3653258319514154,-1.060019817438488,0.9951506824225697,-0.6343390368538695,1.6753270693098679,0.37456976140582465,-0.40347103455661903,-0.2372031217302142,-0.5689543214415332,-0.7479265738010403,-0.9588377097318774,0.9966296356730946,0.1616392535494302,0.9481881177330269,1.1888349255525874,-0.9146283710155587,0.882936144755695,1.5882945484098299,-1.8670659152015976,1.0198424567307598,-1.4279382775626301,-0.3942459555417728,0.5043566784331508,-0.35139206151988595,-0.9473946884667633
sample_109,-0.0345365583678597,0.17871277020676404,0.5676761547791085,0.10933927341026016,-1.1662659394330668,-0.11594427850455011,0.2039849002905633,-0.2193021254024419,0.11815474028098172,-0.5602451720292374,1.6722656043874884,0.9872996431350911,-0.897142313815317,0.041585718765688146,0.41319867482538103,-0.411979752368173,0.3582923880198338,0.203608764222033,0.10886099754719107,0.6059882340800973,-3.071519683745547,1.804450050369746,1.2902984438812786,-0.7523762457271532,-0.6059744811988396,0.8825945955656351,-1.0280696021339775,0.0029840699886218287,0.1405405677022634,-0.2843944469759096,0.7756626439013822,-2.1914903213296526,-0.8933390298951434,0.9756610714100682,0.986913726603917,0.39290897269566605,0.6453718655627193,-0.5883248976553151,-1.0652671483446663,-0.9279607749489868,2.3971498267980014,-1.0729539327823516,0.2106585158779463,-1.236922233500531,-0.2003731679032735,-0.06601394865041642,0.4592270827345795,1.343054618827237,-0.4744083966431668,-1.1123744331311105
sample_110,0.49448075512234335,-1.302818435043417,0.24994059397003537,-2.774480694335465,-0.08241816841526216,-1.6869772310704576,-1.6281956307155603,-0.5723265821981489,0.03443124340727002,1.701546809107152,-1.3058900821056707,-0.484059056020753,0.6183303721541061,-0.013542641131435985,-1.4133883458306753,0.6030892820344939,0.9115163047067336,-0.028401056387838422,0.6122447796238044,-2.6707908601795487,0.263766735964555,0.025602098034253357,-1.8335515156810211,-1.1965181191492997,-0.013330268357099306,0.23867919902163057,-0.9349356980713113,-0.056797546534020985,0.12574843353700135,-1.449601884147402,-0.25370916516736813,0.41923533590754636,-0.1574948884437357,0.981370383797697,-0.4665779034146354,0.9049460835256624,1.6954512275902178,-0.6857217460252403,-0.8225609581893867,0.23770556660762346,1.0123158831308952,0.6140283215344636,-0.4994697752085439,0.37166026658596185,0.8762511033063943,-0.6265232479542661,0.44958411222915284,-0.6753794360122679,-0.026005668915078026,0.9520397968369271
sample_111,1.3669458095451916,-0.29027816677857016,1.255791422792796,1.0308058364623527,-0.07292504873387909,0.39012236943365214,0.41579497455631,1.396356384042137,-2.7192427427122703,-0.22826717967742272,-0.21654337416677952,0.9775287447346734,-0.6159091056487921,1.26088544411307,0.43616385368007776,0.5968468014419127,-0.02972709800482945,-2.453607731838184,-0.18517398127356027,0.4618155228669447,0.8905370979745579,-2.379878295571331,0.3902395009746728,-0.46788509514745397,-2.0816341039349493,1.0576189000484524,1.22011850942128,1.8272300782829076,1.4768333800490299,1.4265243591679189,-0.30895709987388603,-0.2756650164737027,-0.3680096234859044,1.711166476230398,1.030121319794539,0.1707238542450755,1.288676545074331,-0.37356407294724536,1.7109130710357596,-0.39580619526547123,-0.4266245619559176,-0.5120085737001556,0.39114251579053444,-1.0614082580710018,-0.44829948142071546,-0.41785304688065966,0.8441417303041863,0.008299054496847175,-0.27209453176133597,-1.1080689288679653
sample_112,-0.4280090388055967,1.0046157120201455,-0.8604220456124888,0.17517370450803582,0.09683910344231648,-0.5424775443401695,-0.5467836064601193,1.015154303980692,-0.5088156278837536,2.979457221709419,-0.7958221173886965,1.795311964201772,0.5931653126804247,0.46119414143395115,0.37108870713425174,-0.3165971316427143,0.34157525424615826,-0.6018441956555155,0.4647475992272544,0.7242374814561741,0.4869334662382856,2.109967873533845,-0.35218674874370615,-2.3424534870143923,0.2896902002134031,1.1717143546797073,0.5699009138816805,-0.012637469163130015,1.217590272235652,1.299924882526383,-0.6307054703242444,-1.3257211853040198,1.5364790149041603,-0.22761043786206056,-0.5783505855687834,0.1358116531123943,-0.6135814665448217,0.9668479778203488,0.4209472231264054,-2.272677765467029,-0.6136503576673948,-0.300488469499291,-1.0074116996554734,-0.8853495117695869,-0.07553959837028613,-0.411048896692921,-0.592126181559006,-1.0588363614686966,-2.710897583215654,-0.34687909550363516
sample_113,0.38610764936884046,1.1703236034562465,-0.2453299381350479,-0.7995578921726592,-1.2963435684558737,0.5552057951427232,0.2803655780351398,0.30446901163550444,0.9392687309069738,0.10867833781073338,-0.9482173456373562,-0.42010738543703197,0.05377793110148819,-0.27868937426364243,1.2023715885138093,-0.5209816852185615,1.0856810550460154,1.1498953425957519,-0.9456212729010585,0.66129868694488,0.12431835690984398,0.32049880263527397,2.059502306881814,1.0276842139904707,0.045193712155295225,0.966626173574763,0.034619575999997286,-1.6838914324291039,-0.8432766324825803,1.0098199206700864,0.3174190691124771,0.8987330977280278,1.1327656236803811,-0.7854955192806692,0.2896881743337836,0.6143647902280112,0.7389167505845176,-0.14503414734092182,0.32717756184615926,-0.3096755564369869,1.2830297261073655,0.7520608585526135,1.1911692388991961,-1.7107212070537439,-0.2782225103077924,2.1686066856041566,1.5107161033501222,-0.14345186490002082,-1.192830266023854,0.38517758180836764
sample_114,-0.5997211425879733,0.24179505655777175,-0.8073035790790803,3.007917794221426,-1.5589341444609985,0.6507380491210344,-0.22606019877284877,-0.710283584126363,0.3494348572964211,0.40950115742406096,-0.2934151687333189,-0.7947380642926672,-2.0747604092710303,-0.28135138649406866,-0.9363523532288837,1.439658720139497,-0.5336559433750997,0.5577077779064518,0.5098349127380599,0.5116167997800755,-1.3095273311082543,-0.18930543205698203,0.41964916371166944,-0.7223494336159798,0.11359666925527716,-1.765255325179511,0.5120715657928934,0.75401605385409,-1.3822487137921948,0.9788853744451451,0.9026587209672189,1.0732446915561438,0.04928729433205172,1.0362298723644237,0.9830099509475264,-0.02855665586467974,-0.6462928116693668,0.6977493394786339,-0.6684993754640293,0.12483225292329544,-1.4654410031835652,-0.8398611599141663,-0.35182298835611236,0.2082708854394055,-0.4188561895625997,-0.004758601111672384,0.6131465165769457,-0.37947774569505627,0.8234910509415655,1.1908835649505647
sample_115,-0.514140389526933,1.0636505971665389,-1.095262252059187,-0.5644100899962193,-1.7291162178800117,0.7431352696042054,-0.050040751817514086,-0.8944382958964252,1.0003720488001557,-1.8972899998607242,0.03076631127859389,1.66410222612101,-0.6440069208765257,0.8086429532196423,-0.4029701201425926,-1.5680472684732727,1.9272040882573167,0.8356376746901675,-0.8309167323151133,0.7805901295638538,2.2853803626893634,0.9267199364931171,-1.649675371406369,-0.47050319479528885,0.4328992221477507,-0.0851437769127853,-0.20558606676759042,2.4523118834927757,1.6778329563165637,-0.12832118837684506,0.684587806973329,-0.5878429703952901,1.2239512855665673,1.8878960228762582,0.9307354494437365,-0.753041962919803,0.3917635887826497,-0.7494862697296172,-0.9898283628003661,0.14193480942622233,-1.2317242353792222,0.16759023478647572,0.1074948078541583,0.49029991570462167,-0.31353966984406084,0.5236417343630073,-0.16268961670232882,0.40954733739450405,-1.402608763560425,-0.4457491908001368
sample_116,-0.40476607433890716,1.183011213627777,1.2225942671884107,0.3140854616895075,0.022538003015798662,0.4124964389921973,-1.619498676478217,1.1311072103544602,-0.4864371741388362,0.7844310925872302,1.1157006243782872,1.3680935912744459,0.7980714925219012,-1.0537876301244071,-1.3496663141673781,0.3652003861028219,-1.158865220559328,0.12497748638699518,-2.5988630665016417,-0.09806878194922329,0.4616329000571951,-0.34689162772362386,0.6477013900354391,-1.0170901375756132,0.11557094414116743,-0.08006994914779222,0.4259121282296285,1.6618281864634696,-0.4416468514272769,0.31927373523093927,-1.6139116005461027,-0.7327190021610062,-1.2061265952398963,-1.1465796651001072,0.3015765937712876,-0.1860615457154477,1.4122071482347944,-1.1110328177832265,0.27700387123500586,-0.5476091299386207,0.6624250095860709,-1.7037994783574768,0.4363689157959767,0.5040911571908939,-0.6362902788322746,-0.3135957577820165,0.6651633139285523,0.0003875287371700001,1.7786122215303233,1.5456424442487866
sample_117,0.9570212914142098,-1.090803253367586,0.612002218383388,-1.1085587005876159,1.285559216398629,1.1162538247131912,-0.10582761488317126,-1.0200292325363718,0.8855354271321159,-1.4079116251635773,0.02099031313502844,-0.7296238502178297,-3.746848217620327,1.1394929624474628,0.9941083792577459,0.10664316259102406,-1.229747896308715,-1.2434210322069468,-0.599859040062668,-1.2249729507107838,-0.4156761465352646,1.1203086063432612,-0.06602277812343724,1.2762773242465784,-0.5589225743365307,0.39259771890806483,0.21352133268553367,0.8962444064107705,-0.805992838486565,1.1762724837639666,0.6575087822692023,1.2410070146110272,-0.678576004614409,-0.08213670694165039,-0.010690137855926056,1.8352323805781616,-2.6791205026594676,1.04890742101134,-1.014593763354538,1.6907236466902487,1.640370733185866,0.2910352358700151,-1.3387759497742995,-0.918464181281394,1.206104337981375,-0.12099292177990502,1.1700492093652517,0.6284544548810519,1.1312734620661327,-1.0188962678484392
sample_118,-0.21971892886032135,-0.2027735398479956,1.9627567501184418,1.0190805623709849,0.4698924123496697,-1.0971429855691175,0.019185792910939515,0.346101707041342,-0.65058829899491,1.3854835725713488,-1.8307864568905625,1.3775247408569486,1.2395089624139755,-0.9996298012681676,-1.0153169250700933,-0.5786917694626311,-1.4552242604954764,-1.267749467167639,0.2443473101618317,-2.2082223214525145,-0.6415723246672909,-0.36477609281991813,1.8127190479361304,-0.23141049454668255,1.0285920751239943,-1.3313564966457407,0.9409423413928462,-1.8978094471958717,1.9009162117307374,1.4280028122220938,-0.8143471560071036,0.22498964866380086,1.162389850763047,0.874091948536959,-0.0016071301979238652,-0.027951376571373077,-0.9429077026453659,0.7831384362078512,-0.1367083349971475,-0.21669107653062114,0.35456702791025796,-2.4861461630039616,1.4826676174391649,-2.554713924287729,-2.6242994558913013,-1.4581245238592957,-0.832585916191298,-0.3437758490400525,-2.9975163036458485,-0.7455141470925358
sample_119,-1.5057530291510164,-0.513903386214513,0.8406707149011918,-0.632791963729946,1.9232732592256572,-1.2743572660822846,-0.8778889195095868,2.104679528297883,-0.4330353834886308,-1.3233202061088394,0.8274421506149832,0.33229669464589323,1.2744848377925049,1.2779491300325325,0.17031475711424796,-1.309607552085323,-2.2451250506077804,-0.6170466279074767,-0.06734169820909965,0.17161316228706114,-0.4534462777031861,-1.7688375906079814,-1.990188121722606,-0.3895091879588858,-0.03909626083743693,0.5723905092599458,1.2710483090585705,-0.24169820018149255,-1.628225428641453,-0.8776380589026752,-0.11914910052831869,-0.6448917652168058,0.8804054369467372,1.2617425873826158,-1.1293173858062227,0.16033608039412767,0.6831557743475999,-0.5043421648113676,2.533712409085445,-1.7426457803034003,-1.620008596130147,-0.11219501390539953,-0.004497398344044054,0.869178829168736,-2.8425552126753506,0.7662734636458106,-2.9178802539160698,0.08146598166533896,-0.0017007773964950916,-0.1323905625926541
sample_120,-0.14486432806785746,-1.7533680343452944,-1.004833153944987,-1.4636856173808823,1.0040196141927558,0.31215923990899885,-0.37930343582311093,-2.4108751526933196,0.28624453086276674,1.7864931521610017,0.2598917806389852,0.37732528552828304,1.163158760277003,-0.27381925922384975,0.6508594470038248,-0.12210616338867451,-0.9591149607341608,0.2648661538422322,-1.7503171003412719,-0.42404645433265625,-0.9874821058859395,-1.391704911913111,0.5328477555421661,0.33669949009449,-1.0921861063766243,-0.5860854892725159,-0.16746788314770675,1.759184701471308,0.02925234819723193,2.1762317185210414,1.022243218629451,-0.3703277332336891,1.7895369920259052,-0.3089616646556584,1.80895442897507,-0.7950216177476599,0.047574719532801714,0.328836928990935,0.9995987913622874,-1.271904721535732,0.9727233095770866,-1.8893584032642128,1.70439208634009,-0.13052706958613075,-0.9462134597948433,0.2808291576186324,-0.2459649978354314,1.157664501562532,0.9662216724072793,1.328084194054021
sample_121,0.07992429423515258,-0.1016343325108777,-0.8319127758679455,-0.9357384847609477,-0.9745010738220015,-0.10972657512475291,0.5433520421348289,0.14335629856055584,-0.49834549903784203,-0.1919428931698448,-0.2306560488842507,0.4708133781855263,-0.34512525801718097,1.1494682578868365,1.0795248987597788,1.3091192871105384,0.02504524438385194,-0.43719082834537604,0.8370853241951848,1.4829997193456674,0.6982769676204073,0.7222084831322242,-0.22206100454518762,-0.6997833498617575,-1.5737009560741348,0.22793649837630725,1.0570938999826145,0.5347260576746186,0.4211136571800716,1.4690245491439566,-0.9250709086008615,0.8761899512219621,-0.8093014163418429,-0.7097073229406814,-0.7522821551116013,-0.9474095920903918,0.4731140319773247,0.6009287478182671,-0.7381538411315584,0.6008992079141071,-0.40285586334513707,1.6581825506010803,0.6397149658339869,0.33533092510179774,-1.12726577861928,-1.035959539547997,-0.23325358781226177,0.46161835808095886,0.25074072945946785,-0.36445899890914674
sample_122,-1.6161809833043996,-1.066255260301812,-0.76763904373586,-0.680424582614445,1.3593612490085936,-1.2023229279045349,-0.3653476450160582,-1.4680210616322487,1.5241548295216016,4.138259706412981,0.4864089992340678,-0.3465426669359,0.5281777209184022,-0.7217685493874348,-2.1756996637738473,-0.5232320255242257,-1.0789812407228343,0.4234567995940321,-0.583587339082549,1.4159500341676987,0.9932724218326799,1.7278676739962555,0.788157547037111,-1.4504781036626613,-0.9987266784347323,-0.9202340695961029,0.030504168195933223,-1.0556988944356944,1.4200491646729179,0.4126773818929191,0.883096547489126,-1.337228830278614,0.7115571074928474,0.7005303498040011,0.039513559298194736,0.4627290306432491,-1.0441909626932022,0.19698660145552307,0.18136555287215994,0.5579974492959014,-1.2556487679348574,0.8223526360067358,-1.29888870504049,0.6279274509421388,-0.9063828011554631,0.6270792867976747,1.056805810833917,0.4408822278254433,-0.5661239956660115,0.0996278847368901
sample_123,-1.4588769048886523,-0.5366611543392652,1.0427587353798433,-0.8146436603031867,-0.6700122280101287,-0.9524231528389933,2.0669708706618626,0.6646409805374972,0.4299368501310332,0.00950912025042412,0.4212858238795587,1.1392154721935066,-0.6052698193270973,0.8312681610727186,-2.042569387635654,1.3074148026114605,0.8706383899006739,0.12796400252405896,0.9284198576430164,0.9919048037212055,-0.6090887753524781,0.9602166167675887,-0.5823602458818528,-0.04640500079768496,-0.2897395388796922,-0.06397475652321336,1.2634401895574259,-0.2114608258860102,1.2208513816600017,-1.673145390067433,-1.36237265634069,-0.3729412729914768,0.1416576373525079,-0.2936730358268651,0.3158198068029146,-1.3319203235664647,-0.6682789973207062,2.093732465657838,0.18240840972036634,0.8917587602747775,-1.6584006289285838,1.3348261613469468,0.030940756517218,-0.4876966629650292,0.1965963755169641,-0.17095558903288371,-0.7595871521374177,-0.5384638947555815,0.39829448485897895,-0.4977180781347825
sample_124,0.40552305888748613,-0.577279044262335,-2.0921057144156334,-2.3393504613891567,1.1429709160917985,-0.6071315648967529,-1.8038922721818382,-1.0585686301868504,0.519079340336793,-1.5410665840776967,-2.3499147827158815,1.0959725512506904,1.3101332936721564,-1.2994649113279746,-0.1455489662753334,-1.1920088007986378,0.5828326644089086,-1.4868511522729886,-1.5095481021374006,0.7878946005987777,-0.9111403658924597,-1.1328393963689263,-0.44664627593766293,-0.8328305468660253,-0.3301814316231987,0.33008131433118326,-0.973939794267528,0.05305411481379746,-0.8505717850022432,-0.1261190374859319,-0.034843893063245514,-0.8289696724787707,-0.2996008508904266,-0.9235089837073844,1.0757816507915774,0.11111542988720215,-1.5078504255130143,0.9999550635728667,0.45857941429378274,0.023595563541241944,-0.8615000172351672,0.6449519064208713,0.38515540693285094,-0.2873568338849641,-0.6409307528100159,-0.9793408807182445,-2.5022341686908827,0.6620958335275133,-0.0922448915664085,1.0834526789433654
sample_125,-0.47951163967412086,-0.6751900350009327,-1.171267007707069,-0.22505709669498164,-0.5945819223810123,0.4309738148483928,-1.461122308666786,-0.8968137146507095,0.8999311855633999,-0.708025517391705,0.5189982140656539,0.7426181852424695,0.24241078523094925,-0.08747495635391377,0.9396679045676065,-0.12726240941074016,-0.6712999006551436,-0.8746485172265248,2.221274825981008,-0.8491262615818482,0.33035308455903833,0.2790104812031758,-2.6287632960720546,0.7882704793069075,-1.2583038974064014,-0.6968276409961656,-0.14215496347311316,-1.635737114073156,1.009255385232694,-0.599874644341979,-0.8706379356919779,0.2128463780531641,-2.0267161919273224,1.6138732711644854,-1.6083365315302218,0.18421491241590357,-1.5399357249251688,-2.16442072454152,-0.5081410949956058,-0.7717019290255059,-1.0402682217358532,-0.1458262930747547,0.10563663995884781,-0.21809588358407145,-0.1637533658942794,0.3286325731171146,-0.5473405605459707,-0.09642587518901506,-0.70650074516844,0.7073863504330923
sample_126,1.0673129891532487,-0.3974960229158512,-1.50369883273923,-0.6214087111899496,2.4198198802260205,-1.146876400097249,-1.3364420350689583,0.7515654678872914,1.211858182252344,0.21342582524295037,1.4211277734294467,-0.483208203224948,-0.7244349012308274,1.5336820640129458,0.8987628497837524,-1.2905398935894046,-1.1810668343267796,-0.6322882872481898,-1.2240300619349351,-1.1514414348738504,-2.096563193301031,-0.11843381463084986,-1.7529498164322734,1.447612464042259,-0.6118606417276251,0.3359269269024758,-0.9913979329474153,0.2730289242430423,-0.7152249640365345,-0.6195576373872321,1.5786024210922345,1.0434931103787273,-0.4829962827855988,0.8405453793483175,-0.04458283795775373,0.21595039688499063,0.028228144544071434,-0.4809906290094929,0.16693000183046242,1.3005799733457968,-1.3905617082454074,-0.5763836433676324,0.9668338065510859,-0.45729285041164397,2.483849311858561,-1.5464324818184725,1.2863853131709424,-0.5261430566605108,-0.009829375520212017,-0.09128688418596506
sample_127,-0.6556248383585173,-1.9967461628826249,-0.5391574585608557,-0.7322798915761394,-1.1083193206319122,0.693894050714063,-0.9163164981515893,-0.28989536838977725,0.48454032682299913,-1.3932466814861284,-0.945468216714097,0.04173750008411682,0.0315018266673188,0.612092940557991,-0.5462788103721054,-0.935287586550303,-0.4685324235913875,0.28444383938052936,0.6185967910210475,-0.3087086958166292,0.08085306572818662,-0.3019254164464123,-0.7304562185373169,0.04304493562592848,0.5030140707106846,-0.7025272517266127,-0.49408540937596607,1.3232483277296976,0.0633086826550406,-0.004563893203164563,0.24298195641727632,0.7620429059272489,-0.78850596513421,-0.17576526002935758,0.5214350975190948,0.9107082254698136,-0.11336398379085984,0.9733262709286449,1.8954611428366288,0.4005175025210976,-0.3338252630781078,-0.8598246989905856,-1.7864976477576797,-0.3212139132358024,-0.8874117819681514,0.06084788422067531,0.3222226392596797,-0.5116468346675581,1.1518249031984182,0.1989103019317841
sample_128,0.07416055673791977,0.4385861510499018,0.9650767810848658,-1.4596554948833058,-0.44555046306311025,-1.149217586509914,-0.04583130535528991,0.5673682635663022,0.6355945330441317,-1.127965248859239,-1.2475684803762992,-0.52187818368443,1.9775602302719442,0.5176658859546558,-0.2138569182163656,0.2360457247206695,-0.5884752730025181,1.100061940596687,-0.5114059056143282,-0.4098371351378226,-0.18725487696421042,1.2104990830678755,0.451780411819427,0.11723273008867939,-0.3421361208957926,-0.847835177249442,-1.3946782642504205,-1.5519051248878528,2.4133555894645244,0.5661958551326005,0.3836315287991157,1.2553848497869877,-0.21034320727345995,-2.5905737168165275,-1.2315471507833455,-2.2620340486958503,2.4679976022642816,1.814341906138385,-2.5616048843786094,-1.8798704272896742,1.0867867088860699,-0.33256379091460325,0.5376137776717259,1.147864208341096,0.2349143011740836,-0.9695484811926655,-0.5352599478189493,1.800374247517792,-0.3747434968687466,-0.3908192945215197
sample_129,1.0407304908885382,-0.12959588050524415,-0.28966444180423173,-0.10348546053913027,0.21734205716723626,0.4454591510481106,-0.4560018313007326,0.6026689115708961,-1.1042169959258445,-0.6988983218148428,-1.6440744613778013,-2.0241271870546087,0.9435231630469917,0.4183063736396863,-1.213748633402625,0.2648196443453157,0.5177114940886673,-1.3266952630044329,-0.773466313102407,1.410669084328353,-0.0009010411544006885,-0.5225739230583161,1.2438430623645749,-0.31279938335599,0.6908231782850285,0.351859382014883,1.2947531272802273,-1.0466922032229957,0.22903242731624399,0.451351397543828,0.5008414941427871,-0.6035071839883059,-0.9309112104453202,-0.054387119283457866,0.03352222987520599,-1.4328831751026485,-1.0526263670713027,-1.1307411446537363,0.013483410221115225,-0.6142288568724038,0.7815585238106211,-1.1230185419597656,-0.5615759268815428,0.32299368275119894,0.35141901461765845,-2.3401374437004576,-0.7483711496894276,0.06864365339716105,-1.307691289661846,-0.5906976723646238
sample_130,-1.6389971722888712,0.34048124537559854,0.9349407799060615,-0.35280782881028716,1.1782399717148244,0.03315862595816308,0.5541095089980166,-0.07334941691970999,0.5347364696009227,-1.9776150407215554,1.2303018319533667,1.7942220223824814,0.03695221498201487,-0.3708658600019283,1.9312199845715143,-0.7376282179383208,-0.08470203265963319,-0.7309864859171092,-0.8212263370751399,-0.7300015020802979,-0.8457128026085171,0.30237469709014,-0.7044719984573591,-0.8946089922621857,0.8265392982485653,-1.677737526203539,2.0996621405407536,-0.98417887201839,0.3694504771762697,1.2490553670261642,0.8714044088727114,1.196649029948461,0.2349916049097355,2.3924536101652327,-0.3570993417657846,0.4748569863276875,-0.2849131502728885,-1.3401752026699767,0.2446069433226944,1.2879653122358306,1.013273133909601,-0.01374247368159303,2.817501319665555,-0.8436341746895725,-0.1772658313209089,0.9215926018098967,-0.6532188801646163,0.37510631611072304,2.004181448018631,1.4396884057363606
sample_131,0.034308935265187746,-0.6935925753658109,-0.21340724555838822,0.3067089457874101,0.4384482359950114,-1.5636514324225634,0.25242951910338646,1.469598004916994,-1.007040657047351,3.2992914851253468,-1.7166591625385144,-0.7990897486618835,0.5210617609103321,0.47985288459524256,0.03862473236730964,1.466218311900808,-0.15676173054308778,-0.04548979532026963,0.9159537545630901,0.22719594443138097,-0.1757095663374434,1.9593232809454884,0.16550153812177099,0.6617342202554473,-0.8985198220075444,-0.2623233808015689,-0.8562050230930769,-1.0728960152130398,0.9442452128376054,1.6226459021851156,-0.4682398407184725,0.22318936976833942,0.6739377493844779,-0.7885903749663762,0.6504801356340587,-1.5803114155382443,-0.4406636173806907,-0.21798626709004187,-0.2386338818811669,-0.5390718555965688,-0.7936717286716916,0.41511575258903355,0.5660892301186662,-0.15121044915255144,1.0874544081370485,-0.8617037776833432,0.49454979929975346,1.1924651479328485,-1.9684929651182903,-0.572521655239188
sample_132,-0.6780606758124088,-0.7842040096145012,-0.5686421308032206,0.4906113323216053,-0.2566313820996221,-0.22338806584131957,0.7960134168838249,-0.14299318476046602,1.44065635862256,-0.13976214032250628,0.3459218514951215,-2.251040771068503,0.341095022760062,0.7844112920493466,-0.6325300042078953,-0.597664750926256,-0.42982524006616546,1.1002522847036902,0.015900077725727487,0.4306275220058982,0.5849897796804401,0.616888431229585,0.632992767510411,-0.9590254115781891,-0.4671010857151244,0.5037181179845225,-0.18685479088186507,0.1938917502800005,-0.06592967015460895,0.6837933353688489,-1.6409366085392092,0.7342217563253828,0.08177005932589967,-0.9172081716328777,-1.3080736556374128,-0.30074137924688793,-0.5954031847688976,-0.7957463595122245,0.11960234796490647,0.255801254353976,-1.5800835353505758,-0.47570889925824794,1.6454546321560837,-0.6162471606820893,-0.6906930745984892,0.9952104007670122,1.2142416648943513,0.3929846380797943,0.10393173955764698,-1.3381519428659918
sample_133,-1.1421706477780547,0.9784610964993381,1.515172709673345,0.5687388359631737,0.08061486070160269,0.43512852812660263,0.7969297028845735,0.0044408893405149105,-0.5542935334971778,0.4385701447452496,0.35857821841285914,-0.6625568363690061,-0.4176571248776856,-0.9828925427614502,-0.2057462068112883,0.5128076897150916,0.5604956589796934,-1.007608129169409,0.11586454952217234,2.7915432432607954,-0.06013531388379334,-0.6595995037967083,-1.090587300493713,-1.6079855067385191,0.44108097636728677,1.6004910271053805,1.3000652411751132,-0.1295227248371844,-0.4089483952166152,-1.0018984604732615,-0.699965587401692,-0.8928932934313798,-1.6341495145527614,1.5743300879453188,-0.16112679389813686,-0.04032304971264673,-0.25149865324817317,0.24232028445963108,-0.5256334529100446,-0.47671129152703784,-1.0844316604286348,0.721065196060823,-2.0538686829263444,-0.050276761736208944,-0.3560610590501591,0.33457581066066927,0.2176212973995452,-0.24778410917612964,-0.20584863765231606,1.121012510925204
sample_134,-0.2512227426236814,-0.12821138716486016,0.06660870006342315,0.5063858074409867,-0.11631957474288741,0.007491439154242101,0.4175149926725484,-0.1128379276432915,0.04816775097988965,-0.9142327161129359,-1.2212020978254665,-0.3329345675168764,0.9894115827800043,0.04604741575730416,1.0264532206404429,-1.5557588304136634,-1.2442236049906459,-0.9075027324127782,-0.8725368960270709,1.8965701316711703,-1.204675394883669,-1.1482738773227914,1.1791843793229868,0.40520063752439733,-0.36381449651339,0.5553381597529573,-0.7298976218476201,-0.41358312908323597,-0.11310021064029799,-0.13932589278596727,-0.00038015823920290056,-1.8094274763882223,1.311101962284487,-0.23046483341574261,-1.5429008264345008,-0.19554463857447305,0.2567843044931698,0.6611934958725618,-0.3284459691339196,-0.5238006716903401,-0.18457273877676367,0.8617765285651845,0.14222317026914863,0.11624673259793668,-2.641126177563892,1.9374355522356603,0.7063422964324549,-1.4892916725556413,-2.4887282562227386,-2.1401700521482128
sample_135,0.48345320025954847,-0.5476827336132168,-0.12644539699906707,0.24809635279165557,-0.0036862951481746275,-0.2926257001159887,-1.5723161264353631,1.0040588134280501,-1.648434332759611,1.070472772098981,1.0882921332891669,0.8870951549476809,0.607978528241735,1.7309047749324307,-0.5222809422299598,-0.7101702232454427,-0.6976095282717621,-0.4900856230118447,0.006210296562971562,1.6554466974983446,-1.1088020711479187,0.8950408988278681,-0.9783011997190905,0.6067796011687431,0.5220936193194959,1.9604522248995082,-2.22354220694667,-0.04677315350160912,-1.3100509558667883,0.7247725731462816,0.02637719325362385,-0.051745542160464376,-0.28548941881648443,0.6993809364733737,-0.23269397613522064,0.14758018547056295,1.564416990602051,-0.07094942460814631,-0.10125868713169012,-0.970596809272966,-0.2121058172447656,2.026061054436493,-0.48614461446870577,-0.10324869179390689,0.38606437121084203,-0.26052733701018,0.577396129593854,1.9360622663302536,0.2660965125627895,-1.8906537524499734
sample_136,0.9191973637346651,-1.5810846674717023,1.4354462554612928,0.8948908522581306,-1.0020172122206785,-0.7829895653165341,0.467158989046924,1.2090936384296722,0.2791678351873251,1.4066969108104341,-0.7440439023102366,-0.15630524887369693,-0.28441260232550986,2.080601979430677,1.9308423900776444,-1.9258852419189052,-0.7013412221176772,0.9307082952444186,-0.8157628143863372,0.7951814844543224,-1.503159653208598,0.07517843109153567,-0.6122551924857659,-0.4212607068760137,-0.02868446295830676,0.2398921441336493,-0.3732444539390043,0.2917350466374299,-0.11952426176030269,-0.10449095982006876,-1.192955393145945,2.230191971868694,-1.5942680873931547,1.6599584688043745,-0.20102818180010262,-0.9190286520858256,-2.5349394306135395,-1.0122286554242683,0.9073620559250936,1.291393101934111,1.1214165511501824,0.5744762315002617,-1.325952396274865,-0.6211714148965347,-0.8310569829829261,-1.616461561284872,-0.8384342250033398,2.202086740964731,-0.5688136546816048,0.3533766342494338
sample_137,0.9262818783346202,-0.32932307536340544,-1.239651514543973,-0.007887894230649402,0.3133912578401128,0.46524690304627,0.9828697954716323,1.36912553648981,0.9689729416352154,0.2443097687283346,-0.13972717570508114,-1.2079067617955814,-0.22163005471351585,1.751046878516443,-0.35684240830545944,-0.7359549667283793,-0.07935279653092918,1.5056642491877694,-0.5892968465611144,0.5699263448633466,0.10404967005613636,0.2173942640183333,-1.6025349667169853,-0.5381489538458522,1.2963075600755276,2.1381156135238877,-1.5982149494108648,-0.04204316073157732,-0.28195338088334376,1.4351672851851116,0.5693996995321444,-0.8952556864240832,-0.0413172422779718,1.3593970167117366,0.2615733237703852,-0.26162225089870167,0.8294277836536191,-0.6558513446623789,0.2238937710954409,-1.3845677398866532,-1.2995730377602148,-0.9438787362499484,1.8934005261008862,0.002567974761477689,-0.1704052280008454,1.6120251887788013,-0.585667666721726,0.05090999929021161,1.8604815307418818,-2.2497327200411372
sample_138,1.2260601580645767,0.8798685331420605,-0.8707311250631271,-0.9294957484591497,1.608095813386661,0.5084297930043347,0.29674662388297113,0.5894342871109812,0.047947587210302976,-1.5522911642656252,-0.756430107440127,0.6035471837142576,-0.7442963805346067,-0.6277976748082436,-2.343470376490284,0.23679095690551585,1.052691915771884,-0.439558524245825,-0.22532754192926088,-0.887077344349209,0.7691478305338155,0.8339051094833445,-0.13417213084654958,-0.6160681175692705,0.25955531993282344,-0.12516751806124934,1.1815842161144474,1.189232371127532,-0.6750536694128796,2.688868972167418,-0.7192570731636916,1.0994341244456332,-0.4794982193266303,-1.0567342608848789,-1.5422508039863796,-0.29502459947766946,1.1432951883906963,0.9027206578839623,-0.6750218417251975,0.04961918360288109,-1.0911333965274095,0.9893407069582609,-0.7135638366987447,-0.7239240104812336,0.4072245703533447,-0.4396804836753251,-0.5221186005535815,-0.9996028099659409,0.6437604377674113,1.3747917865568842
sample_139,-0.6396095632615568,-1.630878407781015,-0.869657868220079,0.3624445318970317,-0.4520323337033335,0.25629280509717933,-0.5064052896387575,1.677800049862261,1.1722052842734987,1.2439040182375654,-0.6892150536166572,-1.3977858816209403,0.9364769595057176,0.3898143637782995,0.019223715856988916,-0.23356282156789213,-0.29769041114681283,-0.11438599426548648,0.7187846015402033,0.47245183342960034,0.6767125399685332,0.4737031127027402,-0.5764977492668628,1.055751694827984,-0.5581468184323279,-1.0835911742727324,-1.6737116963308942,-1.2032614455924866,0.2545647350633656,-0.7802426325573982,0.19757277135778756,-0.04310211727083533,-0.865545456952102,-0.33727112065898224,0.12787978133800088,-1.589680680000119,1.5641155123057984,-0.13205144929693316,0.0733346624192347,-1.0181770453289511,-1.0168614419618267,-0.06821539101136873,2.567292346660821,-0.3737781546407671,1.340176147727065,-0.8583243761205691,-1.0145274715561214,1.2060926251718935,1.0864264514982007,-0.07238407340765633
sample_140,-1.6053580865790646,1.272361128713321,0.11261811916094257,1.3899098764155797,0.8667082849971325,0.7835022672700035,-0.06230123240438672,0.2472471205523004,1.900200347473346,1.1696700405540965,-0.868531020346976,1.6096314077717069,0.968871878239796,0.030441316192660422,0.28729334694524805,0.8604419091457889,1.4645645373148841,-0.5542806251262182,-0.8592359392924799,0.599270384648186,0.46397007625484554,0.08657923773901131,-0.25349523184302164,-0.09458799919042746,-0.3812127640336375,-0.9044515598229306,-0.4170050605268679,-1.0282008343172815,0.07768619854633013,-0.44128157431876014,-1.2116095480622995,-0.7845676139202445,-0.33878193677625135,-0.927071932543026,-0.9162611462361595,0.38401581870557383,-0.12434772582690677,-1.6154587246144507,0.08295797724904647,-0.08191750019469857,0.35556602368861,-2.0755451464305543,-0.8982179441214633,0.5408959736198318,-0.42056934707289495,0.16642054970377448,0.19114047170567977,-1.620193567991249,1.6860701201057138,1.3404857621088
sample_141,0.38652857543223934,-0.4907461653911271,0.8113159596010829,0.15449034211469578,1.052534613910334,-1.3137118942133228,-1.3803484800041885,-0.14219716789152628,0.3259193543796409,0.5193749216090016,0.7063395074047958,0.22699252055819735,1.2850416727472687,-0.1980244869404226,-1.9868118350176447,-1.0202330997105151,0.6389295992612287,-0.8893785874568082,0.3251589838606921,1.0175004497112698,2.376817751290052,0.36776525066398347,-0.28198353188010084,-2.831364455508498,-0.44211536223627795,1.1341077339235495,-1.9745259310660637,1.0050414557298841,0.4645751647750946,0.973870005258586,0.343666275158478,1.1985566276880273,-0.8480835993879019,-1.369448862648933,-0.6497142327420661,-0.19840444069669347,1.0535443178690775,-0.15932814218828828,-0.23463198968348384,1.4599070444964943,1.5431472733735965,-0.5746331068882264,-0.08669932548366094,-0.4973020840943937,1.4080894824247512,0.1855006734712107,-0.1829768016973161,1.1672305853063507,-1.2164639807726811,-1.0799922018713988
sample_142,-0.8476184464967986,0.7623043167432356,0.9392077094953721,-0.0069240071032449025,0.16630097753091064,0.8769056427846434,-0.46761382454635186,1.0667395664817283,1.4718996965467173,-1.6182121160003249,0.6630833900169542,-1.7986878312518806,1.4377564356763681,-1.0592748930114742,0.4496907262599938,-1.7039530946430397,0.5213296163840453,0.7147627787099411,0.49093259561127417,-0.2820188585104805,0.03691702550130821,-1.070581438294206,1.3737772353568818,-0.3231239424940916,-0.06769323192933642,1.0563795646953165,-0.8981492161148786,0.015600642560750102,-0.14531776217639808,-1.4192592377552127,0.6423538672523463,0.72577637868745,0.327759609480644,-0.2329038917330694,0.3352834212002719,1.0584542467219484,0.9488904776511696,0.8824421596110857,0.06287876578268657,0.6899738381888809,-0.41727137720137464,-2.4107169166756646,0.7202148572700128,-1.3328792562395726,1.048928544775982,-0.6572630345380158,1.1561154457964213,-0.8519667891392227,-1.1202317312313455,-0.7604450284828557
sample_143,0.29540316255038085,-1.7429697298545037,-0.35686202288786084,-0.49195882085967607,1.8349787674593365,-0.2804142078802059,-0.5084383449911077,1.2667796077979063,0.189777032790826,-1.3656800427093287,1.2051218724497823,2.051945763627175,-1.268802685546121,-0.6213736367036257,-0.042546906416374417,-0.5406942440479128,-0.2790090691860443,-0.3817569427006244,2.280650552959496,0.25543854564838864,-2.2157782819117995,0.6965657504766435,-0.11091576143969978,1.0824707219100893,-0.7113662185113215,0.6720296240580733,-1.5566659393663043,1.4957800630802807,-0.9284571749780972,-1.0699096200746256,0.5993037928932305,0.0035013116344311027,-0.9694291852451885,0.5081709335202371,0.7197790371120014,0.03356946324631013,-1.4881118137138074,0.1475497041264045,2.6834357142849306,0.3891018700155348,-0.8191230804903513,0.10539277662966551,-1.2742831943192785,-1.3698698489144128,-1.6769967794159577,-1.6604079307509776,0.1608621187557013,-0.0380419685600898,-1.0463208122547136,-0.8558906572569704
sample_144,0.24446943587102604,1.0596150782825169,0.2754258864007247,-0.33378408539157295,-0.5555995418478898,1.2443745743190497,0.051215848642233885,0.8192284460966034,1.861088899087973,-0.49196410839830124,0.5405284913415973,1.6768073693278076,-0.6125615596190808,-0.13401801368758678,1.176169288584898,3.296919710393142,-1.5825276255608522,-0.8060621333831213,0.7946796645752395,0.8554777328032713,0.6729258527635543,-0.30350126907088737,1.2378201440311685,-1.0609209407807225,0.13602059421240575,-1.1069926351595976,0.9224576775303858,1.0449568493718804,-0.467363674842885,-1.275400740035326,-1.5327928825789325,0.5402849772616034,0.48743379414654237,1.0781014149120043,0.2117733178626651,0.07631516492623043,0.34936628127296,-0.11910509138780903,-1.3587133664190996,0.8998825943050806,-0.691305318333387,1.385654715775581,0.576858732711595,1.1573114018238655,-0.014221250414275396,0.32294948275838065,-0.6837408778736372,0.40383484745080583,2.1821360966075223,-0.2834125568608801
sample_145,-0.6604878137925504,0.7545782163178705,-0.5912712090630531,1.3481433292162701,-0.6968523964468822,-1.3171011063480815,1.441469328791567,-0.1606261987948756,-0.15613139111413857,-1.2614393335390501,0.450117508296956,-0.3474547863042178,1.4350426048515839,-0.9573827452578432,-0.9559513702219883,-0.8477229838016647,0.38818537489121296,1.1803934710861317,0.23863014271366773,0.680267926421613,0.5309306321265712,-1.4641786631728633,-0.11015138662427676,-2.2929139072431726,0.020690634390174854,0.5982407783514927,0.7620837290325401,-0.9223584131818031,-1.7369061550284046,1.1251829689615582,-0.687478474080818,-1.2368077685503027,-0.7339230914369436,1.1490231033717733,-0.5752424266086548,-0.6550391437243062,0.6689208797135977,1.1295224107892268,-0.13821719346339967,0.5005071712061983,0.14633341143437623,1.6969668101434812,-0.8088201056940699,-1.0835116701558534,-1.419206328954909,-1.5823638829433373,-2.328652740078805,0.3085145246186317,1.6456340640869445,0.46655796824513146
sample_146,0.8060951283702629,-0.061713051563657556,0.766393512628994,-1.0345364764744187,-0.9280030574098221,0.46476638947645316,1.6181177205920898,0.4532667140882501,-1.9949460284696805,-0.6374252999753653,-0.18363994640147677,-1.8622281191517496,0.040064398904457996,-0.7401140618339482,-0.35770456672135154,0.7606042208460607,1.4514824463747302,0.0429101842003429,1.66129644281181,-1.6786157549359284,0.4698633460210935,-1.4462983835202101,-0.9624320842204316,-0.5829943139510895,-0.5495754523831027,1.3019772200588478,-0.5590787227833419,0.21890475597792194,0.11776748162312822,0.7612375745458198,1.3643747982274133,-0.9359665694628939,0.6387246711886966,2.1692886018611914,0.1272336102475058,0.8518401919791228,-0.3746723473746317,-0.3502621448697539,-0.8272914605928796,1.6436125121432779,-1.041137606516949,-0.0546477773822123,-0.8281348646593215,1.1172467671305597,-1.9628545690255816,-1.112028076546619,-0.9028434023962465,-2.156553820755278,1.6153428576639828,0.16440913361735493
sample_147,1.1344143365382906,0.8319408289518522,-0.9010200129594212,-1.3115209051077188,-0.4724367626157878,-1.2852024641085005,0.8196871536973739,-3.1135329170386856,-1.5880993099840812,0.3098360478128224,1.50658338157597,-1.1512778234018308,0.9334818810229261,-0.0377264773303133,0.30479982036833575,-1.5616482762330532,-0.547978910709649,0.8987111890540168,-0.5797309137964646,0.36126985242438764,-0.8080603848001311,-0.3670289398892434,1.065339496460806,1.8072181428348058,-1.6815350708421186,-0.04336949739571342,-0.12862371263226924,0.6218647028544608,0.7394277717002813,0.07933832093687478,0.39199093618666053,1.405591789871438,-0.6631782674787753,0.30991228534267784,-0.6319018134856369,-1.3461208364435728,1.2085622975889043,-1.6425386131622646,-2.3565255085590495,-0.37255418677194907,0.8050131869581978,0.384133938106303,0.03016506927931517,-1.8044814879837916,-1.2713354734922027,-1.3785357311227378,-1.619460337387484,-0.6091652676491297,1.0269920295537696,0.3848715349700755
sample_148,2.1836143183180745,0.14041841102720976,-0.8184403908114808,0.5867753094757623,-0.5756924337920315,0.7736022945494746,0.5864885338454859,0.8536350231182447,0.14260109506296714,-1.2851318421875804,0.8339158951370356,0.22054151904854402,-0.0036070186658000453,-0.2048762679745163,0.358860341610415,-1.4159244075430542,-0.2779279178743001,2.5800572800682335,0.5215724576214588,-1.337040046422768,-1.6592659099441072,-1.8899815763166794,-2.331712458717293,0.8547992092702251,0.21480813934006213,0.38849209949305263,0.9609118769424722,-1.2475932784042645,0.8079743200316687,-0.16573039832884032,0.014367236390123281,0.7765545265022075,-0.46273246223343056,1.5042689333635222,-0.6366642554145387,1.3736367474425584,-0.1841485413058309,-0.7858135785762319,0.06271893548563348,-2.118389185478107,-1.0746001575147752,0.07228998853356129,-2.7796690002632145,-0.4070246829175162,1.1883747528619655,0.3380546054921537,-0.6569654969594796,0.7978091752634411,1.017688914113829,-1.207712274989898
sample_149,-0.38396773998079453,-0.5550405119197885,1.2784343581381525,-0.09352731206260007,0.8864442771110607,0.032696643115030545,-1.5591735316184907,-0.21562101081425394,0.0013372242277796683,0.698953385377646,-0.3697596104044506,-1.2519310078604138,-1.2093600336050108,0.03912820707103214,-0.5843838739744722,0.8237746334157258,-0.25931041061032273,1.1859594170781111,2.293270215791048,1.6655219991846122,-0.5205178857849379,0.1998756786142795,0.23982736449685702,-2.0166565555900937,0.1339259442866905,-0.9523036667881947,0.10530120145045871,1.5524376204731902,1.636796124682224,0.884845298621247,-1.1546280473992614,0.9847173672723526,0.12158146033732223,0.07321103761132684,-0.8151266344014876,0.006830350306955381,0.42617636755036536,0.01452386657953383,1.406596243825078,-0.7214274706816611,1.421274288346179,0.7853659940135137,0.6494243468980109,0.6995317250367177,-0.16634035493059546,-0.6300492920861386,-1.173894378494686,2.3670242055209134,-0.1693171568197722,-1.3171194323984474
sample_150,0.7463889773183505,-0.3005955419624045,-0.6602431510376074,1.1996766244014079,-0.03827977796241606,0.9399521622649657,-0.7256047256301783,-1.1601625937373983,-0.5254163718194608,1.0048908708848117,-0.504216563985585,0.851797101567037,0.11025777290470966,-1.3760281906843332,-1.68742299626014,-0.6171987297490643,-0.6109394317034231,0.35233290799385825,1.7393721622714264,-1.2611749921661406,1.4573327215855065,0.4419685282883521,-0.6234750966305813,-0.2850391614735906,-1.0980858954423705,1.6259436563749552,2.203868388137528,-1.7291866266196507,-0.6106062401777632,0.17863466688692892,2.1122907486244915,-0.4141892762781951,-0.4526954845631555,-0.2576825403919295,-0.07228822440771196,1.860028998466035,-1.1042799616319356,-0.20069666981754133,0.05066018484522583,-1.7036931554809915,1.641911855743993,0.6655239740178005,-1.0914004040410086,0.05685348979884917,2.224567826949025,1.4223711429111856,2.383677853628155,1.4918331016569257,0.18411669039886708,0.2782383535838237
sample_151,0.7781617164550182,-0.24694117442720787,0.15012759814307344,-0.4211710902024123,0.5524469650666285,0.20418699738202864,0.1565269168102617,-0.4636726774802832,0.2712204491920607,-0.8782977382879597,0.7316376753188436,-0.5982770853631494,-4.1524630363143125,-0.4241089131062102,-0.3408861421973366,0.30284958312416194,-0.49803573857914324,1.1711855533669366,2.3098584615098687,0.26443222541453126,-0.7618321604026599,-0.43653951415861525,0.41726169733912805,0.7151512086842943,0.10761279165189351,-0.9327981512359489,0.13900490845619246,-0.544201559576995,-1.3568276311947678,-0.5050278397126361,-0.7907636568278729,0.4213057036631862,-0.5173490610364854,0.592411581109413,-0.19059654846807583,-1.9100347259218458,-0.23888992703631423,0.8508973614911677,-0.18199171330026834,-2.1087658318159628,0.06870451623235996,-0.9708454558002395,0.5070544327162042,-1.2548683536471759,2.5450364877028346,1.4123106246914234,0.07329093427929075,0.7437266058296098,1.2221118764135477,-1.7115886726893608
sample_152,-1.0525118527855535,-0.8780879580156595,1.168314274462728,2.272369787398034,-0.034134069133581,0.7626160952051835,1.2225549545501337,0.37688134164478526,-1.2562157345493987,0.25569402219413984,-0.8734623499602784,-0.4809593690009565,-1.1149401794885596,-0.5644710909252212,0.0962658172558879,1.6178441272448296,-0.09273992052790372,-0.08199885876884158,0.1390827040266874,0.07248836396064458,0.8633175243961062,0.6663424235674538,0.37765429020558905,1.6314640111813214,1.3219494227131101,-0.20319596695526682,-0.1259807234765774,1.8713315680780631,1.009932937689991,0.4977933570674283,-2.0058575578586835,0.7302575745128715,-0.025981952621999167,0.1512873657771696,1.1096135800146414,0.3433329492910736,1.2382737440001774,1.9674263176461775,-0.3412920880761336,-0.24902111188189952,0.5311190099362563,-0.9776022248564242,0.47047445595817844,-0.10902821969744757,1.6554648020633838,-0.27908882344759833,0.9052247956331636,1.340145880084392,0.4925608832903517,-0.3456237487118483
sample_153,-0.7359532666368188,0.15012608388066453,-0.6726866472900086,-1.897796605346136,0.34624291621984943,0.5302452877796083,0.855052461290655,2.318722219098693,0.7411416604523626,1.2909670656528622,0.6783711604807651,0.5170291366358397,-2.0448355371885754,-0.8655413112766789,0.11976434525570417,-0.11241194028994352,-0.8524937805000777,-0.9964142252705052,0.2661802124849956,0.29139194934705476,0.5372201058546576,0.8388205955660026,0.37165496175041407,0.0889341456300993,-2.453861672854325,0.038016807345586316,0.10412497072452984,1.4011056232346093,-2.782946666767249,1.1070891435185521,0.8780016363944476,0.9182561371907354,-0.08242118266449112,-0.7120598717287459,0.24880119599966796,-0.7118798261415743,0.17396322729987648,0.9961301116827525,1.0471188843144197,0.332570238913751,-0.5371558191001475,-2.049495649453514,2.5490663899409194,1.218236258559914,-0.8729866917616015,0.576627791994242,-0.5131549224993573,0.9074246394729434,-0.3338279560761143,0.9692067888846908
sample_154,-0.0016460664371545028,1.2312229413788458,0.1927083225555012,-0.5099760556929468,-0.471162432999515,-0.4580206252004263,-1.0542111832607228,-0.27703402799232796,-0.6169241379435986,1.0533375459684768,1.222222591644073,-0.9469869735109541,-0.3814046555075208,-0.9006475104634883,0.8052670309434605,0.863887935650646,0.7374985929103685,0.791348236286251,-0.010407302523415717,0.6603055213884772,0.25215031323914083,0.02849427495481642,-0.6747357062868024,-1.2220721934757495,1.4373037984173487,-1.2664582937813431,0.7205215097298666,-0.8605636583157854,2.10694884760895,1.087286810443043,1.2977051963803963,-0.4510355278598606,0.5231926607393421,-0.5795007793374544,-1.0779471939948628,-0.3041740076466708,-0.3118516119774265,0.6533147316146661,-1.378952631270685,-0.0459524927558284,1.223158459600584,0.30984210644661514,0.5387014488187103,-0.8182517084010014,-0.8977784064447308,0.4326417337066487,0.744925435729829,-0.07658985688893694,0.015590595422445465,1.1800157558137006
sample_155,-0.4647470934339816,0.38414901361810155,0.3533821549424169,-0.624820097592391,0.16833465580038529,-1.925019007151863,-1.1657265504178416,-0.6337250657331186,-0.10241979297602104,1.5452334284693012,-0.020853825640341158,1.8160936000875927,-0.8909909444675297,-0.09180346589434665,0.7461318431297344,0.6082188468280323,1.9802917869604368,-2.9924851973975723,-1.236974842402136,-0.6351782872571384,-0.688634225702207,-0.43773439256914837,0.24248714826009077,-1.2991082256647257,0.49261399226628794,0.22298732985263744,-0.35746977441113875,-0.6172572951544867,1.3327846702428046,1.2226259638081034,-2.4222589025940593,-1.1123590082540535,0.5121295713608062,1.3524504751421507,-1.7572877685639356,-0.7208814543696864,0.19823383645506018,0.045482005000895505,-0.3984118044501958,-0.866697926071599,-0.6412864098134217,-1.157498160815851,-1.2545479381319036,0.7248028216229498,-1.14141107785875,1.4824935951400726,-0.6343622616199218,-1.323522163882258,0.01101504819613601,0.04907333763685741
sample_156,-0.35527705184306857,-0.8478135917953687,0.026806368884885582,0.20892924411196281,-0.9535269721383194,-0.722259702045639,-0.7019400658652409,0.04063322181504661,0.4247222306731917,-0.9281064068082507,1.2616832310284625,-0.3760822978832439,-0.2539472590068707,0.2140353277224351,-0.19904847264492234,-2.019886030836107,-1.2563067306771776,1.7094831606795706,-0.7942770941414745,2.4079353662541,0.05510716096240499,0.22886861757939936,0.02019191292001983,0.6392137392684587,0.42074133849713274,0.7002292700500555,2.0033339316425907,0.8264576953879209,-0.21321974505291955,-0.03655231892009421,1.6382278670103452,1.582706436028841,0.811049135059567,-1.497766128300801,1.4968968420890123,-0.7495562121122469,-0.4631479308614542,-0.24003747674376485,-0.13747762107142522,0.3557979974731498,-0.04863324063851468,-0.6688567273317414,0.21643008322069035,0.07996972172838879,-0.334760368041625,-0.2968010009160546,-0.5248947869172779,0.24875647333648618,-0.49025793611799257,-1.1649073114058217
sample_157,-0.6385897858183291,0.33713550073550613,-0.2546263000473546,-0.7516599565013746,-0.840095608488231,-0.3968695561207813,0.4845346814965176,0.43775398055159587,-0.1371706843014643,-0.20302514015127437,-0.03443287939737195,0.26155279304362017,0.2636659340648656,-0.5322558787671821,-1.1129802460008578,-0.28114398774916455,0.2291040653485552,-0.8099207821574925,0.9077542200651987,-0.2802060826715754,-1.1400231470245448,0.02931116836639763,-0.05069167580401347,-1.8506406093489538,0.663899883681226,0.13665111456265838,2.175447285244258,1.1280690356321474,1.7161253758766255,-0.14409758037020495,0.08423184902834631,0.6057487427085403,0.44507574745422307,2.34429671708684,2.674688432941798,0.7235537579015522,-0.1743474653196424,-0.5416738982457875,-0.7195925978005031,-0.7187337168055783,0.8687189974249487,-0.811036255620711,-1.0348932135737028,-1.5731412463032395,-0.7368734279087037,0.5776650264050454,1.1475925559053965,0.7018728919627626,0.19696607940540298,-0.47672867727736
sample_158,1.7260486404144442,-0.33574488428471005,0.7363151629255381,0.5855713974483938,-1.6051075496754772,0.7654215785781706,-0.000458434302209034,0.30362470300415983,0.2888768649774372,1.0356063415584278,-1.0782933439000164,-2.269846294727086,2.6575941638927674,-3.076123954828525,-0.6620298451184959,-0.21107502506689294,-0.06899490678950665,-0.7866878388650721,0.29297879661038434,1.1995288369763752,0.44982961437387886,2.6604153965363486,0.4613241264774388,1.3536575968813909,0.20995709444840036,0.7488976070330358,-0.18107563520456965,0.23068902775807518,-0.3741955507738645,1.6072436392323453,-1.599753310504824,0.853650354306259,0.017769279227563495,-0.6248909004550935,-1.5505774755698944,-0.3503222973581354,-0.4963566267511734,-0.20100350342888085,1.8093373999059075,-1.6895209773226665,0.8967543211056193,0.8411020826319449,0.46108042773497654,-0.5504176349513038,0.18084654163738317,-0.5208325635524169,0.8258952057340424,0.8659384332833487,-0.5885750079347114,-0.34455197263636994
sample_159,0.4742460820347025,-0.39297292226949876,-0.2283544465354344,0.8025563498602903,0.6636909952110034,0.5637143755690042,-1.7484423410530072,0.33500347207764464,-0.528058052452098,-0.6092568931594213,-1.5368373623026148,1.0670719960925998,1.6001825758495254,1.0774206990789617,0.4578493254960654,1.0529714840386217,1.0992437892242983,2.2627223235018485,0.11157908942048203,-0.4201450019097166,0.14510423344626974,1.1796376678913931,-0.3077393250666929,-2.750014728704841,1.7008961316179072,-1.380333252444438,-0.31648816022005055,1.4928988773214105,-0.5457007159977412,0.8436871928383735,-2.6323528548239197,-1.681457238321165,-0.06772857543076484,0.11912849204209995,1.1956470693347974,-0.3421251034230968,-1.6203430174595446,1.5417106838817956,0.581556906191047,0.7842369861545218,-0.12123644521291724,-1.1107950192298988,-0.38132061889615665,-2.0545441774463478,-0.7891895473398891,-1.8884693856202663,-0.08769247557161129,-0.9057568301507478,-0.6686694751077012,-1.2236801960798118
sample_160,-0.2024181740056281,-1.3185907861864459,-0.17747039374182935,-1.8837971528858508,0.0027472513021606824,2.036457333838145,0.05988466468342185,-0.17312349014695308,-0.6382750336481764,1.524891347162816,0.2756384222558724,1.5611251880805124,0.1380724041094728,0.3171726177972872,1.2716838149692746,0.1392127424200386,0.9292299430630293,-1.8481888269093218,1.4098569770060614,1.0392444001257721,1.0548112981337212,2.0709123254399286,0.5506815208728556,-1.00360491146852,-0.061659825518241285,-1.6229491730485366,-0.34238992471063934,-0.8655023914522223,0.24900521643869494,0.35377370553706905,-0.5442050925253871,1.8695991036890227,0.6263421508697014,-0.7271310557149978,-0.2416878081180492,1.573127421479012,1.364037931224463,0.9095269405619079,-0.6786269157739543,0.24640349039545711,0.12653108598701207,-0.5166189098686407,0.11076664248129318,-0.2920459942709348,1.8523838051874382,-2.239649065144421,1.1374936931568365,2.455982222905337,-2.196855588663938,-0.8029788456646452
sample_161,-0.00956779481319906,0.08531906406528487,-1.044425046092334,-2.046268783794932,-1.010723989730454,-2.3226599159198638,0.6856740624865684,-0.0991383107108728,-0.7503043911078354,0.9616856606504707,2.119085376472418,-0.031122099950655097,0.631895125744625,0.8730795525225743,-0.007778305166802925,-0.46872166356692896,0.6311402508445451,-0.3126670011545136,0.1446593520428412,1.1364900418723793,-1.6254339714091122,-0.32910046428600953,1.1655414796128676,-0.8652537556591363,1.1320088285215375,-1.1826642838670187,0.48286553440101515,-0.49861673861461864,-1.4453764984808366,-1.090224867610167,-1.541282280353396,0.361521356259464,-1.0899717685824697,0.15256090393302688,-0.32319234439140837,-0.24855811948811854,-0.5410259142658096,1.0615195140183018,-0.9320790171968147,0.27936553168565353,-0.058834820399181635,0.09364370082921877,-0.366623172875125,-1.2468514830269035,-0.30108047897677004,0.48201480865454893,0.20216926042877592,-0.22645670791299016,0.6829360379117303,1.047330597384744
sample_162,-0.8213523880997868,-1.0910552447763688,-1.6993525346051552,-0.4459021394079751,-0.2731798051990507,-0.5379586048370264,0.19571309260877562,0.7591996199530185,0.2933192476160177,-0.238309846489345,0.43913937230653466,0.6687583894350474,0.4300324557988024,-0.5751811349022684,-0.4844259473424106,-1.3196380236373697,0.4654157722170482,-2.152668668672346,0.34712307483621674,1.022943894431333,0.7776730346870055,-1.0377669563228549,-0.6915181974349726,-0.7683939203161754,0.223449618963148,1.2938088231292932,0.6645185630677429,-0.15481983675903116,0.20943258159132527,-0.0460835435855701,0.6495708150487532,-0.41042134483172954,-0.5733722484007314,-0.6845449172019328,-0.08090245473574251,0.27110702205266446,-0.015668189732983034,1.871011273101753,1.8708430098455497,0.1545783664276477,-1.217770361502498,-1.3298406345360694,-1.420319591941153,0.854027898967003,-0.21140341703298426,-0.13898297791378175,-1.7395192694272872,1.0912003171204168,-0.045873610988102276,-0.7898575557601613
sample_163,-0.046068733295381935,1.426069210522128,0.5581426693252158,0.32146569315307816,-0.2849216004322749,-1.2201774224176718,1.8948068994803744,-0.5457010690878467,0.4499135750355295,0.9657790847071573,0.3244121910144981,0.42733318949615134,-2.1918420125857145,-0.8795287782460014,0.058892672683619085,-0.6278338672011946,0.6644265341278294,-0.3414523022041084,0.9886693235034492,-1.2657943321697753,0.5813586218341048,0.1881018024412568,-0.2429365352946845,-0.6124711765042242,1.9227438565991013,-1.7618064639383408,-0.5131678282825458,0.9426003470603252,-1.2070390164412959,0.954919920851157,-0.3412366557748325,-1.0648274562702578,-0.7588795451298558,-0.1537476920135332,0.2763262822446336,0.7272577346193034,0.1294181443202878,2.0348922112329473,1.2372089059059854,-0.8088636372482861,-0.3332456991340498,0.8322978168852075,1.7327806833970967,0.0978420067680239,-0.8356726750558133,0.2565211949131935,-0.3976619090597069,0.4957084222803806,1.6146446349034258,-1.0467770083988017
sample_164,0.03039512581457776,1.9150271552926281,0.52153115489521,0.6038392260206782,1.497183403222619,0.44086337981440876,2.65328576947303,-1.353051493927938,1.1701793611379172,-1.126583360491788,-1.3752124906383378,-0.16993315134547285,-1.3176769963470294,0.1998679337974719,-0.7748934110861496,-1.6063829807280834,-0.8248507808059731,-1.5332652210678976,1.7956351057776312,2.9697087377638094,0.38239335075098563,-0.6525331294121671,-0.04475864988594978,1.1955029543475002,-1.5857459294133749,-0.5745089588475538,-0.14164153956702705,0.735397845454442,-1.4526274756519446,0.4713125137194343,1.751135990871833,-0.48359452197103886,0.2837686885234428,-1.947655600709186,0.4858819655030576,1.0913302236662898,0.3537175869871207,0.05778693020779243,-0.18398102552208703,1.8361349313615098,-0.3418395469070176,-1.3853257909119532,-0.9811964117767414,-0.2879805902195748,-0.03505318055596821,-1.5135712442526486,-0.5465726648730334,-1.6423729018280853,-0.1999021191359353,1.0246893490694298
sample_165,-0.06786041903527466,-0.06596311381406209,-0.771078968254126,-1.1054167412884233,-0.44615142465508584,1.167499841782513,2.069787497751628,-0.4280768431235596,-0.004931581622160936,-1.1020584187241773,-0.4490110023179185,1.0906496380767274,-0.6521696545088016,-0.9321111952484848,0.8863311507751587,-0.3394468342459852,0.8338614589842931,-0.368657422386186,-0.06651251678149264,1.2029492214609845,-0.5823829546329158,0.0014767596041332064,1.5457646015333244,-0.6197370721655342,-0.10865257557859691,-1.0579724139372053,-0.3774883140053755,-1.0510640034938599,-1.4663611144136004,-1.1533859586511552,-1.3426053781414247,0.4448376694372843,-0.7737943031378898,0.49700207670140595,0.3184911215033241,-1.7121837628020133,-0.30700590833287533,0.8386776741187649,0.3247913160872962,0.35985989214666303,-0.8023423720239026,0.02148181697388669,-1.8305351859451018,0.13043462247533125,0.47498930502250447,0.5139700686400701,-0.798255858486224,0.4233668633984609,1.1959098481441415,-0.5381052257801484
sample_166,-0.8292358756689764,0.569190644210895,0.9697830277602482,0.6704740313481861,-1.836259904434152,0.70872191009894,-0.13668519926116962,-1.797931755752016,-0.10909679999693098,0.5193502218644327,0.12150690519214744,-0.3328704763242471,1.6815209252256973,0.6882302181756358,-1.6798127552023134,1.6294252662793085,-0.267612931483481,0.24603878225757816,-0.1519765640076135,-0.2458164353074778,0.4390928814646177,0.314641334457876,0.209942242151282,-0.6613405603619857,1.2065186856078882,-0.05857373850185666,0.16522537367418985,0.707871757046303,0.4619921922751274,-0.07996453619505008,0.5824036508281683,-0.5774105820027527,1.2739484539527817,0.8910442187332966,-0.15132132862063705,0.684735860656993,-0.3510996520495436,0.21219895707214476,-0.9767919617816889,-0.8014977594316116,-0.7596440883518735,-0.6988075683839812,0.24369345685676674,1.4597717275452289,0.5348969342567655,1.8627198792783757,0.48317943476824315,2.113677952014328,-1.5640121145496058,0.557212466998065
sample_167,0.30601479757636163,-0.21687795939644394,-1.282552375260873,-2.426219571610109,0.7190189229341932,-0.11632041518023899,-2.058827660874891,-1.715547996472048,-0.010703505013822452,-0.9887028885576413,-0.07101012096722854,-0.14848326679544646,0.055974164276927814,0.497862620840316,0.142105077557871,0.8862835287244403,-1.1256789587997744,0.8717251870263377,-0.15257071838736877,0.6317447272414047,1.6323198526662552,0.3918088837958273,-0.6747772155214918,-0.5717525755148336,1.5851955805772882,-0.7776567275295179,0.41819677223261936,0.7210342246984879,-0.4947859750133575,0.04190661968926064,-0.5802606956601853,-1.0164062775136555,0.7734028076004683,0.4603878079605121,1.0279002880415233,-0.3078660627508703,1.134584912700064,0.9992221428222068,-0.032130508837312964,0.4666581852427068,0.12904600933401247,-0.8655985484847558,-1.8370288064133988,-0.4182908847222046,0.07109461780010437,-0.8891826006326843,-0.4018998038206969,1.3571552272705214,0.7230657631994688,0.3226053913302963
sample_168,2.6056145320811477,-0.31824933046744963,0.1068900543304289,-1.0078196214267057,-1.254871328644572,-1.0595362709385214,0.706997939552305,1.3310832777700907,-0.025124572726652965,-0.7680241632213458,2.470738585183949,0.20644570432842171,0.8484693623440708,1.7461297352716976,-0.04450262615214757,0.7421651309744949,-2.093310207595584,-0.10931936778974778,0.3717671354806054,1.0829716464375125,0.9546615770910706,2.1969359481668715,-0.6042562132054323,0.35280685273918133,1.5717667903438526,1.1393604732384166,-0.4750582900157621,-0.12787254233305137,-0.6026431183474984,-0.24252934376370236,-0.05148871381318314,0.43028732082744586,-0.2791351086626459,-1.0119415711912922,-3.313808076678805,-2.2667361212268946,-0.34612731649089257,0.11174093209376171,-0.11307087166390133,1.134019511270978,0.9411150313142721,1.293963917835849,1.3410325535262255,0.9543725953433062,-0.013322615234094334,-0.7760035048726148,-0.12832061957346408,-1.337100632752715,-1.2692471152844065,1.5366407696433697
sample_169,0.30685849175195146,0.493703979729696,-0.7553866023557695,0.9638657251662155,-0.264140528705305,-0.7494492412251132,-1.3514312431920608,-1.385773243600825,-0.6161524637025383,1.2978216311863533,-0.9320638851435756,0.9446299991605047,1.0846817152977881,-0.05982277691254535,-0.9705155715081564,0.239254573830562,-1.8203705373085963,0.09754037633286033,-1.030793951882326,-1.8891858310493406,0.608504727969882,1.265306180701933,-0.3044694877872452,-0.08047559844598008,-0.39021586965255745,0.33688285918807426,0.9684406432520625,0.0422094132467157,1.8904652499377863,0.29311042098607326,1.7811649457396093,1.3364291313113656,0.19030785616050375,0.6329620348916424,-0.3716540507613036,-0.17128535573411258,-0.4082855345225014,2.662714901148877,-0.38811967792934166,-0.09776339608677063,-0.14304128067344887,0.21768259654626965,-0.22578407059338876,1.5898501803279106,0.11968228900371812,-0.2864332682186086,-0.6229102516773052,-0.24651594784623362,1.1075271977989227,1.2900825152121764
sample_170,0.18424123710057258,0.6227525901033648,-0.47011227966545405,-1.555352978222911,-0.0627907924953966,-0.15102880141342984,-0.7015695037580592,-0.17169362430568555,1.1891233097015879,1.725676800461983,0.023999942157668534,-0.8128282380305266,0.5095781419807675,0.7080305045946532,2.053307887646629,0.22064600639806944,0.40949342007757344,-0.43272384773412387,-0.36042464986387146,-0.2239968000588903,-0.7990356296377096,0.7056024370267769,0.24427419748200532,-0.18105690690399337,0.8829849538481855,-0.9709146095410229,0.1186889881160738,-1.648290244436238,1.5298172483619152,1.1807121665281415,0.9481274544233416,0.2601860194060016,1.3542724066372094,-0.16175374542488466,0.40249923707610363,-0.7541941116319085,-0.04385519243009176,-0.7078827550193292,0.01659595973175614,2.0449897459048003,-0.49315133320311577,-0.48828611338199235,-1.1586762023209718,-1.586941078843187,0.6587128711628211,-1.163783434812693,1.8918027234684287,0.9792367450129896,0.038009680756779005,0.2434306603759324
sample_171,1.6851356190846958,-0.32829619809261984,-2.1721101237591887,0.05475542244607517,-2.9232226085899855,0.9993804853956503,0.3317804425594958,-1.144969936271971,-1.395215360185967,0.20391100448793653,-0.3242229608243211,-1.1213698784747164,-0.3212928359390811,0.33067804892116975,1.3827906245482862,-0.7018250053938659,0.9396441875550052,0.26819490432695836,-2.4842894625553082,1.7235860502615408,0.1436025470075316,0.518777313751406,-0.43718254937242873,-0.45370128624181066,-0.3753706482793536,1.9681229032683192,1.7395260859369914,0.2464434482341364,-0.18616147682683615,0.47556965626557063,-0.2433021884840121,-0.1066448182207548,0.9546192106409584,1.8844058600277258,2.204037711519082,0.7833119803802108,0.3978473712114167,-0.037336062396025285,0.30329128555418616,-1.2582952164083612,-1.2474641978430534,1.985141002856928,0.31734776168742634,-0.44157644886914166,-0.8327575459089733,0.07969640533238373,0.03353229755080087,0.40522050784849784,0.12947187036282348,-0.6435957474371351
sample_172,-0.9768511377493575,-0.6419985840897443,-0.26828596607352195,-0.7923101481634796,0.2598262163294594,1.7059040665875975,-0.1047668510512527,0.6249401204669857,1.816109939038607,-0.09736786575476944,0.5327085103178059,-1.0626996274826632,-0.7772151364133485,0.5068587208187474,0.03643664668714938,-0.7987386525877515,-0.4369292462591363,0.503504428079428,-1.260814999101058,-0.6805376728666493,1.2591259781682214,-1.865575168038141,0.6598789635971193,-0.6653013133799227,-0.15483099102492168,-0.06938411753880282,0.2696053120005816,-1.3785439618907933,-1.2472123906692554,0.716632187370338,-0.9888756243236925,-0.7891390442146974,0.2781764766021029,0.18193103102156832,-0.8570026965136366,0.8840995619370212,0.20681859092809507,-0.218734319695996,0.3204198995072459,1.3265967569135093,0.2856421727042445,-0.22486838411222596,-0.571805356086658,-0.5363360612827189,-1.3587227673119673,-0.12635976534757662,0.9215662602339609,-0.7353928766995268,0.24242636666821973,0.5327248835329699
sample_173,1.2397580676426756,-0.42214012899981396,0.4876652107041252,-1.0128925437725647,0.9419428277017815,0.30277349788953783,0.20162817968039068,-0.9188368915336774,-0.49097984690171653,-0.5742323360874779,-1.4532523078890711,-3.155591967196359,-0.7472321865437621,0.06483472189252454,0.19020018666554228,0.3527613940468055,0.8602095911962048,-0.9981722594721236,1.178096914141844,-0.8405028805698246,0.7721387194804468,0.5346491809002897,1.0105023477967923,0.04763802185136901,0.0335612820639777,0.29234537128949994,0.3785404877364527,-0.10991264635837145,-1.0023910826635856,-0.356033405471285,0.6347987066310079,-0.3008852383768321,-0.36454779000990384,0.1433583876119438,-0.9392147089787284,0.0678685376483408,1.2493272824384096,-2.9177412311371085,-0.24875656240911972,-0.23602160688849597,0.6847471626647771,-0.4523611730821052,1.257458035123443,0.3784980760743692,0.49667124730719303,1.3672713050493788,-0.001473063157928577,0.8868718712113495,-1.0031872342840626,-0.16567114939524435
sample_174,-0.004784652679098218,-0.2807172396637919,-0.1974550591121401,0.4497143756468833,0.5073628490350072,0.18374784879812547,-1.2770258922989117,-1.9142772008576951,-0.11410316767551883,0.1645239495191605,-0.8952856608434238,-0.11700821644102054,-0.6649333491274767,0.6514815156737778,0.7069159473052588,-0.627269849694974,0.1120939673498525,0.663965929096352,0.7782516179612166,-1.5699482241710805,1.1187896796738028,1.3239892340411183,-0.28492184052554015,-0.21394839789326855,0.5261051751453375,1.0544105945454842,-0.5960039143845645,0.8724945526758549,1.9607573434276961,-0.48676915727768477,1.3561970013239377,0.15766926251109234,0.1886204143750569,-2.770829697615495,0.2531579825783512,0.6088475029241369,0.1635752045442322,-0.9405309300300034,1.108910771022542,0.2309718155432583,-0.004876578016109829,-1.2117339748033586,-0.8867167514199903,1.0364057402445765,0.5606696487835684,1.2777989982972147,-1.2202256833598109,-1.008120104012129,-1.6365115453438723,0.013312647284875105
sample_175,1.5964083734380885,-0.030257813596158874,0.04399438963240146,0.4475790887478965,-1.0988806134233124,0.25718819179303043,-2.329350322286817,-1.1306391367287312,0.9533939432254784,0.6558038577637089,-0.21195678408812363,0.8671569150556769,-0.5800935246147663,0.6042987906868786,-0.585002108333492,1.5469931620967692,-0.8811669129939637,-0.8414948755894358,0.8267580215082905,0.15290292980305809,0.4622114540387279,2.869439259434152,-0.18440938657171554,0.15296316257747508,0.16014704051701706,-0.7789615801424672,0.0667524120211758,0.12223785290616228,-0.35585361278254407,-0.07764542607864994,-0.2816385452775746,-2.0137478708680128,0.8901262858162857,-0.05525594650874474,1.409146123243461,-0.1421796692254619,-0.6356943809401849,-1.2633205601564865,0.6085509367381561,1.8163068665100162,0.26391850732918376,0.3810113568578775,1.2097751558990353,1.7536244851220366,0.6532720256622795,1.2831034132833894,0.8951045132982642,-0.5640116146490861,-1.5878585702036836,0.07137211599006105
sample_176,0.06338218239691178,0.9444979503124334,-0.03681859205117353,-0.8787051964251773,0.2375193471265861,-0.7168476643537445,0.7828647690916815,0.24838132563411933,-0.9078687069973546,0.43586591714256506,0.16692378524673276,0.035735861075194233,1.525715045806493,0.9615115469182843,1.9804605410116207,-1.627031931863063,0.7675418358266867,0.6718517886976515,1.4024649292273945,0.07236201638273229,-0.8830927755299359,0.6237448682190113,0.09670624538423013,-0.8181677861672202,0.07133218059367533,-2.099989960672273,-0.09041984829977472,0.7878230800193506,-0.5779044989804325,0.6907195607486287,-0.45828941300724546,-0.3174074912798819,-0.9252525266551522,-0.24637903085962554,-0.9462745894130359,-0.5330531355335831,0.024592515814221352,1.7380715046130193,0.14147880864789236,-1.6129200412890385,1.112012426425093,-1.8036526238092008,-0.5021892415087768,0.5539414231481926,-0.7718515252806449,-0.32479839291703516,0.10319044324174097,1.0493843751984369,-1.263429082239747,-0.7015469540661571
sample_177,-0.6603605731269716,-0.9657334561687498,-0.29849275350191123,0.31872708730085275,-0.6511678918170061,0.2722356620294815,1.2579249907080772,-0.05438223995432084,0.521721894663339,0.6642127329766182,-0.632706717953474,-0.4759558158797109,0.19622722696418812,-0.5629086705602571,1.1094469919882621,-0.29885842676432645,-1.5498721542118064,-0.2656123117942555,0.32959893445352106,0.7288388074072257,-1.7602102919313287,0.7567649659244423,0.3426414380622267,-0.37418419627882366,0.2423246207771046,1.2357525209530171,1.5300740344952222,1.8666036220872269,0.025767694994724016,-0.9183324859319004,0.24303097852114414,-0.008015770243039884,-0.17610028991755933,0.2964287340534404,1.1407685047891245,1.5116894362572946,0.07100086684514682,-1.4002561309770907,-0.5413443827035501,-2.624896209450113,1.1759574016490932,-0.24345574536976544,-1.1381178653657942,-0.09020255642107532,-0.5354038599537494,1.8406154144575813,0.11663595079832985,-0.4896873660632553,-0.20276672303166404,-0.8877855126367599
sample_178,0.7226321323558087,-0.200568061200594,-0.6246919618189533,0.043277874241423195,-0.7651911201933993,1.7002871557654982,0.8570693011544672,1.7532920101754264,0.8557245850181865,0.4856489292184168,0.9623264225944432,-1.9385791602136722,-0.06204077712455534,-0.25250868917859803,0.2008627595831883,-0.6150036688374175,1.329889264601499,-0.49564663924840036,0.30353902340620165,0.008284534008805074,-0.6274957278360769,0.40347197900383974,-1.1421873138631575,0.8849761894966112,0.7182761779121154,1.7456171358525627,0.11274228050339287,0.01838324200195716,0.6462970156934227,-0.7829993613201075,-0.44490516440116046,-0.7613632424127462,-1.0956352960236297,0.9361868973350711,0.7021576306407885,-0.7351967596844861,0.305491022265675,0.22641014696806458,-0.6225933108215754,1.1994780389401893,-0.3264445031484345,-1.2451566081344339,1.5405928851125854,0.8417106179077537,0.956143729964957,-1.1463722378243346,0.46351596476465384,0.5953531072828945,-0.4471799965664413,-0.9966471702720825
sample_179,0.8677755068948201,-0.7105482383683704,1.820464536602751,0.8438385939212222,0.7863952765995397,-0.04717630525746498,-1.9197556663774378,0.12150663283855231,-0.5246857483608217,0.9532847683197241,-0.6888578407678667,0.5375191684159766,0.25979618703744484,-1.00290561946352,-0.5545470210971972,-1.031324174549527,0.3179371220012323,-0.7856980783902531,0.14071235166406992,-1.0190608277457218,0.7982489114629481,0.894281104448677,0.39385674663827497,0.48741709476009154,0.5855443280220783,-0.31512855290991065,0.7710393050265328,-1.1222177187752673,0.21163506017582256,0.353169872619069,-0.4924876833578326,0.5953977571280843,2.7498818942730914,0.7014256363072578,0.8999511078121327,-0.7525090194135005,0.31139620269066376,-0.36188633324799196,0.9644563765592844,0.3309100137624183,0.5298020850328182,-0.7225845096570607,0.5904064839246559,-2.021278443939864,2.3756107357769487,-3.1620013843860932,-0.1279886280563989,-0.4394786845170652,-0.8446953170911081,-0.14381484832247426
sample_180,-0.10118445003276419,0.06932027234484829,-0.5783387785256666,-0.3214000866496802,1.7982842565474688,1.7386464345594173,-0.35785422522183313,-0.15582951571885523,0.45793545851792516,-0.19291410854282123,0.1471657090948903,1.1157944797660693,-1.3373747456516738,-0.47675328935364,0.007162128349422254,0.5872016945141287,1.2676879744203526,-1.329224084796334,0.7259539408270853,-0.12978847319026315,-1.2333364084421157,1.1517770156826033,-0.3817198764402366,0.9216918567493104,-0.3231583422340776,-0.07711267093368943,-1.399901714179273,-1.7040475430022337,0.0006277234629840995,-0.00995780970205963,-0.014429262881357418,0.5168123779171004,-1.0518951438237145,-1.7719783772068967,-1.7747237608557356,0.557602269034474,2.2020107961665154,1.5034461617688892,-2.0924988674135663,-0.14146234725400175,-1.8580168083613136,2.513427298759617,-0.8112627866515931,0.06822907722170309,-0.6601416862942868,0.984413482724428,-1.2735559943346146,0.4076788153334587,-1.7698220152525017,-0.6731309896962112
sample_181,0.8863340622618173,0.5090402747748207,0.8655540591426191,0.012623897561008325,-0.48554978433367335,0.34103372522033604,-0.20592865451152537,-0.26341937071074795,0.19467595931433496,-2.50485336274192,0.9434330502672864,-0.10161520965916528,-1.3749389680155437,0.897203453560566,0.9763888888910223,-0.0002482417321507369,0.6982348062967876,-1.1466732638936457,-0.26477334475315917,0.866866762005176,-0.029804580354889924,-0.6090921629646188,-0.4166654239772623,0.007560299863234137,-0.25064923737939226,-1.4407041718749185,2.2885765260543423,-0.04077027803382103,0.9852702088892589,1.1051926254820927,-0.4835881442919008,-1.8153343458575832,0.6764590290344515,1.5583835136787376,-0.4190093394045972,1.2399239752729783,0.5781327632477716,0.7240355400147164,-0.1686967260342706,-1.2084337196589119,0.19848971953564673,2.5022744581412613,0.1899345501617435,1.389059102722309,-1.4915870702216727,0.6466437749912322,-0.0929177254537857,0.3010086781578625,-0.2538013849187492,0.8539099260464686
sample_182,0.4290042889983617,-0.32370042680066496,0.715287126425053,-0.7460884796135294,0.7476431476798652,-1.5588257512233388,-1.2439837490011605,-1.2829314301921293,0.962611079253997,1.5798756911740583,-2.724715288970973,-0.8323004587397972,-0.6913287893682599,-0.7816880548586717,0.7851493556107322,1.4621251487975586,1.3182243137341996,-0.4412502594532915,0.9267157336020725,-0.0976829391128129,-0.1296163898751489,1.0786820854703199,0.7461563151903409,-1.5003722632899767,-0.018305411097831306,-0.5405629538629255,0.17493038780196848,0.3305766174344921,-0.692335991117957,-1.9770085491930902,1.911135125932088,0.5376809935563462,-0.3769515239404963,-0.5184202596492885,0.6678134608032099,0.8767966079594119,-0.22404027030347282,0.8044790187983983,0.8852067427690287,-1.6986824622036374,1.039398219308208,0.17367116564592777,0.1851759815301578,-0.9667286543422722,1.1134943712151935,-0.543137688265466,-1.200924365401307,-1.1878974814393526,-0.7568086495934448,-0.03054360238268359
sample_183,-0.05493144060755008,-0.7038664623755343,-1.9959784344054627,0.9795317517213037,0.09202692701213601,1.216940252077207,0.6839218308996613,1.5006597282217666,-1.1646619755391148,-0.9258769289993842,-1.776174258769543,1.3056178373411758,0.1297494302528458,-0.10021472079579044,1.180182487468628,0.3168510801560986,0.9688519850104576,0.5696180273740629,0.6789834947913186,-1.5839383341677333,-0.2646283625022229,-0.7183845499779931,-0.8667618729364803,0.8295886070186089,2.3370874178926764,-1.3646893148767072,-0.6787319799308682,0.16549909364755028,-0.666194077831837,1.684777430185733,-1.2434498965752478,1.4488614456967492,-1.0603157851825302,-0.22784693329570607,-0.7930087436850746,1.694826973261112,1.2382716886579652,-0.16941824456879057,0.07287854318467499,-0.6552111051793585,-1.611521004786778,0.163725365360731,-0.008382947398111674,-2.490221884448529,-0.682820157688013,1.3813371142186697,-0.7168534513023438,-2.111003780682747,-0.047964625498794024,0.6073099259740063
sample_184,0.15543203998060667,0.5425810404801044,-1.9903968205899039,2.224410987669615,-1.573122336138469,-0.27767689547621205,1.7638426138045038,-0.31448159259366587,-0.6950490688768004,-0.517559067246564,-1.3310891218249872,1.014080313643527,0.07634018081437526,-0.8151689446103418,-0.11043843737697329,-0.8678129868273394,-0.4019422606977261,-0.2816569446609453,-0.20552429085133275,0.7962015065430128,0.32125667486717097,0.8744865782751666,0.24270723159710478,0.0878361358910998,-1.0236765443545617,-2.779752278725108,-0.13787540040455076,-1.3893846098339708,1.0991688853113772,2.1743316296271145,0.6993558263981505,0.5800420696894214,-0.3098741236543874,0.41166475047746537,-0.763453795912933,0.4932460094519009,-0.9717807419239275,-0.7232393330728389,1.573563481027038,1.27506881159217,-0.4503558978926428,-1.0822732659947205,-0.6940634662088062,0.44492762501388916,0.7146095856892816,-1.0144376959505819,-0.9508920530989148,-0.7014793612220784,-2.0884544658433524,-0.7104513234468025
sample_185,0.623733916384105,-1.2387149368679349,-1.3054506952805678,1.652411563677931,0.776994031539575,0.3000314739477525,0.13931478616356077,0.2379131112943532,-1.8060050112875692,0.01846452192767401,-0.09216627270390172,0.8865787558976528,-3.131896997243341,0.012357764835732633,-1.2791930337636657,-2.63106119676537,0.044066391692634634,-1.180062805233259,1.628800768875665,0.8254540460658077,0.9769490821720651,-1.327341045029213,-0.506355297910563,-0.5712052893419675,-0.10605917000142143,-0.7658067682743367,0.27569423193587717,0.04658439089683953,1.536923786384087,2.698088318637993,-0.8388170658216767,-0.4162320441949027,-1.6352605178161357,0.38519027709283,0.28828864687306466,0.3139431805145904,-0.8242735621900207,0.7419042363871249,0.3628996839891374,-0.5076193768329538,-1.1002331127588267,-0.04871499724140082,-0.10047874371326403,0.6682323330129185,1.7334001399588819,1.6292911401398325,0.5688942724533547,1.027646931241469,-0.824235197957291,-0.3892169233322586
sample_186,-1.3255399515891284,0.14802139748659784,-1.9771371333649503,-0.24959575467242098,0.006293441460970066,-0.718112550371491,-1.2949973150739065,-0.37116851986354465,-0.7370423260409958,-0.3465582732185513,0.9480187195073916,-0.9713930723858498,0.6602448609943876,-1.1262793866527667,-0.6199508465483137,-1.5493712779968063,0.18224374762970158,0.23994598490205543,1.9109341924869787,-0.8539597594001351,-0.321712665761924,1.5566703136033015,-0.2956886321437989,1.2300649883916812,-0.3072541433239664,1.332913794844885,0.5378899471059965,1.5819115307089404,0.19932929930590387,0.46088667604430794,0.06988818522666271,-0.3476238771843778,0.9130689278062823,-0.10524711095893997,0.4537251947554527,0.8805657219646973,-1.96803487154965,-1.348194120877922,1.3848251741083422,2.232540138351046,2.1550957497307657,-0.4737209112626148,0.3145076210769516,0.8828807389461159,1.0527969231518075,-0.36838403657096175,-0.984480896443159,-1.5596854775543871,-1.1290848792085566,0.3332473104235691
sample_187,1.9704680481022117,-0.47645233130533265,1.515241932699078,-0.8830501298457664,-0.49367886394967536,0.45281086774615853,0.9366601658036573,0.6978841105948281,0.3730218354471772,0.04225196594653978,-0.18973286623180158,0.3381145145452276,-0.5999298835942116,-0.38013145435842033,-0.5973387763002198,-0.22030583574725507,-0.3682365656439911,0.6991666077735872,-0.2175363183631998,1.5697613454959511,0.011629543441786025,0.28683739783909273,-1.4941412077306337,-0.6789906073355368,1.5998318218469219,-1.3940380135311021,0.47525833993513156,-1.228036557429756,0.20239226900904994,1.0885184098022864,1.1546591742605987,-0.6964227671613056,-0.9611714903654688,-1.053569833848601,-1.6626172180442567,0.6742632779217775,0.32800057528752113,-0.6258067817018295,1.0546125332759357,-1.3219770729671383,-1.288935751122523,-1.1236965706138273,-0.6095244629911756,-0.15563853855792556,1.952236033069039,1.846176482787546,-0.028620292534718397,-0.4539744502684256,-0.22067335239029162,0.40378840816899836
sample_188,-0.6240497848328055,1.8498207675830816,0.5158551639473213,1.258076172052975,1.5096918771534684,0.06981989603471514,-0.2902451897875262,0.9432230731799602,0.5639010944415181,-1.027408188599502,-0.47393822802193936,-0.6363127090610314,-0.8947221187657504,-1.3003937490568047,-0.16766996685643193,0.21561372685056407,-1.0340679698135018,-0.3765616552892446,2.018711968895174,-0.9539795380900707,1.1051183487554004,-1.4995514085265438,-1.171208771922752,-0.6785035878905487,-1.424791198650213,-1.7236302045109357,-1.7305294858912885,-0.3923876216216381,-0.580406230647952,-0.3208766671646377,0.8656087054709009,1.078346053174026,-0.9239258634492317,0.305841297366217,-0.7959767341218823,-0.8745892226666956,0.1547336624407622,0.4391467073931685,1.0714878609667655,0.18601165073462494,-0.2865502592067686,-0.9411951241387295,0.8315225120807643,-0.2648614139533456,0.19771097426137088,2.0954915054726007,0.47169060525321566,-1.6290490870140633,0.47155983899089127,-1.8292017498116933
sample_189,0.38608439496405467,0.33887866543332296,1.2253886309060238,0.49866008421654817,-0.08623358500997891,-1.6391436400702546,-0.8890327061873103,1.6473550874126528,-0.18866081756291528,-2.1156971823002557,0.5688533279091774,-0.7345763249828065,0.6028928513291619,-1.6209282656595416,-0.8817023965996212,-1.7290120504194204,-0.18372320553454763,-1.4003143703416754,-1.2766351235281101,-0.39399521241955726,0.7205464669437703,0.9694075272780979,0.19991999696862575,-0.5796758927554114,0.3186094041179185,-0.10489318423160528,-0.5881914950772278,0.37826667557672244,0.23121900804613277,-0.9238353794395427,-1.5913998799038396,-0.7883189733372177,-1.2076937751799484,0.35452979854102806,1.053694747876669,0.5138742243212888,1.2906590936037319,-2.089064813473084,0.8392082431585234,-0.10732161439509674,-0.08002544096945646,-1.175301245913747,0.3781918223105102,-0.19431969290213785,-1.2419473390711542,0.12292156990926001,-0.03512270903741688,-1.062169105372024,1.656421653976688,-1.081304288563132
sample_190,-0.45550543912313574,0.2297528424449513,1.9508144225492647,0.408165866312405,-0.7561864531263441,-1.1473753722385678,-0.6598415348150622,0.5045713986570096,0.049643536246662415,0.5510916845665399,0.7628754543895642,-0.8145070989284299,1.3938129236304473,0.33225741046755036,-0.07847041411220476,1.0471411024889665,-0.67673101531958,0.6741944470219406,0.128384717346779,0.12354302134524181,0.857550132736411,-0.08730022837565066,-0.06304834871287739,1.0798783699738472,1.7664515835288466,-1.002411500259919,0.005691389335028597,1.546992754134686,0.3451811020168946,0.34168613647093954,-1.445166822565857,0.017139648538447638,0.09948936764684095,1.0622228226034376,0.5784004510832434,0.883534896324704,-1.149115182421133,-0.8063386030614774,-0.14985067413020417,-0.9247409757506979,3.12425603279704,-1.7208102397337823,0.36353540152354624,-1.7000848753467348,-0.2728861649889066,-0.20518685092285655,-0.6699541871702571,-0.8308905820074858,1.8176487134274888,1.0242379706630398
sample_191,0.11890975189834098,-0.9964075144921163,0.49656399697211856,-0.17896428551130453,-0.4317436637489304,0.6931859722705189,-0.02132554636265242,0.16224428418230422,0.049264279698946076,-0.8286352435957347,-0.30820441960540373,0.11617639514859711,-0.3374623761861941,-1.54337533798954,1.2467228807179778,0.08530730726612717,-0.2673014834610591,1.1463088631490803,-0.7136653717139118,1.326655835838577,-1.1625376067935305,-1.5560003109799032,1.759458308806469,-0.3891290723186754,-0.6325553996489156,0.8059419705594874,0.14224809994389387,-0.17665119379286068,-0.4460155383961501,-0.1948529219562889,-2.05840476428586,0.10244947743620221,0.7168828646769577,0.20309980841302844,-1.1113083994812665,-0.16506681423283048,-0.8734983692518948,0.27879164538620876,-0.6312125482063202,-1.0005350416004681,0.23632667192818246,-0.10655184926574994,-0.046904682083654066,0.39118764879167234,0.054010230073115194,0.4988804533884875,1.308834639687833,-1.7585489082242969,-0.050566631875278406,-1.0718532035751442
sample_192,-0.12924603566007095,1.50556680001778,0.160825858599683,-0.9313138637223815,-0.6443208227080128,0.8126734449022082,-0.781263063756734,0.08239202621917718,-1.189659099791023,0.7837852724878154,-0.19065122864960776,-0.6623516356056955,-0.9763980036752753,1.8714735476226907,-0.6033607919335042,0.5073983605237863,-0.7749495005327763,0.5508313907120873,-0.025514857517494362,-0.7783221082304914,-0.337092187105163,0.17124373657896497,0.41626929220697445,-1.5000026845540992,-0.09009099402870835,0.46422739542554425,-0.8761717138020181,0.7950803098551092,-0.567965119818691,0.6017778579886238,-0.8078305897206699,-1.3181919233172825,1.8905506840158475,0.07799189666214297,1.8661169554292676,0.4925671336022674,-1.1654800445853126,-0.3507177092569064,0.36649272293207474,-1.4702621105476767,0.14290152545587365,0.7494553761534012,-0.02262912616093232,0.32025310563763715,0.6115042485776052,1.5317112382228475,1.7508334523999582,1.1033915507077332,-0.02189792829023643,-0.012358393008009358
sample_193,1.3667964783314075,-0.5860741939540669,0.9234939362200396,-0.4369637331288974,0.6609637914526459,-0.8204527847134626,1.6318349493261233,-0.47980599060555823,0.6398431373173206,1.9326636768571395,-1.2950573029302905,0.11575308985923843,-1.1603321355990017,0.34113540231691697,0.4676207921765919,0.4791128138019751,0.4575901287970434,0.7124207109991735,-1.0229560482391604,-1.1244387172318269,0.774436774303227,0.08324085563583875,0.5355690658196456,-1.1746348157209738,0.3363299538638099,0.9118623869293708,0.03841506521544721,-0.23998071217920403,1.2223584651275894,0.17789066988056212,3.467314043399128,0.25514607343446033,-1.4545883775758093,0.3286411985090136,-0.12161099294884785,0.7555530585652276,-1.6252415235627622,0.1339225385426548,0.2014013175058273,1.2015822488769146,0.3346354210202166,2.092025734864213,-0.10676476362690239,1.3180719297428563,-1.2048535597891328,-0.03901420295528834,-0.7148447935294308,1.3331196558500185,-0.9987911992339443,-0.8392991819079084
sample_194,-0.05495244382332427,0.4830318136392969,-0.7215274044426665,-0.7320528361281214,0.477875132094185,-1.2283111103977618,0.21556590650518587,-1.00668128938514,0.6188162727912955,0.10277527963303354,0.35654107333513396,0.1253943079954416,1.1201135778698934,-0.3533893046200957,0.36709402229329985,-0.6863458611923683,1.8819255857449189,-0.4688223354121437,-1.02363624224782,0.8677060411790802,0.06605621712493862,-0.06402468129710542,-1.2667690151057942,0.157294736616871,-0.45916487359742225,0.9562276448412613,-1.1882901826454126,0.6680692865395864,-0.4957087751340826,-0.7094128174927026,0.5155885406524523,-0.07411940568886269,0.7405874032466335,0.11078006501592175,0.4212975177654815,0.09346399826626718,0.5983933216952982,-0.303865932927736,0.9089007283390429,0.9678544477105436,-0.7676919044034383,2.187296059750123,-1.0391369934684256,0.0664109630472421,1.2611585901326183,0.2449461957659964,0.8164472984242049,-0.428242452803103,1.5064478558881063,0.8360326290741965
sample_195,0.3309256334109618,1.5368112239979057,-0.8251202787941975,-0.86502146966006,-0.597163329469235,0.9915986977941964,0.7014710968153632,-2.0051422866119757,-0.8878639410096001,0.6375436974854094,1.0123968566687873,1.6044400904215488,0.4224504062523277,-0.6016450672315009,-0.13473986086619952,-0.5359382165344159,0.9682985945597187,0.10709734431188608,-0.9146570739178791,0.16874976060077887,-0.4008721937388395,1.4201625573761658,0.01950501446774386,0.2392758828264878,-0.7048456794990998,-0.9193914566393819,-0.40336766615431663,-0.49512115570850945,-0.7938441206197452,-0.8905572391878649,-0.8309135233896361,0.8489223989618638,-0.4755546220627339,-0.033233536078971865,0.5063754166302454,0.7281274835982279,-0.7441087291349219,-0.35811516671290516,1.3360824597447494,-0.25665348546340067,-0.5288063838875684,1.5966413736633747,-0.6385967280610872,0.09222208998960145,-0.30208270463278764,-0.43801441635875804,0.5762624141868014,0.9131444546633428,1.687094759939646,-0.7438147307955163
sample_196,-2.56336931589075,-0.35358853267107354,-0.032062021618708476,-1.2887291770877676,-0.1837106618249074,2.414570154937112,-0.15990227524044093,-1.0714874477590548,0.2988893978074965,0.8684326631357105,0.757325423311626,-2.3685271309999916,1.488208519345811,-0.49851534736506126,0.6523600457741024,0.7937964256665023,-0.2725492969742235,-0.12856036366214718,2.0681470477353336,1.5464235987623833,0.42725736948283854,-0.606781193292884,-1.1287393349105586,0.05467148443945882,-0.8128607682117,0.40549995898346963,0.42331569903967126,-1.3904919096231367,0.6509627278022724,-0.11999273013875936,0.3938903589620436,0.6833671890511949,-0.03513587255627939,0.06974441953315019,1.042958308590341,0.74011229748143,0.9678293220381375,0.3711983400451397,-0.3696680160060297,-2.444715261742248,0.014625334771879132,-1.999353076690472,-0.8579726718715631,0.3079122538456526,-0.4573484072971852,0.4855432883066763,0.05309651461560821,-2.121472792797747,-0.03613524135261522,0.5844606577960357
sample_197,-0.05175851849370887,-2.086317028191019,1.1639540452503463,0.5208499711209763,0.22454320126014934,-1.2031333369928978,-1.3039813068166608,-1.904975966144446,0.755983890383121,-0.374383935067834,-0.5132139851681387,-0.1819813977281981,0.5058907852193296,-0.5507352665595115,0.9319774875009159,-0.33491655100995293,-0.23374851789170653,-1.0484452336847994,-0.6862835504698311,-0.24040329744859276,0.8164775364152506,-0.2018706468823562,-0.22975944728642733,-0.5185954889550085,-1.431540275213072,-0.12377368657537134,-0.2717555930759931,-0.3438593851099887,-0.1395432374906212,1.761983851866396,0.3561246520114559,-0.47280289591530705,0.8006409142279485,-0.7684316303627406,1.4666682730280363,-0.0427842066582598,0.27904559775673343,-0.9600795947484979,-2.491164302310518,-0.001323913568954353,1.8433420383372534,0.924349992095596,1.0816263108942248,0.9856049242351187,0.6031225203135859,-1.0750682701900762,2.1677815936204325,-0.8839429742350966,2.613719780714822,-0.4906058075131567
sample_198,-0.08426434929326258,-0.22103603930958626,0.6599299663688228,-1.2847373253025594,1.702880283754132,0.5951372533400897,-0.6065422903369672,-0.013556679417273421,-0.2758040938176738,-0.5728333966139844,2.4467809835953744,0.6700732044323716,0.702265963021985,-0.8983314014519828,1.3670418623780665,-1.2227063140033352,-0.23358198801583874,0.2963439432674225,-0.5613845149524391,0.26876111505771033,0.7021864117082824,-0.058155718878479506,0.3982493566367575,1.4376880256418352,0.05627057070509488,-0.056884815246660975,0.8531090509625474,-0.8981245093377062,0.5057744815747408,1.106511815486685,-0.7263806593094768,-0.003545523692135558,0.656654048756311,0.12611955032469863,-0.20827039489765384,0.6387009210986246,-0.5577749874272173,-0.17999018049593338,-0.6589318062121318,0.05733955688245903,-0.43952746798603815,-0.5900001978412993,0.072748295343247,0.10716991714034323,1.3827195713234015,-0.7691849867011101,-0.9777221666866603,-1.0453155053231435,-1.257758885217221,1.5956954156673375
sample_199,0.530858235635426,-0.42124218909579275,1.358903680241694,1.6265679293039712,1.8313793546353339,0.12822961501174784,0.7083263298559332,0.46751821169797586,1.2057576121113747,0.01546260417708527,-2.286226523359128,0.2907395136428662,-0.9364689809691549,-0.5168099365777785,-0.11566044863503293,1.6425880638684807,-2.4852098325357743,-0.636871361635575,0.3490069528128368,0.1884450267805672,0.9177822055080138,-1.0858618944340457,1.086396023021414,1.019520332409095,1.3248692788066294,-0.7613268724657511,0.863970616335219,0.6124099521564152,0.9505290076337245,-1.862628786910891,0.7933182207826103,0.0825408169503693,-0.5538442066688666,0.9604290766292334,-1.0300064578022823,1.2944397093064146,0.6811570861933134,-1.0805712168107564,-1.0406210007242152,-0.5731188505359802,1.1396348306082957,0.23178823289099545,-0.16605060889077664,-0.36598644899139016,-0.6860835980040739,-1.4871794537829481,-0.6327966177212959,1.0919552222096767,-1.8012239557546694,-0.23009091577818133
sample_200,-0.17075360260033523,-0.0835523554330305,-1.6043004999612946,0.5325632343297712,0.43788432526125803,-0.44286834246903756,-0.6178707536710234,-0.10801770364205712,-1.5834745202825384,-0.47573279999168994,0.23822140489785973,-1.0014540784636536,-1.27251564846889,-1.303036940332605,1.3238272378492093,-0.9872894393256967,2.0947500833383934,-0.9001966637109314,-0.49820867932617807,1.0514386856656404,-0.0630321558414463,0.4388923214408131,-1.1936548302126506,-0.8425229100500837,-1.2133966744709301,-0.6679503369118615,0.7626958767820146,0.3088933554764428,0.16572561014243656,-0.15943014332725636,0.03549184674638652,0.11159451959366258,-1.6496835280579434,0.5363523343295791,-0.1458509780670684,0.3524200409515034,1.3177232949543447,1.6968288771387403,0.9416535839246439,0.11906711619913318,0.6591376308600493,2.3031685040685708,-0.7113162925346964,-1.0695703023239134,-0.7509692053496314,-0.5683294720770193,0.2064033281983184,-0.8400629445148354,-0.16514587902644043,0.7176372764546126
sample_201,-2.1891173173400853,-0.642054812146015,1.7195993662899351,0.6585513572402965,0.16186712571594422,-0.40294770790211504,-0.11494146155773398,1.3902746235468557,-1.0129316370892274,-0.7570439630013968,-2.376618135664746,2.2179598851724216,-0.6702948566783233,0.07688172727247748,-1.209398281399884,-0.8931389926179741,-0.015329836494417694,0.22806649615314462,-0.10271163910624796,1.7418358489846488,0.9237226473230101,-0.5367525804105145,2.0772412383257723,0.25634438448554686,1.7469700783638384,-1.3763406937088303,0.7637360355454132,-0.657327382768214,-1.3590572905377558,-1.7905107927950787,0.9627882331100136,1.6756832387838538,-1.4014108355835053,-0.8820292538412062,-1.212063539013988,-1.3236447857833686,0.44424792011946945,-0.35288277032638515,1.9647581195837553,0.05232658899931421,-0.21904972909923223,-0.15738606409025405,0.665093115194839,1.1409065213708716,1.5512660701606598,-0.01759392456417909,-0.17762198631803902,0.2266957324191919,3.478713090012174,-0.229074095865284
sample_202,1.1363949257967765,-0.8822883225034547,-0.16142893327020583,0.35811194259534396,0.4110303443462864,-2.0876495664074444,0.9980110984549353,-0.024173314437429875,-0.830908997802884,0.9507305801868983,0.30022715645037507,-0.08636078102304674,-0.8111218207567831,0.38441118293877835,0.24938510666194916,-0.2617437287490515,0.03778709821072556,1.6133021986452123,-1.058066868271099,1.1469507308000533,-0.47708634856750365,-0.8814849201005774,-0.8088731910808524,-1.0341605423978262,-0.01160046518140192,-0.5231093972177001,-0.015144485982909774,0.2120275056437395,0.021558957169851446,-0.28717010254888164,-0.8099637893441629,0.3957597044513074,-0.9780662698274721,2.080161048775279,1.3607392928233462,0.8262331041363906,-1.0178279684909526,-0.09810844793923061,1.5912893970581032,0.6514151173090107,-0.3990687924616797,-0.5714320079119822,1.3287181953559515,0.17530173411215874,0.46329312901447206,1.681581878416635,-1.010612868086725,1.8492483425811166,-3.169278387447737,1.0812476797982207
sample_203,0.005766738745040712,-0.1496932127703554,-0.23130633607139311,0.6207160557397352,-1.209037081476046,-0.10697417734601876,0.688132005757668,-0.42793618516675497,-0.7039494291971858,0.7454746667737988,-0.9496744034391587,0.7967784540834237,1.4942723837858778,0.474833541548957,0.4125138674267882,-1.0588676080105694,0.8518568704324867,0.8746040399607927,-0.7177467979905797,-0.9697142806544502,-0.358381416995545,-2.6879844681558827,0.132246762219517,-2.5525874225385565,-0.8147126377420119,-2.0106811499177324,-0.21416911415658563,0.41913858726460684,-0.15241539943955315,0.9229377025994945,-0.6665331079174315,0.7015214583554233,-0.2852663589331234,-0.4328371159713076,-2.0330726357173674,0.26787288556733774,-1.4493590348228855,0.7862827731494387,-0.5721461175570091,-1.4042367021123905,-0.5610824464950687,-2.2016621501199984,1.6030665609884305,0.12679629174080376,-0.8314239621737397,1.4599251428703248,-0.10681934494048612,-0.8539347432608911,0.9121474818937926,1.1187486272803222
sample_204,-0.03539863462051017,-0.1791598162635569,2.310114202027438,0.010573850814160594,1.9987168422273465,-0.9452602630725727,-0.4264484007588514,-0.6039994854555262,0.799778232248695,0.265718901397975,-0.027793554357544464,-2.3252944417086363,-0.21689113827588813,-1.6339882714009262,0.3915937112542071,-1.516415581915777,2.100303161113918,-0.7446053797101199,0.4532677037221846,-1.6856061529511892,0.732915538032426,-1.0284730118051386,-0.31924980688185367,-0.5316933640946161,1.3468964935651482,0.7342151242360816,1.0061379315193,-0.6562057144311886,0.11324078828927209,-0.3491634905667642,0.878339360347758,-0.32242306979486374,0.1226570084955016,-0.11519295508563107,-0.41732870483917317,0.4996090059069591,-0.13679302094606516,-2.2799146303095155,0.5846547048985428,-1.4782631621172542,-0.3282702706987272,0.01430361896368055,0.8162517789015962,-0.4130883100848947,-0.06942137978723069,1.109882326656784,-1.4924622997100356,0.07117390860948455,-0.6516810497591969,-0.4363514834466584
sample_205,-0.3967501832334105,-2.0402810669223466,-0.06421214236435994,-0.8284863897973549,-0.08878342846003062,1.7999562086550591,-0.08052478529455022,-1.079051191464509,-0.9984336663479734,-1.7188705412974385,-0.6158242316197763,0.680008492020459,-1.2316740078765214,-0.7742161835583873,0.2426458526282258,1.5197463077053466,0.9796972937361279,0.04166450557044764,0.5681517001173961,-1.485382164227614,1.0030793425507745,-0.8847426807182346,-1.1500276452083618,-0.9084880753435842,0.37533157513684723,0.6488518355968212,0.12349142483317313,1.6471981191137623,0.36954807991100036,1.169161157870808,-0.02350071360889515,0.8634129581492823,2.151308219456582,-0.49803546923392317,0.6052760012523013,-0.29871980830924577,0.9510741214483655,-0.6028042383095644,-3.2301123517214028,1.04714467482985,0.5139991403932739,0.514465983863103,0.1893829859623164,3.1267867339978146,-1.710963936514197,-0.561679035290701,0.1522808987501777,-0.8138916101964772,-1.4133605757102377,-1.3209085747642677
sample_206,-0.32534230152049093,-2.464360362553553,0.7651676583669719,-0.5907454619160628,0.3406522378611911,0.6884843522689389,0.12068831964906625,0.7619397841974083,0.0911703867654691,1.6613291949127267,-0.07558224342000701,-1.486704520920124,-0.12888028547804525,-0.6321636197837842,-0.16601442967150254,1.295046196365597,0.30303810762076144,1.1378061785758475,-0.37159868052729084,0.5918902600118652,-0.5844283708606477,-2.270074905001372,-1.3800696779686723,0.006382442928557969,-0.17391480557295477,-0.9288288602153203,-1.1648658238405467,-0.21874832363080984,-1.440680947830022,-0.34600113151572315,0.8453121746322887,-0.720060356522992,0.5834849598271118,0.6009660261316209,-0.2282993532324859,0.2790922873891332,-0.39261789810360187,0.623995245955885,-0.9997755378659926,0.166597552725572,-0.47406715938506216,-1.0799410164271774,0.8565325724812896,0.3091105543850457,-0.7069813669639371,-0.17492430286594934,-0.08722356474850115,2.2043986691926953,-1.1732121732049172,0.4529307803255435
sample_207,-1.4661240167010074,-1.5240375346277413,-1.6147990753871404,-0.43364179547024195,-0.35322513654652077,1.064158351612395,0.1722169419394887,-0.0689218365594905,-2.579879183720244,0.5678685255024646,-0.49357624222426394,0.4061014256687859,-0.8327242794676446,0.6168949823337421,-1.0532774677994907,-0.064698420681253,-0.8009195933986496,-1.7550299868897383,-0.7983297372438221,1.8562002083355829,-0.10307155976556566,1.129840758304854,-0.07441080424017314,-1.7689969515523292,-0.3758187383417254,0.9286144193324923,0.5061285199119888,0.17713555489074784,-0.24722645419415212,-0.6695165526596832,-1.2673009894552762,-0.43510134497558406,-0.44874757077119587,0.8395881255299227,0.42613673657206036,-0.543400153614189,1.2571544515341242,-0.12703968412136918,-0.1657220756045004,0.6433613407052102,-0.5593215093604244,0.44094932166721856,1.2588965910262544,-1.606685785580113,-0.6770708905996448,0.7686209675872335,0.5404037727262714,-0.041493792618222725,-0.13250265840416592,0.8519565312749969
sample_208,-0.3481405754514904,0.83390290618345,0.6613070595228361,2.139258201153098,-0.24216448335224325,-0.6416491095518221,0.10606815219145832,-1.173408292867208,-0.23285913959797075,-0.3450295286658397,-1.9099113658806637,0.8437097529392459,-0.47976684764686617,1.5484791825095947,1.055896053183298,-0.21263031941399618,-0.31653758519771136,2.1488281864456864,0.30447223537877394,-1.236621399577758,0.01479482799453044,-0.10473411181424676,0.9473539751829698,-2.246074928905024,-0.893926403781809,0.3546167360906753,0.7899669997037442,-0.35051396485839514,-0.25192035899860116,-0.5992539116200533,-1.00300544310747,-1.3823490404695058,2.0445523531310266,-0.18494004935867517,-0.999120917592997,0.7146345918593253,0.41490968750986523,1.4164355046172075,2.839878850720414,-0.2908864463647844,0.9092485380698823,-0.005616601934716002,0.1217360378911699,-1.2961221292806648,0.5378085829552081,1.3994776064808188,0.02443172551593474,-1.5893330080862762,1.904815775041617,-0.6769771663014433
sample_209,0.430239897330252,0.8649958202125291,-0.41193224447350896,-1.3201454994445265,-0.05209576060361618,-0.4859788848515418,-0.7377330496906791,0.4638188318381145,-2.108430344507623,0.625805069524077,-0.8934100439334324,-0.9614865748890838,-1.0470354389349141,-0.17098250257772157,0.10875355834853301,1.0383784107051233,-1.2299115364356654,0.6786981629382711,-0.9162651957396435,0.582116851764436,0.5876160450847886,0.9707505519493478,0.1303731983618127,0.3063959512223902,-1.4068275505814085,-0.11962533958792203,-0.001571746289272996,-0.2667576336931145,-0.4190374450511641,1.0789413029190957,-0.4673172573385902,-0.8501147010113814,1.9325903808155256,-0.5661914186816132,-2.013463286902346,-1.5110716356303715,-1.181588679569775,2.228199221280753,-0.045875525515836325,0.18934181038844797,-0.4778586216658803,-0.1808307605652178,0.9509773414455293,-1.9501127358684747,0.19992656583457968,0.13710133765808938,-1.5226005283366137,0.005216443147710545,-0.7417758912539618,0.30624937817186804
sample_210,-0.8652635641047551,0.8532730565350938,-1.5190389693102806,0.5173127232787,0.5197189788629597,-0.6459030581157851,0.1968317489590628,1.3047155696569877,1.2681811315090399,1.4965733063585316,-0.06763160504231969,0.5025593980191685,-0.7723882536620321,2.0655486367877858,0.6756212700999611,0.6074816850794621,0.1067653717460884,0.622724395924803,0.2275010412021488,-1.1541778393561033,-1.157561407970705,-1.548348111382247,-0.574384257596436,0.262165843609857,-1.5292655322432478,0.7267210176025317,-1.5716554536571976,-0.4703494676692782,0.7427209302744214,-0.0186825337438069,-0.026364654111982144,-0.25943729900018236,0.6076262201220451,-1.0258771004576117,0.5086888541801167,-1.5144777076202887,1.29447154365201,0.8442804386361837,-0.2858597146768713,0.19776120625637275,1.770252176459131,1.4495911876579548,-1.1411447105206816,1.3745396927599076,-0.26862768201124315,0.7367049765662054,0.6302419277003918,-0.5680402450571541,0.48977100736513873,-1.6972003123562285
sample_211,0.3281333636583863,-1.3033155857163032,-0.37395304010836566,-1.5970539221110698,0.0269105725669708,-0.28782463662591956,-1.9893208769516482,-1.9939816167772562,-2.123596972057971,0.2768325079049896,-1.1776146750342698,-0.47551505898651414,-0.6032886268449349,0.6183263707166289,-0.9877883046290192,0.04245193283427311,-2.144488220438137,-0.3909245376289112,0.9349651028726895,-0.555363977748896,-0.1675313412687657,-1.0320918352818,-0.04358684710611178,1.9397511903967264,-0.4161775330558153,0.9711465071292079,-0.27043508060561383,-0.7076350056803671,0.8927737213067599,-0.2079951766991588,-1.127373499029617,0.3995078641480493,1.3568167424020445,-1.6552982333201496,-0.32947996920611095,0.44186415837504295,1.159902175079628,0.08727767325619756,-0.6051751248424784,1.8307064002722293,-0.7738642302182333,-0.7161852293582349,-0.2659421813610412,0.9448696218709802,0.3782515299784524,1.4513618932580699,1.0741984272977407,-1.2451837908830208,0.036805545906451076,0.6461896100332977
sample_212,-0.6727676293475869,-1.4755685587521146,-1.7564063455822785,-1.9768034656061637,-0.19159880920203423,0.9879863711182959,1.3247665192666793,0.3529902643120739,-1.074053025436123,0.07549273715769118,-0.04372257337686019,0.5683416996232706,-0.5974906657530104,0.01790139968634507,-0.3329191504401552,-0.9348401100379716,-1.2635701900086993,-1.4603338613975683,-0.9922230676046521,-0.06740988797426924,-0.8508202699546558,-0.05984085782518635,-0.5709626132637752,-2.2043404457682194,0.24427179981793848,0.0524162082664603,-1.4990517634691136,0.017097791419634897,-0.6906341581737833,-1.0419298865519673,-0.6146310410190203,-1.6469013519931968,0.15603941758028078,1.1066570351769724,0.2097659704711472,-0.34203757856084743,0.35680888895871654,-0.24793719944531112,1.5788136600047282,-1.7094484146928033,0.2121568119082457,-1.4513877941549345,2.1184991831143316,2.6347456414193187,-0.5891782801379107,1.4779975393819145,-0.911251106763156,0.7904967278162254,-1.7886154918128072,-0.8432155553431593
sample_213,-2.6819768467260716,-0.8739011522743004,0.7133350725440976,-1.1865689488859716,1.412250426411373,-0.8445527730653193,-1.1721727166098757,-0.5963753449092956,0.38476379563267094,-0.7122695122665349,1.2862466528774392,-1.9905497690273852,-2.295435382488765,-2.492054489275442,1.2629914236116253,0.6699682562460209,0.39899735376741857,-1.6002280573962353,-0.23088488812022218,0.9427766630600363,-1.0550322786693693,-0.339380382590598,1.293860493246077,-0.0109621507850131,0.1845722220715485,0.9251163012160383,-1.2388163306560451,-0.32022721724509906,2.3757382279659747,0.4113615885084067,1.1083144971676606,0.952123536596138,-1.427869899933667,-0.03908765044461478,1.2169502632015716,0.028293482352393626,0.26729643116593454,-0.4276834988098136,-0.05654845617033722,-0.5734170018645045,-0.9887443131389475,-0.056349811077782676,0.40155494841312905,-0.29202324741732,-1.1689059880631196,-2.0497314732096084,0.8855084097103474,-0.10717795824480844,0.3845175969211793,-0.21312123477503236
sample_214,1.2135964281372216,1.009112256920692,0.1514264455603994,-1.0349423825042983,1.7511962414445872,-0.24139944114566317,-1.254059668469091,1.1373194352300022,-0.6762402995693101,1.1515088937334246,0.2792694107297635,-0.04599708483280469,1.0865885553825472,-0.13541069961342844,0.792110572354535,-0.5348732373303702,-0.1658466745504106,-0.09172568151143447,-0.6892159687438011,0.1840365816805638,1.5990441571000182,0.2827314484487615,-0.39742415431877876,-0.7029398397352693,1.757187452733422,1.780612908853582,0.03127741069325979,-0.22278154842623715,2.127001665458789,1.27554992346114,0.33020942857587726,-0.33049310092366346,-0.5689464602776695,0.8940390446324654,0.3999753916980808,0.49892811993876207,-0.15622913103547045,0.34145824050518503,1.594605561666252,0.025581731064965897,-1.5863086438167973,-0.8774228008328098,0.3484745785214102,0.7852070480090856,1.6167025359271339,0.10774735713892979,0.7302128604831227,-1.5941031606610714,-1.9388012695217012,0.7050868616954147
sample_215,-0.09942112371387642,1.241434655973149,-0.6329334008565444,0.48706745138951774,-0.30721323882511437,1.486601141819483,1.396131263911898,1.0853876550435502,-1.6628119374066195,-0.8788549474160682,-0.1715540095449268,-0.828991051471833,-1.2484573472679632,0.40315372064848365,1.0050553613893145,-0.486789338598799,0.542341003039923,-0.46937053825298236,-0.1415927417295241,0.6077235175114257,0.5535276906761548,2.093482938296112,0.16666924328078347,2.3056556638657875,0.295818524331186,-0.8667329829407089,0.8924494965430698,-0.9963941202795022,-0.5032518629985288,0.31679585634915214,-1.2605018081053052,-1.0312981430997818,1.5053460853293954,-0.31832507491497614,-1.1219950120524265,0.7716877138303224,-0.6005312072445256,0.008026731764811793,-0.4610973867228892,-1.094620723953141,0.7811801379675676,0.265844116028674,-1.6686258330300323,-1.6100352274715697,-0.38521791618673246,-0.0007158768552503204,0.037157953952060785,0.8612642274218003,-0.10894693211941407,-1.0326299521505893
sample_216,-0.2985171839788536,0.25399503599234774,-1.7762824066273246,-1.7730319173240419,-0.5891285054176422,-0.7873576202540179,0.8967546516123654,-1.235461430536973,0.14121760724132648,-0.6313992684517414,-0.7353592824764754,-0.24890602492351616,-0.4361710432199016,-0.44129044310779947,-0.45055088936755705,0.9793716125546287,1.3413957481006662,-0.44498420025244156,0.4531717680017075,-1.4618621851419484,3.4782990358546293,0.48373902780478983,1.0793143505722065,1.6047022239775341,-1.4131008397179834,0.16402399773154894,-0.3421856044805391,-0.49539364892986343,-0.2700710999557758,-1.5746643224590993,0.4196099126565976,-0.8304098646736071,-0.5309186582683848,0.9499786264744303,-2.147424736024563,0.5570148757583422,0.15601258674340257,-0.7646799492489557,1.6528178308779806,-0.6562584855313901,1.8631024961074425,0.5711200769284351,-1.2929966180152603,-0.08851159049952309,-0.5610531563727753,0.0706872139888111,-0.15414721566748196,0.6116660122930982,1.0361209889758511,-1.1502681932318108
sample_217,0.9042145452734985,0.6665241367585377,-0.826717124673318,1.9710081892746036,-0.7290102276008275,1.3820575307421812,-0.0011596822052415807,0.0673848816194618,0.11896388131857924,-1.096012935496749,1.1863043462687943,-0.7311863050708429,1.1199091875265073,0.2897837852250133,-2.202453666302755,-0.8216410926312094,-1.8371996356824958,0.22583080044409307,-2.2188348350169456,1.0067575404895168,0.16416182472018304,0.8787965314990773,1.3781915716947004,-1.6093760201515532,-0.6502054030708334,-0.5667019754795127,-0.9189925637380195,-0.7422584448681977,0.5457593070578182,-0.21066494753059758,1.0477440322512852,-1.5202320131634317,0.6920837930201144,-0.11699908196298198,-1.7881199798075058,-0.22380706352066657,-0.15379697683885138,-1.3555346701289361,1.0579464815543664,-0.12744622814296547,0.47472946409087585,-1.5104315362354532,-0.19885808099864813,0.07605541204660965,-1.0815304026995323,-0.2073484153035735,-0.33539279162687813,1.5646575073188365,0.40524623125467724,1.101878166541936
sample_218,0.2879497604861888,-0.1450967496631707,0.028263398811801385,-1.290402907835437,0.3271110449681532,0.2533198921758101,0.5936619682709692,-0.3478788794206667,-2.410986865344764,-0.1609866667936705,-0.7030632999805272,-0.8395164263745121,-0.12352603700930705,1.7789055823603444,1.8789804574897648,-1.3919121455646082,-1.5176913715305231,-0.46872795868908285,-0.7041972852006566,0.11127455409020302,-0.5350141150341484,1.0174298094153227,-0.5050712112314956,-0.0413853020500135,0.82853218035229,0.5725205969890599,0.027064528347921477,0.5391693232047963,0.630220106280443,1.6097223729913301,-0.5830984216217291,-0.2319148086294254,1.0251704033267242,2.1738417129998577,0.8978467760371595,-0.9557381785431173,-1.8354869486119936,0.24007925086193768,-0.9320917257054634,-0.6435698641078722,-1.0325401108884837,0.6370390318554774,-1.841203196245732,1.4680477317886016,-0.1613856179333443,-2.4819134259156836,0.42541425418174206,-0.6084153590472297,0.2705348138733344,0.6813054326720787
sample_219,2.712504041440821,-0.41979103130698414,-0.6926820871878165,-1.1925718134653809,-0.05624505080207073,-1.6642485478326383,0.259645890449772,-0.8512497210869362,1.7236799786095907,-0.2277768937957715,0.8354659120738187,-0.5913069216426342,0.7990396034938808,-0.341680713050031,0.4959087459381871,-0.31207813974826465,1.1730060444241739,1.0149345887724406,-0.11103748103474988,0.595437264871653,-1.7009599132987947,1.6714764861320943,-0.08812332491265687,0.4533145458039817,-0.48897985804784094,-0.383591065140959,-0.6195693665458311,-0.5723490969476162,-0.47571964348621626,-0.5169853925617495,-0.6366398369658293,0.02370397428540246,-0.5221800114168106,-1.485120297909062,-0.24690838223454248,-0.6030684564176207,0.36858229110161894,-1.0838395004784633,0.41522993930788515,-1.1544822989303338,-1.7502311911941646,-0.9478926742152998,-0.32726647507446555,-1.4132762360207827,0.5966185213225478,-0.89307217180628,-0.09381211506208431,0.9308422997092783,-0.32870416385419304,-1.628859150963204
sample_220,0.6681464211459428,-1.1002626592180427,0.5830094766510077,-0.5072596841933329,0.37014071052557845,0.5587128544293656,-0.6233997513545786,-0.01533348223143936,0.9932552010394124,-1.2643044578805278,-0.02892704769012177,0.08431463460230912,-0.44000252965035336,1.1514773865123584,-0.01045463928242504,-0.9069518129977393,1.1165611935754403,0.24803772371377175,0.22951596939595373,-1.30929383831223,0.8443390788889241,-2.507372230049048,1.602505287826029,1.1544575278739477,-0.2438371878423057,-1.3822233838082802,-0.3124023527522943,-0.5485116597190456,1.0777884814264578,-0.7853013007536762,0.8843565916848595,-0.29957978853858847,0.3623796607441975,0.12987712193484988,0.872744600230292,-0.4366564214926014,0.32500197267620734,-0.5203309129899636,1.169691018890906,0.11566134916521295,-0.22561297196986077,-0.9928787531615553,0.6089173503591288,-0.19793423879779923,1.4785529471974104,0.5569549956260245,0.8427438881268381,-0.8925104262428657,-1.4517616373979667,-0.18364702528205565
sample_221,-0.912139155559126,-0.16048334676224663,0.5568234118556024,-1.2151189190205813,0.6089369932688177,-0.44540632742709674,-0.8506534026128352,0.2896314450507889,-0.3611436812894086,0.6593333948629548,-1.1729304120784643,0.9135754448245974,0.24165006039920955,-0.36883143862357753,-1.0610435213614349,0.5236286534452362,2.2151470383045,1.3060124867135563,-0.8665607635506832,-0.23271151654013672,0.4391666836093302,1.3895254194091915,-0.14504295937792205,1.4447359377186513,-0.033026046088708294,1.154373782028354,-0.8465999027928046,0.7942079796475675,1.289879583073001,0.36175198518683377,-0.7159876879194318,-0.7325386318349896,-0.9598134094300341,0.47160993882502983,0.7748750137424367,0.3714718374747427,-0.8336118526706042,-1.7601932044650066,0.8718488415397052,-1.2636323094745687,-0.1783870566008698,0.6378669667159437,-0.6169508057509187,2.4568428092610657,-0.36403369301483984,1.8498629395865431,0.06013342405196882,-1.294112832100049,0.9273402821126606,1.8819920872542077
sample_222,-0.4388038090388588,-0.7813182752984914,0.6442400900901665,-1.2018249033099633,0.6321287200328257,-0.17248607690011722,-0.7502480709740531,0.25307701698257123,0.48772227092333154,1.2694215414527472,-0.5770611961652851,-0.5250876862449927,-0.3675680554227245,-0.41735246854706887,0.47780411123064775,0.14563688698944086,-0.12001955829077056,0.5821102042507623,-0.3000751897394022,-0.05288384101966497,1.482370099135286,-1.450269676411942,0.14902609327921174,-0.32424310413037116,1.1745368593503165,-0.21581861856218817,0.6390890816001609,-1.4307244204994212,-0.3338076139678665,-0.6130004301729592,-1.149175780175675,0.4045431812573007,2.227526031440444,-0.939274083092726,0.19532316611604225,-0.12186370517019114,-0.13579030429759192,1.2487653468231212,-0.6986099300918238,-1.1896543113929943,-1.3188452547228822,-0.32459648228610005,0.007044721195151906,0.5536775932550506,-0.13265320146245743,-0.6603759179217875,0.7410131336712389,1.234924878684912,0.4126488743048903,0.5657801190372849
sample_223,0.37659416486417685,1.887020547905065,-1.4148185827429973,0.3417866720768814,-0.7944108339642296,-1.4947134995550209,-2.7007667435690914,-2.118922041350778,-0.774099286416487,0.7620037691181033,-1.5115680803159361,-0.9870112062534335,-0.6779985018275139,1.3346650122394683,-0.4288554512034757,-0.9143369503264408,-0.9419188930521998,0.7700813099274406,-0.26712239086768447,1.6909775987575562,0.7270262065284535,-1.5450840354889799,-0.6391183154357398,2.477155287907022,0.0663916287262589,0.7901703319340435,-0.9631721003547077,-0.9299046102022706,0.795903057055761,-0.4783369011848421,-0.9427404969306385,0.5839974230162333,-2.0754207772009527,1.6704533346791208,-0.27466316643832284,-0.03193386645555702,-0.9897775560422649,0.4943976883406304,-0.7580311650505573,-0.8641169652888328,0.2632539097471834,-1.9948347029872389,-0.09096766413502999,-0.7480729320319598,0.8130805147692939,-1.5704465485165602,-0.4823145719061037,0.7182926927885537,-1.4765300822861955,1.3501568364356988
sample_224,-0.4774103589379708,-0.02437222681974087,-0.4019467705700161,1.94454158899126,-1.0764657180984596,0.2902488528451801,-0.9096788741763272,-0.13394995001256277,-0.7179574746555295,-0.5606405108946714,-0.7085736741430765,-0.3223325653276328,-0.12315257310201656,0.4848887085102571,0.06901799214619907,0.031939674807007934,-0.015930420222033333,1.6059254793270672,0.3290805501377225,-1.1209233199699296,0.7262517401716384,-1.2246464212855857,0.8076274459982171,-0.6618595947327064,-0.39088918431515013,-1.7314468909602683,-0.7283831780176673,2.078662272110076,-0.3203534925315658,1.701304147713813,-0.952734730659321,-0.4059177851050097,0.38600016939234455,0.28162986214299157,-0.735170653682799,-1.7014973279288883,-1.9483474177589255,-0.8150003979762842,0.11885920104107116,-0.3470739147630185,-1.0622391343276107,1.8440643397076575,0.8270423795095962,-0.767825765871434,0.4142307409426536,-0.27507099611649444,0.40967019804128196,1.8535740913741154,0.13665070370896445,-0.24140414499187193
sample_225,0.038489056789849735,1.4687354914716195,0.5690947439937935,0.05309313789429196,1.1878875082095741,0.7709999571485838,0.2628860358682228,0.617141116213569,-0.4611961541774589,1.660639776734465,0.627184089020797,-1.1560254716827962,-0.24525791263927374,-1.2325288314404348,-2.108972677568933,1.1718618049486285,0.7021399785088416,-0.3933015352860583,0.27105997172217866,-0.26905926123709517,2.551762343985825,1.954852110099032,0.7247618119707085,0.8951066667028409,-1.256929107285982,1.1311114629218546,-0.8704567595697219,-0.534136585662766,-0.7692883324547256,2.9110401283491356,2.186657824525311,-0.161363926197968,-1.02221027497054,-0.5539952858529829,1.9277977668519197,1.1326508769059696,0.48010633339791975,-0.07770137898725991,0.06584552722276713,-1.3708198037983967,-0.13312467906092698,-0.36627602765895584,-0.7057508826289087,1.3655073984905601,0.7177894082870102,-0.4268148476694844,-0.5216141425973662,0.608292067262319,0.21347554759284784,2.7630237208335426
sample_226,-1.4740028485545287,0.4525132741376432,-0.7041324188371643,0.245640910582086,-2.9228393583150045,0.9325624675432534,-0.6788132993037335,-2.070865614254669,-0.5984450903169253,1.246066428076748,1.0955496041854593,0.18097590228845375,1.0923482613673297,-1.2818668307118326,-0.14026936551402988,-0.9082612651229974,-0.4708067740237625,0.584070659120335,-1.685066462755567,0.5102932350804104,0.25644560840970754,-1.7241862956809144,-0.7181321056782735,-0.8226116648966898,-1.048175468123256,1.066747157282436,-2.19420523016678,1.359180477461002,-0.024923462001871604,0.1852198959893304,-0.7181767951086047,-0.521277762227276,0.1454948004452452,0.30263176266024194,-2.1107609136183396,0.2573970624279403,-0.34977148020900145,0.43826771314396756,-0.8713794760635937,-0.21214988878149404,0.9839535715121683,-0.21707293818270523,2.1385436300078995,-0.7797919370199794,0.01671438413816482,-0.5270369675249645,-0.6602197498123269,1.2490415527130807,-1.1081621998285076,-1.987285375645965
sample_227,0.4359809465953457,-0.21465899700349225,-0.2526333706384586,1.1335821255884084,-0.5867761490131498,0.13929023777326172,1.2280673206514094,-1.7356451783833708,-1.1137944389181478,1.710298164220123,-1.1277312249993552,-2.051006043286349,0.8204572948718538,-0.6464572111888465,-1.3372305921275982,-0.4551654591210735,-0.16843160198044968,-0.5062630370295462,-0.8472881929529317,0.34925483125572643,1.2045673499809926,0.03503843370360696,-0.5649014477433079,-1.4037326600957962,-0.12936205325917155,1.751586053779682,0.13223854054835446,-0.2349994236514004,-0.975599134197202,0.3051467449830265,-1.5759325503042454,0.5620507339767953,0.8548920051423895,0.7137990425839029,0.8887584711543535,-2.204630649439658,1.3579409088841308,0.13914530554080456,-0.4963110060004022,-0.6844652580239179,-0.4106995596393533,-1.1676299857661347,0.9718258498447896,-0.3672576900372762,0.1028190365943963,-0.9001472327627204,1.890424079232102,2.162387166686575,-0.4034306254345759,0.021391159867511157
sample_228,-0.6070093153694884,-0.9611602884616329,2.4641381263308118,-2.195691256064158,2.3563858926048553,-1.7609376602998876,-1.4874851004553014,0.9651649686144632,0.7034130536209563,1.6044189657131163,0.18810112777664179,-0.36385376796959085,-0.6801596421901364,-0.34027567210453263,1.4247714179861346,-0.7194510110261756,-1.5002117862616817,-0.03280978923958676,-0.4117592240197248,1.0032300301857033,0.1966102644566271,2.12152892279457,-0.9778022614493255,-0.33250402203873225,0.18768500454115972,1.0862043573854085,0.8392105826672512,0.2553246126980147,0.8151384906916344,-0.9333886844702876,0.21258430576107093,0.35421143790229537,-0.7575943822896785,1.0925060200274836,-0.5148889848093419,0.13203924791197805,-0.034534896695253496,0.894094316207227,0.6158116062309157,-0.13217852057937476,-0.35903875315219047,-2.1056393811055214,0.4496205359534834,-0.0456722295570261,-0.050182408394041304,-0.20263765473919182,0.3539250843201324,0.5669872421164578,-1.104189166787608,-0.18185116195057802
sample_229,0.33213832678037913,-0.2246501695484714,-1.458541376467243,-0.4161112334602053,1.0731892374210168,1.3455292278672952,-0.5283993472907299,0.43501663586086375,0.7110607222490624,-1.468360999082161,1.311056618933286,-0.5374043572693252,0.10381490356278628,1.671008982950107,-0.6545517478682309,0.468352981992789,0.8831847272437824,-0.6695424349606823,-0.3071739679899212,0.06580828909407735,-1.6796283328687382,-0.5041185166203371,1.3159227718414102,0.577535453039089,0.5682158797524833,-0.19072730564772444,-0.9792370150977739,-0.8445687398017971,0.6308856075044306,0.5084337117487897,-0.5528416964749134,0.09197624008057402,1.2854760362016444,-1.6967960594800366,0.18888235490011207,0.9862255336608655,0.906295215899466,0.5394026239275278,1.577514216381633,0.9935207826327317,-1.9117482441892333,0.7076639085740106,-0.5955182562456869,-2.3244995672369377,0.6201628312775415,1.0652459004988661,0.2911028860461755,0.4782879742782112,-0.4173500936129766,1.346744088058722
sample_230,1.5380694205995427,0.41371164568010815,0.8839398934023192,-0.6685049209233513,1.4994976014197352,-1.9768412665491646,-0.8592126224913108,1.7211459910646891,-1.1202337365369668,0.07960545914607836,-0.0398306912815092,-1.1779350734036635,0.566140385510143,-1.4817600917122342,0.05757713658130561,0.3006779806308293,0.2149497417319452,0.99697178153345,0.06812472927672616,1.3625009111862052,-1.1086687615864013,0.2793006969952558,-1.5606211614489314,0.18333433825254278,-0.2737063998698042,-1.1747652340611696,-0.4544611572264316,-0.25176742931733576,0.6332027309601235,0.36210116293540096,0.9505614437085537,-0.34773601668228726,1.1725381229879908,1.3346747916922594,-1.1048146477281096,1.1277504519127273,0.6884235600583322,-0.28710744984119174,-0.3091970307508962,1.5629154255556132,1.4369509249496577,0.31236335877069077,-1.2658316396480798,0.16880887864295696,0.9273443445861228,-0.8812857589599444,-0.2958699949019644,-1.8481468877287357,-0.46193655658413657,-0.742843266013481
sample_231,-1.3973935338746513,1.3498926502613302,0.9614591798870539,-0.12910889622396388,-1.3608324684409763,-0.5521038126357898,0.8379405573007499,-1.3077880410578633,-0.34913403365643236,2.3172434174646455,-0.652167222300515,1.7301868046668794,-0.04403800069910912,0.0008476772411444692,-0.3024519868069189,0.15785202815061045,-0.8922426453306355,-0.8462985202178178,-0.5594707088494114,-0.8586050798723386,0.4858442234623494,-0.8552352046626573,-1.03721867628618,2.441137828653688,-0.3223857920408978,-0.05654832374900665,-1.015980891597067,-0.9705477894208003,-1.3434966948334695,1.4602365727880837,-1.1828127356653972,0.768783978397044,1.9346321550313876,0.27607373934382173,1.491099993507714,0.14345602651404038,0.8722215892329273,1.0805674260988336,1.3321284034380345,0.3950194808297158,1.1719565606739524,0.946414493494182,0.4196985130037948,0.9125304697559038,-1.1938688653332563,0.7576981132518948,-0.024636810803792628,0.7004909661611972,0.17164776755795416,1.3931770252805977
sample_232,0.14535770153849348,-0.544297814787493,0.024501419410537975,-0.4087767753934022,0.4914171679480395,-0.007375072204780516,1.722681783852894,2.873452744432484,0.5621093920867861,0.48950487953696503,-2.230566008717341,1.102962320545166,0.9982241497343838,0.7821023689057959,0.761722244620556,-0.5338436401272653,-0.8662825233079132,1.3785225680679873,0.7121535276313943,-1.0561155820540742,-1.273442724355267,1.2585584171608075,-0.35304195357211665,-2.331039448274015,1.1513346867606251,1.2074498206882607,0.21919763950745674,1.175690802951004,-1.0362420589642303,-1.1128689917750203,0.35041059381296996,-0.17123138517514577,2.0256804979588794,0.9078351024376411,0.16357535838658963,1.2142549807756953,-1.6820626348759293,0.2331070570864964,0.260638348575492,1.2244942531512566,1.2021549040135449,-0.01939725612307048,1.6626181307412968,0.4435829894278067,1.129363900489313,0.8225635225584375,-0.034516652609433526,1.1086753869054864,-1.0394953949248995,-1.359346685514632
sample_233,0.3612086376012349,0.9796691554350704,-1.047715995112656,-1.2196758079366645,0.4825615745836887,1.849375828292265,-1.6488924432420886,0.24753281994498028,-1.1057804373719227,-1.4898023630543307,0.9022572023958132,1.48127346788658,0.15839367383237812,-1.7632341238773621,0.18061142449141346,-0.8698608756124305,-0.5781916569449532,-1.657868717378386,-0.5323652785453472,0.8144813599889782,0.7649915205437542,-0.020027298819590537,-0.30873943974188867,-0.22405896540237438,-1.746733970986216,0.6194560317471048,0.43299138231668954,-1.2034663531482934,1.9584507358919603,-1.4442832374194312,-2.2675514276281734,1.1033093502492224,-0.13834122227116724,-0.5195226692991802,1.0833266231961178,-0.46793745932251646,-0.7105318015801059,-0.6356349098351107,0.6640888451789776,-0.31998162810525127,0.6930352066847862,-0.07615967857916461,1.2119710858126542,-0.8950250092230659,0.8455115435347031,1.0882849317450451,0.2256436453343812,0.1942903358447895,-1.2981929255454152,-0.6837318796213594
sample_234,1.4018804912825675,0.6238546071369598,-0.5394696499953149,-0.662036291525321,-0.3429780011148559,-0.936671408019674,0.0760753445970304,-0.34748284701501486,-0.7436488193690614,-0.37227557020079155,0.756333266900802,0.5062244292842194,-0.6744607618152308,-0.4231485282927471,-1.3820617733045493,0.7735373553124472,1.0107802295546355,0.8391422827327791,-0.5120426197337287,0.9306217530270994,2.156587259420691,1.1867045613933274,0.31782179347916995,1.1668554204394914,-0.023761638923676942,-1.2593515831653401,2.5789963696150027,0.9576094214285871,0.05221514631605023,1.8142918217532364,-0.8001251691058637,1.114299799421872,0.4628655183552724,0.6184994736855609,1.0744226308905418,-0.7299469475731752,0.7104497215911689,-0.21217021647054882,-0.8512257767180107,-0.5295317472342576,0.9318051023141073,0.6631843036346227,1.9715685126853375,0.6392971257150538,-0.7610186679629697,1.422188980473227,-2.3091830507060584,-0.2413419713137151,0.056717564482701564,-0.5755550019987508
sample_235,-0.2937196893744142,0.6278160698148366,-1.3987402580859178,0.3188633467165547,-0.2992331209849045,0.8132716158160069,0.09662103140189428,-1.1288386701801745,1.3380011569671209,2.2910932181972417,1.7117272028611297,2.191654133909804,1.9597016445342517,-0.6420033973717424,0.3801713897694948,1.6159428479695988,-0.10331628034494748,-0.9447380881155443,-0.10015208743159865,-0.18627844943390826,0.1419037644517554,1.6184892793862757,0.6709846691765964,1.3765714749437699,0.20423355347056418,2.8653649143086,-1.7576283312197973,-0.4615516867233171,-1.3432619825946148,0.3292512705066761,-0.6755209168795177,-1.4229671089730158,-0.677512814190086,-0.1575104770401798,-0.21305277436020953,-1.5853099806393594,1.7027039572337268,-0.577807522996673,-0.5106912830884959,-0.11739032087901607,0.21483359245142783,-0.6304795169523402,1.8530710080292934,0.2432585308380813,-0.4703399706118457,-1.8544995115965746,0.04362350072448828,-0.8713417060448619,0.7474738613538513,1.1410888910196668
sample_236,-0.5934159304292984,1.3382221086786632,0.9193832454983064,0.17544704477398704,0.5737370090787368,-0.5986746317200788,-0.29908683562206756,0.8710632306314922,-1.0715631558877305,1.1042159461548582,1.9704694776835467,0.7546713888989207,-0.7565711832242353,1.2352671068476335,-0.5875757113849477,-0.00818058900867745,0.25291378950825516,0.18524451638209294,-0.2400935936524196,-1.0100945214429469,0.27353170766945445,0.26412869332225664,-2.483088357808472,1.6850603952675918,0.468472239218374,0.40586507333997185,-1.0010323075792587,0.7992596382333252,-1.0131256284980859,-0.8732100843750967,0.5617755859150768,-0.4148898913434307,0.5862763074358912,1.5589032142365873,2.904433084773761,1.0111569255275663,1.1554808051495167,-1.4047960890275972,0.9870848939656286,-0.09143871905579283,-0.10317793566542656,-1.7047851512685346,1.036913934211124,0.5324584394038475,-0.3142849043766157,0.3254281898878945,-1.3204195004328072,0.19098847838155156,0.7825122283610024,1.2209536926278752
sample_237,0.35351130255808344,-0.180080909415066,-0.9401837696884171,-0.24086555516119199,0.6720778260420593,-0.45106252864557284,0.5042864187136634,-0.4352684198636053,1.0027344911731069,0.695686816433584,0.03384892332752094,1.9352514211742167,0.21538079983302486,-1.0973728750262408,1.7353463507933202,1.2042749444042478,1.1614681306456818,-0.2209904245001145,0.5371654935384813,0.844597311573606,1.9331557399989157,-0.4601203495480191,-1.0609950456014776,-1.0781734796358895,0.34397718421547974,0.89816756747522,-1.2940918902600629,-0.2227569315581363,1.005182563709736,2.4611714761629027,0.8019214610916098,-1.343740686733559,0.26664567252895005,1.475209152895744,0.7442577093481711,-0.7269472527487599,-0.9711016183066369,-1.6186601976162496,-0.09839838346205501,-0.7081557181228414,0.4264618312052887,0.2616991654399542,0.49742272183854225,-0.8190524721799469,-0.2395538013373025,1.5769280420643197,1.9353270942273224,-0.649526086761002,0.1895808632101201,-0.006554201303009891
sample_238,0.36768089989861763,-0.18020894326221304,-0.5611440362149728,0.6220201353286303,0.8452662135799047,0.5744317319683295,0.1804050130098527,-0.0791312900785842,-1.6096373354658682,-0.254271297248321,-0.5220483193909347,1.0837028732554612,1.3629844844155765,-0.8274977256794308,-1.3848990319439838,0.38494617812346577,-0.3497284634369698,0.8712480431041327,1.4831792111440454,0.34250500032010206,2.100313347050749,0.004863624327628248,0.29756465386025377,-0.0751715564025993,0.5213327655347925,0.4271081220408067,0.7181148719571171,-0.41473258073989716,1.816583092828036,0.8566757844852652,0.7078323899518858,-1.0273400868262172,0.6039530895857067,-1.5466711997170726,0.7979670892802233,1.202469783100715,0.3218629886756618,-1.4288355873146787,1.5985954685081658,0.2587577302676341,-0.6013218171201721,0.6901771575284116,-0.7153574189803488,-0.15156475531526267,-0.9564487803688635,-0.5728073373625872,0.6069115930385452,-0.7323803888604441,-1.2406009455020752,-0.20356843368060323
sample_239,0.8003722611431109,-0.23083510828895992,-0.7029787881743256,-1.294284809645841,-1.9289185203638564,-0.6879299641139582,-2.028398312806037,0.9639557968290388,-1.0453053551129963,1.7957060011122,0.7749938909588069,0.6372390938833137,0.6009374749332703,0.07151463863947567,-1.1115866538611434,2.0598887618523793,-0.18856840010779827,-0.03626542378693642,0.4402526930816146,-0.04274695143713747,-0.39297562894228755,-3.272597864042999,0.27654781945963236,-1.2879352668012884,2.008082210502443,0.3146271023236904,0.5046195105782445,0.25509454338668,-0.6039490445810926,-0.17145795987250667,0.6888939398148549,-1.0489683116131352,0.03904329518852835,-0.492711524857927,1.032214760476152,0.4299697802062579,0.6465272422780702,0.9622836308202364,1.2258036600304125,-2.124473565239883,0.21952155471804394,2.5247957555131437,0.03220371260343278,0.05416087274231571,-0.6130779764784814,-0.21115603166771024,-0.33089007541726756,-0.04366215972482111,-0.7083515689390065,-0.9403683498471304
sample_240,0.829913534013231,-2.4206343646325816,-0.3090929013434452,-1.258550830438277,-0.4791298038671693,0.586666078912107,-0.3769094896670637,-0.39608316405297433,1.1616241349987462,0.6044085367034931,-2.254831521738688,1.0696127010141365,0.1240608538451436,-2.016974268661574,-2.1798617140182017,0.5080809836351708,0.16288331102877218,2.3971993744002322,-0.48490883028856985,-1.5211813047302603,-0.775961639012521,0.1235673438976133,0.2835034511311122,-0.29295116502449814,-0.4166962977203259,-0.05411220226329569,1.4480550464741968,1.5927853446780342,-0.7210569009603631,1.3384325637730203,0.5657159759168918,-0.1765466958430172,-0.7147617844482059,-0.03876056772719807,-0.4812530578403931,-0.7072554252772536,-0.18127865188194084,1.1983272739678552,-1.152418693622296,-2.0105976298598605,-0.9483947125645525,-1.8558191301855824,0.015617494793798517,0.08139382517492288,-0.5747111715391898,-0.7229878006296409,-1.172451872562567,-1.0866842172684645,0.253330504367954,0.9705904310623144
sample_241,-2.0372265482836456,-0.5295979272881151,-0.2818929036918228,-0.4912942919244777,0.9536275085366713,-0.7603469096071802,-0.9954937563610503,0.9624352729782418,-0.3065032500603984,-0.6096116189106252,-0.8757015608502057,0.40642563867109355,1.4772698155539357,-1.0813823421445459,1.537067319000333,-0.5182019369820601,-1.3329942994819601,0.5082866139714636,0.2691979460816779,-0.3699357719370842,-0.24418216176811647,0.40930620806858903,-0.916201270052332,-0.9143058366302212,-1.3088767897555802,-0.15577066442356274,-0.2786619528998417,-1.2455919647166438,0.5470613705567211,-0.4279701011007074,-0.5746757557873323,-0.5041232442222949,-0.4102524380654515,-0.4319284826074074,0.25993370522859816,-0.6107315209060229,0.0868650138464157,0.6741116232088608,-0.41686469635849005,1.0794749566947164,0.3086586549157813,-0.2727035400951604,-0.4069280705799999,-0.7616715414301634,-0.545924515698464,0.23732309913237923,-0.5549994819298603,-0.32646999005569494,-1.0009320566319742,-0.2700020789754868
sample_242,-0.4211784264827393,-0.4540054035017727,-1.84517099363716,-0.17360295779780435,-1.7718784616772636,0.7659685262800677,1.3227904818800582,-1.9026863817357091,0.9992692046914025,0.0007800398074041428,-1.0166508952906415,-0.5873850857018863,-2.6378909668767174,-0.30027083971012497,-0.3354999631347626,0.8159180172177775,1.0515244691754795,1.658598912908852,0.7450511138116234,0.6138859989489452,-0.7863069705386663,2.1630621970546606,-0.7391377889355559,-1.6119726353629757,0.35233334775276504,0.41674176394545365,0.3866500764684563,0.6787281437714399,0.9895405872524556,1.7757040316308024,0.43552012200594914,1.7330774720014666,1.4452043850221772,0.33726333634120215,-0.24999118851917115,-0.6497488087611966,-0.5210078855807414,0.42397186916464813,-0.7822858294631091,1.073056488329382,-0.05866583367485489,0.6241890604106369,1.0392426668407333,0.04286607105027652,-0.6088793264945893,-0.36249023453232554,-0.5542239125116052,-2.175978730403133,-0.13944617518904331,-2.1887477398225497
sample_243,-0.006316960871226164,-2.8022412889435326,0.9197159675297006,1.0531902516617246,2.0351461982976002,-1.3015016306549378,1.0760621804485455,1.6248256637037477,0.8278086260816219,1.3313037861575825,-0.6585737659407621,0.02975431886898884,1.248393933575967,0.28942037559681005,0.5104281648137499,-0.017602827807707024,-0.32365346770232445,0.23916194917719638,-0.6658787286483846,1.2622741548051066,0.5082762856005187,-1.0535564885106317,-0.3563345519987322,-0.0803528981047837,0.04652096095192059,1.3500849751318904,-0.12408873368347859,1.2412993869000117,0.12625755334358474,-1.225312596694733,0.6423508268560214,-0.02510551012699564,1.6278067706090358,1.6062190293102228,0.3183727833392672,-0.009024397133847952,1.2515955712381286,-0.16804623560267043,0.5462646595919883,0.6732792422151531,0.04807108891136222,0.5383009411516207,-0.012600863859982405,1.717365044360491,-1.072956606281433,0.023186485988241686,0.6172744357777994,0.5258710435884698,-1.502628233796195,-0.1857147150597385
sample_244,-0.26176843694892266,-0.8733586968831422,-0.3791915799879349,-0.3995236580023653,-0.0010966382225812816,2.2071243284384607,1.3867227349723068,0.5920225051120506,-0.4903830059149742,-0.1122129764491162,0.07656769615295783,0.7534989928616656,-1.1856070455316357,0.16047369965905678,1.5280683450031984,-0.042889314662582154,-1.0295797422801418,-0.6580187283210052,0.580064287560565,-1.7196815587143748,2.3545571050379146,-0.7338054248372539,-1.5310713208898825,-0.8505757799780181,-0.18015367455703687,1.812835978466295,-0.04152488651687509,-0.11238704655732554,-0.6779623089265624,-0.5360165485367075,0.03898108056908442,0.6039931953968607,-0.7999929634611589,0.16773076672814335,-0.30766078225269794,-0.4269852169927121,-1.212790859647866,-0.651607919094331,-1.8023828056793985,-0.1044734947513633,-1.424257515557163,0.6157437131094171,-0.7374219142340723,0.23523169778854577,0.8338283059028757,-0.7225997992698132,-0.9223947332678935,-0.3067779953698783,-0.7154369720312644,0.2167732674062087
sample_245,-0.8175878449750218,0.41131922661980796,0.5952156996710857,0.12427157148083035,-0.7031356002275981,-1.9477090927281633,-1.3808898786617818,0.07103384259729828,-1.396039856856018,1.4515846459577313,1.3803224312835762,-0.31333332538601333,2.347879231881712,0.37302264649985284,-0.7823374299036497,-1.3606654116272565,-0.010956841176119548,0.953624758594565,0.7738051839939938,0.5182381161335319,1.1708132391868462,1.4619441124730552,0.06837206263967817,1.0931064987142085,1.3847527159855457,1.2049905211617287,0.9387837694148892,0.6645281394624735,-0.10670330280229436,1.5425877476199152,0.6024270928465109,-0.7610790635272725,0.06083665772929994,-0.3259600602482608,0.38151471643632723,0.19937772111860916,-1.4339537314253699,-0.5245605564617106,-0.10751745372487781,0.3210091751107693,1.2971078302016574,-1.2443596501087155,-0.7560440440997546,0.2603892888250604,-0.2418510514789723,1.4412598330591795,-1.5549247552645016,0.7380851596504175,0.9068190191097321,0.5171123817443041
sample_246,-1.6038486344283123,0.3757548937455019,0.8412348606125131,1.159312348202017,1.1214078428733283,-0.29338058334525613,-0.356652291606575,0.14719847381349416,-1.2343388133102517,0.2994170507364131,0.7448699179336458,0.22478360755701246,1.0709622981547624,0.3787369709661183,0.3458243278293195,-0.8599689543030126,0.33898373364644396,-0.3207047191744387,1.5292396902681409,-0.8791911989204931,0.21106145770660592,0.05161546239138928,1.517456741328108,1.1562158468294668,-0.17421524262510216,-1.6576848072342423,-0.03487692156342487,0.6760440329103747,0.2541065996561601,2.091465135218591,0.4684339092598603,0.5669520897040538,-1.2208777367344166,-1.8291075982880511,0.9538856079089354,-0.418432413807715,0.034984054895511825,0.5424407607971711,-0.016305164351369507,0.1736892862208148,-0.153052385403787,0.04231142344573863,0.5172753298648584,-0.3036277981117656,-0.41746283793358924,1.0709161796612041,-0.7928554561461821,-0.4246862828217953,0.907826835863086,-0.7843109595124327
sample_247,-1.1165139641845485,-0.6348603592112988,1.4849282234912224,-0.7511117699874819,0.3320068426607572,1.115584902580097,-0.34081051805834783,0.7295521903561922,-0.9261157216261573,-0.5480612470880227,-2.0601627515401923,0.3012683791472144,-1.519607606629524,-2.242038489992933,0.5430792373114857,1.8760950887897614,0.06616969102889876,-0.8521303388180894,0.34912294039384417,-0.6015977802604986,-1.0383621627491681,1.0826246995746316,0.5044561091234957,0.7605615238450675,-1.220170096374313,0.9450532311841662,0.20659597275383612,-0.28808311279219573,0.590317622786424,-1.0047095823780785,0.6467621449223633,-0.7306444653068827,-0.03610501038081795,1.4151692187415577,-0.0018503213796511365,-0.6043381327374097,-1.4244016980499432,-1.1536104804674698,1.3668100525434386,1.2542433260631718,-1.2247702262481763,0.3394351944442156,-1.2614086139733478,1.163016641964621,-1.1055084603164687,-0.12316140039307283,-0.9739849749455493,-0.521687608205186,0.26327001273609824,-0.6143586804103413
sample_248,1.032561113576265,1.197537718148259,0.15990252033816713,0.15904394728377824,-0.7805521241575176,1.0698159532178897,1.4124540820102005,1.0977552236244918,-0.20791551699697752,1.9138663635494337,-0.5351629623324793,0.417886881729679,1.163944401970767,-1.3728607634166063,0.24493395412475083,0.36877184555200476,-0.46416484871185887,-0.5750685742383725,1.2560696184086295,-0.8037770612899912,1.4022457916179034,-0.28462214563480226,1.0226878998749545,-0.28469848182857554,-0.8177216555426902,0.19963464625852456,-1.1499351094904726,1.0723079882076199,-0.1058731152305677,-0.8690007260174082,-0.15944340409709779,-0.7092135128630239,-0.053112083280708704,0.7145780270208042,-0.8082123113963143,-0.20762258046190032,-0.7844511876177973,-0.06050289850848165,0.1419174100391227,1.278956184697899,-1.440975082967697,-0.1824220546754864,1.436604478955702,0.16249039593015197,0.5261478947355999,0.276908597310899,0.19485227657483217,0.719679501947853,0.7851355835027419,-1.2336009811714006
sample_249,-0.2568869246825115,0.9435901592838906,-0.9185938088695125,-0.5981307917161701,-0.9296068522384288,0.0011257747029133328,-1.1347211246069633,0.1376424456854432,-0.09760805009702653,0.48461145719997883,-1.8147950728736535,0.8474676224038252,0.5525456412993316,0.5570024615865348,-0.760152141925091,0.3899118159998002,1.6912449411953128,0.674838685146426,1.9366591964422872,-1.7557446002699886,-1.1375342806892654,1.1688056537865128,2.4588415235435668,-0.5555618141524113,0.1366484584672006,-0.046747169511757704,1.381604752485846,-0.013370085323338261,0.10089573834111254,0.01850927611593068,-0.6302427578004663,-0.9371515877250362,-2.2311653820107877,-1.4097649419343448,-1.4916521056416725,1.513982656062161,-0.2830170788589848,-0.9244246863768483,-1.200669549307452,0.8513821989679381,0.8415716635885732,-1.4822006203894906,0.585220699561253,1.1107553363144091,-2.4808505653949564,-0.08808048413752283,1.4526856474669385,-1.5038205498112363,1.1463282006212374,0.023315467380216594
sample_250,1.2382633407216508,1.233084697367071,-0.19174802252080617,-0.25138868684316606,-1.4993145027936996,-1.2771690610106647,-0.2982073166286097,2.41484379735095,-1.6031448794213525,-0.7217219058416593,1.2296263673568155,0.36201194408451015,0.7948488814248904,-0.48884309701945655,-0.24921188102037672,-0.574032262503595,-0.9952403790016092,0.3165830387976574,1.186036337955692,0.6069572530935584,-0.14866162477655875,-0.49111313658232497,-0.24704960728934727,-0.8458250104352059,0.7052268534140865,0.0697574471206575,0.9764095524394409,-1.423450305022209,-0.23364965285527664,0.3186437634057896,0.7882232609721164,-0.30893546692938645,2.393013565242069,0.10047317131552788,-1.645580926561936,1.0731309657013133,-2.391841334352188,1.4364988993782832,-0.7440343842340085,0.645826411546482,-0.5207390508620103,-1.3526725281467789,0.7696564142883281,-0.5617133799483224,1.0567215926977311,-0.5885693195682526,0.31056231256229405,-0.8241614972198031,-0.6803367622737827,0.6813325951685154
sample_251,0.11289919064353557,0.28800169968045053,1.4642159096029337,0.25576478802846775,1.3772494092346272,0.6389549392853415,0.0901476727624593,-1.5930223680491247,0.2528653145971476,1.7789990346400242,0.4034590589687922,-1.0498419507729388,-0.18580162694163513,-0.30521205481614166,-0.7422862457091378,-0.8993037944298542,-0.5468479998759479,-0.39038387425138693,0.007414631540863929,-1.028049846848319,1.3280266464477428,-1.0460961241248496,1.2123347536203337,0.30682320329214546,0.2133884910608822,-0.2977242012657342,1.4660914873326958,0.19988002510008976,-0.816763159980579,-0.6788755862864576,-2.282661900288314,0.8164642778196126,0.6117711990438007,0.6065366083336141,0.5639411857908408,-0.08062629012018799,0.43298001723830043,-0.5353080918917642,-0.28939583968438604,0.6224562107230872,0.9197222921622441,1.6992551491539603,0.3365398064401638,-1.0387913312965307,-0.20727787086318844,-0.8651683670132969,-0.35948791664182267,-0.7761609538678869,-1.7899610885903996,-0.4085941810151357
sample_252,-0.08778770900212612,-1.0856783591034327,-1.1605552721145844,0.289597602838987,0.1614078191141646,1.1654199861075978,-0.7284119972263069,0.9521605855910227,0.6776708088554557,-0.8185148975979782,0.4430129074095227,-0.5441232360628258,1.117697127336917,1.3508055136038604,-0.4853108234770733,2.3969788753293364,0.3503436687242051,0.04367209244020083,-1.2236556123733213,-0.38791601059428965,0.44560638673466174,-0.09543571362760124,0.22613446825420158,-0.06074324119091618,-0.6054217272023427,-0.7613339844246184,-1.503064200382223,-0.9884534827009654,0.7709599507275167,-1.1187219768365297,-0.3557278137466604,-1.5870607366465708,-1.2004831331449215,1.1392263169798922,-1.195289431309813,1.5731537738143073,-2.7004411538666613,-0.9746806225740673,0.3315994603728243,-0.11531571617263225,0.11503603186037924,0.6669643719624884,1.0422886385102201,-1.5631712126958608,-2.284916163936232,-0.032438020431865125,1.975688843125187,-2.069511574948703,0.08969817326176803,0.057954229439179064
sample_253,-0.9647912190693153,1.1038080707888769,1.4623821050125552,-0.5306571872759734,2.6693418449701674,-0.8289515473333567,-1.1932964766514365,-0.663060204368295,-0.6769912911643863,-0.4375846209795309,0.9302779073526841,-0.5004101434686107,-1.1102334592253256,-1.300013263861098,-0.16852752013725064,0.4896636051001033,0.8608887448544102,-2.1001567151135445,-1.0151256689854047,-0.9836683076117034,0.3782816961713081,-1.4126514905951175,0.4806762052124779,-1.4503788026265527,-0.21211887793380985,0.6998282840540136,-0.04228817467096302,-0.3095687976631543,-0.8767674652758051,0.684405753239287,0.31141131617421136,-0.7775346439723163,-1.4460299595144106,0.6804873922592735,0.07038388240524872,0.5505266978440736,0.32702048094445973,-0.22100544639042782,-1.1770164624389674,0.46411309989219196,-0.5743581786261654,-0.4820165888312832,-0.08858294489654465,1.0479944652560789,-0.9691567059714061,-0.07353366704823544,0.16392504834871727,0.08295543078390584,0.593262770301681,-0.23395247341221165
sample_254,1.2286771020015603,-2.5122522340379354,-0.7308278990482742,0.1796155058806656,1.3782453910739456,-0.5970109676541302,0.9355851934254229,-1.5059169463622544,-0.6766648294984969,-1.0633343751409075,-0.8865794140491632,-0.6882320268678573,0.5463009921238017,-1.2033950985138697,0.016022918750790684,-1.1456714055725008,0.3881182878256582,-0.961671116430622,0.5319557109264689,1.8947621091080455,1.6346175075871558,0.46631850341413295,-0.44682763538975623,0.26053275373216755,2.2430362543913134,0.8007119957140061,-0.5112529537954926,-0.9208341808120654,0.3201044631945824,0.022268937546372727,-0.45834472148843974,-0.7134190926482712,0.03208925448945566,0.5454576471509216,-0.4722916542965648,-1.9719190156375965,-0.3183297438128995,2.106358669428401,0.42344664113023456,1.7264845442700447,0.26151126831993937,-0.16642419224961788,-0.5652526718415016,0.00242244291835527,1.4556049805728688,-0.6392659315499132,0.47528155305936753,-1.425494829555573,1.1787305795552545,-0.9896795330184046
sample_255,0.699531807758516,-1.1209093481557018,0.4275505953514779,0.06465457166942631,-0.259136190435462,-0.5931588579919049,-0.5640960510410493,1.7464180494453068,-0.9189139729147535,-1.1613892878690775,-0.6290493998690772,1.4303011168188413,-0.16019741772746454,-0.6645952803845481,-0.36281201484023545,1.3199943678661084,-0.13790266326417916,2.4382867129413794,-1.6035432613386522,1.9064063300671934,1.0267915174236941,-0.02339552869169697,-1.7326986006850036,0.5652426811629682,-0.6752249250092932,-0.6409984616357414,1.3023299642357367,-2.2263438064672108,-0.3592009670246473,0.795507430232257,-1.0394941103895328,-1.0483612767577506,1.372108316923614,1.5426403348799922,0.15150049582606548,2.533566090999838,-0.6110816215048532,0.26759508654752884,-2.2178481025393513,0.556729396408916,-1.7720022931195092,-1.6144619963594724,0.3970709853817033,0.6585259141911631,-0.32164505197554016,0.6218655447643906,1.1892821363431354,-0.9661418945837348,1.3755530918643737,-0.9057331809844885
sample_256,-1.485954479061898,-0.35106427159700204,0.11904314976423246,0.8282484949197422,0.8101077781822731,0.047931682233194425,0.35284830963237485,-1.0919532725980905,0.014999410915740816,1.3167231618069446,-1.476989306298638,-0.5972644444810465,-0.9538816742122832,0.30661312486032977,-0.013200945580829465,-0.861892526723361,0.6344333117041094,-0.2822748347512995,1.776978807671699,-0.7513662289505196,-0.04358065425739501,0.030581912897165556,-1.0408916973247615,0.6343019665770487,-0.4630014910397218,1.2727168696087026,-0.6178688721517689,0.016020861177822605,2.2344583978019386,2.177350592664472,-1.4324084089791154,-1.0340159874365995,1.7979459449745865,1.19903130166327,0.3628682897076284,2.7633965599166395,0.6629421003862908,0.9485743576103959,-0.4674692736789975,0.7707653493072051,0.12482023823888289,-0.1634460210610221,-1.0098256572417383,0.6160629444184086,-0.4024508848376003,0.8272445151609241,-1.0458999962853317,0.22107450834403772,0.17952512319059782,0.41246816647180623
sample_257,-1.1876860671228653,-0.6827542251536035,-0.5593907561544493,0.8370359330908205,1.2556263395360134,1.0821055267914381,-2.17088815771942,-0.6584303273114633,-2.033736347623186,-1.9374311685009642,0.2946290081311362,-0.20092341051314289,0.2326465925296279,-1.0584430507681362,1.711682213656392,0.4512381413290177,-0.1487851945088346,-1.5813459608314806,-0.9956958455215117,-0.7565502462914339,0.7470602889683015,-0.4204523571670084,-0.8373814153312761,-0.7412233330278234,-0.7339854708297794,1.715501499237507,2.0050635842834845,-1.7806213712068109,-0.03550839547603105,0.5264458157260228,0.31436824762441645,-1.22674024541997,-1.8225633460157016,-0.4245912406741021,0.16733603087681967,-0.17563761163872352,0.43717202831271074,0.1631185646922843,-1.4118482365076315,0.1682922265312112,0.6763392085618442,0.42637707464503005,0.8611871055202178,-1.7364622710528321,0.7718883138198384,1.6244642643955647,-1.3584372079716527,2.068536155601912,-0.08031101907256233,1.4075393654691715
sample_258,-0.6743320946406256,1.8256251045477032,-0.2628390824916891,-0.5618123981336296,-1.457696480203668,-0.4722055796537673,1.0655173038256969,1.6999984145214209,1.4930499819718959,0.45130021021063327,-0.21823407222258073,-0.10636948709265133,-0.855935879939707,-1.3479781742054775,0.7079050789390848,1.5800036269205935,1.488194405895761,0.9780961746651657,-0.6035424043738004,0.4491358163454766,1.7789608768370062,-1.0574723891576447,-0.5369495288480413,-0.31727177915459576,0.34044746486881894,0.046812597737914116,-2.781896907282127,0.5410701827789702,0.0036408171164056193,0.646679204994759,-0.01584858656044508,1.0104021958718286,-0.8497583406633656,1.3591365572230285,-0.12083885550337299,1.2194881175302485,1.1297383113097517,-0.4604758708380113,-1.981718985903221,-0.008193283639816602,-0.5387082668927234,0.08881787314149849,0.7835533352289276,-0.4284327450165465,-1.3158219476712532,-1.106574689555361,-0.24395542403979986,-0.29554175969283836,-0.7494714461208803,0.33478552812036927
sample_259,-0.2801860714317687,-0.905230673667744,-0.013047539704689064,0.4315289533900174,-1.3790232497914756,2.0564832872894514,-0.4101963655110211,0.9724312905374521,-0.6837313247024992,-1.030282553460249,-0.1579906219660293,-1.0114328706499272,-1.2653501643994174,-0.37960520245850915,-2.134283685965937,0.6717178779990215,-1.6259045399591425,1.0713921843827496,-1.186561633269268,-1.2470793332959238,-0.22182872488488115,0.13573187296371428,-0.9623943252657413,0.647887297830475,-1.2355766534803405,-0.27092074549283807,1.6417142145622352,-0.04382720372839491,-1.8522918498705576,-0.10733259424480696,0.027974303074118797,-1.1959303074111167,0.05916965070856434,-0.5978355819993071,-0.6381541181582295,0.7921909842039868,-1.9931914555903552,0.3344061161194108,-1.816099886368543,0.7340521054773503,-0.2439323025972092,1.3610215492811388,-0.14140619387167583,-0.7161042276802525,-0.003994112043321212,-1.9481560548085688,-0.36831222995773033,-1.2009222203509844,0.23817126945811803,-1.4323760065224087
sample_260,-1.722205027140684,-1.4232890019689963,-0.9182883021069244,-0.6402408300571543,-1.5945000826029954,-1.1928342691301839,1.6523530733895577,-1.5578658568414427,-0.16250647968551213,-1.5538661506647216,-0.9419412009016408,1.306642584825218,-1.0757006571300887,0.563223299178082,-1.4102537488810067,0.5360763394250533,0.01282658354586951,0.6916595304928232,1.0712388931769399,1.110243824287452,0.619534637713377,-0.501103745995458,-0.8788148614233676,-0.3682995902647513,0.016579876747370735,0.20042583433416317,-1.268496398042791,-0.4795990340332984,1.4393276311739627,0.2763169274780707,-0.04578507668200158,-1.257823576143105,0.5581463122849064,-1.6596401096845432,0.9784850945860155,0.7453548996526249,2.222347540201265,-0.4452940365175389,-0.6312963709970462,-0.36299325093468593,-0.4398522366521999,1.6491935933754158,-1.1149637378194608,1.9767474717790627,0.08254835835725421,-0.9798638063001257,-0.5245816135173851,-1.9625684463642548,-0.23012040177073723,-0.20931865255321927
sample_261,-0.7624976408823384,2.239630361969007,0.5783971468573089,-0.7459154335312418,-0.6053312111190513,1.2322169019034304,-0.10817597705818877,1.4269455764201284,-1.2873181850344122,1.6312538252135222,-0.4307621907986176,1.132717876163711,-1.2154369292029785,-0.27432131824578504,-0.9092948751782595,0.28715471501234086,-0.24630685358358634,-0.15279295454078953,0.863444994958484,-0.774059987288706,1.5484049515538763,-0.9158956747227461,0.6520721274097235,-1.0313606824862631,-0.7400202070340093,-1.5024317411119317,-0.46668467292035287,0.04669542446597245,-1.0477210231840206,-0.989882015848799,-1.6657780778623466,-0.3393621306736803,1.3040337251527845,0.14478648537662678,-0.01849914837070112,-1.259116426038855,-0.07860755141152642,-0.550437523582004,-2.1167740452473316,0.9415782918903717,0.5292329581026785,-2.1772873120322043,-0.7783084978961365,-0.3925158552972835,-0.0879969929670076,0.009343045087414376,-1.3366859758688836,-0.9443260227536776,-0.7177482904166721,-0.952280385034343
sample_262,-0.2281270894036467,0.5770915218371805,-1.5265052416490794,-0.7164478682934111,0.2638980701577357,0.49543109478205916,0.14690506454450297,2.9413228245670298,-0.2318832210762456,1.0826512522272096,-0.01970308155488918,0.6114332021446753,-0.4175921007641161,-0.6123027013821241,-0.006461049023154343,-0.2285258198906245,-1.291544099769398,-0.7676464577248496,0.8258856261822565,-0.21944041569064937,-1.534746149571774,-2.4669971615411916,0.11585177346139765,-0.33316645642267423,0.2782716443660171,1.7461515884303442,0.945137694741028,-0.7115159225879566,-0.04824826210922046,0.03232541662453586,1.5975264572876955,-0.46655400261630703,0.44044777403315044,3.287795271560565,-1.0978415508742594,0.9421937875269274,-0.3611113619202028,-1.002574570964121,0.9501281569837042,-0.021241632344615097,0.8558256631816791,-0.19249587807204394,-0.3456255586212347,-1.260603639920684,0.8423276691478538,1.1232789328806951,-0.9889811614533145,-2.385470137835748,-0.2362006825601096,1.1578050803379554
sample_263,-0.06091974687866632,1.1444034273900667,-0.10108467700792081,0.017601114202839996,-1.1566658529736142,0.45628971268031865,-0.9427212407271252,0.8861206359657657,1.0250362143717233,-1.0731710400264047,-0.10625464321064249,-0.5702756709924628,-0.6931800407483044,-0.9108623116369712,-0.5691238807308301,-0.1833851491224971,1.7167626471284314,1.0948878948694278,-0.4199655874845167,0.9004240529269553,1.3661249193541936,0.48723991590848525,1.2409448769232105,1.0510782770844638,-0.7595601574579133,-0.5135443739746476,-0.444978029920545,0.08812828591790758,-0.9674737849982927,0.5776874077039437,0.8685119201044464,0.4988024211055087,-1.15575765501332,-1.503622750200453,-0.5652633370829984,-0.3393732261944171,0.07346113175459026,-1.4422304635429428,-3.277178822020084,-0.3961818642990014,-0.27344104130814234,-0.010567990296217713,-1.2053462845784946,-0.6810493530846592,-1.7018147682021818,1.5046685379090334,1.482037724099135,-0.7736836623711779,1.2562677838849963,-2.3351824348558385
sample_264,1.2713316898754516,0.32360963206530663,-0.37497689523888494,0.1526373667627281,-0.5688362473095163,0.4149565376247128,-1.176073865738289,-1.160217108496628,0.5462887502568875,-0.6723481802245347,0.5573045382510499,0.5556767991824282,0.37141336062810565,0.3513424590661129,-1.411045134458103,1.1624849255568437,-0.8170303770264685,-0.4126634499280267,1.187029753739724,0.7344791222596749,-0.276684858430506,-0.6007433375873781,0.08646050101293577,-0.6735757298812113,-0.15036428044766914,-0.35703159396061157,1.9314404199990773,0.7079561262265813,-0.9977201039171587,-1.9040002920078902,-1.4125136707348207,-0.03068887349884597,-0.8748131897740749,1.3781619049483627,0.8622315615931019,0.0652939699320349,0.7487497524589175,-0.5948347576224214,1.456114325694753,-1.6938992118131784,-0.12116134461614154,-0.8858601835909361,-1.1132388058564078,0.9844088975038621,-0.28727135880314275,0.5430996538549079,-0.7047010128801995,0.7473634194373837,-0.5888506655428672,1.5282776758406793
sample_265,-0.0430029190620031,0.8960601309841961,0.20268332521577553,0.3141603697888891,0.2995539213133293,0.37205154369705074,0.9983756838869852,-0.9813035480327654,1.088789847337796,-0.005209902190155702,0.9639950180682906,-0.3366502879268099,-0.5752746772362113,-0.0493923553305402,0.09990778047049675,0.12645459256844288,0.4970708036372241,-0.19958291970272285,0.554734298403791,-1.1474406409379274,-0.8335814916882037,-1.3822221176007983,-0.6612905218710148,-0.019343426766569933,-0.4511596993554296,1.2035195248893182,-0.4039480884246794,0.378033978719826,0.4616324512822976,1.6755192262151255,-0.11824236752892588,0.666824709137294,0.47334855109047935,0.24223185807309577,-0.8334407314191632,0.10887784841153383,1.1695886350024218,-0.8242079691763533,1.2358658369508322,-1.206741616925601,-1.1839826025928308,-0.22938207860028245,-0.04104632459195433,1.782879274868064,-0.20751236284510538,1.6127179642425662,0.019970514173685807,-1.0622640293241066,1.0309423289849433,0.4249626104075994
sample_266,-1.449859903581329,0.37664010635599077,-0.37621573176983714,-0.45337652834384806,0.41105550825502485,0.4238922876527682,0.5840166211879959,1.592641197863938,0.4341174278704451,-1.5666976941211428,0.32810181121423376,-0.15220969308442373,0.8972436582030677,-1.7177331156487647,1.085122083921315,0.5233319880757012,0.5420495848620704,-1.3400423990851107,0.8837503306388705,1.2359055780438761,-0.7576499188366153,-1.2460217244745724,1.224868891369419,0.7198103989867334,-1.4111260164155934,-0.782702977303845,-0.3133524979387582,1.5343330605143493,-0.640951410411276,0.2854496855282996,-0.2727089276891597,-1.7772493520985129,0.5962188916372196,0.5847131830598407,0.6662502518256527,-1.4425612086921713,0.2446027790521649,-1.9637895279131243,0.44036646173950084,-0.33381910409768817,0.39593650923289697,-0.779847134711641,0.49623987040398426,-0.1577851433283113,1.0719669952591917,-1.2543862544305506,1.0763221308171513,1.3357055108256934,-0.5910085237147329,-0.703104498928945
sample_267,-0.28652184313623064,-0.48752417233398665,0.25043207995659705,-0.5566537660066883,-2.194874246586188,0.6565944738738949,0.38823669436522934,1.134510337327387,0.3001843122664636,-0.488051468130409,1.3674862890426853,-0.4733218178437725,-1.621434636093873,2.4164090936534013,0.5321881503650484,-0.7243635796915892,0.24016676823487823,-1.0042877417826899,0.8321550957623495,-0.5420611992746851,2.2429142165211458,-1.741726765139855,0.13314200313510582,0.4544588532832468,1.0981831238310864,-0.8974292019329989,0.5430163613885847,-0.3545767150660385,-0.3486676080641957,-0.3928246649549923,0.06626691026759723,0.8803762370883231,-1.1290433049895219,-0.5810963164280301,1.4169782661499501,-1.8003825768502055,0.9486277765103613,-0.5762124627413241,0.1941393188733399,0.18406177110364175,0.6678109901187542,-1.796325688094481,2.169061306782924,-0.7275143526498685,-0.3775053459236626,-0.6229963979877294,-0.12829187103210368,-0.4854264716706113,0.3500946427010372,0.8490465286376288
sample_268,-0.6442159565339505,-0.3470544544217285,-0.16865817286940438,0.227481360703311,-0.516537264220976,-1.7444427930149968,1.224705275704111,-1.1222835349842977,-0.8236111640625994,0.21458598012030583,0.36089790459626475,0.15171594242914055,0.8838527390697297,-0.14988608855155178,-0.9985874312319866,0.813259561126275,1.8150365922449396,2.8574188475405355,0.1099974306100302,0.8573789991482148,0.7988552010311223,-0.2918669734270247,-0.10395108678983016,-0.18436714602206303,-0.7927579141829139,0.8382230384687233,-0.35565964232336916,-0.7105486024807665,-1.2104549068741053,1.4736434649621653,-0.991445548212381,-0.8770321719202067,-0.4280069627361974,0.21027104915413472,0.38311139739838646,0.027406991167924097,-0.11627987833304812,-0.45568848172642995,-0.48456711233210065,0.9950128347246284,0.23534111481791817,0.15132699211360662,0.0925122151437304,1.534085408908964,1.3943832829967242,-1.222589502932244,-0.21551410257814932,1.031678549105711,-1.211122476511553,-1.303188125151059
sample_269,0.9338757497992359,0.9973127109629184,0.23430510623517695,-0.9342049179959829,1.795446506244304,-0.0287691765585211,-1.0097161486204613,-0.24555091860606496,1.521032007099228,1.319579705856387,1.4532415911167638,0.3464393345224799,1.2512536883214396,-0.6125298838322201,1.4533860321515772,-0.9320776301229347,0.21470450078528594,-0.4781516601151641,0.18776799419294013,-1.088744111805611,-0.27785971929335007,0.9079140791710644,-1.6105377529373768,-0.3972027185862968,-1.4775643141923984,-0.6851988870163621,-1.835391466790575,0.1600413275880946,0.4284940686674491,0.1378419930383626,1.6784027305914957,0.023113069617735977,0.8123325997329023,-0.7779250886930147,0.7283548756427112,-0.49081938320594565,0.7531873487106058,-0.35145369998003584,1.5170147395289253,1.6589081493299338,-0.3291464312613742,0.762298434237312,0.8330483905349049,0.15999504573586062,1.1537296330471936,-1.6960380727809445,1.1076097357585553,0.6116132614007832,-0.7250686842391214,-0.8957205122320742
sample_270,-0.32601267772130715,0.7284230612873789,1.4403212147737823,-0.22167957682118908,-0.3732506821988886,0.40983205342663137,-0.021890518929497064,-1.5180360590982223,0.7326194616132353,-0.7996286144437305,-1.213872936355519,-0.16232375032719099,0.9816856667277775,-1.2494535607265589,0.20189911430674368,0.05008647424004123,-1.100441056876343,1.4285425486902055,0.6359881284900434,-0.577991710329171,0.0420238599338607,0.2425539838212359,1.2287614831931895,0.23521375488485055,1.623634986401116,0.12424639039510461,-0.8488499463199293,-2.6140325231464003,0.05402180857412305,0.044403233035147614,-0.15932183471671285,1.1616099445352122,-0.45537496722596843,-1.3955009560075753,-0.955919590216652,0.429879918887914,0.5682389967296168,-0.5681516306024237,0.2039155613301203,0.06678157364773171,0.642070406695806,0.9732603541209801,-0.8752185338190677,0.9489267981225796,0.20823739931753113,1.271232721823764,-0.3408110888011984,-0.9621317542308978,2.61743922669851,1.9867455161434642
sample_271,-0.17519581568433246,-0.5100778092804409,0.28703477471255806,-0.7643176585446548,0.9408809391230317,0.21198445067327226,0.804568106454473,0.4492617110995745,-0.016347569639809562,1.3339991205883301,-0.8892585295867046,-0.46299427306258834,1.1249021402178316,1.042015945755184,0.1665161051453938,0.5538288988074697,0.35344616999863376,-0.8608572936162342,-0.4061945112222706,0.13530554240266895,0.0838892617081624,0.19050540164622257,-0.9028182647085372,0.38317168594945433,1.4347522308243972,0.04674532278940886,-0.13892931274532525,0.17318193340267507,0.6556977012827988,-0.7465789099907485,-0.6684197970956687,1.171848960407218,-0.11752451052259863,1.4460125347392894,-0.4815400743088177,-0.7198579839143018,0.8381897080619997,-1.031428402470009,-0.07345610567520587,-0.7672057450276849,1.4081135342807738,-0.4718205236886367,0.47446298949161575,-0.05113952629857067,-0.4761253656741317,-0.8073337416790121,-1.633100093540419,-0.4154636638449201,-0.2662277156011859,-0.9646682805844485
sample_272,0.2073030816057598,0.4717701409414705,0.5060596930156982,-0.6982272105380345,1.5662796886961032,-0.6384033530984794,-0.4364595991020242,-0.3053063342511837,0.38897475434811407,0.04529378919165234,0.11692761363770102,2.5742608202594455,-0.16674521168930995,1.030007258212554,-0.9112444758344449,0.5704770202662737,-0.9980363140030547,-0.3597827913857453,-0.8897972283837166,-0.4429998553111735,-0.38478565060903985,-0.4136577179637257,1.8150071708599589,-0.8621139801777835,1.7105192528044009,1.776100975764834,0.5810164984715588,0.09066727685633803,-0.09458718126350382,0.12975783754714712,2.0070807587881005,-0.26129119317850613,0.5835674653129533,0.5534935887562847,-0.2461828832396733,1.1784436794612452,-1.0499001738310256,-0.6076197382592959,0.9108143010250191,-0.12699747612019677,-0.49384574539667364,-0.6850468293612109,0.6619184205726686,-0.4940926593889125,0.39180291536874284,0.33926926713575584,-0.22321816756979912,-0.9968605975947755,-0.6377976511538725,0.3762906592727233
sample_273,-0.631506839921819,-0.4833021640897975,-1.1396068585687196,-1.1099333851466724,0.4090331517335747,1.2506762389938126,-1.8705581983728696,1.8290453080998959,0.5330527993956614,0.9557003256833174,0.851713471254119,-0.3420856152792477,-0.7377336037319023,-1.2370885144818464,-1.1345961254114112,0.35843989513241753,-0.9402278011835885,0.812345510984886,-0.8413379057865393,-0.5775906310555626,-2.1119711847420635,-1.0702085982911784,-2.4806436449475067,-0.960151013281898,-0.5575270792382143,-0.37224379566895116,0.17693885443928095,1.011096937433021,-0.05488820688996441,-0.9810640363050028,-0.22944746110657893,0.70133856812408,-1.4088616067994126,1.2971614488749637,1.1360637375986669,-0.07968164419347798,-1.3228289065566148,1.014459534775581,-2.026700997144695,-1.1236513121835678,-0.2505467478883925,-1.70903755424126,0.990339257339966,-0.005296046876038207,0.37644006380394207,0.281796641872399,-0.890137281741003,-0.238170840003953,-0.30470435618142766,1.9117165441713584
sample_274,0.5506702808669552,-0.6548742221544056,0.24397052656316293,0.7466813497289271,0.24106243157461626,-0.36041911674674476,0.38932132415333254,-0.2767072191488359,0.06608704317306316,0.3560382942403864,-0.11300740661812252,0.9656804269772004,0.5556951744200443,0.05690195484141504,0.2872858860771047,1.1057595450163067,-1.4539270058829885,0.00896700096562292,0.09588069788950557,-1.2689071001262457,-1.80109539235514,-0.0198862369415291,1.7506616415506613,-0.8072756901088863,0.3304167961837398,-0.8534141730788598,1.8573186345255905,1.391626272625811,0.2633262993301385,0.7994591239166146,-1.4110915504225388,0.14982771124733468,-0.6983087784880712,0.8429510322896508,-0.40420522861024566,-0.34811675078983445,-1.4547016072757135,0.2555502384675818,-1.6882946649529673,-0.8219811025097115,0.014944159871764597,0.05047780276801493,-0.18021354262414088,0.5531137762752372,-1.0391720754237779,0.6266961201220179,-1.1395446954052852,-3.1027177563533166,2.469701765315358,-1.450300381878852
sample_275,-0.30597379380142603,-1.09601791026773,1.3888643654980972,0.6917363500289844,-0.0438577292684814,-0.44720353024122694,-1.1518071282065172,-0.20300089274957012,0.6387545369079731,-0.6685512853119513,-2.1507582295345102,0.012016121320558678,0.48290442535438094,1.594121784913646,1.3935264824501983,-0.17765072863865122,-0.07367172748123221,0.5506003207454171,-0.2997744638081998,0.5450678350670825,-0.5719190603174474,0.792466559478931,0.9109378594161555,0.8075562935971669,1.6248410318016275,0.9864093624625789,-0.029116589524942647,-1.3635143466990212,-1.4172062421802811,1.1329412248003807,3.084184227905087,-0.13969749099968468,-0.6347637534218926,0.17919488966726438,-0.5873823692320179,0.6987885927599067,1.2929192322615592,-0.7379550616051652,0.6439226573743738,-0.00922140229449073,-0.9216521034394338,1.0355143755379097,0.5868326434075293,-0.7694774851436836,0.07304236862988112,0.535479811218213,-0.5327157605526673,0.34159755509778955,-0.5361169999592623,-0.8381604863199638
sample_276,1.1089053595855014,0.45261275146547697,-0.16121830005682558,-0.4264219489400618,1.0319172697672265,0.5770361965580373,-0.7948217194033378,-0.999733944413348,1.1168903821264111,0.5873684571620335,-1.2096107945030805,0.39684415801064044,0.48435198589122,-1.2047911434700624,-0.0352618196015856,-0.8531686064968148,-0.6690713663210698,1.2465398446776086,-1.5648694459833898,1.137265649119422,0.4375961948596568,1.3411998208983416,0.059039321160545916,0.5276914024040994,-0.38952332324180045,0.3258540651437185,-0.18744267708544482,-1.4405021550868238,0.21926986321883654,-2.4708431532847284,0.8707526927801343,0.07582356815053702,-1.1006009151530936,0.03693728457591498,-0.2782192263937055,-0.8757786551494412,0.6660719140819632,-0.46000267228596486,0.31765193048778273,0.8855649221037921,0.5876131094628014,-1.6141111858815946,0.3108882101093268,0.215809373007583,-1.5203505083231235,-1.6113296247944817,0.40283858570767433,0.2849323157375648,0.9896288241670034,1.2715206370614
sample_277,0.45020564913643557,0.655996322663698,1.0016346181385696,-2.6123861434767024,-1.430079421050796,0.8636131570756812,0.3231324743812943,0.8746929731206391,0.5475665080734416,0.01983996742092826,2.6744673542630437,-0.9766036190415075,1.0991597654007974,-0.47823427956049824,-0.17717166466426348,-0.3130551917532226,-0.6434182314167516,-0.6275169327622366,1.0357757919753976,-0.020197507950558826,1.075050390606446,-0.6116723802708538,-1.0460430471758726,0.6717643805091733,0.44475134352046697,1.81548967442158,-0.20578997212088096,-0.664688073708215,-0.2615409799416769,-0.4026389985387353,-0.9308084131951965,-1.3446024060695694,1.3100122796765772,-1.115252938497734,-2.4954725306669285,0.2366735812801324,-0.6415859404435529,0.054144999344169116,1.1100062722914743,-0.24540949527699504,0.461567546439768,-0.6101418721497706,-0.8980998742806687,1.2697538674983635,-0.8659300628430449,-0.22840731040358364,0.46453157552166474,-0.17412076894768908,0.15972948011594426,2.0784055259436207
sample_278,-0.5828768837741074,-1.0702425186566922,-0.08990666560988302,-0.3762092937881534,1.301894807781541,0.29692882976578816,-0.6490158213089894,-0.5950228814125501,0.10453404749414238,-1.1528812207508332,0.8314635884698811,-0.5047452817553302,1.0549744932590979,-0.6032870340674351,0.29719356657974433,1.786535979536597,1.0288429276785493,0.2113500704226982,0.18388931901129854,-0.7474654155894696,-0.8579581047859788,0.6202929436940452,1.6323885671170677,0.41974095719059723,-0.382178752108379,-0.017530099578491307,-0.9824308242818036,-0.15336291341932184,1.5822544446235363,1.1900886022684454,0.8566944159062186,-0.6517330135784346,-0.2856692210396049,0.7132580800651047,-0.6211318330399244,1.309420979497281,-1.6371155481563242,1.8312379560338972,2.27093758001524,-0.4183713610656019,-0.5260374560968938,-1.0733257630454403,-0.1347237039813263,0.6382406369631335,-0.31337886761587996,1.4973147564530243,1.6230090487510616,-1.5877989368131948,-1.007481549704443,-1.2862424078603298
sample_279,-2.24691422718192,-0.6588147343690308,-0.5766813791124634,-0.6789175628006667,-1.7461308329229448,-0.7040535580440694,-1.0922217538201804,1.1079303343904021,0.010999601859140666,2.065681311091834,-1.5423690232407068,-1.788717848945053,0.31640581532280854,0.25562477273930706,-0.9089785634687306,0.3148535700926622,-0.7314895344563581,-0.852030563607187,1.288006844809869,-1.168663030830794,0.9796745320626671,0.15346492458923777,0.5785041645565242,-1.064539001372923,-0.05935217647943906,-1.297855319544652,-0.93366533292638,1.045593871199284,-0.8554638631435515,1.4713293764212345,-0.9858157368743894,0.2797042064825763,0.3833664585010381,-1.0719706981949992,-0.5473789468273754,-1.9731009645528488,0.009051959613093817,1.518576843949747,0.5956513620594546,0.46926615565914487,-1.3001141413294786,0.11360305311762224,-0.3763930117285889,0.24858497853813263,0.5307976225403246,0.29484049789686184,-0.6259198919398583,-0.5271222182565524,0.5139141704133761,-0.4164777590037756
sample_280,0.3334902857322585,-0.5908534475408381,-0.4246943495757695,-0.38879541444069393,-0.22631387582691623,0.800876584835916,0.1601019414968474,-1.8695999344120713,-0.6538532091278947,1.3585619790061063,0.9020151163943835,0.5112464261889962,0.09506281577243036,-0.19740117827572676,1.0836818942580497,0.9497831268845414,-0.8766791881422595,1.3404803214478862,0.1443210928912005,0.5826922951498672,-0.6695429973821856,0.6560089174537347,0.8691927791694869,-0.4552847537681045,0.8281372008503272,0.443570933447347,1.258017251624952,-1.1985691182185982,-0.3310014066884516,-0.15355376005136928,0.4937856607904389,-0.444534763736134,0.4872508960770785,-0.17978369757367382,0.4274566547322228,0.7115382819654655,-0.7705415125215906,0.8696774011043865,-1.6750652060264162,0.350530866534056,-0.1802067553144087,-1.013935409959896,-0.6027710528765312,-2.3722528232766225,-0.13464371448232934,-2.4799279014113305,-0.21322429472752114,0.6160024430990001,0.3097573027552874,-0.9782381608312265
sample_281,0.953803398413713,0.8035362135025536,-1.1244879039163436,0.2102265428411191,0.4453691366360522,-0.8542495731596228,-0.2296198257767256,1.4969807220899962,-0.5866356712821355,-2.330852790114237,0.9190773811199483,-0.3198452936917596,0.4133579994828044,0.6627468066873295,0.6203212836272424,0.4649216980340902,-0.5219004560971272,2.3862362497624248,0.17937945317685755,1.6951460299085952,-1.6084635408198464,-1.7332473221555826,1.3294910363493477,-2.24822183568695,-1.3277245718484818,-0.5192771143121296,-0.12993346695218355,0.4675994792779978,0.9771659997738037,-0.4525530557145286,-1.6144531608746615,0.3249054091643347,1.0505027464495063,-1.2342338605268393,0.6539330048051687,1.2418890337654462,-1.8010489720773277,-0.945779673659917,-0.2949753454028135,-0.06283911862224154,0.40331805292774453,0.9275728816892653,1.4310266646682113,1.8664719088347752,0.3941504727955237,1.2947602645541012,-0.9119981210249708,1.3891018743178611,0.5883836619139511,1.0780619251667907
sample_282,-0.9441603934308758,0.6666583685368248,-1.806720947476094,1.3870051340471925,-1.404672241464943,-1.0220251526454307,1.2014452772171398,1.4414400733784998,0.6560223439751798,-0.026129552930122594,0.8527428588854922,-0.44556874570528016,-0.17564392584791302,-1.5279657971755822,0.6134920317461623,-3.0258066143342712,-0.5256419540467057,0.9233700298517786,0.7287360024171847,-0.9589065634080954,-0.3108623828810742,1.681449324366714,0.11553899694369041,0.5312429609079528,-1.2480081653085846,-0.2298657310155346,-1.1395358923247771,-0.21503380489330653,-0.5374561190263658,0.6613925408304615,-0.951089837195732,2.0844860314438347,0.3401598702235177,-0.18669360140502358,-3.5241053535622493,1.369758111935526,0.7999011622798013,-0.7879375727375902,0.7152493296760559,0.39312167223602906,0.5762298295027942,-0.7040806661982181,-0.4953449970255645,-0.41702195547936266,-0.24003566986113664,0.21672752656398653,0.7400164128413645,1.0295967883836934,1.2485001617137836,-0.7103682968991494
sample_283,0.33153216921186435,-0.7698710387698791,-0.1596999010788202,0.6629588716516247,0.6897133537341416,-0.4662499344297197,-1.3300982535484005,-0.8787382029635223,-1.1909522613240533,0.6309033960460975,-1.0025655353844274,-0.14200760054785685,-0.8322969500708434,-0.5980447434309417,-0.17260837599868137,1.3819877871737398,1.4620667054476326,-0.2715064763538085,-1.3763940259071215,0.7468569388426582,-0.9598100579857546,1.1777115272986802,0.09065363467144152,-0.46192187695526926,-0.31304695858390036,-0.8053497127872332,1.5926661084796057,-0.8189464776492001,0.4415943683007033,0.44702276681791414,-0.1665105246364529,0.3000814927870111,0.08286607351585717,1.4273583499764324,-0.5951094438171953,0.34463408211351076,-0.03495366959544761,0.9770450031056643,-1.1203348731013045,-1.0582529161446406,-0.29303924625659783,0.19881451236487674,-2.3093673765691083,-0.2858907862635459,-0.6608944145498844,-0.6159927622258936,-0.5811566169319788,0.40041377529947425,0.899287089472844,0.4099106114171631
sample_284,-0.44464851293008295,-1.260464665993899,-0.5649513268525853,1.58201394261481,0.517216386044702,0.7325270943655319,0.8497729410121404,0.016840482124395095,1.4446812763333423,-2.450395195638247,1.0104641878679592,1.512129504742703,0.18594067436823283,0.9566256402966649,-0.04466075400844885,0.7434308947972125,-0.4271970581358756,-2.3206118551224932,-0.019620110344484545,1.0758856154850915,-0.8736749660550818,1.451251413690497,0.7585747195325377,-0.39422514620288046,2.4005306770090376,-1.838259328231354,-1.4242379340866176,-0.03452933093353699,-1.5975271056603961,-0.8780796380722102,0.006946644717218097,0.5887308206516904,-0.7699097059585746,2.0424215069589113,2.3256990526855126,-0.0029754311057167424,0.3579490692478394,-0.08504373678953635,0.020130590079509375,-0.2758728653921402,0.18040083842247623,-0.9660788923042094,-0.5353782871783925,-0.33921198309248723,-0.9778188311197313,0.12520291402039455,-1.6967816081499356,-0.7012278657740992,-1.7223531703986756,-0.2959019009699093
sample_285,-0.9251202431777169,1.574409127493978,-0.8724511740954999,1.414495534866369,-0.9624540772799385,-1.681220493878258,-1.5861194774360394,0.04338785652681457,0.31629077067653405,0.4210307800234073,0.5177554512059955,1.341043678085792,0.5262022860242365,0.4018327247260804,2.966192159056871,0.6688836682927377,0.7511106999598225,0.13353303528387642,0.645727828525225,-1.1124677945966954,-1.094365038927675,-0.21448331706379056,-0.1570153564899195,0.436368624473945,0.23086353969012938,-1.7379541650200458,-0.09128482341947852,-0.2992575257862538,-1.9760557592326344,0.07973609807238602,-0.041572977598459813,-1.0846258873615173,-0.16897041849550215,0.13131517802971063,-0.8294999263149788,0.47563227098989264,1.1130010880627037,0.998640356744211,-0.3428998669352411,0.17166809563244562,0.004044923523269529,-0.2801418926350151,-0.4584537477420844,-0.4731100854182746,-2.586284921484708,-0.5744588314222594,-0.15979026644408412,2.3704040709462286,0.487004185997474,-0.2239921095030441
sample_286,-0.15361065075233363,0.10313366915150918,-1.7141862615145587,0.19723945045599933,0.36176987416735384,-0.5704373487796445,1.7080634555238747,0.012657010347965235,-0.6386840160865815,-0.5288904494902071,0.4150386056818618,-0.14972422046445377,-0.22627544399384655,0.7697690444112484,-1.5494028033205087,-0.017690531689633786,-0.2145276089035374,-0.10692267703565257,-1.2543563322705782,-0.4547437032790199,-0.4948939059350386,-0.08567639035666762,-1.289394624355206,0.14386210074519232,0.6131131603836049,0.7095594006459178,0.3463400968494946,0.4472321982886891,0.7252176329277353,-1.5492115398375015,1.1460221400459711,-1.5104175352097526,1.8072855499713936,0.3439110517521933,1.266572571665964,0.06158441840678623,-0.13824028630928925,1.5085442792172898,0.7411207684878509,-1.111369005298744,2.173329984118016,-0.5420449613403474,0.5558493892311865,0.6865962497723299,-0.2564564514013173,0.0070673217463796635,-0.18248659384018973,-0.7137318125190607,-0.2757249928761447,-0.4581010038032683
sample_287,-1.0916706388346342,1.1004434252487412,0.44198992378796526,0.4858379304040491,-0.11718143922242719,-0.5012119999429889,0.9685781392217948,0.5526399965549538,-0.8392954414683934,0.0024903982563079597,0.7610725375751488,-0.2703720691588521,-0.6393618123234092,1.885670372402104,-1.5390389562872298,1.9736181291766555,-0.03071481808158814,-0.08756811855583244,1.057195687096184,0.7277081116021293,0.21936629735108554,0.7769701260475766,0.2371667585074966,-0.05942165361744287,-0.6519610427106557,-0.2233630393299264,-1.2138560545517703,2.4611917061427646,1.1710392129278377,-0.5858715717920342,0.1577177273993452,-0.09307517044423598,2.21475809605759,-1.6843836490683073,0.7975191628470647,0.1029426951208064,-1.2889042241286004,-0.457506723824806,0.4450435609888618,-0.8233496194938914,0.8620667920020715,-1.874941986336229,0.42782928996865605,-0.8106275149299978,-1.0385107654498362,0.800767294939072,-0.8564770640610905,0.34491033010522193,-1.4196250986700476,0.07604483284436035
sample_288,-2.617207309548711,0.8094556314566654,-0.8976064012197799,1.5060339150445383,1.3874546381284047,-0.9023053720704167,0.29605761326319385,0.3742289860683801,0.7883795315182363,0.4959311382867762,0.8507878111907667,-0.2845854955909434,-1.2344311947391988,-0.716992888788692,0.5492296207144063,-0.6778567294159427,-1.9971827513635636,-0.12787934210539664,-0.7593331350965483,-0.8186821903277408,-1.2968312712630916,0.30246234208635137,-2.59393433899879,1.123705332643704,0.6833180890680417,-0.10262885559976538,0.024519769144125157,-0.45050947075569214,-1.1503616480623133,-1.6815586843213195,0.23429835875052446,0.29050767055403237,0.030352731541385573,-1.8662520203658408,-0.07577675625817565,-0.23029342807257738,1.9585846428670026,0.1350175448741475,-0.04863069241362754,-0.033905222744095034,0.11174716180580457,2.1584177717606243,-2.963350225995191,-0.5617545523421726,1.8944315687661804,-1.6110626861762034,0.4998063469487196,-0.29214295198824647,0.19665663242447518,1.1048076964888744
sample_289,2.1403499369612202,-0.06887567659112268,-0.9083474536368239,0.03756522576950249,-2.1077976539630296,-0.8735495273826479,-0.6949166457500473,-0.671824760203109,-1.4142117648918842,-0.13857090309646847,-0.11221315186144765,1.756571796576273,1.1330713750852515,1.6573267482078,1.2028560844256146,-0.809247985787096,-1.4560908031446247,1.4473677476019917,2.1217096257851287,0.32112936619130095,-1.2371911620016367,-0.34225789537338047,-3.17563340498085,-0.6044620148542879,-1.2238407609101494,-0.7088011816014035,-0.5245424366080502,0.5961473103629111,0.588315185566245,0.8159558538446902,-0.7108838348726482,-0.17933768410202283,-0.12429737296687697,1.4274333552728398,-0.05612231624127706,0.5122959684251142,-1.1305976322728957,0.9793629150972165,0.029268980099822567,0.9581414787249838,-1.344387647158982,-0.6875559193276631,-1.0032760573190906,-1.3408142543259423,0.5214579384122155,0.05172386616222797,-1.4598349293972974,-1.3407593866386311,-0.0892979983564833,0.10137473104608659
sample_290,-0.01467379893413155,-1.0986000629937864,0.8090183014526402,1.2590769335812224,0.7931571192550042,0.6313957919402525,0.4312003818043576,-0.7643324724014565,-1.0973671271003664,0.5128103098819928,-0.9640704104610935,0.6213902238914306,0.55745619258595,-1.1411234825476542,-0.3240043239935764,-0.9514414803087589,1.1572061028319203,0.3371637006943858,0.5293244242464387,-0.7031367504079881,-2.217855348362032,-0.8739886916286358,-1.06470222896698,-1.5933990330857304,0.38734873561177646,0.9428623114393522,0.9199060335675727,-0.020855521092674596,0.5607058184279082,0.9813631137205188,-0.873467057410784,-1.4210468259471607,-0.5029361144831684,-1.3613704407253149,-1.0437237599237557,-0.8236170912800249,0.9264484225460881,0.2462908675400159,0.5702433459995679,1.308240448523951,1.0244533152766913,0.47961608592450694,-1.1811499018651346,-0.3395986274031433,0.31509315693241097,0.732397273968909,-0.8865366780450116,-1.4135446610276707,-2.4952409869676417,0.8905863439741044
sample_291,0.9903873337871852,0.4424153208342557,1.5879835373073665,-0.6164934072021944,0.1088510594979788,0.4510159117026096,0.7709477769686031,-1.5888196700622912,0.5802621735069986,-0.8124745556720347,0.32874508256338225,-0.09301338164653465,1.7082773013923913,0.5563172449196915,0.667848812254352,1.7158957195245137,0.695295250333299,-1.0012084865757056,0.6361474250279611,-0.523042388828316,1.9454208061215488,-0.12026956254598418,-0.3554729810909925,0.024366777847543066,-1.0088252440491672,-0.5323275341192429,0.5313874154205878,0.19881900618599202,1.4554475854209505,0.8299494576430824,-2.5033172983146725,-0.23547940640958334,-0.9671245141605269,-1.4587170553073863,-1.3940961129146752,-0.7056196274501454,0.6990426458184942,-1.7746836148385408,0.9383671345049128,-1.5615821134118115,-0.42524209679224667,0.17386623084350397,0.17935766116328838,-1.2472952438962974,0.29980147488580605,1.0988238704500894,-0.17772673486130752,-0.885714308880882,0.013154898743988718,0.5559996444190202
sample_292,-1.1800451897204662,0.46783373038091175,0.9747185112071858,-1.4476092487694576,0.3915047270655997,-0.9885694601426052,0.1131109199720525,-0.7447116976752928,-2.0759027658007243,0.6670431233578769,-0.802081097485093,-1.4908291628269381,-0.12168745001181899,0.06462892041390886,0.2556334581667609,0.7667084485886673,2.6414642919803204,-0.16804877828965611,-1.8955639537982494,-0.6485955181215658,-0.23409997136225494,0.5100964831443648,0.5808230434947746,0.8477260453312487,0.4587383740969294,-0.20106221963280907,0.1586103650451548,0.37208206587432807,-0.4626980771134174,-1.5396450741723493,0.711121057570157,-1.67152517195398,-1.4709790096238609,-0.462681007330559,-0.941343052763081,-0.4467241691124961,-0.5798683789134692,-0.36554708218060683,-0.9909486279326003,0.2896731661509017,1.6832706102567663,-1.157429481500233,1.604719468836442,0.6113712220093812,-1.4850000110109836,-0.2572464054786959,-1.4471216521071038,0.2763218519727466,-2.208312635042205,-0.4722301317340147
sample_293,1.033974566197281,0.013352306162784162,-0.38424817914398646,0.9391050347292356,1.563667090234653,-0.8254532420018159,0.09615476299828364,-0.9816563659338564,0.9048236244568201,-0.5079153961741097,-2.5550464042445165,-0.1459531835623822,-0.4712099671514486,-0.7242461364478234,0.5672394413322772,0.12302034932716155,-1.2263764694939292,1.0310784502738604,-0.8022888393582922,-0.7463000763855171,-0.7639231729166439,1.8266222488839559,0.2644013487345884,-1.739956350685719,-0.5772848316819087,-1.380663123130007,-0.41911924505991244,-0.8991626348139138,1.3760681519481381,-3.324085681447298,1.0463781842764153,-0.7099005188894965,0.4355141551637413,-0.08588654985806114,-0.3354521865267289,0.8710636426738037,0.5569380863139567,-1.2244752076437582,0.7711475003080315,1.988827348869743,0.2839948514838286,0.3577918324498544,0.36563414961359686,1.5519750503071796,0.5475343783638845,-2.1334844825173653,0.45707365043552983,-0.3786482292717741,0.36695897892386636,1.354267793902453
sample_294,-0.33204568516313976,-0.31234026113698504,0.43573045444874137,-0.1415816845619808,-1.8129633747296938,0.9574267037256238,-0.5429012953435485,-1.7405722948964955,2.0841222923268337,0.10571665465121872,-0.7252482289970592,0.47279986005131697,-0.5872111862595175,0.5143318456450963,-0.7234555135745874,-0.21042040455167574,-0.794040835013708,1.509900533482172,2.181876175692392,0.6055783774462236,0.4412186925013595,-1.3436372152318996,-0.7809068798898539,-0.558266073248549,-1.6587903424413966,1.3788997406139483,0.25713451898088574,-1.0707463836073994,1.034721003439541,0.011742636002977638,1.551177148850536,-0.8338722818874438,-1.136544377459769,-1.217698011542941,-1.1655830734945503,-1.2069205938942766,0.5715440174074431,-0.32216001901214836,-1.8424930957805445,1.6191004522566346,-1.522783003143779,-0.8524819619502665,-0.01301323007441711,-0.4601545058649397,1.092229615917485,-1.078850497737505,0.3207362188600176,1.4015941085960903,1.1397137347502069,-0.020438614419759818
sample_295,-0.42434585069761066,-0.9425159514535033,-0.5297635694639762,0.10370026918862858,-3.0544516291979864,-0.5911058042134012,0.8546990928117488,2.188856323047332,-1.5031829601341418,0.6902182986824874,0.43547986751067697,0.596655950185914,0.11826278394812162,-0.11060258468477023,-1.8665586390244489,-0.26382869850457763,-0.21857923815764255,0.8376776171379889,1.1163596696954636,1.0182871590115472,0.9715705947156854,-1.3575693356294194,-0.20202691812597878,0.8483586408788885,1.207761667116833,-0.19621450184847553,1.2263014400198176,0.8575252832424429,-0.8958499115698091,0.42379304539462054,0.8314567600507752,-0.3295064614846197,-0.02237201453475983,-1.3265533855579046,0.3320716481754803,-0.11211887528993608,-0.5026035989091678,-0.9520786492753713,1.0943349480418414,-0.8610017247737388,-1.7536945722064696,-0.33213534298357894,-0.9384688421549173,0.09412303281261758,0.9181631192116005,1.1070933878810705,1.6179684802937149,-1.6894225675068173,0.7005048383303751,1.7382844094930217
sample_296,-0.8863049282853545,0.8293101065980795,1.535619887980339,1.1378487966099708,0.10621871215039826,1.1720054082611397,0.034406666028009125,1.8386304541656278,1.0306592053433974,0.3910242427700451,-1.6925285969000787,-2.3511413619974384,-1.0290992901047107,0.49656487917621334,-1.5660580817820027,1.719531564057082,-0.45290421469939873,-1.0013505202880586,-0.7252586785360656,1.0046507446096877,-0.8368829107955371,-1.6451410925747443,-1.253833559408454,0.20082412733258204,0.004917032021717317,0.6073516333304126,0.8860439665519307,1.0851424950700832,-0.2699199042661244,-1.5916959133867674,2.0277534021869195,1.126815696951152,-1.266783061399623,1.1662307222073038,-0.12281301199897164,2.0114566364120283,1.7074619577068313,-0.37259809997784316,2.05469069627348,0.332874170625678,0.3053269115681777,0.5901918356584381,0.4703207611287721,2.1983459674046415,2.1489518067705604,-1.8651675360892253,-0.405303746759648,-0.8361171795944157,0.4962126915651103,0.38967992743360375
sample_297,1.0222407587983777,-2.16465679250997,-2.7899614691578343,0.9288204033759433,0.5399503346891386,-0.9500846383183764,-0.44442742926671663,-0.1975879828349925,-1.0087524051616623,-0.3853064465177612,1.2058564035357866,-2.186333066318826,-0.8506124168924419,-0.78381581339954,-1.4208566271906065,1.2680033440868648,-1.5001592592939859,-0.6354311026983416,-2.179482633287545,-0.7581655670722481,-0.9289329765832978,0.8846425374294549,-1.1143868821662637,0.35108881201289854,-1.642357435849341,0.8600083176347194,-0.026499616480720536,-0.39523973055748274,-2.7589064883037397,2.3102565290753687,0.12320774392032563,-0.4873137268532999,1.5309735391434465,-0.8756018056561422,0.5300011027227933,-0.4886154280387701,0.51507774673054,-0.16658801763377212,0.8839440694059403,0.03765114879459102,-1.048381857701734,-0.6456749673395937,-1.2596462996811182,0.457029689353953,-0.9446510179010914,0.4929407667497103,0.7184352658758711,-0.10015179547003825,-0.1335537916450406,1.5672772877754066
sample_298,-0.09778078608990909,0.47202625824696304,-0.8260342242752318,1.2771707975832653,-3.1151976256474923,-1.0033067450792366,-0.6199993726960621,1.91363294357052,-1.1630183666380418,-1.5095722219776109,-0.29519384891873307,0.41338141382114363,1.4401510033699045,2.345175662220461,-0.8355231151196897,0.16220451715093884,-1.805449508848333,-0.28597972265200583,0.3614807137512602,-1.0047877099667257,-1.2467793165882308,-0.00036234985567320393,0.335295911901545,-0.3941242144600321,-1.2616584995076299,-0.5082677736542057,0.6156248139062627,-1.7549565370511249,-1.476674605132208,-0.09576982767445784,0.38313254890268944,1.0165069804778024,1.5280719298387642,-0.861415165002581,0.5912069941254822,-0.20041493256859821,0.8530480839794341,0.8696386741499328,1.1027646464194083,-2.671747720242732,1.2293221453423884,0.21689500277065513,-1.6883771360687794,-0.6877299376710102,0.12132275041773395,-0.4721205131537863,-0.8029123988519716,1.1639627751775694,0.6688334492841185,0.03926329914312954
sample_299,-2.871079840672392,0.5270462667145221,-1.140026568471589,-1.0645221078752516,0.6850603826343401,-0.6694438401336685,-0.43726970395404896,0.879799089066027,-0.9129658601392855,-0.11423043059943035,0.8836148571225612,0.5168734782956727,-0.7005374977667983,1.8438850013806667,2.105812056238218,-0.03133908546406399,0.018391699497232742,0.7522111280736536,0.8388186539327228,0.32794369717683985,-1.812519751993133,-1.5207004747838886,0.4133078239342031,-0.23558057285828723,-1.1708107682029305,-0.07021400265634976,-1.4576288720749655,-0.8613615896962581,0.23510561147525033,-0.9323401059010231,0.2206139792328046,1.8084205572303802,0.7183801693878572,1.7103948877746957,-0.4008101366737982,-1.7976331264299923,1.2249092577499965,1.500177765302774,-1.7478446383543265,0.3676236253697837,1.238880072083322,0.30694567957648194,0.919367582552708,0.27269524965669784,-0.30439209693097796,1.7425532897572078,-1.2478038361211783,0.650749855674816,0.9339919293729727,-0.18375934018234852
sample_300,-0.4777260837087437,-0.02682610695434181,1.5307179262276203,0.01838805148123776,-1.6485104290987065,-0.2316559973827394,1.3763436882187672,0.7882506198881237,-0.27864653930511074,2.0184679170313484,-0.9150875624486585,-0.2031133217298091,-0.38224882635673585,-0.8630858395620886,-1.2294200745564283,2.129078924105059,0.8392659033129636,0.6078982896886085,0.7828944481177458,-0.6700756673294829,-0.7464544757816569,-0.18111136151595544,-0.7425535898558274,-2.11227347056257,2.2584219391735054,-0.42330759149550107,0.22144056267750203,0.7252727832050404,2.4780320095962445,0.6585220691816792,0.7621203320983965,-2.2653304844687057,-0.7939862489504563,0.17447724705871023,0.24999948397602806,1.5170078513958398,-1.6384574780939627,-0.2572237944295135,-1.3620686785777985,1.4531618594862536,-1.109736467191853,-0.6047585614435487,-0.8499362492650414,-0.3958830233076969,1.535300302219587,0.5989100541783846,1.6184037442340349,0.3951441584490951,-0.4170071781021928,-1.3857840609009826
sample_301,0.19697819654413581,0.46816996635418695,-0.9816726550360435,0.10553263708100102,-0.32224834567656213,-0.24657410118917722,0.8497910496432157,-0.9842534497614331,-0.47321518375906113,1.3471440522092866,0.5968246449897016,0.5792312281406575,-0.5445363004118438,-0.8965238670072208,0.8354473314747353,0.5343085772332259,-1.3950330788406395,0.13259281594569433,0.10412356308187456,-1.785072066157064,-1.463598130474301,-0.6833132888435528,-0.6412202239841729,-1.42774143809692,-0.25847851450705583,-0.5977807233922638,-0.9426232944021006,1.5519984216853013,-1.7107285682394713,-0.6415809999480091,-0.7595701393183463,-1.4490578451564087,0.5443585167661428,0.9170396319183911,-1.0899125831593675,0.37854621578291475,1.1685791235396432,-0.04386253781482409,1.066836349569891,0.6758918682490412,-0.13349391876223496,-1.0620587550076088,0.9178298780965961,-0.35606843529960125,0.12334550169575562,-0.24205330810420722,1.207738786593699,0.3282575302678174,-0.857733536890418,-1.0848081202461854
sample_302,-0.026636604418748062,-0.21993427992841844,0.12098178821432169,-0.4758132402945776,0.6412274567635595,-0.09395874356141856,2.347544777268129,-0.2290703929833189,-0.0765208048118523,-0.07229731449745691,1.5519142217331703,0.09096059798417389,-1.752018015697866,-1.0867116618976116,-0.023110043475979187,-0.6869718009080462,-0.21162073512256382,0.13022723640316514,-0.8328912848212047,0.964313087015057,1.1218090691567417,1.731202787319512,-0.868655946943586,-0.6865061248537087,0.38094149884223744,-2.1109920669955726,0.6120019815698695,0.36357064233363295,2.310187079598455,-0.9550387238160791,-1.7589814986249124,-0.01942318341154947,0.2642771355401741,0.5583893387728434,0.03686419031405998,0.07834939729294067,0.8275487863716384,0.993180653044201,0.5193525769638376,-0.02692338319987904,0.2102863009364652,0.9884254291502267,-0.8191451394653053,0.47140912268299356,-0.09532641694524999,-0.9502640182508808,-0.14850785049317547,-0.7348707012399195,0.13417270424358482,0.24364791567497857
sample_303,-0.30291090777157187,0.8641131898526739,1.1306705378928301,-0.789785898164976,-1.4411724679910536,1.0405637559320098,2.274517129108683,1.2007806157626977,-0.22919134437717942,0.12775347355111355,-0.32681633456687753,1.5562233301653687,1.6800784820319938,-0.10871241250678144,-1.1801344928068982,1.0094788777552426,-1.194666879324124,0.9171607946627118,-1.147765220653521,0.08423863147992952,0.04737367125311593,-0.9935011653779222,-0.664284642909996,1.1220327054954586,-0.7405884951706582,0.4115324941305812,-0.651221422575657,-0.17531572611810423,1.8504432647741904,0.08064194051308703,1.236158643722689,0.9750727051303585,0.8370780844699456,1.023694166429634,0.27970376497415433,1.023706253271227,0.7914509798060737,0.9980838229963729,0.686598209372167,0.20851656774484853,-0.3660471328279424,0.39564815453402946,0.08054540399880124,-0.18861884161216905,-0.32722793157313623,-0.42411363108825645,0.5049139790832707,0.629808850792523,0.8998313824767576,0.06395352852164417
sample_304,0.1954396612740894,0.3151636384505917,-0.12745889051117448,0.33768124791164955,0.5164062807626766,-0.5043748571768789,-1.3318877463024648,1.5354668243453367,-0.9726493886803662,0.7735497897939717,0.10691668173121023,0.06997520560081756,-0.0044190002210913884,0.10455145979152763,1.8098274145247948,1.442592111735792,0.7764500452911718,-0.10584508282152404,-0.7628652628980037,-0.4863066950776382,0.8160117967173328,-0.2642365748385975,0.6546179308869714,0.5713787348466152,1.0437949527683446,-0.1304728068026052,0.14675763421404003,-0.042710055174351245,1.503863460108312,0.004931997544318038,0.18413679222178322,-0.2655310282556868,-0.7710190599403768,1.9911714133579244,-0.9795817713092165,1.5906582744159017,0.9452862362596004,-0.708250278132891,0.807472009262912,0.738922641192719,-1.6385167610292597,-0.15025715501468329,0.426602152058545,-0.36906783285183803,1.5045968555714428,-2.0782699747148023,-0.8198960145939563,-0.3878342443055313,-1.203563916895598,-0.963530422330054
sample_305,0.23975672221604763,2.042648047733531,-0.2872390799697654,0.22790181630735112,-0.8598024749355642,-0.933289002018732,0.15661790224224195,-1.1136553401827245,0.833353149428553,0.9471084519191981,2.226028297533676,-0.8676619722005776,-0.5616811664013576,-1.1627532962621523,0.24408822185544435,0.8400210362724595,0.292267022263086,0.2680820690756943,0.8562638886480101,-0.7169452136024906,0.3405066253162305,-0.42856600429398845,-0.3261696736791581,1.2108668797303637,-0.125389786769694,1.2711899127466286,2.1919092486406098,0.45247410926005893,0.2806920669296145,2.3046775152751,2.093944833933584,-0.0060236862506581985,1.5204247690843962,0.7984927619239014,-0.40518771192491015,1.7841722305886516,0.6136532520020231,0.6288829275715129,-1.682185802487112,0.15626068419505795,0.41673805741506387,-0.6060726283848703,0.1293953145481425,-0.29328619990860016,-2.176355168410131,1.1384835975092857,1.7553445182975147,-0.5150513622830845,-0.7384421136062614,-0.14319457550120138
sample_306,-0.672501839170429,0.40255314332426134,-1.9387679404368003,0.4726278142549651,-1.4176058812599173,-2.786773389390561,-1.8614985019263894,-1.033696635988198,-1.06277537803826,-0.16826442204930175,0.40505550859019746,-0.7784318530213713,-0.33621145319697904,0.09697624024650649,0.06317614069560322,1.3030610267415215,0.27095498275559166,-0.3003868215042908,-1.071955565376872,0.20877900635903604,-0.5246052211319095,-0.3334943279117339,1.8242655941249695,1.3422122074748508,1.1252894563848628,-1.8516478380795902,0.46060392935012157,-1.104603412844962,-0.47258755500324046,-0.6764687509697819,0.4298644931090241,1.7468116137947978,-0.5403249579061966,0.6816251530277505,0.05518752665490449,-0.023758244801087736,-0.6311230909721588,-2.5230882539047665,0.42941021252210587,1.3309239373487864,-0.9072226128860746,-0.22288172308232637,-0.610163959150312,-0.09049317488037814,-0.3908649572741993,1.823691162037816,0.2504029756700353,0.60309044850263,0.6527135658270222,-1.4768503120787704
sample_307,-0.7169849278222631,1.63882730626292,1.5490578687853525,-1.3357120472732684,-0.6855498108633553,-0.45188180179826193,1.4182519216382912,0.16796886117293192,0.7837368540796702,-0.9267120092796111,0.2515215181397198,0.1266904820361615,-0.3066135155886533,0.536063414019289,-0.061925689358055515,1.1932732881159613,1.5501714283286516,-1.7963828678647422,-1.8505076502408238,-0.02323676728172751,-0.23455995636286228,-1.1428977053295823,2.3038890548123825,0.28781814130659955,2.009739032370316,1.9887657371611915,-0.13724825413662253,2.5960502232794846,0.3748364864353628,-1.0282166592994906,-0.5244725690557313,2.3957292283225096,0.5991768271519948,0.0947017131960554,-0.008884040161135169,-0.2063673532917385,0.20214080421919065,-2.28574200596751,0.6013064747285632,-0.6386406015052748,1.2215941854953416,0.13451269170528296,0.3371624662078515,0.8399497390763152,-0.21494021281096734,-0.848663810858959,-0.3928852277679997,0.8982162302314438,-0.32841903684234236,0.46855194984131027
sample_308,-1.082589614925896,-0.648869565057749,-1.7162388606780974,0.5504871281709179,0.4936500144891459,1.6550976967532938,1.354404768870224,-1.1605286481798338,-1.0309525648406022,-0.05434715878403928,0.23413242877653903,0.9951453442083527,0.7484821363254197,-1.6008773642209368,-1.1296660686396751,-0.22627074811064687,-0.9950474669547129,1.5342224980983032,-1.8853537956131912,-0.10304580905067608,0.1683061797012753,2.0029214237095387,0.1436277847713317,-0.2563830293549239,0.0452962425611387,0.2954590611716602,0.3411170360327865,-1.4280342256355534,0.8382684799308388,-0.3995718865950742,-0.35903758975004013,0.7351898071822502,-0.13565183881707582,0.12219444684975277,-1.762272869682107,-0.35549571614719594,-0.19132820047645066,-0.6393557010455626,-0.07452353807997279,1.09780662401264,-0.11041219748462842,-0.33997640408303814,-0.5372514989700665,-0.9977809408820529,0.16588080429271432,-0.4633299537195317,-1.395214545831843,-1.314277890057596,-0.20608685740829086,-0.6657344669207997
sample_309,0.9097266468724904,-0.7915536557855777,0.8478800454622307,1.8901458314016135,-0.5012767033356157,0.943971665184474,-1.7656216357999108,-0.6351321814511341,0.2752598293947097,0.29082525806584014,1.397311817577026,-0.7797380978081278,0.40539936057925824,0.994744681861007,-0.03741923807327884,0.18445236713270222,-0.026451364450876803,0.23590341484807634,-1.357440332621001,-0.4467005663174612,0.641963437285684,-2.298995242392024,-0.7575228615336943,-0.6801596681945807,-0.20489553331446564,-0.5448179591924688,0.7006946677497312,-1.4838352854925552,-0.0018590765319431168,0.006261550770298502,1.2286883406821492,-0.3650381108141702,-0.30540103053792594,0.4886105020332724,-0.19699685098449055,1.2550614553570025,0.5604226579785875,-0.011110804528294636,-1.2526733315580518,-1.1862130344694666,-0.003099738284446363,-0.7339912700678849,-0.7086947580614477,-0.7799497627386005,0.3064723490117199,0.12511613464942514,1.1607297010262692,0.912058590789941,-0.12984793339632517,-0.7606208827183418
sample_310,-0.11996896796410354,0.5677092418558809,1.431466839177046,0.9022398985396537,-1.06401931169254,0.8179601200428355,0.2510961109794057,0.7916458352626389,0.3980910580157206,-2.559847139436984,-0.8399112163413178,0.06170896197101721,-0.03394231876032849,0.5068419206543502,1.4897211098517738,-0.577075921117299,-0.5079661865446212,1.0065769269990563,0.4913215830701772,-0.8765509960531335,-0.4669957559710413,-0.5225998315782372,1.0198093779332058,-0.25884066791435567,-1.9182842280678871,0.5307036242714254,1.5190034081294548,-0.7852836344547456,1.6323627753883951,-1.2568803705701317,-0.2907195818347577,-1.5373532024613226,1.9588525783639312,-0.10714217734679819,0.7820048932684841,0.10516091528475864,-1.0853683358274457,0.6114719232841622,1.2372770739681804,-0.2579569162180029,-1.4633530634380365,-1.4522705017719268,-0.7971400280354,0.602058399626688,-0.9682210239220634,-0.808999689303753,-0.15535125364619368,-0.5182655390576171,0.07936404326022684,-2.349633546932312
sample_311,0.2065357032766671,-1.4401008970706914,-0.9662300648806521,-2.1345964673857725,0.4092283555934245,-0.0257752990318063,0.18762229733933,1.509576124696167,0.5386881781018839,0.7658664409515745,0.47624234570036494,0.8832665487783683,-0.1955125348635675,1.1941202015720531,-0.3327835423538205,0.17277345314907064,-1.1691483505464553,2.1673286875975752,0.5608672880836216,-1.2314344613386414,1.193229727070008,0.6849270992764852,2.339263650224303,-0.514447407133087,0.8100623214592565,1.8233270724295212,-0.872085493816419,1.5473730351185817,-1.079674752929117,-0.31014433754520737,-0.33561913415236877,-0.53118705842341,0.7242694244612324,0.49200475288620804,-0.12635225153113275,-1.3963612715648335,-0.2115677842257359,3.031377401073799,-1.0100721942527626,1.5738874522006507,-0.7809810741632967,0.2138276794937311,0.6654598566974125,-0.46366727304060923,0.013003179602936638,0.13643979673019305,-0.019897969797374872,-0.2013802990410376,0.5177084984698054,0.6048837377217996
sample_312,2.3265650554083637,1.2113832116676857,0.8066714897586827,-1.1990562244190688,1.6294551025144517,0.6457035986712336,0.09224982109283661,-1.379043283364611,1.0658486450026359,1.4239540462868359,0.05992359275420839,0.566350391628156,-0.28493584903526037,-0.20587166331464316,-0.5049450471652699,-0.9379202537176002,-0.7946055448427833,-0.7113375276743833,-0.45927896996219203,-0.35285790554078084,0.3826554633140036,-0.9661075300270446,0.5746151892818253,-0.30316928597020093,-0.9709657589136038,-0.5619097681986105,0.19362924328068146,-0.6344441432006044,0.13268605100340553,-0.5528674059131474,0.1743618639899109,0.3312865155591824,0.20607838548796137,-0.1599106870003104,1.4722152115225116,-0.21422356198229925,-0.13339425744610447,-0.8564107359603603,0.3379455215846788,0.9017568483168223,0.9290644408310502,0.19388115907272163,-0.6620055151220198,1.251511998326347,1.443889741731539,0.8370168851018654,2.1354931058976834,-1.1217497714207973,-0.010528076716871686,0.8509297026389332
sample_313,0.20837565980601022,-0.2521960394233233,0.7190357363186394,0.27719583730128383,0.24137514447542813,0.3076869982598323,-0.7759419520122228,-0.6426253583661596,0.47188903543944305,0.122455963607973,0.34088670539439486,-0.23998682010933337,0.48524407609238185,-0.7611372515241616,-0.46372121870694916,1.9519806137707185,1.5317144583451743,-0.3147411619794427,0.23984199519084368,0.8026176661470202,-1.3851241844826097,1.7261197784903806,1.5096202925430005,0.7707095342040872,-0.20329874635710746,-0.4094955845776017,0.10399362720950325,1.2043406013512097,0.12489128699212818,-0.12623968254523318,-0.03768810923357933,0.7486242025210077,-1.402045741579771,-1.2117941527865237,0.6348852125565971,-1.3454412739828787,-1.1392082924385778,0.869339941090848,-0.6836561665247333,0.7307107965669511,-2.6503772399764993,0.38883065486481994,-0.4100022170238478,-1.1660999762658668,-0.9171627409817555,-0.1787696430636137,0.9720457594701266,-0.7242564778677874,-0.2146098962815075,0.8182403196153762
sample_314,-0.7942505324119309,0.4291128141309317,-0.9241297548402496,-1.067157732051825,0.6302781347586921,0.1381115091188554,-1.3921295396951618,-0.8653665739792753,0.33797554923546974,-0.4116316916059349,-0.7578419968194614,0.22470775687521125,-0.4568936496335401,1.0417802541869405,1.894235303053832,0.19671974319205954,0.09784674501243223,1.7634554772417426,0.7048724224588243,2.308379218901236,-0.2303742462166382,1.3679960336463644,-0.049266693566738066,0.239861492391834,-0.9438565733013479,-0.014313620510358714,1.1854144986014836,0.6859495298529156,-0.04100378805347716,0.215751169848021,1.2387796599067256,2.9392097919444122,-0.4624440746931406,2.2497456657958987,-2.273556486292268,1.3708403149517037,-1.972642228357408,-0.5867676187086421,-0.8290663185121789,-1.1680307852993876,-0.4600115987905212,-0.01757469077058565,-1.0999421027790208,1.1319069278585105,0.6988784957148653,0.38630614914387096,-0.726436952113712,0.9499372406450737,-2.2078339759784322,1.2272161857612867
sample_315,0.4933195958931036,0.3409563739367217,0.05468440358461646,0.19277516941140768,-1.3768542417468734,1.6268161008712467,0.6717912546136846,-0.0035946110723025382,0.04370889013474575,1.0802982003684798,0.6248100308374269,0.6580188654391359,0.2253105653204065,1.4961939745990847,-2.7330233403268496,1.8134220839676358,1.199091561634589,0.1252202238147984,-1.5652961891903403,0.18839202218358614,0.7215517900714485,0.3026358289367536,0.446039746201872,-0.6665857975722331,-0.29090059989026357,0.5190707386182033,1.0859028511238196,2.4528355240122255,0.19552830317017317,-1.8774898364715074,0.14706888187936282,0.2487829513085767,-2.197045851612343,0.48029648950928977,-0.25979143481892764,-0.9356297700244927,-0.7179061109849181,-0.3887517436520065,-1.487339315888209,1.2257599648289708,-0.0008985996199408414,-1.377009695020726,-0.5271215615817135,-1.0314822642019656,-0.49194596308863714,-0.8823792034308398,0.24636108362641831,-0.0019677593378758093,-0.7388844490622547,1.1205094696649165
sample_316,1.070517503549439,0.1565675238507811,-0.6232387309459678,0.821507122039494,1.6805183717266001,-0.3345096845780378,-2.161941865553422,-0.48623549660589616,0.2417620061004711,-1.19136443316618,0.24665170728376928,-2.469346104896965,0.27716103348097193,0.4909592549061868,-0.4528017823484463,-0.9410353490415474,-1.2793350092080182,0.4540457895425555,-0.23746757969763985,0.9376665432349578,-0.33460394630053086,0.12415876799693376,0.40815835711851517,-0.8317593330157239,-1.280113918191308,-0.20250589949459713,0.5141972109413963,1.979031576666649,0.6941757799478732,1.0709792974794128,-0.3019997413581622,0.00015546294238534962,1.4514975457692632,-0.1495666543780832,0.30132836297280224,-0.9550034498949539,-0.7057203562703699,0.5940876998360521,0.21072304856606838,1.5027612457047883,0.7794690242415848,0.13015548233033677,1.4927912260997305,-1.106434792089803,0.8299408958252555,0.8876683195912731,0.3705908855486086,-0.01674729741164603,-0.626786630356385,-1.5615018197655244
sample_317,0.2078677624515265,0.04137627163596761,0.4805939946613886,-0.3004944576335866,-0.3349202908972684,1.3393044037166173,-0.48191282615269404,2.1251333989014327,0.31307606694598783,-0.15847122822798765,0.5656000882400747,0.4857281286292804,0.983843839548574,-0.3611213074164259,-0.4386430384667485,0.37070777425701845,-0.02466519052907545,2.8227364248469367,-1.776687324267118,-0.8041306136510931,1.0956276842430304,0.20705278117786008,-1.5832676489649737,1.4181225521344285,-2.413279184051773,-0.22648949968634186,0.531391703599186,1.4718533285855253,0.4763020305411686,0.12899459289693432,1.3576599743308961,0.3728223134513368,-0.6345326135863563,0.48436788658061186,1.1661834861147609,1.8169791055020732,-0.1544058343012424,0.15050447903685876,0.07783546758888514,2.3496249729459966,-0.33850744903749197,-0.12660116041189529,0.3717595947421321,0.19312127317670927,0.5784796629404474,0.23384255149276104,0.1727127659929379,-0.4216152899354571,-2.7980611853138297,1.0034628957983232
sample_318,-0.9996560579158569,-0.7458731741852652,1.663620250336673,-0.9585412423837897,0.4901731413164309,0.184030343865682,-0.8622131617715023,1.807743832989005,0.7697880296587434,0.03994791914973108,0.6495250654110328,-1.667538927883504,0.6618920282615889,-0.621669520866276,0.9570761440289828,1.3573272571017667,-0.49998952097847776,1.1282544237112253,2.9664884158245846,-0.027652822467736107,0.48647654543380314,2.4193548427995495,-1.6281405064586043,0.19399606432364042,-1.1901041836865278,0.6786055523239062,-0.5309026616933571,1.0693691765061788,0.9511348833163463,-1.048212417069148,-1.6847754572484837,-0.3942851501832195,0.8950828533300367,-1.0874009596059524,0.6845551779442581,-0.667815149270583,0.3403287669509011,0.7324937114303497,-0.21000102458920297,1.2951141569494324,-0.07180799834533094,0.7132684050591902,0.052282915997613894,0.6696537947758999,1.0796007176173885,-0.23932586561870858,0.7981685942581797,0.6852777003111841,0.3556187487724878,-1.488159330856036
sample_319,0.16854216968925587,-0.08597647600610309,-0.658197729919372,0.0778983186112323,0.020816424227721803,0.3714710080885782,-0.18910088312230933,-0.19471497269054588,0.34501837107304767,-1.2764393645708239,-0.3678020864927973,0.2761964597777714,-0.9806150206153933,0.9386368447798012,0.330954511478789,1.8241944664123475,1.5885938323831743,-0.11485006521769525,-0.23988743895687303,0.41514449086396654,2.8200925007764766,0.4092161762077878,-0.3326741424976641,0.43325196685684664,-0.5288536748973207,-0.16184884744432815,0.8589345243446517,-0.5458540686555926,0.21597646882107854,-0.06974609020414715,-0.4767936942168633,1.4884792355724552,-0.05227061589858001,0.21321442908370938,0.9904221243651867,1.0136377485338288,-1.4707255457197452,-1.2091944698273895,-0.7604797708614768,2.07000539580799,0.04101974833345222,0.942539298708391,-0.541690481968989,-0.2995979447749593,2.0993387545065962,0.31452479355128354,-0.8359915268533665,0.3160680112613635,0.9789009454309613,0.2542936672908558
sample_320,-1.0503951471132793,1.2864067489429376,-0.6944201764866049,-0.16473220885908907,-0.3197613616187838,1.3665710453285624,0.7001698012496328,0.8875609921485749,-0.5977111581267479,1.2975843235418785,-1.1665754744459738,0.6220150193552136,-0.3554675366602218,0.5403961902544971,0.1826331217626306,-1.3825866816198245,-0.963060587189624,-2.505742517679963,-0.23949694131781213,-0.10511104409157852,0.869111655124021,1.0270114236497543,-0.30524870870092213,0.660488037778547,-0.6759385476888623,1.4624442435056837,-1.1205990773549122,-0.5694765722908566,0.9443556349973805,0.156760576055576,1.1650028144839844,-0.9535045037025853,2.260223395728898,0.49513177907779266,0.09266841181038174,0.4288433185086786,0.23673721138594384,0.7643717058351321,0.04255765087757271,-1.3109348924466164,1.5298056549487866,0.02697150720039264,-0.5869180897307387,-0.5553244180068021,2.2986142145429476,-2.1279538405687473,0.9400377701531161,1.7755811735734146,0.23739542061503008,-0.08085883037139573
sample_321,0.2924417252506784,0.8510480177249096,-0.19756281780434176,0.30663064209087587,1.1433563332593666,-0.17889015382771592,0.4281217368183401,-0.7683594693524913,2.187146269358268,0.8412689064246718,-0.035133891803721486,-0.6661838931061581,-0.4125283136986019,-1.3321428841925906,0.1295238798513934,-1.031120761555418,0.18129127825240465,-0.7623307801111062,0.785231402450779,-1.6035812640159528,-0.13350448181757177,0.40713019419354746,-0.504086259929997,0.589721225857959,0.3961628719425874,0.9164675601415109,0.39241742016365067,-1.1507210755209958,-0.04684436166506065,0.42762021412877166,0.5331127770158284,0.27076680642594386,0.6812571030054274,-0.3980798054042538,-0.6184488052381775,1.2126539709329014,-0.5106657079097887,-0.7142088114195982,-0.41531069860710235,-1.8447579274998975,2.4723047522967603,1.3250682051755045,-0.977143511041609,1.2664751482815542,0.8205862878827639,0.10270363790163042,-0.937410126877425,0.18837614418249066,-0.8739206043878212,-0.38910260585468154
sample_322,-0.9268148780334909,0.966618565882873,-1.5606189483975073,0.29067148816285837,0.11494387142269398,-0.7723760871668736,2.1723463527688187,-0.10950055245216626,-0.10798422113763582,-1.1029224112949172,0.5272644869135523,-0.9334149252332351,-0.3828107442922691,-1.8149363374199132,-0.526021925139444,0.47857297246146413,-0.12835969790251575,0.18584506026232495,-1.0368942635101788,-0.889634151082749,1.6216649300494426,0.4995535249623123,-0.23924401209952378,-0.4252190147385211,-0.012081226861634735,-0.35000309511364047,0.7879171512916754,-1.5468645064294844,0.8310071882349458,0.5354226793050716,0.8087013459611821,-0.6951132757972791,-0.03351297804410969,0.15167194442754425,-0.7549983284260467,0.6294333952786026,-0.4962597000426608,0.4427819957819964,0.5913285570703173,-0.6609714652962291,-0.6909011141596734,-0.22103725205396316,-0.08558395590848376,2.7176566576697057,-1.0279485035664129,0.22726669655194973,-0.7593569617698441,-1.6871205577618844,0.9206288731716139,1.0156122106356098
sample_323,-0.1478155682395341,-0.6059907504788218,-0.8406583467990063,-0.9392122014547214,-0.017079062000704907,-0.4772172871016289,-1.1634851135289535,-1.5440011471510855,2.613133999269303,0.6474915433799504,-0.7976656918965855,-0.47339425216702635,1.3021658792913011,-0.5123417378235459,0.13660098391288136,-0.12356998076537155,0.13651057426564167,-0.3319118847360286,0.29288638367683384,0.8458443668221558,0.3479758588962399,0.24849694202067119,1.593101471350005,1.2423777496181831,1.3109667844617592,1.1770754269851922,-0.8685220108425915,-0.17270924763032441,-1.2033206626567716,1.4348205403086405,-0.635651400110468,0.39846273172656504,-1.6573435199421502,-0.8384987830102282,1.0279303836657583,1.2607906617649765,-0.5482712693737827,1.0420288844269645,-0.8258563751689488,-0.2834702498688358,0.9149589632424425,0.4013072410487665,0.49007884655276873,-0.1111671288693281,1.6540376714428204,1.1012761759280438,-0.6171725792880619,0.1429093678958984,-0.2685835810206504,-1.2126433324655002
sample_324,1.02758605191441,-1.298051872182173,-1.2053309757249417,-1.438289327164674,-1.0438319946204586,-1.0043516392153864,1.9473925728480999,0.19626908380718877,0.417538959258273,0.7638687700706758,0.996230584485634,0.06655857317181124,0.7308645084335789,0.6523765154428766,-1.2599138036043325,-0.09008995034680549,-1.2990867983109866,-0.40470897663581373,-1.3673984507993378,-0.38301922789316245,-0.15991503625254644,-0.41737299318586235,0.31294514553865804,0.022203356818236444,1.1305404506086405,1.2057870625692029,-0.0446830671390951,0.04277734208888,0.5182950324941079,-1.640066564077092,0.8586894428656151,0.5903921208769775,-0.37881825164856087,0.9703308450545219,-0.8387059272086043,-1.561984668488645,-1.1173132781845139,-1.036938082583642,-2.159926606052946,0.1126250699905688,-0.4771219176523171,-0.6133384549391819,1.6059809333254187,0.8439612734620815,0.4992251412811835,0.2558164015205518,-0.7044263422518967,-0.5687751246218086,0.8772970285844182,-0.9452516389695436
sample_325,-2.5249681362351133,-0.2731417945468882,-0.6516467028171647,0.09182551801774341,-0.7928957326811313,0.15776462288092755,1.9120650528194008,0.07096235907313102,0.40057320929701895,0.49972108142003785,1.462920117546794,0.5444518215612327,0.626993991893832,0.1597507424185092,-1.0711794438130176,-0.10762850646902815,-1.056320749411059,-1.7727702392642715,0.8188380985498463,0.1575761216203878,-0.17096178188181094,0.5481154387435163,1.1315442235059674,-1.6945560596161457,0.1056064552476518,-1.808497932552657,0.698539489852296,-0.20720098814500304,0.47400016798821926,-1.5064463428127606,-0.23015817072077183,-0.05217021610225019,-1.0352451752597216,-0.6341788530732617,-1.122283169050694,-1.8115256587660145,-1.7666397974538726,-2.155052544457936,-0.9164207077585697,1.7309220415810878,0.42443679154119823,0.3527448781618188,0.056895850002799994,-1.2067144899275024,-1.075587852881631,0.782800640542815,-0.5970780769815918,0.016565682344612264,-0.11809096639121702,-0.3898972735220856
sample_326,-0.5117461919142348,0.25031219020623174,-0.7324422494525146,0.20095496291029347,-0.21887120550668454,0.5447599320327083,-1.8185679164450523,0.8213974479827436,0.9489580643807072,1.083619837202907,-1.173473203367027,-0.5892887908999874,-0.04496302566140975,0.029351614613301245,0.08537931923187576,0.07731582973817099,0.21613859760685708,-0.922299474247762,0.46597650759282755,-0.4147348435590971,-0.03943744172508155,-0.11930530617814862,0.811064568568355,-0.5077827484693331,-0.40613709674988807,-1.4935066079314425,-0.036204126878178915,-0.5264350923278782,0.6138084378740962,-1.883167981853822,-0.12408694059154897,-0.8779289685397782,0.04570560320552248,0.13024310542371592,1.2836078944231362,-1.9137722567933744,-1.209522532845798,0.3846720561114498,-0.16083248409781703,-0.6740388118772899,-0.22077584188863525,0.7211868380457953,0.9610888538423233,-1.530994978139002,0.4422226417010246,0.7591108019967712,0.3748179171287677,1.5586075076351984,0.9754090888895022,0.8361089586913341
sample_327,-0.49873200542494134,-0.7553450305368083,-0.1481207983931551,0.27030820424398644,1.0264245005950217,0.5271300215876693,-0.05270034194640181,-0.22711943463403578,2.098341673342877,0.2683837486833573,-0.10056124682714968,-1.417761578583772,0.9791400289157954,0.872177325487203,-1.8945233587120256,-0.5426322715712169,1.1254494617415356,-1.3406880073508936,-1.103998292811522,-0.28671859580066356,-0.17647158236321747,0.692974576182528,0.4010356958087345,0.7209369078504737,-0.17099121416286295,0.5656551515842805,1.3587970111043144,1.171523811807418,0.7758508617935381,-0.9001783776226752,-0.945429066943335,1.0867839182522792,-0.2900188587638337,-2.0487110153736627,-1.8009569707411888,-0.2872603798847792,0.0027307419782849735,1.817094676497585,-2.319977473141172,-1.5738539809845016,-0.8056938241397192,1.1451802300585407,-0.5479030545208935,0.6366170552729518,0.1433507356200552,0.15677700839331524,0.5343683857238528,0.33504727321799654,-0.13191665064083297,-1.18346460339482
sample_328,2.8870438774407337,-0.08103688187558249,0.8976523880739745,0.24174610750687792,-0.5623716912553506,-1.4297627718183399,-0.14452585741367127,0.2300602738484763,-0.002845158538978976,-0.5928132057170736,0.4867494111584452,0.20616809624639654,0.3759107192023676,1.5734018829732836,0.514867678606212,-0.9996649431937894,-0.5998258948251994,0.9362256406725982,-0.9221468632751306,0.4396254131134634,0.3989978799711356,-0.29604985304742687,0.672753600250118,2.1836740874997345,0.11445196848470238,0.18394647182435903,-0.13072729364275854,1.1640236249244633,-0.6237282318715287,-0.7295226240865159,-0.5942892300825043,0.6350838060609412,-0.31426452940632715,-0.01700360990732029,0.7983127687180102,-1.202425072924392,-0.019078536755716684,0.9147944899227551,0.15158767595161476,0.39917842370099255,0.383755477747374,-2.057285844908508,-0.10338787176286003,-1.1991640404250468,-1.9753333990747661,0.18150634883409653,0.7700033732127217,-1.2932581522922768,-0.8339422720430398,0.6349095057862725
sample_329,-0.9173593240190018,-0.4633863300823073,-1.1567624220900685,0.7059733209704212,1.3249087109009978,1.3633248599656291,2.4011609660056448,1.3135239717253417,1.1336488663129256,-0.8338281776618345,-0.6645045408177087,0.17687159843749567,-1.5518550185990707,0.531591299076075,-2.2201586427483666,0.9927858776285152,-0.5400122942381385,0.15533782302528223,-0.301948252116626,-0.8655485837839118,1.4519439029200103,-0.5896522473680171,1.7126769869214327,0.31404387675861545,0.03600168218263566,-0.32553855418112454,-1.2259329520141449,-0.14097642894869092,0.7588069348925339,0.18660800496994986,-1.1607853115034616,-0.9482566469268309,-0.5534477353337588,-0.1772072611894434,-0.3118223079048473,0.4885421904699898,0.983989399790605,-0.1619515773971449,-0.8747298292015153,0.5087361395704358,-1.8864221636811094,1.1174618169530506,0.049288254939078076,-2.53299433553243,-0.22277165131598362,0.6481750431916111,1.143754686375747,0.5919909783306766,0.9326188263753028,0.3072591242922703
sample_330,0.3364562086673872,0.7540670381360266,0.6642575291115075,-1.690207725480852,-0.5557816983229377,-0.2655656737766318,1.3246937106444072,1.1581969146236533,0.721949752899553,-0.30558596838431934,-0.28907606406854874,-0.207576043738038,0.45224919924827583,0.331396069888916,-0.15339099726414399,0.45690936147442257,0.7123100515813794,0.8932019693655314,-0.7409927598504867,-1.85052999847614,-2.1191601304232344,-0.8276401481534451,0.05992841435052773,0.3323712080787417,0.10216414656864867,-0.6354435010762055,-1.603278731159514,-1.6982042118589074,-1.6117972745755642,0.17698944872314704,-0.11292255782748341,-2.036965954683603,1.944927181659375,0.8049286894139418,-0.8610174735186932,-0.06666165311070921,-0.018576218949679917,0.6409800614666193,-1.1878939066464431,0.8117935586487169,-0.38764912813753344,1.4568228116273385,-0.4872857947327057,0.7373137070137056,0.7308161462792186,0.5118588849722192,-2.115476345439103,0.7178834965128139,-0.2581199662238674,-0.2192153465925251
sample_331,0.19381035722949905,0.6935038146134168,1.0733108281856902,1.762398196230485,0.15720118048050719,0.37987483535992156,0.4070196707380506,-0.2987053734999559,1.1242053086272548,2.5228348782295678,-0.7459481552853789,0.9734361173749961,0.12390987216675378,0.7123635198507642,0.6740272509271278,-0.23962745578597536,0.8622926048411975,-0.3278124658869905,-0.34302501556937554,2.119634418149003,-0.5064664303951982,0.8780912823982877,0.7280286757651346,1.0743043740892935,-0.15526765099501988,1.1410142787817927,-0.5383690015162563,-0.633988899391037,-0.1787722607297674,1.314844000241589,0.5916390749973812,-0.5680422679963089,-0.45033445489311946,-0.42634228707963606,1.1747040524928076,0.2744028381192673,2.6832786844462126,-0.2742254902181115,-0.985314461844913,0.25804121093308785,0.6766285870854647,1.026773092126965,-0.5897085382376214,-0.051905370125213755,1.4787999806348175,0.47585677980129354,-0.39981574006162995,0.8397995112717536,0.9206332061461988,1.9004219686368475
sample_332,-0.21293346282932155,-2.922714913698503,-0.5486131624953249,-0.2687615230572616,0.5321641735240673,-1.0742055414926266,-1.1763113384420714,-0.6539434405127269,1.1857282124046873,-0.4844104788762282,-0.642016499649062,-0.60800047273612,-1.1386298969136701,0.06928032544799603,-1.2132090970204552,-0.8101513337075651,0.3647374885363606,-2.7830012717101953,0.6259896076720903,-0.05924981260351094,0.8555387300167199,-0.22086930516568473,0.8047244882888099,1.2147041440265167,0.4855201055382828,-0.7627119231643343,-0.08365190990799538,-0.9553564531896781,0.7042157660754634,-0.8569238318014843,0.6515890432305583,-0.9170729000042321,-1.5154369771551885,-0.06066283891463205,-0.40163663128602756,1.0239282410865542,-0.6439728095061212,0.28962887076770244,-0.9983006877305849,-0.3705605462983386,1.4569823962957795,0.552871525357799,-0.3378214663430287,0.4110028432587711,0.2431240413277889,0.36166901811293406,-1.5267641973286066,0.3205765626710148,-0.17978027084593667,0.17162783806247647
sample_333,0.7739196383722922,0.01705501715746201,-0.8456026711241474,1.4452869611680026,-1.8946661042620156,1.9703892137665804,1.8100174997419276,0.16073036320753958,0.21327391903512816,0.28564835076179385,-2.614349723262417,0.9909794913292782,-0.7802772530788374,-1.0423576910327053,-1.6413285926176915,-0.9472651970411531,0.5774586625624011,1.0411965687647162,0.7496763730738485,-0.962766649769858,-0.011294489175667468,0.45844877194733114,-0.4350090971625521,-0.8499947161183307,-1.9976626776054944,-0.6423849210442519,-0.9043728727930831,-0.05001353611859663,1.5727759516804989,-0.37633556612769387,0.17715226924509317,-1.2260327864187033,0.8349637436130909,-0.22851655537944543,0.18911980156717012,0.2751244714943962,-0.19151572805755399,-1.7692547884060128,0.8129865836061148,1.8117817672739076,-0.4591599085507045,1.790861912422208,0.41602550954335643,-0.9649346119348142,-1.1187286568547652,-1.7011673432403076,0.655843783419373,0.7357598990025063,-0.890090987656889,-0.030484262584347974
sample_334,1.5435160527852012,1.8068633780195402,0.3307410446480154,-1.0900537501084293,1.24916977995371,1.8200109819589683,-0.1362557032664479,1.684932802404073,0.445524730147556,0.15316246838516973,1.5780295202111214,-1.4927851763914428,1.19544808356214,0.10586813725797085,0.8754627739127353,-0.6871754056386224,-0.14379607530048671,0.1427499776982427,1.2249606793475416,0.8632817326810112,-0.5811504064007759,0.5825836624945091,0.015520253696272378,-0.5511002573196733,-1.024203449428512,0.3866047746755511,0.26862988076473665,0.32740511984175624,-0.3988738799885225,1.053780510500608,-0.6190709827772832,0.17916416086955694,-2.20285703690092,-1.9431381992970564,0.06434893682938048,-1.6026407845844997,-1.190881646771857,1.3678758741139476,0.06941135364225122,-0.35527947410246197,1.6614434762941912,0.4298900330021651,-0.9492935969089753,1.3166840488918954,-0.09252892306900778,1.5063624247232388,-0.8026661661914067,-1.4179197241124224,1.4907537019530603,0.11397326249627132
sample_335,0.8872746897479905,0.7644840487709597,-1.0694727580874543,0.26582016188963703,-1.8377395866851198,0.30977893571633575,0.9773630960187096,-0.7986860068310313,0.16243676747844438,-1.2439366491742656,0.5419568224578102,1.4156715385744483,0.10837605585664424,0.7776700607062867,0.3651578606073914,-0.026749300863666232,-0.34647929608732875,1.6837398219570228,0.9977788132454442,-1.8942875150165885,-0.5254421719768575,1.1556119592946041,-0.7449805778669193,-0.06389005639221562,0.32498706535736976,-0.7050946196261169,-0.6600834789409963,0.3029922538448776,0.6954394288939113,-0.3652526135340739,-0.38620988103733617,-0.18067066384587716,1.189508635560362,0.41629780684078344,-0.31179247856843867,-0.8880022001973595,2.527667115761704,-0.5207335422794113,-0.7728952703782482,0.5919703341727152,0.030571212635607886,-0.8343006364907473,-0.25219324853978514,-0.3905947661049873,0.04306945676155754,-0.2871126991514356,-0.6136563304952986,-0.18594186927042772,-2.430699083428254,-0.7521737653488676
sample_336,1.5600539254448356,1.1252330590100177,0.7146531994274493,-0.6168802472076688,1.0627907998817945,-0.2592393325040089,1.31118259341769,1.0571036313473248,0.47801336575628667,-0.10262997989364138,0.24352955330015552,0.6643110580439483,1.8013954092782658,-2.381421846296287,0.23956962294292597,0.4773095035489489,1.8010404938691247,-0.5277833344511697,0.4896372710570557,-1.0511056921325865,-0.8071150089836596,-0.8181478512940823,-0.8276493847932881,0.011432313116649617,-2.7738039831873675,0.29560959400214437,-2.3028301604120465,0.04816402211027416,-0.6194350939307139,-0.934850672595435,-0.8291316673966185,0.4539515232865719,0.29492004313187237,-1.5307582948684346,-0.07365678663898478,-0.9198219385692387,1.863837748111478,-0.7417422397595329,1.2112041513718759,-0.6454167083862197,-0.6690487373149493,-0.09056323436485693,-0.3508351067686352,-0.8160017701445139,-1.711988851024929,0.7761516210409294,1.429096204941169,-0.4782230144599682,-0.1561999272140753,-0.6828915524096747
sample_337,-1.0069252889593618,0.4168893591267722,-1.375878274475314,2.265630036109076,-0.4775811104644885,-0.17360933230056347,1.1454216162659145,0.7734813547929686,1.1057740601611064,0.7466755917027567,1.5293335251988531,-0.8930521990604128,2.2353955975953914,1.156139218174867,0.04805564425281482,1.2632790214846488,0.8365430125121026,0.4796719048327457,0.5116955961739971,-0.6113081450938835,1.3580703366174485,0.41192524804194536,0.28257495257033205,1.4043964172241257,1.3392939118284666,-0.891901090049369,1.6099203690882316,-0.8635446428657841,1.2755892615611746,-0.9264521889982327,0.4904684950101507,-0.18813693996592165,0.94984124883011,1.0082872564185914,2.085158723354036,-0.7444826178464664,0.5561181523720369,-2.142402232594828,-0.07071951653129036,-0.6441152806757722,0.9992370105550965,0.41936048544225163,-0.018265012881769994,-0.5590928523160285,2.673710767960982,0.19703329191202695,-2.079894518583759,1.5038263672025092,0.9202547964258727,0.8176870411682411
sample_338,0.061688002950443785,-0.12145142349872433,-0.3233614471991361,-0.7749676450582308,-0.28918592280200967,-0.6155055025548145,-0.7709968310029801,-1.4830197720743035,-0.3013036370737499,0.7494122030842298,0.621491104373746,-0.35862311460111657,-0.6574038669693524,-0.24256995874074233,-1.7800700241018084,0.3446171562332127,-0.17342872817982816,0.5206554665608414,0.9025854668076023,-0.5748979220948597,-0.2561324285139091,1.6956162696545187,-1.3225773356604913,0.6009833213678673,-0.22157580084031459,0.4281654194369475,-0.884018893327148,2.093574816173952,0.5046078014262703,-0.913140040268058,-1.2861938118270784,-0.5471141344085724,1.0067711700624447,0.10349380822936029,-0.9974500449858841,0.25236217328439353,-0.6622763790375241,0.16828665688753772,-0.06894766307874342,-0.6358455447569629,-0.4728754987443045,-1.0025008964673057,0.8097503970004029,-0.20536562154799767,-2.069018547480252,-0.2377242892963581,-0.9263766937913654,-1.7693949528016082,-0.6736828644833514,0.40326538781426197
sample_339,-0.8938493068762703,-1.205978897550597,0.6055608190702373,0.5738248296279934,0.3942739526492561,-1.2955028819829455,-0.0032653957104074784,-0.85068075093137,-0.11251272778937602,-0.7507738286063745,-1.1903451503645381,1.1653892393363132,0.20539415141970177,1.608548719506798,1.963244210027657,-0.9981964097822559,1.1362043849910048,-0.1664293423091359,0.2744131083875648,-1.9696790807845328,0.6296363450629463,0.319727138356291,-1.8836275522347914,-0.02749912709560803,-0.03277254354780078,1.1968880767607386,1.4378828979095435,-0.38999752357039125,-0.5879992870922341,1.626182405371218,0.5337086600954766,0.041553909876557556,0.6258603306002589,0.611764228278942,-0.8721945195635042,-1.8853791118376062,1.410405185486536,-0.8853407976371367,0.19793329699696685,-1.0612733854648388,0.026945313864475715,-1.0957065752283404,-0.767114402245301,-0.7739677706250051,-0.7061768327552169,-1.3277139525262691,-0.558818002062768,-0.15076203234846602,-0.27234789416874117,-1.1263686082239457
sample_340,-0.1521581556351645,-0.35580568583459515,-0.6111685172633554,0.63670760463713,-1.36811728729279,-0.15558945691050396,2.488481779044379,1.0430354765697023,1.1559543582274603,-0.03759260339496292,1.5755480454842328,-0.8448559966300683,-0.7361631507562811,1.357131012227538,-0.39486304988362564,0.5489607622215885,-0.2122471653285326,0.38501643294024307,-0.28467388900928525,-0.5161497596235013,-1.1374509412636693,0.7560896087787923,0.25117011349688406,2.127813597530859,-2.126005042384376,-1.0754028308085575,-0.12989751760381585,-0.3695059825071944,-0.093000714234677,1.4608545300003617,0.8967290910383641,-1.1622879296955417,-0.050536516921731396,-0.22895359528570167,-0.002828639354469375,0.670228945714995,-0.03060569778307446,-2.1285924068034965,0.22985461668291546,0.948814647963684,-0.7096599186005302,-0.12087879858302135,0.7155859370444834,1.0057825356262167,0.6604389791110915,-1.3154136310868347,-1.0311055555266648,-0.6613867661492218,0.881367420932458,2.1776774329681126
sample_341,0.5562538447907054,0.46014714088387715,1.674689420215869,0.09207567084144527,-1.0002434581010504,0.80096747643427,-1.951139430561234,-0.9123050177342006,-0.9854848105114808,0.10141039531996832,-0.23337976550954342,-1.5701755957346117,0.7884370511787653,-0.7808313549563783,1.1977521586608342,-0.35552399559513675,-0.7187651101750288,-0.9138031210115453,-0.16651170159154258,0.32109133082240116,-0.23367218991002126,2.203101526218794,2.003278603757629,-0.7361506235009901,0.8139692077320737,-1.176268276429374,-1.439902313486145,0.3131386077607032,0.7623175089271603,-2.459237461413253,0.14052320520324962,-0.6922161196510975,-2.406483551110913,1.2601981708026588,-0.4510788313330899,-0.37572021150666496,-0.987048583027742,-0.4696835531225594,-0.3934830493824503,0.4096413795780852,-0.7931239752522902,0.9524277016143831,2.1401480484484594,-0.6944819952156729,-0.4802545558840741,-0.46352074127020165,1.6521015485933919,-0.33506997370604746,0.5843010098021131,1.6490063937357193
sample_342,-0.6906749182928271,-1.3633583857291405,-0.9582324991460545,-0.30580399841144307,-1.6537484711939359,0.35661072970446345,0.5637452966393393,-0.1597568852118254,-0.813151240507095,0.35420284509098293,-0.11160637761942824,-0.6185606540525531,-0.8578332379208522,2.2837953242843545,0.3287757306292837,0.09341405017448699,0.4475000664243468,-0.9820412732712863,-0.9577404652373575,1.1986181530416997,-0.3861431214428137,-1.3194211600458279,-1.2494259454645877,1.9363554853862266,0.7877304641388758,0.7637041976587768,-2.2827053404897097,0.24856303862065426,-1.2188267549748835,0.6099268705371251,1.1574165424863911,-1.4161500358765313,0.5150566766083637,0.4614935522938041,0.06579257565788318,-0.024974665278662277,-1.7681491464455896,-1.5262459803648338,3.1811960979437877,1.3714864732884189,0.16890618155665332,0.32857861611575534,-1.3858409163878467,-0.8895793529057536,0.7388031862728467,-0.5134370412614914,-0.6950879370858759,0.8300373804751568,1.5210271164756601,0.574285698172017
sample_343,1.7258390152068497,-0.09870991590324113,0.9657582647295807,-2.429675227532632,-0.059642139157584616,1.4438640093951798,-2.0767831658976945,-1.5185697462309615,-0.0968317068561975,-0.1625028407575608,-1.0164821299411582,0.7632180237585434,0.5512615886448577,0.8906576493871348,0.03825444186047334,0.9627555336662788,2.013084724017021,1.9100447064301969,0.8872658068413705,0.8434848185931375,-0.4729537785539164,1.3610328276649106,0.45901950222021526,-0.46281482484933356,-1.0303248915242025,-0.08308750170601652,0.9751713330043802,1.028906324712312,-0.03261944856889902,-0.3359062789862889,1.0437523506213766,1.602757202059534,-2.2782624064836017,-0.36636035866336036,0.3158768429166968,0.06926218091769594,-0.2359771261068237,2.063403425509174,0.47620337294535164,-0.48596330097441676,0.8859698163769464,-0.018107795545639634,0.2617741639291583,-1.5631237058086784,0.8005479276156238,-0.6171547046408179,-0.48823175117726575,0.3012530451234966,0.19724334355902703,0.5434543460256401
sample_344,0.2658952966594263,1.7667100611883726,-1.5901924761936572,0.4486216005046007,0.669047051356453,-1.242510020398989,-2.120146457861401,-1.254231604212453,0.6257871053781481,-0.45013844749929743,-1.6962988339294653,0.05348471213824667,-0.138225410022614,-0.5076281296747026,-0.28702631787290317,1.1073110563820774,0.015265702653245932,0.1395562738693876,-1.3177727377776625,-0.3867811902836927,1.666798145461505,-0.8496030749222395,-1.2221876173920883,-0.4061670933258322,2.4289901644375713,1.2769879925614556,-0.577254625690607,-1.987329125551248,-1.7057309527496118,-0.6764596267217189,-0.40441343693355736,1.366172973058937,0.35998295787414225,0.5302094681753023,-0.05393556707977483,-0.6495577783822228,0.6512902197948064,-0.03662925778916259,0.23126478189329083,-0.6654709242870882,-1.7304838724669842,0.5250862083717684,1.6925508511738987,0.7860275083012247,-0.04025336508554769,-0.4136249851283066,0.013118130088375595,-0.19558792409103062,0.3383430502672253,2.0758418365619575
sample_345,0.9933524021290311,-0.8164424004986609,-0.23018800995302355,-0.5065530680535819,1.030664600025206,0.12064560681069991,-0.32438616479281235,-1.889532975410223,1.3661959421098184,-0.1932031559718479,1.5432574306891143,-0.6747522729032535,-0.09801345349327338,-1.4932910569679352,0.43227291553173,0.7238365179770535,-1.046982924065875,2.18270241773537,-0.8451749710243637,-0.1274655507341646,0.2109046817939977,-0.4784041445039751,-0.20624877611976652,-0.8512832501271165,0.4988569507159917,-1.034214997605308,-0.2856964723027152,-0.3419105009703697,0.5777052602004497,0.8396458529863985,0.5434555427883929,-0.03486648630670574,0.4398582870586911,0.5097874807847206,1.1983823164883987,0.163128580537817,-1.5113868940349235,-1.2707898486829652,-0.47906230156885804,-0.4918272574046423,1.4539069408456653,0.20308988357444233,-1.4791176289868266,-0.4966608507964305,0.4153220570226895,2.484176544758882,-0.271482147107794,0.2777241101647271,0.9468224342512962,-1.5432772793222633
sample_346,1.0250824839724895,0.8530061249093491,1.2319241854339933,0.8482171222464083,2.3757488507897095,-1.2666531627003057,-1.497114327822403,-1.0388691013535556,1.6663917134537378,1.2229618949858108,-0.7114015131428073,-0.7746311820135314,-0.18242550037333602,0.12544341032562528,0.1682233080016868,2.8000614735488045,0.13670478630308172,0.11491000766785212,0.20051044104727433,0.2259364838077074,0.13758930933431693,0.11924196748926952,-0.8615061209746274,-1.4124119148179373,0.07873933532242257,1.5324459402513606,-0.6843988670887411,1.6391855272163176,0.22216314877649557,-0.7853943586143275,1.0031576567589129,0.3559264290697699,1.4965693630615713,1.4245802374587713,0.3301316309821884,-0.5295238650527699,0.2744831324054432,0.6676217517270003,0.8342524858447412,1.0826025085621183,-0.6778718341076923,-0.13418688163488984,-0.8448141270613481,1.9001547574647761,1.0307032907595972,1.9975136151179216,0.06839100072499464,-0.8795786929186832,-1.3890413877389365,0.9255874580124505
sample_347,-1.3130860309759582,-1.749216749585603,-0.7949197143879941,1.3695035804440576,-0.9779957396389125,-0.6478975126430084,0.08997152032073664,0.18590664980587993,0.07538160355032465,1.1258609749891142,1.248029067671722,0.4101769624342822,-0.5284129522514274,0.4777792619553432,-2.392992414335591,0.6526169106184848,0.09544394965700283,-0.6695625651016639,-0.05809795927052268,-2.2221481032531685,-1.435262050460763,-2.5593712863110243,-0.8498065286242668,0.31123089592016223,-0.17497878654950824,-0.5894228033212745,-0.1250995762926114,-0.25354017827552966,-0.7208478794186752,-1.241673172872682,0.05834878615832728,-0.4688511095674148,-1.2228950507470322,0.6527149326074057,0.07160244329493022,0.022497834204743886,0.2964222122442798,2.018737248013092,1.5359292780827913,-0.4437858471533187,0.4101897911501907,-0.4734487359326268,1.3167148151449672,-0.3922874185069444,1.3193788780484441,-0.611346057545559,-0.3660112038819557,-1.3258198024653816,1.524071243707268,-0.31751654463076184
sample_348,0.3713191745704035,-1.290612786005206,0.2679876774576288,1.7009008354424073,0.17732721076395946,0.4651785096661896,-0.2319684390325723,-1.250146181323833,-1.6003604857420617,-1.1380183090871971,0.044236287154698704,-1.1960122912462536,1.6400733672648748,-1.9943905097710863,-0.03310826139965683,1.0031470136795708,-0.3632829580040027,1.432095942995071,-1.3834748673685866,0.8582530285353447,-1.828800259244666,0.5156520625854645,0.05554063572059569,-0.15342624501703872,-1.0956916986303948,-1.778807754882217,-0.6666330444961522,0.656446204734062,-0.31791880217519763,2.1775383375965296,-0.459821353538164,1.916918237206766,-0.6052765136332611,0.1393156573362487,-0.6625265449618667,-1.967150227755315,-0.3598436258157183,0.4525212387923684,-1.0074113830443368,-0.05227950582656886,-0.7944624229307876,-0.36498436552208,0.5182735167937409,0.02143776133866896,0.18850591470587524,-1.5824732102172934,0.5627670950468637,-0.0980990708407217,0.44899535548901764,1.22310210411525
sample_349,-1.4066233633382668,0.9492630791365078,-0.35267260146693846,0.9763796385293798,-1.0564372727789482,-1.0087161865706442,0.3070227511474305,0.28300328707428185,0.8530947308481241,-1.2319469736533095,1.2507573682269595,0.7102422533085093,-0.3000560173809169,-0.14853138884402176,-0.8068169488451052,0.31789497854720716,-0.007721340311030796,-0.7888486008688425,1.421288903445126,-1.1819596765216696,0.6959894059980913,0.29328494631341395,0.18470461859372028,-1.1844574666146284,0.5334544744333234,1.470799706103339,1.4903890789632845,-0.8404107471133572,1.7903616306242391,-0.24485859135693733,-0.13924187884874678,0.3628398288168103,-0.7389392713728671,0.4057328900778991,0.23640028725059395,0.14217230005154038,-1.0640289445780555,1.14357512731072,-1.5973136491376674,0.06629872837583008,0.5782541543979032,0.026007391889665988,0.16793963133135664,-0.66586422750874,0.3336924198587471,-1.5587003685216279,-2.024771574976152,0.2409676105026982,0.13249591510225137,0.47836159587901794
sample_350,-1.6390009546620294,-0.1789760811965854,0.5814079452524601,1.715478184397787,-0.060107550374845706,0.5900740282849716,-0.35089624278731146,0.17251190561825408,1.0498669112279813,-1.0904696867765529,1.0543097463158515,-0.10584645946488506,-1.3368720928306992,1.399021650931344,1.2552713472781853,-0.1597683258684227,-1.1435453123923247,1.304136178164671,-0.44593181427653783,-0.1797538448710866,0.030251800281740477,1.922979110123406,0.5563998456229559,0.3442089764783668,0.44285754309654846,-0.1278916876172081,-0.0005313942055355057,0.10358720626743256,1.5101022166472977,0.3743264645774845,1.8447359543596247,1.1651747503573464,0.6799229303991428,0.20208556464878025,0.5659470861045451,-0.6840755064026166,0.518354655680062,-0.9133935898254185,1.1076254849076694,-0.6953361553263455,-1.7049897460819248,-0.9962214042154868,1.6918233997235785,0.26980374175013105,-1.1735796019255558,0.09983516554408867,-0.4948440845416503,0.6193033288412683,0.4341041044577213,-0.5847666492601442
sample_351,1.8618359200737957,-0.8072739570858495,-0.4829963177869322,0.9358534896762807,1.7875456514280206,-0.02932923099537809,-0.28046808159802955,-0.9568058542837083,-0.3878268971125513,-0.18211896013897838,0.24142207791455464,0.6459702914691983,-0.9709734026837729,0.57094848643678,0.535098046900979,-1.3018689415769056,-1.2535033460304368,-1.0368744060062278,-0.03044616861209461,-0.9103556606813386,-0.7881821171294437,1.3045776599447847,0.48350485952598743,0.2565753969240195,-0.5767027993863555,-0.014349374810214416,0.6843104979293513,0.05008021288198604,1.8124371676529287,0.72324034483388,0.6610217429259964,-1.774696299909568,-0.6973450204402595,-1.474801449024427,0.8439183556828935,-0.920255526506756,-0.6276354979173664,0.39483187224196775,0.08703217668385893,-0.9800612805134753,0.602191219472888,0.22355450548739045,0.1901651572530484,-1.3135142934604516,0.17168162676390586,-2.3347107485976184,0.566594567165667,1.433358304512766,-0.0637280393197866,-1.0988703400224802
sample_352,-1.6398850760058339,-0.1884199637760062,-0.6162649725218586,-1.5664563940992484,0.9400159309879162,-0.8491848803912915,-1.5059338094122177,1.7341918073874136,-0.4580930281465602,-0.5219706318992416,1.276346812504285,0.3420865050109503,-0.704492915864932,0.7607660720326743,0.8460049682225107,-0.8173280117591519,0.4272181594388504,0.2609807109507417,-0.719922256061831,-2.8211908130316314,0.6927266089307343,-1.7523731555611197,-0.3223249471322052,0.16850446361481675,-0.44013014758723207,-1.6667493209292705,-1.192659257625277,1.413687732246033,0.4057930575655596,-0.05728163712643909,1.1359609284890881,-1.3362705356815139,-0.39352457022194426,-0.7898451304413703,-1.279351006553715,0.025077429978839615,-0.004444797542333629,-1.3452209354089772,-0.844299215070696,0.5557526457457878,0.018592111234179236,0.6131580862174083,-0.2593038633128617,-0.9390937604146431,-0.24918262486674855,0.46298864488123187,-0.9980459285635939,-0.10184097570399415,-1.0440494042256012,-0.08787291591984579
sample_353,-0.0977132326312647,-0.5077060056351614,0.4177345389502315,0.5818175559047188,-0.7966188088436265,0.39392748231196856,2.0792103183256807,0.0933318654518152,-0.29172916715185415,-0.5914761141706298,-0.8475351305009018,0.580742804116794,2.079026711538269,0.6205502168190977,0.1676092996732941,0.16238912331144661,-0.2574514261896101,-1.0974180137634955,0.8095797849054865,0.03786874524589511,0.5595493083926538,1.161680074659911,0.8337990125076034,0.4727387061549684,-0.6614776768388624,0.048865117445058504,0.8249705145768476,-0.3420340084981601,-0.3653955605190833,0.7826466038221178,-0.3216243808901604,0.23844819610572163,0.5986975577406449,1.7442522639047002,-0.5462073693285421,0.707585393554976,-0.041381336680861705,0.7805485819763494,0.6337193578227921,1.0307533201582981,-1.518420327376182,0.80241529420631,0.15904813101477083,-1.1385891487981143,-1.1467681077845666,0.8193714935429175,0.444017665539247,1.2144346074813908,-0.5849765869358963,1.849958610136032
sample_354,-0.6886068396029563,1.8384784418066786,-1.1363436557617386,-0.8399415227139648,-1.8024189925588816,1.36104626713269,-0.028317593523158782,0.3017092283028165,-0.3212383886975821,2.160031311819447,1.4921597209847755,-1.0038694722792392,0.49502076604905443,-0.49177120365500876,0.9374072888244193,0.23687502218790502,-2.327771545717825,1.5857915788269743,0.2765093581511081,0.9202778113992409,-1.0246617665003162,1.3743463256070043,-0.3756611216481033,-0.17674326355530567,-0.6139852936276124,2.5903937438207234,-0.4758575174119492,-0.38756126274577907,-0.33569822204180855,0.05777256618587211,-0.489382379214126,-1.4402256180683424,-0.19895053964241638,-0.17328147782498865,-0.26585559800448877,1.267295888783922,0.5411906201355363,-0.5529207787362237,0.5300356979547695,-0.9897410267432997,-0.8897677390372967,-0.10687096825872858,-0.4351205742661364,-0.24623144105952546,-0.1393457285245885,0.7998141559622031,-2.1733905543994,0.7868497726683663,-1.1356940496574413,0.7453983045834235
sample_355,-1.610148810576714,1.104530082611702,0.19181259148258642,0.4633190613904201,1.4229878324811023,1.8505212603645664,1.973916902341244,0.17193268898629924,-0.7000699980437843,-0.909779315100571,-0.8467637820209036,1.546356368449218,0.6942987331947554,1.5754903491287708,-0.24351063223518332,-0.8704514768894536,-0.22053038292217855,0.5349578953651153,-0.0515286070376828,0.6305459662433807,-1.1147014671235678,0.6786119127107081,1.388715017045984,0.44299868894919303,0.39843667715703246,1.4444823146253976,-2.2277527438481464,0.5963523926578984,-0.665294169330719,0.06049606322011594,-0.8405019166832951,1.4737392068713218,1.3117507660808672,0.19696413469839916,-1.7436879761450181,-0.20488713509329526,-0.9347969370341748,0.31688397582385514,-0.7389573061248437,0.5218452359061151,1.0043072069223706,0.5613440493490817,-0.9054054831435973,0.36707174120439956,0.1444091429091331,0.43773305367770193,0.04084838586725789,0.5166414549635368,-1.684560710020802,0.5310750564770044
sample_356,0.8549748826405733,0.19338009947750648,1.7874339384838516,0.7820727302188754,-0.19415392578117463,0.9432241041115026,0.9243656412283886,0.2579383686478767,-2.331139055079362,-1.1614228489458625,0.9349031087299668,-0.6934236442907271,-0.5303754299992768,-0.7508590493750048,-0.9729714442136618,0.5853417320892554,0.7188976450286348,0.5344292767035175,-0.13859833567429097,-0.07642937284099165,-1.8408711162751488,-0.02856536235206235,0.08601041073551248,-0.5500675553381742,0.5958117795823678,-1.5199938438361276,-0.4645599585618996,-0.772860345873875,-1.3127100244725645,-0.7805322491463804,0.9527769160342883,2.8152848759253932,-0.25339550121994375,1.5692638543747823,-1.0113837573349043,-0.21724227484408698,0.8365787131916913,-0.9434036352410036,-1.1912613851845901,-1.7394858819509256,-0.827791095557325,-1.9231170484125553,0.04888697650339538,-0.39982162439145297,1.8081233468839406,-0.2998714671937537,0.6397213725013863,1.3052976355677046,-0.13039720530494472,-1.2499194264398288
sample_357,0.16014635699938143,0.004833850009162362,-0.6149718558959791,-0.7656788393507846,0.732485589530751,-1.0787555235323687,-0.5246680760958412,0.43738236246139434,-0.029517435665515773,0.27823934282048085,-0.920384297964283,0.6270717917710659,2.6218686029580787,0.3650239060250665,0.456033730486586,1.474035655162778,1.632138784085768,0.5651891785023423,0.4146632345675244,0.0021990517102691235,0.704446357986663,-0.7944598730610443,0.6712266145501246,-0.3549099285158145,-1.474214191277292,-0.5197513976790368,1.3798491302005427,-0.44754491229718657,0.8413121061257277,1.215081597660928,0.43808758220230753,-0.0673937307916269,-0.9004809068681598,-0.2556592184245281,0.17330297424022373,0.2733713923783281,-1.3436191363228736,0.47121037589600795,-1.5052474562784324,-0.3214020737845795,0.48317048691960723,1.0431994608514386,0.0015424841384711705,2.656343592189846,-0.43855854964859425,-0.5878384359942299,1.0936907449569717,-0.3332825269911296,1.5684110867519594,-1.756266482474419
sample_358,1.305189126502396,0.6171109802805178,0.5241906936201229,0.687555614466486,0.32635411233330225,0.9363388137214197,1.0669714287641199,-0.38196029492442773,-0.09080838923044812,-0.4011951211149321,0.5997066218407038,0.4922090323496026,-1.6064891142765232,-1.0053752220688403,-1.2186492645810898,-0.3927803649378101,0.7175192626244492,0.3811485662672106,-0.15711957134224666,1.8140172942230615,2.0905080332042565,-1.7320962512095397,-0.7203362063098917,0.5636203416542731,-0.45988295361341297,0.3293015366147977,1.3572974184912896,0.14971408242103174,0.9377101147648222,-2.1564241299708304,1.1383875723824437,1.0566787752033382,-0.07562047726492821,0.3162916251493768,0.49281644302097,0.8014752096624519,0.7073538756598434,-0.1498178696328225,0.27060999071770203,-1.8748709566204427,1.8253193693872598,-0.8950215539418804,0.8322448889109342,-1.4353965177426977,-2.30869420778753,-1.1482966441726745,-0.5167939220217703,-0.9055309218499699,-0.43414061209220445,-1.2628148437661582
sample_359,-1.0850156130872484,-0.38878313970886313,-0.13614719391821523,0.30881837059791306,1.3310027217629063,-1.165501028456067,1.020163292775698,0.6622137497020821,0.7311125529530192,0.8321089397568622,0.8345006665249617,0.17035625200169865,-1.0099153487854549,1.3592429529552317,1.2958517134755891,1.6552377171670265,-0.6513741512144533,0.5822964027924787,-1.6353760378419628,0.8985495828203305,-1.6556924287788333,-0.1531992479423614,1.2262424979048392,0.14829059214563883,-0.3782914391975759,0.1670780004625593,1.9799072235277801,-1.3454552355067415,0.32468626762408936,-0.0927445938747569,-0.7884874106133264,-0.037806686860297,2.245921563418535,-1.0043839906307714,-1.1467367013983027,0.05481148992848251,-0.8330629431728249,0.38691119322981793,-0.5743277184094571,-1.7988122870615693,0.0076426458813426785,-0.2847312962564645,-1.465895061163012,0.5804974711621045,-0.4976779251249983,0.7886334395150927,0.01511874970848111,0.29641219235058064,-2.044765559737656,0.682757918964695
sample_360,0.596086643712844,-0.017501045391502094,-0.31124416726798165,1.608245403925631,0.8056479073019569,0.6538870707740416,-0.5369842073221758,2.8112235850088845,-0.2780663233048848,-1.5115288616506133,-0.23301637385494936,0.5730335951813723,-0.40030463144078476,2.4130820381973983,1.3657317823596364,-0.29569248408699916,0.024842901182812436,0.3701716928042236,-0.19506023425891333,1.2114571314040135,-0.019546233394821328,-0.4212949829813685,1.3840889794790023,-0.3254966682327112,-0.18503086330030025,-0.6542580590222788,0.5910812260854575,1.3920424680442334,-0.6130183817013278,-0.5727147216130256,0.47814000825265035,-0.4163453882506042,1.2182504133893843,-1.2666392207241646,0.15041743256208992,-1.223249845188077,-0.2869408353730035,0.611140104379588,-0.4646607508955222,-1.267176118836937,0.005233317697880206,0.9362301114235266,-1.5680096233924137,-1.0930210379158458,-0.8285024878514945,0.20299263874546183,2.035910066843524,0.7779260014924257,1.8084236923710897,1.1869600506962372
sample_361,0.9415145014035613,1.0264840235546973,0.011934808791433927,0.3387284487288509,1.2037310262965084,-0.7347472141184067,-0.5677509685696216,-0.13651023392320882,1.2965143180667198,2.4894664521095002,-1.0488422140168552,0.16928187580990006,0.5338115732057039,-0.2939045379398794,-0.29940364924842827,-0.009851553210857133,-0.041241412108058276,0.44293511629378757,0.5028096801683977,0.5198140505647199,0.6973051268005401,-0.16436150235982058,1.3259258107528713,0.7361199840686152,0.3953497164730396,1.0920459608996296,0.4317381081939594,-0.285900731014277,-1.253653137287369,-0.25511726743583035,0.3424961845663111,-0.40999015491204543,-0.8137329631143966,0.8735311905173908,-0.2352016840229661,-0.9099667246500714,-0.033734350024105235,-1.992484464752443,-0.10225149590014834,0.12355771016348539,1.6486861249539382,1.22061243222787,-1.4058628515168998,0.7034792233493669,0.3256672495630307,1.6367258809552454,-0.9971944313378511,-0.6073058228360992,-1.0446440718568042,0.03694691017948295
sample_362,2.2425942005169146,0.9159564725589615,-0.18406663536575427,0.931435232368458,1.2942611017452355,-1.3345403908234745,0.5931015540654127,0.2938879100401935,0.8076096980580331,1.5214467833965142,-0.5034496584971068,-0.6702335462520932,-1.836580479243349,-0.05721047410218056,1.2368746574762692,-0.24894776550028233,1.2664105454995098,-1.465054277893763,0.5890875358603663,0.4996787043606347,-0.3497604108665834,0.21494914764725276,0.47418106996524745,-0.24829437509938784,0.5935581111631218,1.3144029177388032,1.3059489815319638,-0.5087444410453631,0.04022930213868134,0.34398606181845,-0.12366163789069404,0.5213792473742679,0.22374628380431857,-1.0610107482245925,-0.4682952851492489,0.8080120719825151,-1.3354626491984047,1.1224139985320523,0.07790622036012192,0.07870155371952084,0.23184954967003374,0.2705174482404463,-1.110467329119291,-0.13984941094366282,0.8840504546464983,-0.507643466242676,-0.5815121605481285,0.296585813129205,0.7606996814971504,-0.5172301184779897
sample_363,-2.2084450490948133,-0.23130757162893548,-0.522883897199223,-1.6511975918819155,1.4871194500774623,-0.6218430397287983,0.7419725023130772,2.0176331682502924,0.8635799556871756,-0.6976261755646403,0.1896049119437297,-0.28345847569806176,-0.23853261575098478,-1.640648717073144,-0.6814799150526412,0.9632521177145593,-1.215061089348155,0.4612457021440104,0.8143557503356232,-1.1926690171576515,1.6639580736616517,-0.034097979492171054,-1.2896702599628336,-0.4815236887579001,-1.829536672116859,0.6766018856877152,-0.6844776665454981,-0.793461692673673,-0.7006741281603804,1.0719039987235983,-0.9357865930234284,-0.502383984815705,1.4546297163270745,0.43421369572992397,1.7122865326920824,0.04928996886210281,1.5468796885405696,-1.7757511429135877,-0.32964376614106583,-0.8750876134069906,0.8574632221578646,0.5979536103522963,-1.0212113467386468,-0.3592191713249522,0.35993166308031943,0.07420733561772534,-0.4729700656778208,-1.444971464620277,-1.7851724756194147,0.3706472334351095
sample_364,-0.447489581344818,-1.1253866737748632,-0.6662352736220243,-0.2762697551336372,-0.16639132235915544,-0.04769847786555409,1.2380493849668162,-1.4187162581020911,0.14807446607110952,-1.0020801859876547,-0.020162352644882937,-1.5611469716165647,-0.8937461201389275,-1.0110890873043898,-0.714878237021002,2.79895277377674,-0.33683568279393294,1.1275434847350843,0.6021230671057496,0.43194178906082864,-0.052106746589817406,0.5735985998472284,-0.31220021021931305,0.12235542673808736,0.3364805176475058,-0.6069681778161874,0.6142938705955115,-0.3832719709231574,0.4233352310117071,0.9744154920138157,0.9519748792263363,1.1973743179840333,-0.29175870595014125,-1.616030423857531,2.851851755683258,-0.048494277201332286,-0.26189915943824044,0.8440682087290182,0.44087380946192034,-0.2519575150448759,0.40931590155316305,-0.05213658808509712,1.3896150162036207,-1.543385915496935,-0.6395972853714728,0.20142158820268413,-0.2847326993164136,-1.6593877086038058,-1.2096899556864962,0.6647930188753011
sample_365,1.5995590509098967,0.43909574737368035,0.09050717994658466,1.8827073039572089,1.3155737140213293,-1.532047391930827,0.8910970385052435,-0.5661122977184361,0.8400053969105439,-0.11374211423239215,-1.2167588066690633,0.548794888233181,0.5596764479508121,3.025331874447503,-1.2942634612919577,-0.9655040352306772,0.12131126705893637,0.9168420535977913,-0.6518896846505151,-1.046893596079082,0.11299188943448005,0.41537338217636416,-1.03802246592459,-0.38014958581134817,-0.6687419204011332,0.3458499385812372,0.808742359278832,-0.53126987629252,0.23100309097722388,0.3945745055450447,-1.528018250942897,0.12968860123327483,0.37133576864527573,2.3437865544963397,1.9250986923432711,0.6784232207968293,0.035421872867276286,-2.1917102875546624,-1.9064904173973833,1.9064151789672437,-0.9556492089306645,1.359494414003845,2.112267925664121,-1.0353114832119898,0.5147646058211498,0.8289853234547583,0.5457877684990934,-1.243061595803337,1.0912271924926253,1.2149146855714472
sample_366,-1.2675402051097269,0.1747973031296674,0.4339104673672499,-0.6986427791066472,-0.9900983709833999,-1.3385734733011028,1.8185979060773825,-1.726630737592104,0.4348799826782251,0.1384393886630226,-0.1819773950945886,-0.6811397791010082,0.446758109176078,0.12423528858644511,1.3436094299461088,-1.3425023760465458,0.35526289363871294,0.5548377242086873,0.24921630957373472,-1.4357001770640578,-0.6717587694608064,1.0841130533872367,-0.9983743510111885,-1.8079583696458479,-0.28723822720819414,0.537265661000728,2.1292339886880507,-1.1211831168355255,-1.1015105391797462,0.7614519607211928,-0.4533475375142037,2.09686497715872,-0.028784017290287636,-0.15456547897598866,-2.157245058766384,-1.1835971020702016,-0.6201299549629853,0.8765272140077188,-0.48108971006843976,-0.18756914399051072,-0.8189539955276944,1.2630254889119403,-0.5473587603621088,-0.6610108547492977,-0.7243793111781821,-1.8058933821109064,-0.6455961967703046,1.6758463302040274,0.9746269488224446,-0.9040588330644981
sample_367,-0.041116007616392704,-0.030782674952891713,1.652908270061361,-0.3419481522151189,-0.2972910961982973,0.12065604681216933,-0.8082316804840614,0.23175241118114043,-0.3895373105132227,0.688475395284689,0.49124353489621436,0.056304378521551575,-2.4243202733834974,0.46512863108151176,-0.02237752193030903,-0.08653882189887788,2.1001919463139576,-0.2471879958159979,-0.1414972405500355,-0.5018241056948276,1.0288900122422782,1.1583259918528066,-0.596317183639164,0.5362621066180647,0.018021946053062916,2.207923392093822,-0.3994553659680267,-1.0456608400060217,2.1614704222099865,-1.001795191450037,1.3017234569360396,0.651086158090144,-0.2001033866904634,-0.6833934695773684,0.8048554441150485,0.031796299541539286,-1.1475822700737286,1.7623738614691933,-2.2805198780436933,0.5244643823081723,-0.9014594308903617,0.5941314060965208,0.7286529422133426,1.5097106255489872,-0.026313215733510777,-0.9210057840747541,-0.8344376599569144,-0.31631107161795924,-0.22158864946724785,0.2995842847489097
sample_368,-0.379403016900722,-1.017738628682117,-0.19428157991434392,1.2645677791459546,0.6056716956786274,-1.347310088884188,-1.7182065600355119,-0.5184130720437605,-0.6218825342604671,-1.0034735065874247,0.9302848596015334,-0.24915138549383153,-0.45193999681954505,-0.9113069384573182,0.4348313683135709,0.9792342781873179,-1.463140814595848,1.791689349064468,-0.18485226927206236,-0.22443046984818157,-1.25396245108654,0.9957291291502856,-0.5594917497382804,0.3572751680628939,0.4152178371194672,0.8026479346705412,0.8300064954982784,-0.35562054229528445,0.881677348938988,1.6555383287403078,0.5230485737827313,-0.45251059811987776,0.4185642209660888,0.24350791485454285,0.10257504600413575,-0.4391431394509318,0.7121576152719773,-0.7617365370094094,-1.8890005454392387,0.07006213217052003,-1.3618035243688094,1.0685924344095672,-1.343676140014067,0.3806305050465302,0.6587361494892645,-1.4026169235779182,-0.41761154973959,0.704761209470597,0.27039640491862477,1.2192103931575595
sample_369,1.0632406834652106,-1.4190564592965023,0.5891097155371093,-1.2364202022671442,-0.714689705714112,0.45048283148899415,-1.3637882561422312,1.040860260755326,-0.627800400228123,0.4410288069344083,1.142991093962468,0.5605257874412257,-0.8381400841965184,-0.1348685290441188,-1.5181757554477597,1.0403950717818815,1.3723652421419115,0.9144193930567397,-0.3619066833285742,0.2449743204477397,-0.6278076927598832,0.010895471155911308,-0.15336817003430187,1.4181448073291518,-1.1327266483906757,-0.15643085987653568,0.4971647910000321,-1.3723465166994842,-0.25629403045993304,0.07234925975115238,0.22182973430199357,1.1059443211622586,-1.484756118880293,-1.319176026732223,-0.4065121328321922,-0.007532130379711375,-0.3529403837791743,-0.8238021883854915,-0.5949154299744138,-0.23899735270904351,-2.34329233573986,-0.6874728376561955,-1.0500194886809666,1.037694959508778,1.824745740602164,-0.8192539628085084,-0.3509323995106752,-0.5535778156797782,-0.9169624901527138,0.033994072512131664
sample_370,-1.285238231929275,0.550097646448501,-2.0312167095740756,1.6986555061815587,1.062074806587189,0.18031687701156637,-2.054386236105245,0.5622566003801047,-0.05768119670628937,0.15352281140493726,1.288638871374288,-1.2133140249672105,-0.7652606876634205,0.3504819034723163,0.6876504125791388,0.13151352755072537,-0.550311178538531,0.7310541410266344,1.8169677884807727,-1.5278816637124835,1.136905765335764,0.49951192272061234,0.2103573208486456,-2.060504314952027,-1.505664926007003,0.01887414076143614,-0.2730922425478196,1.0091103856615908,0.6188988734637394,-0.8922792469710193,-0.49332586626868424,0.7455792137572781,-0.301659428830178,1.9138349078848722,0.4693396367837301,-0.41794970761777644,-1.2400738277202181,0.568393351027726,0.6777827693457914,0.9895843173116341,-0.03479483125940434,-1.498534878593072,1.0917794885972392,2.048368916196869,1.3522741846933093,0.179856081726623,-0.5000413645193265,0.005451158359532404,0.7404180749977884,1.152103449774253
sample_371,-0.028202477402698784,-0.9989537354549417,1.7485340542464594,-1.545507713058422,-0.2401934746217714,-0.18004784523781087,-0.8678632487306184,-0.9629632587295177,-0.300207066167861,0.28325050618839975,0.35659004116329474,1.6212220476202621,-1.285639192735224,-0.7542295878085563,-0.11653972620566813,1.7976473901222842,-2.746039023895555,-0.9887817264332305,0.744288407257381,-1.0570667327756325,-0.48363062567836984,-0.6450454449351705,-1.4575002320299473,-0.25206713092605315,-0.21947124054599107,0.291023190128302,0.8592337393120363,-0.7732409130856062,-0.8534054572583648,0.04101418919611133,-0.8582253027094863,-2.085656891847628,-0.2867195183282971,-0.6468558826128796,0.211027123463849,-1.5475283177726558,-0.78365188234298,-1.239754855749839,-2.716268762305996,-0.4736144696574991,-0.7894660753997476,0.26698329328987164,-0.9129817833777639,0.37101881403334797,-0.33473145491721346,0.5064942929274064,-0.43304279318895694,-0.8730991237767153,-0.8072344272750548,0.30521653824854195
sample_372,0.3012462836518736,-0.7626294503215018,-0.9635295776403666,-1.3713970828112663,0.7518775849577525,-0.16620012881993068,-2.084392875513214,-2.2667347546058987,0.2340089046491352,0.10360503219457078,0.44733734712626233,-1.57740104489366,1.4332898242382377,0.13248977644897758,0.021314372940461963,-0.45950144344176164,1.2002321515306302,-1.7616241022779806,-1.1892773510316428,-0.30032503409507944,1.15100091552088,-1.1430941380552704,1.1666101235130895,-0.3301063297925283,0.42591821267080987,0.384678043911865,0.8986937580112995,-1.4071863256537582,0.6322668777137777,-2.114563673867994,1.4889285844018372,0.1453050140683776,-2.1590785959103798,0.21693977187582253,0.8861460806504379,-1.2091479222356791,0.1598527487016903,-0.15547425648426436,0.6171047872134755,1.5031152647690456,0.5103975259728977,-0.8089104948597171,1.1838315636942598,1.0148296962129488,0.3147026065425725,-1.4718403844822885,-1.897148859583446,0.6756044655268307,-0.7380362299220654,-0.3586100575894152
sample_373,1.42679179295821,-0.500518906502985,0.6729766507500102,-0.02153788114712973,-0.012335589981013915,1.2979275815233147,-0.4774937379955113,-0.9507259435262578,0.20982360428096777,-0.5245646792275144,1.1908283313343568,-1.203588912736925,0.38991902693881497,-1.5302581869689817,0.731574077197687,-0.5227512063824178,-0.5798433557069554,0.6487859807961966,-1.2293687621844427,0.594423237229526,-1.5013082429734177,-0.04988182458701558,-0.04446066290241079,-1.2720683577849408,0.6218597670813915,-1.0903839197442955,-0.5478051102098488,-0.5228153423533263,1.5160619411979808,0.7162033136679263,-0.9482139537493484,-0.14879187490242887,-0.1683693235024698,-0.6317658029891804,1.6857080186386424,0.10582448477985232,-0.32352763363816417,-0.6495960442524277,-0.37621039380099414,-0.8486965625380172,0.5097100520834964,0.46026650674812475,-0.3135123947704778,0.36761106207537875,-0.3030231989979997,1.312912971641231,0.0011642652690460216,-2.045696501157182,-0.18075466207941096,1.3207398858386605
sample_374,-1.1669218273705042,-0.9867761748393211,0.1640219791797855,2.4041346813659414,1.781454180857101,-0.2765047302058925,0.9948670954413558,-1.5456437099757507,-0.4455189414613109,-0.513818439626614,1.4497846038779907,1.1640213795214636,0.20636796747748679,0.6558238465932222,-0.09715997329679804,-0.012886671200471085,0.2902533399208062,0.6312036179208944,0.6180797920479796,-0.14720630577502658,-0.30256898367757823,-0.12622411143004542,0.8918441866869998,0.019510137515439133,1.1230792057875947,0.5988452814095945,1.6267141962212692,-0.01415052842788466,-2.1353618699454926,0.5208932157100903,-1.3426500427281103,-0.8954461156484781,0.19038692074453417,-0.7856765195128684,0.7078217345963969,-0.6343301387698214,-0.6563476288407692,-2.495041208829951,-0.10015792567305154,-0.4947291569144772,-0.9302519166446035,-1.7903006862262563,1.0508404566149996,0.5877928113116537,-0.574920226661199,0.2565406858480752,-0.11878956602925632,0.2746557834779461,0.8413231266327454,-1.1332605097845774
sample_375,0.4447159816559201,-0.13131307984253443,-0.1790925460867865,1.1275416364081974,1.1292263368668125,-0.42987496352000854,-0.776371695527782,1.1424310948966188,0.03192894458289566,-0.7420332122819633,-0.07953683446371651,-0.07993819474585964,0.2093662035573226,0.7217760697067778,0.2742226600791183,-2.5446754817353847,1.9988978975616185,-0.028467320437696952,-0.10555295239767654,0.16500893242109987,-1.992862769899521,0.49409433891422605,-0.05464560702482322,0.7710748454090091,-0.141847313247478,0.35027841165833257,-0.1299490247604695,1.1542879517446765,-0.15242429841613458,-0.5552813264701764,-0.7064057358794672,0.04603207758371774,-2.108321833594217,1.3550297153343331,0.4061302674788404,0.7314756286016487,0.1312547220281844,0.9108274666063437,1.4309409311846604,-1.0614337536736274,-0.17156745730890904,0.175725382284518,-0.4199276257446581,0.4012221417209846,0.9924826458784988,0.7440297083347667,-0.47605912641153736,-0.8675961679724683,-1.1979114910737856,0.9877874309642228
sample_376,0.13703781474558333,-0.9197683579559993,-0.5738538874980319,-0.6198384962237565,1.1062287595458364,-0.27822007134762616,-1.6967061042126508,-1.7659510729051888,0.20076959624463875,-0.2982428216907308,-0.33896587368715786,-0.22380060552567496,-0.6058468894732651,-0.2378822423268451,0.38175772539641334,0.0673558478266915,-0.23420604513951165,0.45734242120196483,0.3936687723408777,-1.1793035834025987,0.095527578195338,-1.328635911534514,2.2091897980951116,1.0869227313887044,0.022757222995788976,0.12465182693341079,0.3855828891630526,0.9789293075342339,-0.30067745392896505,-0.5940273073637151,0.16820524133698384,-1.3523348743405526,1.248871055537277,0.6512886310517214,-0.9377192036153185,-0.376401889577386,1.515815896860882,1.1277468714463603,-0.10794193153322532,-0.1876038736182009,0.8346798345669876,-1.6223988727404155,0.7084740400966791,-0.25951277376842724,-1.3955085407192733,0.13709313042533508,0.40665634191017697,-0.47388300862548516,0.7958808174871482,0.13458596856539026
sample_377,0.31555513009456493,0.9823906446111698,-0.49881532957785074,-0.8509249911502158,-2.5088025038975337,2.779291621143103,0.7397216054031949,0.4759001582549481,0.34050215250041943,-0.49165131318155475,0.4165755112897245,-0.4216057568667752,0.14237044004003835,0.24060242430479573,-0.5305506127302329,1.273758241425524,-0.3114966768573719,2.135435428045812,2.0167228392414005,0.4697811108278485,-0.522075278507293,0.6703050866544426,1.0298549367965264,-1.4184114825789154,0.8586144502986254,-0.5689109299345225,0.0995316232979342,-1.1040508530066295,0.07694708612882886,-2.4739985990760243,2.809920938558139,-1.832826687517387,0.6751949535428615,-0.862671966614865,0.18844159781574926,-0.5504517882262585,0.5555220616616371,0.49287762528302065,0.9955122167800456,-0.7339177019502691,0.3702285377516251,-0.4395180519504979,-0.3319280526864844,0.7204666836504949,1.4873670972592485,-1.273776269687386,0.46711934235754476,-1.1384126416161946,0.4180024285006234,-1.2964095026102487
sample_378,-2.1590220374395415,-1.3603144948412547,0.3991617993123626,-0.5383807816943743,1.7996384152260256,0.07027569201986855,-0.4601680839083963,0.7868813306833747,-0.08883809376024639,-0.2530570968620691,2.2064749513533286,-0.2127953065114599,0.27442366041596855,0.6324781375989403,0.18438008767442715,0.7232856172646589,0.7814598135216518,0.1562062789649021,-0.1099270584443576,1.4694014309695573,-0.4584789524813973,-0.11791900059067352,0.12729977809273824,0.2624690671498548,-0.32841359475188037,-1.070924401163968,1.2233783369635038,0.37436150243284716,0.22873208788513455,0.8745918755029743,1.744674347887586,-0.860519195867023,-0.21653350127191512,0.23221496660165158,0.8546692375694163,-2.738756833313229,0.842389903493607,-0.18833562989949645,-1.359182037672722,-0.8063607298043438,1.4733415444900047,2.16310791822291,-0.16501999427734534,0.01514102128340277,-1.6697979059551893,0.19370411155679057,-1.8074203784808722,2.2638674910954313,-1.0258912337784698,0.6051545475750681
sample_379,0.060134951401256735,-0.5453988728550889,-2.3994315011452247,-0.42007077503915624,0.20951214081517916,0.18622685657782811,-0.4404597712478835,0.10025541663100734,-0.7332028424724726,-0.6634302512399523,1.1070807014581974,-0.03263701805604174,-1.4732665190858982,2.359123878822536,0.3667065543983905,-1.4719019754069218,-0.9429535511190533,0.721716370330255,0.10883879381174048,-0.8025826126620347,0.4959821498815864,-0.7215796073675153,0.5229427197490119,-1.8424507276059137,-0.5018917552890806,0.7589432823990815,-1.3437967761207499,-0.10360434885558942,0.9622496956268853,-0.17862273535679826,0.4413481027045116,0.2526678317571545,1.7294040116517564,-0.4271858439001466,-0.42287479607155815,-1.726871349587214,0.6683724637114935,-1.513941350719403,0.20522864976740646,-0.6505547935810813,0.7605978075894511,0.7439144969192334,1.483609373610295,0.26367919485896196,1.6066415167537695,0.6752905029160642,-0.5468123755340404,0.5688595237067847,-0.20869846359079292,-1.3648265732057152
sample_380,-0.6366640754390673,-1.8279449629704612,-1.7690509012875961,0.1712581223907586,0.8643619058262645,0.8220478792503908,-0.290470813337675,-1.5223096798912883,0.46823984748730335,-0.17704561518926445,0.6190921014105493,-1.3421501289420525,0.46456524421462486,-0.7845547455463894,0.39553442289135243,0.708808303119921,1.5389404559162094,-0.3553791687167708,-0.24237471407112385,0.06829459485697234,-0.24131434824200773,-1.8669964839896742,-1.3649221472884177,0.41795517867139803,1.7518768017719781,0.10848384140821457,-1.2596807776196535,-0.1284757531927901,1.4731380155942349,-0.4121870828490837,0.2922665372913359,-0.9552573625913799,-0.5322436672293537,1.9203651910710033,1.3900219490127526,-0.3683487661179084,-0.798895404999989,-2.0038268268068604,0.4255310430496326,1.5122295812324185,0.3337473549139903,0.7769576218040908,-1.4592205014580382,-0.3627059774437571,1.5718575861278163,0.12570050736185603,0.5897351415435895,0.7263884390356172,0.5427027872387339,0.8250828877532533
sample_381,-1.5983839520101932,1.767980213135036,-1.3742111189019135,-0.37959873135118716,0.4011663567091493,0.3310162764815647,-0.7016479104817293,0.9722858646747328,1.3117555195160455,0.3271314457121167,-0.8614018066073938,0.09872980612547588,-0.7350853618065217,0.036819086910509224,0.9035549703236868,1.782123429770122,-1.4616590032789338,-0.4611997857100196,-0.03642100983501879,0.44689203134694133,0.8569296369801126,0.6889475859238748,-1.2925925820288042,1.9688992171573207,1.6735241905619231,-0.6132920954785004,0.329888168597004,2.2786140226003067,-0.8615153632070642,2.316792423144626,1.894266629091819,-0.061595599468237804,-1.116476285718483,-0.01790669728429511,1.574359655034759,-0.4547194684575926,0.12501900693506257,-0.0840376261638333,-0.7027350574842006,-0.15711915423933648,-0.19305685820864243,-0.5366275158845873,-1.0771317078246687,-0.4575467910840195,1.9512393410301636,2.0567180950518362,0.8368537134061589,-1.6429964378177324,0.041528860507099356,0.24616588459879332
sample_382,-1.0585331181976032,-0.12047376382141634,0.4812986460830192,2.113638017623481,2.0678545548418135,1.2486135363692688,-0.5031197272311252,0.6542108337377813,-0.6838809260553711,-0.3162022315324094,-1.6130052574980462,-1.3081630149799144,-1.711994922703488,-2.471231860824182,1.0567733394834404,0.010298323446892925,-1.4064295039525252,0.7049136461734953,0.9802062964925116,-0.808022913355634,0.9617663799397972,0.9210878894337408,0.6730759257468732,-1.0419456685692652,-0.9585689804933223,0.31358632692338473,-1.021416528398703,-0.42960388798151916,-1.2361927827732477,-0.12804922818942624,1.4982553402267385,-0.8167976539092915,-1.5684353486800702,0.35787652403232784,1.9468789395866963,0.2928767500279198,1.0789878494936773,0.8825428276346843,0.3576273863583695,0.5845007255700342,2.309977586843435,0.8074104374476904,-0.43992813245201556,-1.7335084913851602,-0.17032352557989644,-0.3476425125080342,1.243841359473461,0.5270300224835813,-2.03424970847757,0.43180846289139796
sample_383,1.7760303198850809,-2.367882074413378,1.1354942734039182,0.6529848008159181,-0.08235346289834933,-1.2425501237086085,0.6931116238469287,-0.48392669480672507,-1.572554308684691,-0.2556196748144881,-2.5287900700028603,-0.26236717678107035,-0.7693531171835265,-0.33866197126456526,0.5517316734526073,-0.14127889160553808,-1.2121158797637348,0.6807932625399701,1.047700951626199,-0.3981676745857512,0.04503669116772655,0.07339489570010146,0.9325644816626163,0.7503777199073153,-0.4232891186565426,-0.5409114486943999,-0.27719068260906776,1.6012188702725882,2.5174406181368134,-0.8474034201920915,-1.5748740058867423,0.6018033144782532,0.8821220338547395,0.522729797756468,-0.213549625353961,0.11562975739242999,2.0321059216505937,-1.6485784501191438,-0.036707266746488214,1.415349586300795,0.2246501590733586,0.3898438632339298,-0.5205706594523044,-0.4986940575375563,-0.8532916549196612,-0.7427360796092992,-0.12247566747837257,1.7770044486845054,-0.8507152774027521,0.8451447164660836
sample_384,-0.5518466419598883,-0.33061614131861006,-1.5171133021878918,0.7126822202762552,0.18981242581291946,1.206350847415533,-0.6329038237252703,-0.43453737838965256,0.25700035405696064,-0.6913128278541992,-1.9059815881333255,0.257141557784117,-0.44607520453283633,-0.3913716289076377,2.555508668015665,1.51472354482983,-0.6373903411707789,-2.3761232794975427,0.08771017318063287,0.016868104873856742,-1.5336005732927125,0.3015164158931157,0.5147788938615575,1.3527034123971842,-0.0032623945600561343,-0.7635647440996725,-0.6066582314660021,-1.257624956519262,0.5335974624189846,1.4180110458044175,0.63435349171731,-0.25496126536248387,-1.2273259877399325,-0.3805791089899726,-0.7185509241984541,1.0976792060110137,0.46040043400804453,0.25006729180197884,1.2223248101355058,1.154819782081375,-1.4790867387155413,-0.874443426526399,-0.39443936047466593,-0.8020526301389372,2.2827675583937395,1.1879541958680069,0.530382287083212,-0.09372372317149888,-1.7527722009480697,-1.427337933190461
sample_385,-0.4229267956897415,0.1844067313952639,-0.4013814581419485,0.6306478451328099,0.6442079640544246,-0.25839168572037713,0.7176768699426139,0.668603106877026,-0.6272642367703024,-1.112077404572314,-1.5749586274815128,1.0637843348197586,0.8020729256222725,-0.06064332365727305,0.3047839348309407,1.2590387004941228,-0.30841127109495753,-0.5717186989618964,0.5359489722255227,-0.8124902930017316,0.4160424262442261,0.053329811081707854,0.5679412887988893,-1.316343061190423,0.6645873348126121,1.625199522688702,-0.48844719773993966,0.4206638199197793,-0.9814057822826928,0.5655408767426028,1.2270399599969515,0.0478214796839794,0.9875192753882721,-0.3255859485690717,0.35794194002228075,1.930893220607655,-0.17763522038633667,1.1134819500245072,-0.5824213623090636,0.26748245727786313,-1.2522058018600501,-0.12019709335014958,-2.1342045709946205,0.8427240208410071,-1.4390631730601715,0.2796179436861843,0.6504563226050507,1.0464832190425266,0.20220276137095428,-0.08767392195021624
sample_386,-1.5604600851171497,-0.3443353522623004,0.21007859160328282,0.6472405475857418,1.7196518191782784,-0.07138337398547102,0.811469566644337,0.446548235482343,-0.11198895449493954,0.7611995522596262,1.2550545393440389,-0.5318333896434464,0.7881932249099385,-0.10290340281205738,-1.9130073594629824,-1.824050475670698,1.2012882882924645,-0.9933623318602894,1.6310301856886649,0.09195430776417084,2.2095505103608173,-1.555683128962738,-0.03666256893032448,-0.7911628238267132,-0.3246816168159378,-0.5269708126393279,2.269521937238509,-0.09148364838021886,0.3825216633692239,-1.0592794238403507,0.9236589453109021,-0.7914789934163011,-0.6494946407246845,-1.1769303901387544,-0.5521442208860047,-0.9084846109390703,-1.3258742750709396,-0.34749395334296873,-0.5644453799456849,-1.8629500786806577,-1.1234313585595697,-1.615901810041213,1.537399674356718,0.7992820808618476,-0.6674662000821124,0.0021705115054159504,0.5334666907610323,0.9474979785244775,-1.512472411803622,-0.8782554337983893
sample_387,-1.3533267949013315,-0.033519026114875686,-1.5228272930686997,0.12637169501627865,0.5468159296801776,-1.7490147171110555,0.8068484153993984,-0.6994935747355667,-0.861875908295224,1.0879923065816843,-1.1578974951716874,1.0261031523404707,-1.2167438248384497,2.417367323847652,-0.989128186394207,1.481758565915131,-0.4777418658826555,-0.7918149248548293,0.05555744444283685,-2.524309620305642,0.642797085906377,-2.130426032312798,0.2439493125908632,-0.28917514603997885,-1.2028949497111845,-0.7200457285887486,-0.8631275761223378,0.6513610336966839,1.5482915122253444,0.30947583929811584,0.5489953995202123,-0.35836015436771546,0.41165387389547353,-1.5100897655721546,-0.7637565201760435,-0.5436849816860614,0.8064470492252093,0.24331701196688524,1.1954870450038808,0.5461371593612299,1.2369111520178937,-0.513802455469909,-0.6988017652586491,1.6745667950644876,-0.08657010510461999,0.12967541520783563,-0.7584998117532186,0.5549171199646747,-1.12812107946995,-2.1736424745561376
sample_388,0.09766219789489423,0.1247828298617628,0.5463618549131145,-0.7621215863724582,0.7645989241098115,-0.9004677430784133,-0.3501862722409686,0.06522145208943597,-0.9234891007268973,1.0803192629489478,-0.8837200463695548,0.49725462239103413,-1.3372128021225063,-0.04757653725703071,-0.5511984768927997,0.6706055145028957,1.1482806078369445,1.4825443381946335,-1.6939515799222375,-1.8060588591383349,1.4880414148094063,-2.3031073249448126,-0.4557231792787801,0.2641335839840612,0.5134374270046094,-0.8137521766171167,1.3057167955925029,0.4719444049835776,-0.6481612563435433,-0.59679419676259,1.3753543412362645,-0.8573226791068194,0.7696877551281442,-1.54557895563042,1.7684513196187082,-0.611662046993829,0.7445753546676135,-0.8758142926309361,0.7024049601155326,1.2349401969276377,-0.2954240821969653,0.07467231961070804,-0.0673264327021273,-1.530888369014361,-1.3772306262267067,1.9908891991227418,-0.3080325183176509,0.1668142586327646,-0.22135440253750352,-0.40113402796206726
sample_389,-0.6238266443385098,-0.7039246465824193,-1.4162728948870604,-1.9675337009817417,0.14757551412057016,1.0321841531605622,-0.6627427640044437,-0.46359136076542834,2.5644424107294945,-0.19105101236443553,0.202318727283291,1.927419855603927,-2.5545118011516945,0.3950087321767098,0.7628593418835379,1.0785875634398223,1.859276100214444,-0.6953063515538395,-0.9940888112166032,-1.2277493253468683,0.4846268915562874,-0.7383395279357758,1.46709208566089,-0.41126430423033195,-1.4339103913816773,1.1503932074474283,0.5113841030681651,0.38460398829130554,-1.1284058086314914,-1.0628875957510198,0.17798593989445527,0.04719865668329901,-0.6548218944743931,-1.087342497361942,-0.5226366797497165,1.2330228666736538,-0.35878100936142227,-1.901838791029168,0.38443016848122236,0.6610261620387095,0.3909911725160849,-1.4531083350350913,-0.6443778108967365,-0.23981718358462087,-0.48850138810936544,0.09719509805707877,0.004045493954902629,-1.8303605789058952,1.3591072947392642,1.5618577861615437
sample_390,2.1776461247701175,-0.8003530479996049,0.33802026352913744,1.228492955736735,1.5015484976464384,-1.9100236528348713,-0.5582948494967227,-2.0004306485874643,1.0923672729188145,-0.20261808693448624,0.2332937319782506,-0.9374810268598369,0.8318371721842337,-0.489022049564763,0.3584265611383691,-0.04999006697665539,0.8436762613065644,0.4087020048049226,-0.11361526358215177,-1.7265591588295097,-0.2740950935133604,-0.5315207716304207,-1.094455157640144,1.5470370436849747,1.7312140966354292,-0.7284353617494777,-1.3487054131791378,0.7379766322639377,0.357325173389351,-0.6548561324874622,-0.7509010765504379,-0.6736797499002818,-1.4344164660098748,0.31625302830946067,-0.20127343702466505,-0.941215785956154,-0.3878545279271309,0.6551855277119756,0.7107644304865334,-0.5983492314038871,-0.6338464760869168,-1.4965798895415372,-0.07021561744848093,1.1380650541045374,0.5629166665647877,-0.2765486381929532,1.864199490657614,-1.2657161678511666,-1.2885636978149881,-0.9769950562857075
sample_391,1.361432045539696,-0.5379050557115819,1.0609534889433097,0.7963317250697433,0.04340640875452124,-1.2928790439945235,-0.7405255216905918,2.481330813580418,-0.39311884204928577,-1.5615643805043333,-0.8075871397366242,-0.913446173115677,0.2874164671397492,-0.4423950306164049,-1.6126636203334845,-1.2303382075187783,0.31202736941391224,0.04321879985574025,1.6854163428560505,-1.9196969401453283,-3.177920125383469,-0.6455480421630017,-1.695487550127223,1.0964548523047781,-0.7608313700832554,1.7379714702797364,-1.5414275005553268,0.9949036899016999,-1.3655321576296078,0.14267788565874567,-1.1144297064774773,-0.38965517255729865,0.1566209527460573,2.059080220667115,0.08537305384068658,0.8041736215472336,1.1624685896232878,-0.5380740336096551,-0.5746192841180817,-1.0923739728891382,-0.2513575950217932,-0.1582398554517725,0.6809727122180241,-0.5056071288634385,-0.3247657926352349,0.5483534636850871,0.3391611836556443,0.8896016204408739,0.718099014617138,0.154696641270114
sample_392,0.331703967668045,-1.4624802430079884,2.7191043695004566,-0.7246998761885969,1.5979203483474038,-1.5780700983690574,-0.11365351896707263,0.39993725586414614,0.9576650533699879,-2.0796915336859847,-2.4255969399105988,-1.9769768230614058,0.5160504235841206,-0.05393172070741648,2.8203021086233018,-2.222670217155479,-2.2994626868690324,-0.2727155263887445,-0.07172765433412992,0.6415327058507514,0.11329996116784474,1.1030074141798683,-0.8160877725871704,1.4000945193735028,-0.2903164486192302,0.9526315535612995,0.6246293719271576,-0.2468197350680131,-1.8382233806953825,0.10892456140420538,2.3087325797029594,-2.0637247286619167,1.1274865414595534,0.31899834374655284,-0.6789102618858197,-0.0861606239442928,1.0458428463045124,-0.002975425781406527,3.274611674843862,-0.8375418823372083,0.4145189858675655,0.8445288076419739,-0.477961042942628,0.517829942335249,-1.215516935319198,-0.5914025171953208,0.011213011209959893,-0.550199586733489,-0.21653050715348854,0.35240133972498994
sample_393,1.1318434276865468,0.8578214560569497,1.066427817145015,-1.0794216852797203,0.8770271959299797,0.6695683319074691,0.1999208408085991,0.29574198856714834,-1.2401005188513619,-1.5972495727798623,-0.532615070922725,1.069675448268265,-1.3171506822347991,-1.5524513570408414,0.26231197811125584,-0.914257445006683,-0.17740270289677734,-0.2760417752150759,0.015147110427974236,2.137764800646124,-0.801568559085271,0.8197518910008212,-2.3249386164455728,-0.4296251945621095,0.05972527982401499,-0.9763583926597118,0.8063736895871351,-0.5442194509229065,-0.15429313078977216,0.1120483937418574,0.5843114424664231,0.005629496109945486,0.06378770630810386,0.43629879696179125,1.864655840323057,-0.936375435369721,-0.1840385210590519,2.1896399947032976,0.5811674799927556,-0.28035156120680915,0.2691243555548416,1.086370932899628,-0.985602609881634,2.353971326638162,-0.13914965843599825,0.8836238534576725,1.0307747805000789,-0.41338696576368766,0.28487414990010446,0.131722773434886
sample_394,0.7575393890580646,0.1315801524948158,-0.18229751717052392,0.8599077436278257,1.056505706840734,0.284772385539042,0.2750716650251366,0.2117249753551076,-0.9260550933066736,-0.13997939861725836,1.7222231152778211,1.6186622990561357,-3.128492386888947,-0.9709584975333372,-0.7974757441770709,-0.9265592784277553,0.6407159173758006,1.8396942670778278,0.6229030162390722,-0.5613942888034785,0.8747459093857205,-1.4973409106763806,0.490621601958184,1.4765955946001426,0.38548285459821957,-0.19122155830214851,-0.1276000461005343,1.2209352960335562,0.617652214473197,-1.382056753087105,1.0349251499605516,0.30619344040271357,-1.8922065854890824,0.04086667787571522,-0.20702138868726588,-1.815943111286042,0.03778645798417435,0.029194571366313142,-0.5281782299493963,0.7234732977037883,-1.3609491169705286,0.34129523952872254,0.008726393761264346,1.6492235355458569,0.44411631763749526,1.2415160277358117,0.42708685794142437,0.14013129474189112,0.5276732602223313,-0.6680728927602182
sample_395,-1.309473136065434,-0.36257026735909487,-0.6872302017063192,1.2460270907115285,-0.3474011389514812,-2.0625846152119176,1.6996657002988789,-0.7273289500892446,0.31073943745732485,0.5420474883295442,0.689702909022119,-1.4580828121749558,-0.5686890926234668,-0.34900321876189083,-0.40741768047968147,0.26089819168522815,1.4820233055264909,0.4778607409287431,0.18916055710290516,1.386779955387182,-0.5429986069925066,-0.48057476182863806,-2.374502137738481,0.14298111984942186,0.6062539244975804,-1.879433630205217,1.1662300258311515,-1.7985915056529356,-0.6771013678343046,0.24277187768621553,0.6104291975853753,1.6019910000621556,0.35503342573700475,1.5888180629381927,0.5120959226915012,-0.18274651326893243,-0.3775552094574273,-0.4482459075273229,-0.5244489435744185,-0.6136572242063985,1.2924491776720104,1.634080850983837,0.3172869272826462,-0.9441902957201797,0.42447209886582526,-0.728068727863565,-0.8174986777473644,0.2817518828395683,0.30062399400191503,-0.6309426737952825
sample_396,0.30972056653180624,-1.209686834317781,-1.2504852059626883,1.0984359258141534,0.5898156149977237,0.2223920720307404,-0.09047300855613498,-0.3099698920218283,-0.10341729237261181,-0.5136726724605808,0.022866565632726297,-0.47496485514650877,1.3673346966628632,-0.5769840141666606,1.5332163645403087,-0.6242591481068734,-0.6091599627039243,0.6347119497275433,0.021108427700838643,-1.1272673098871293,-0.6037837652882424,0.8540198846009942,0.49286107164284054,-0.510548451241979,0.7036790931139032,-1.6418995717245386,0.40622249588261106,-1.7804716177546955,0.8814768945060765,1.2464887087430532,-1.225257889889176,0.4723742471299126,0.9543186615087482,0.78879095527042,-0.408463509463162,-0.06290722806322421,1.2465275329826533,-0.6178575802004173,0.5621358741345766,-0.3878844029785529,0.6490580419228711,-1.3836814146185912,0.3359920449889763,0.10914498664694418,0.8176205960864653,0.309735618646274,-1.4622941417393462,-1.227801191350291,-0.5226681253647728,0.3160055582735001
sample_397,0.23921996376841903,1.219419164667432,2.2867109393388847,-0.11420781668854926,-1.4142925426872937,-0.7007451484996247,-0.10215521063804121,0.7346636739683552,-0.42555315484572287,0.8531858164753372,-0.018869398914920333,0.44038166502006576,-0.5398788425566865,1.5990532501782875,-1.2966531372322876,0.4513291398637186,0.7308986581852163,0.3250747533395323,-0.5506003140165143,0.5892444152485199,-1.4316216568272757,1.9336136980357248,1.0766207986542404,-2.3889295017299528,-0.5465876040756377,0.5682593909970485,-1.663471385794251,0.16669827471881937,-0.028628916173645085,-0.5626931404257747,0.2533982043749454,0.432170469237818,1.813780143164353,-0.902401341453383,0.7172109885258318,0.029579565405329463,-0.9221260977008372,0.3521263204215997,2.281047967348466,1.6189295417034402,0.15809921546377934,-0.1736317731209646,1.6424498869191027,1.1120651760281983,1.399794185645327,-0.508916002878004,-1.4108024777800272,0.11567653426086288,-0.2170581211655662,0.514141623547261
sample_398,0.49521390388889486,1.0654322056316192,-0.5469095944226956,0.6049629541427499,0.29661801349133887,-1.059618174964588,-0.6594137014580622,-0.1294693473964095,1.881315281172647,1.2656032086016973,-0.42582658946445273,-0.004018296764064479,0.2069079341702813,2.759204989281068,-2.007304037147811,-0.7275813180373152,-0.18862171918543996,-1.2469768750374162,-1.7927345895967854,0.9033468713344207,0.6682857949048188,0.1969843608361449,0.4412911339032361,-2.107335974852212,1.2047175070400444,2.7704528911384685,-0.38873368728980295,-0.9424311694773772,-0.9256092994317666,1.3685300184800853,0.12291274937441783,2.1973042510830574,1.1625164625056326,0.4345561988211259,0.5045137018059143,-0.16636629851974188,0.03529946397402305,1.876231568505056,0.1292338501759675,0.537876504946955,0.2788215646126249,-0.1831946394501575,-0.6225535096289858,-0.9860164942469782,1.1278910555497939,0.4333920644057495,0.9677045718250686,-1.4192413106033737,-1.4218091419538788,-1.4519538337947353
sample_399,1.0777209691217955,-1.388100441754769,-0.336572766773223,1.4024931368453255,-1.1098349935498293,-0.6243413195303636,-0.36070206260141197,-0.028514266335837618,0.18250963011276772,1.4309094340299071,0.18615749936543177,0.4632892079677986,-0.24570904821274545,-0.4468473129205016,0.2202885764812425,-0.5703911238486123,1.0797385701145072,0.2366715334712951,0.9231975258377393,-0.6137064450430344,-0.045801357676776185,1.3851875905845228,-0.7328248271624663,-0.07609759118133114,0.7925795656687304,0.3836728706410105,-0.41778382619192506,-0.42433964688777875,-1.8825688347949314,-0.8142746446061356,1.1032361625972964,1.0285893733204492,0.04553184251769567,0.1700944453252626,0.66819286405788,0.9784740581509539,0.46105142580633024,0.2558227653894214,0.11055579478414052,0.24460722275666158,-0.19459690426135237,0.03753485552841817,-0.7231317674805773,1.1938048727500108,-0.1299616877163845,1.2663600366177177,0.20468866973211539,-0.43781785562670233,1.612671139227826,0.5341954371294958
sample_400,0.08872432231663657,-0.21438780482331876,-0.05095443855705218,-0.2384763279549034,-0.5460192166121629,-0.8051780259118069,-0.6216373260256182,0.1174071511394948,1.576377962910067,0.7650816906796751,0.49632421502186225,-1.4971948825216836,1.051214238093934,-0.7042292761689832,0.9030421842592127,-1.6023370918343307,3.6173753590021245,-0.17024262255487305,0.6515240782818424,0.8063828749190571,0.9141558126211297,-0.822022078737362,-1.8844386652833311,-1.0542666485716254,0.20984141868332912,0.28004372477285394,0.8435652325011643,-0.3736326333234011,-0.303613277636153,0.5826163118214215,-0.06257905536396387,-0.8814457033883049,-0.5441038483057425,-0.025243940913681012,0.7285403918662101,-0.3105947377430787,-0.08881661279757506,-0.7609267243963114,0.48280376121745666,-0.014946205739388149,0.2767448804958979,-0.29889453835427815,-0.11444940711408264,-0.6156949364065493,0.2663833034734257,-0.16390856338335177,-0.5386709456160959,-0.31038749009964123,-0.7012736366834067,0.523542956039239
sample_401,-3.124297759990262,0.7343666035999101,0.47653067230047685,1.2812586322892245,-1.2872267864202567,-0.5368294864047359,0.10887984238279717,-0.12264420912111997,0.7474532067164572,1.485129710029517,0.9788861370718065,1.3976940708775876,0.13007026992171603,-0.5812364148451428,-0.12925413108826267,0.8881201850705457,0.13827396549729218,1.1238988848629785,1.3287867330178715,-0.011242967606030435,-0.3500324303668187,0.05180109666313864,1.5058144717467974,-0.3668408136198776,1.6759750948388008,0.8256696322819312,-1.35617269318692,-1.6205981745905007,-0.28900014719220596,-0.4167959897994411,0.34642721443233976,0.8944565161672466,0.10078073621407246,-2.2367033546238897,0.32778049149979754,0.5012499856472713,-0.2196947395617145,-0.6809897478643794,0.02503856758989433,-0.8217598550305991,0.997657758771598,1.635485400295013,0.0509732185441815,0.9930004677775974,1.4700985990725592,-0.30955583197916076,0.020949487705523576,1.250284033441114,-1.0369142265665339,-1.7059506776409867
sample_402,0.9672008218193306,-1.397908388701327,-0.15800882608020475,-0.087851333750382,0.8010632258700795,0.2064166638182244,-2.304459001847124,1.2741320361331911,-0.21028484129518651,1.2500675600106708,-0.7187166975036816,-1.54759560699501,-1.4691078185736683,-0.2333153968122019,-0.2295045603759912,0.21274084479283076,1.2231922484700226,-0.8031622299600811,-0.3703831304317544,0.029892999836809188,1.0667138106086875,0.2812587275409223,-1.535584466363075,1.0163421244819657,-0.23552608223778304,-1.5947877534302566,0.42420095367086946,0.4313615864009634,-0.7337681880830742,-0.26400933936330623,-0.9950275155485082,1.000323630308744,-0.08571950313546803,1.2089458955370895,-0.688932531685688,-0.14072329345786158,1.605702066089996,-0.2990636779487118,-0.258649484065317,-0.35793548426791594,1.0322848208296,-0.7526587436695077,0.05375147893239196,1.6167745894682033,1.2668279753869487,0.0041472068106533115,-0.45469498184453927,0.3210981836614139,0.4986874014828998,-0.6252442825021591
sample_403,0.7876003915191417,-0.17582228828267765,0.6205332027680612,-1.286665510886706,-1.5580338531505824,-0.444989617516865,0.8256200249694412,0.08076517495302572,-0.38676021009973,-0.14209518201292134,-0.3581885433312323,-0.4898491842289911,1.7826932244118512,-0.687734475512333,0.7079433218222476,-1.0152016998691493,-0.841145638771917,0.2602146174619597,1.158014476475702,1.229302438150722,-0.19776589116568222,-0.004682354319813953,0.3276341615317269,0.13921673513805735,1.715181875634877,-0.850167170659524,-0.2526376372248457,1.3739666639623254,-0.5987683809777581,0.4906885090342522,0.2591476094922251,0.7038579794601403,-2.2937667481619854,1.2964684820950512,-0.8187894020893388,0.9763561187023576,-0.4582270983748031,0.8832744361226165,0.705552197467794,0.7807785057191314,0.6721817417344909,-0.1839934648666072,-0.4899614799679676,-0.9953577203520145,0.3654274170920451,0.8459112700478031,-0.3070929787078582,-0.15323164716575174,-1.0689068678071827,1.0493542955883608
sample_404,0.8421637164234883,0.6976132696145826,-0.02678290478305483,-0.20241399053930212,0.8441712375861858,-1.0930400248149916,-0.28867168206591437,-0.7243127270677324,1.2249051738089176,-1.4980519254107512,-1.0724588268590414,-0.08551807306612115,-0.7768253103921173,0.5010200567475821,0.7978396008708746,0.04475457954908294,0.262492948498712,1.6254058573225272,0.15380152712830142,-0.7302124471011423,-0.6896471993977197,0.17598568713571192,-1.0448320210103808,-0.3800201895105225,0.08437849346907862,-0.9776459478818715,1.1283771929833017,-1.7841538471204255,-1.7504430530265718,0.3251904736303156,1.927042539095858,-1.2675717605722934,0.8014896601714869,0.9928697441214746,0.5271668627945927,0.14958259780487587,-0.7309488354730924,-0.1887726626896363,0.06068473325716926,-1.6612881549576455,2.686446180892097,-0.12782750306949567,-0.1352667185089649,-1.4061426403711117,0.9352819530535367,-2.2232722952528796,1.068905977459884,-0.7275081192805831,0.33349462217990894,-1.0061088796841224
sample_405,0.926567659613969,1.3349944918322036,0.03070299200374755,1.3809486034593925,0.24798800088480913,-1.3029864582485473,-0.0720248167189007,0.2670290103329388,-1.0592899606111479,0.9458422268203153,2.444783276944736,0.586587481807736,-0.1598515664599657,0.47593333051022924,2.0756776725577497,-0.0955101808291223,1.1816745292958104,-0.7511714982644773,1.6321731896615437,-0.6663244253925671,1.6045420185627446,0.5287805226757721,-1.345221143723575,-0.5975647620764722,0.8688991323263449,-1.7176212811311338,0.49447217453569664,-1.2509613901080328,-2.9474556799999174,-1.4800950987211698,-0.23411184747635297,0.7168675741900029,0.9288476302925133,0.14407308341647676,-0.43967116307982435,-0.1055564476257517,-0.26082912402323544,-0.47116459236258523,0.33786244842808244,-0.14458151147931309,-1.135929356660069,-1.0922725510026148,0.7790820060414431,-0.9651143663337197,-0.2471126045646665,0.41300481750907436,1.2059526207710576,0.0033900826854835813,-0.27319699066945585,-0.9887194958083466
sample_406,-1.384549956071547,-0.5296957736435103,2.5812958415854252,-0.7579922845391395,-0.4016060357198055,-0.9087272671279589,0.2502410417523266,-0.5370005150425542,-0.8669896134768623,-0.5448349302077246,1.215665059212905,-0.9940961901522355,-1.9888093835595013,-0.1367148669816017,-1.1951093135114612,1.4824500337924007,-1.072861618615094,0.3526928191494902,0.26285862809161187,-0.05965117575634816,1.894922901887834,0.4188935734810344,-2.4536560524044084,-0.5933292532107616,-0.711923434990903,0.8064672717902128,-0.12735180468811,-1.4347928229323599,-0.5606720140455337,2.2245169669348352,0.09469351524302758,0.2423523556448329,-0.859195089226554,-1.7095462193573783,0.7763357718970557,0.2253652278065894,1.15563427821323,0.29582182951280006,-1.3216333949541925,-0.973616868437647,-0.8882072105377211,1.6024199119228602,0.5497297364666587,0.5982866520704626,0.8030926451856298,-1.7388195723157165,1.1458359324986807,0.08439684602138095,0.6573582561417434,0.27314972518969916
sample_407,1.1560491705662843,1.1870476099334915,-0.010970715649892694,-1.1418382236807918,0.3842618824558078,-0.3071739685059552,-0.4686829658135331,0.622458079140636,0.9092662819828052,1.6374944221177836,-0.9317128414421828,-0.8586684927128185,0.4242070637010071,0.12104442399459407,0.17855817495158052,-0.4409026074489409,1.0769455993836672,-1.370508619867322,-0.33331042992215737,-0.20266498751155004,-0.3043129587729442,0.3497557666481432,2.1978172710383883,0.07710390516814838,1.3512225583547521,-0.5690421397482935,-0.47994791638792295,-0.46173030081060223,0.7737966504164009,0.774555127658023,0.5019059796827725,0.7057565509795529,-1.6435011830721646,-0.005027199050824264,0.27471754594629355,-0.4974985910865194,-1.9761095216355284,-0.6905520115040804,-1.0565145418823187,0.8135593244939096,0.38994069891184646,0.08296962548077923,0.14421108720335302,-0.2454729955666156,-1.085895857208248,2.714103070024789,-1.6520628590704636,-0.08592544797287853,1.0280969464445353,-0.5102277947041672
sample_408,0.25905390394828304,-0.9202387850565521,1.5366943440550769,0.9681800631844946,-0.2090753590013995,1.5682039530630834,0.7872032908527924,0.49121444697330785,-0.11449156183847568,0.6769911156764621,-0.6240277364493801,0.4916696956472395,1.2594397095894065,1.2869266454002013,1.9995025009328538,1.2648452656458289,0.1505169662986503,0.03036252932075152,0.6024189509505243,0.41917729944183296,0.9746547643870516,-0.9809748782696037,-1.091614849307542,0.8878723443052847,0.2519383020037067,-0.5442155089959648,0.4012241157572966,-1.1077338737477211,-0.2027489681215021,-0.9479961795387585,0.8971811036958796,-0.31032745313678356,0.13333286390532104,0.36798196300232927,0.34983371557054543,1.0507859453060555,-1.0220343450268072,-1.1281535077347893,-0.5176796982511512,-1.9511210243899924,0.2886215824261098,1.1452219114469433,0.2724042547145396,0.17803324576198326,1.4471969772662643,-1.198268549777155,0.21895955958240426,-0.9777437439289176,0.8601620338397876,-1.5082196634456588
sample_409,0.03536681014934276,-0.8984373681966192,-1.1279826631602643,1.0555872783086533,-1.0665230050803194,0.7964793795079925,0.11235658049155613,-0.8049363000268558,-1.6134011977820384,1.0529185042931661,-1.3881695761247412,0.11555461512738521,-2.311743496543039,0.8515741350476046,0.928284437039991,0.0936419790961211,-0.7783504245970008,-0.8249836289609002,0.03198757421482512,0.06768839212604735,0.6962679639158947,0.217594145062803,-0.42867947497977044,0.11744887670832235,-1.2510792597015012,0.30774453449106404,0.3387324199772714,-0.8374527114954168,-0.13350557527595402,1.781476896658067,0.4902593846966283,-0.560821403503523,0.42266369837365336,1.1458378710451298,-1.3048649404641004,-0.25508678422195735,-0.06983511623720512,1.714428401060708,-0.10188621732055685,0.015532739990664549,-0.005194058807301309,1.5860931376941851,-0.9534119620058621,-1.6722965951988058,0.9289720558372103,-1.0268756748180188,0.3067732577458244,0.7165760984546081,-0.6082239017633512,0.4815362469210742
sample_410,-0.8353626057463193,-0.06716418693461094,-0.09092156788712924,2.3239294730547315,0.8397739918866678,-0.6003033277729661,-0.8345440850030266,0.027639296491377172,0.41057972017099476,1.6970145612670597,0.6932826777848706,1.5564131826583099,-0.1002239701312817,-0.0746255125110592,-2.071661627634627,-1.5260237483172314,0.6906878894055875,-2.1642087808284747,-1.7144963815102494,-1.342073947730819,-0.3832142514265778,0.19296487362175357,-1.1358056806247738,2.5554570466620063,-0.13090135113492968,0.6557932006925835,-1.5409853883928781,0.7458213373287228,0.10254136506723037,-1.9302813634713492,-0.8242470234840392,-0.4178746067539454,1.9221835287478517,-1.3263094386703225,0.4858718233621134,0.2309274328025126,0.3124232426543512,0.5888539048283693,-1.0206138017943729,-0.43377428241957977,1.3528347811884867,-0.4171164503332023,0.8401602231078646,2.4284190813312065,-0.33816188805439334,-0.5648851810471796,1.6980453613937192,0.9875390105824012,0.2936732273344654,-0.27190227559987884
sample_411,0.8353252221091685,0.48274457865416043,0.9268927845348629,-0.2893895293083111,-1.0471694066435862,-0.331425144243111,0.35465801815986575,0.24637355978370507,0.7595542425557866,-0.5505814137447534,-0.3416560820972342,0.3373997256849057,1.4710960046492259,-0.5786034329038496,-2.064364538303634,-0.18600758668695747,0.28339061231744017,-0.6696863690410191,1.2426429953928853,-0.29480097353463774,0.23114464864315806,0.16630774352770022,-0.3500807283303295,1.8747990893607969,-0.28786708377911063,0.12161444937741848,-0.7560236675194244,2.1698520787570446,-0.6693424627415648,-0.3443064250266946,0.09711625457647939,0.6643934327333462,-0.07172860739340228,0.09178594573874771,-1.1805349667478546,1.8341493132329318,0.5403385019298821,-0.8770637385875234,-1.5958435816895946,-1.5112000175942086,-1.8682063481140059,0.18340269186236324,-0.6757754375184605,0.2789842137879273,-1.5430062095693955,-0.10610164691892825,-0.5803675960323963,0.32749530074799016,0.02677899989836646,-0.9079213284147111
sample_412,-1.8271112767303022,2.006486586412511,-1.5937959251164968,0.7180184864514455,-0.23794496045152208,-0.5211176538453827,-0.9070372960627552,-1.246438050555999,-1.069856429017166,-0.5321852542851703,1.0620689359878952,-0.24236704951687008,-1.4063938632172392,0.8917266701708174,-1.1239735760194756,1.5963951241953889,-2.0811930161907206,1.2688424379646572,0.5609754785165251,-0.9761195950466667,1.198403894437648,0.7382009374402035,-1.2791142104752045,0.5544491980317302,-1.2683004655259014,0.34977214624986847,0.512955983572107,-0.32803363386259143,0.09771675974836767,-1.1750571337252973,0.9249500032332862,0.5207085369798784,-0.6496761932406905,-0.10099591727660609,0.5278800995948684,-0.35183064192312336,0.5707266212081598,-0.6643563509200255,-0.5441598029593164,-1.5468066165875074,-0.5115738493859915,1.399435597196382,-1.5432095861356976,-0.4829808076824473,-1.4644497762979054,-0.34163253890510425,0.274687173770457,-0.6890000442385499,-1.954524707889802,-0.4346968967252088
sample_413,0.8995430549087102,2.556933183613251,-0.09057557532770681,-0.5082278794973677,-1.8514073844534913,0.4693280050368274,0.006305320601104176,3.1552848185850997,1.05664949878638,0.8171201185857065,0.04954747059045932,0.2685226537035309,-0.950993703835279,-0.6115521790778722,0.5722711164458784,0.707155815231877,2.3383112549766385,1.1087992997991907,0.7600102734766165,0.4132607755292261,-0.3357606924948022,-0.08023246300769449,0.25221139616710575,2.4441444209949874,0.31942192093987776,-0.803822584080468,0.19464132424779051,-1.452741094426482,1.044268287486061,-0.4537941865023818,-0.513860114440227,-0.4640504646826435,0.5728205105998475,1.4430133594394174,-0.37371617823259573,-1.2000895088930386,-0.5841680028590088,-0.5347441613817909,1.3087498943842117,-0.9723237940221346,-0.16716478400693618,-0.24016176364773964,-0.10139474893140267,1.2055679606969898,-0.9439275607977349,-0.08028929185939604,1.4460263960619284,-0.3787858367115079,0.36807412083195346,0.8957332930894534
sample_414,0.13352208367445484,0.681673394982277,0.17557186561991572,-0.6596288523191077,-0.8244019352821447,2.301741078640868,-0.9500809333885399,1.2641036753866517,-0.6790655261381194,-1.1958723756164973,-0.0916533907712363,0.48586040786815615,1.011415938096757,0.5515512980571252,-0.1656556573073927,-0.29992031197683616,-1.520623136557083,-0.10622092280408546,-0.38280745618970674,1.8036651606071843,-1.5801120722663375,1.2218457815010249,-0.608653051912937,-1.6525808573592264,0.9748662588486865,0.36684972047592057,1.2990022801141836,-1.0849414380567395,0.644156471026468,-1.4376973684393664,1.7389293212068058,-0.19946458607271128,1.7028351259124905,1.4106562420345503,-0.09659139239178208,0.2936434381869632,-2.289959281361171,0.5491763181172138,-0.22964838188778772,-1.3268099031401812,-0.2975975810810943,-0.12204057355647131,0.8142595183274757,1.2115869166894964,0.5152776744992105,0.8247497422116236,0.668397809739647,0.25429619708637125,-0.8588889605557922,1.8336674734191156
sample_415,-0.4116492925679939,-0.684562696312515,-0.4185131683528371,-1.424145222587941,-0.5071144915676626,-0.9952748630315792,-1.459387128127224,-0.531988380020555,0.2514549842179013,-0.5256593447893323,-0.5746963657634748,0.7161325969251754,-0.49382200583688024,-0.9002913490597024,-0.2359909221928594,-0.2769836972820138,-1.404287963633872,0.024139111936224002,-1.7571525050663872,0.40244034640487286,-1.5824411285617699,0.7070737191363877,-0.574516858334911,-0.7072960741633163,2.6107291243355952,1.8723401911819566,-1.5951795638852782,0.9079168393624191,-0.15341608748817365,0.4181662365630595,0.2986938847893726,0.37604826779541506,-0.18731612509345957,-0.23128771505923795,0.6730110316988123,-0.04662698715966361,-0.6522887452376267,1.1709709377712443,1.3409171810347738,-1.2662059823354288,-0.26561523040898527,-1.1634507232952165,0.16975187409325354,1.0150534985305921,1.6700734431780235,-0.3289265766483444,1.0263658695141973,-0.4149701008165955,0.8105233833275193,-1.678287646255826
sample_416,1.1415710431111932,-1.2377987511188993,1.793132903279148,0.3525992182890121,-0.3787838646376388,1.1172853231535371,0.04629207711957701,-0.5986117673614199,1.607296696079879,-0.48346490913860424,0.5616470129150748,-1.259443098397318,0.5351204423704063,-1.2020997903546038,1.0062450823563445,0.665167045627219,-1.6856977601241767,1.0038184261773533,-1.2140046221966212,-1.3546244267775758,-0.3690662611223091,0.4249707482395691,-1.0768340093497306,0.45462974299928666,-0.8873378773102379,-1.3190931667966739,-0.5320697793011089,1.094532046098423,1.263800666762904,1.0898918027561224,-0.4895681343419136,0.9826564992625727,-0.6837024467159138,-1.6828481800613755,-0.087241940055145,-0.11185432939489923,-2.1999707959134596,-0.5224599716063454,-1.8736456915734905,-1.6947232229396931,-1.0626096163943772,-1.5347707833671873,1.2438118885957645,-1.0425277903458494,-0.6305814018044801,1.0030007325319052,-1.3440212052456453,-0.6003135660095176,0.39488028403184394,0.4655116694383432
sample_417,-0.15346725807776923,1.8176887094802912,-0.9251340272679628,2.2972896698748575,-0.6410764894931174,0.25127617531271274,-1.3449467978519696,-0.1555214052569209,0.4377238424970796,-0.09802066293131254,-0.642603560565589,0.12406860723350345,1.6583375786234,-0.5601955456998943,0.13950313466297629,1.1406522596521498,1.5693633126822217,-2.0680721530765034,-0.14681902001743982,-1.6656255087997167,-0.22774479745278123,-0.11113328902884186,0.7375064078485707,-0.8753174820346865,-1.3488794132629773,1.50911489465409,1.613297616837442,3.047895979501046,-0.17847768963827523,-0.059828437609298235,0.8817252500542405,1.7897605407966122,-0.2603447897643398,1.4800019385840184,-0.33276142973404815,-1.2299156002409344,-0.4132894326994811,-1.3592459194440567,-0.3791724444221982,-0.7452223995827778,0.049761947488835126,0.5547074582736375,-1.2949646273979922,0.16530650122651522,0.12266580314610184,1.1584233543582736,0.99898794957822,-1.6327659544946809,0.9949093065016665,0.47082122456662856
sample_418,-0.20891351431619656,0.8426403424475654,0.08934634158463889,-1.0637560420432501,-1.0555307544138146,1.4587132025160785,1.6292503039013593,1.407891119480641,-0.4991011540144402,0.8450437845115525,2.1862602298839904,-2.24262115428405,-0.6438983092967431,-0.1379623220871139,-0.32156701343143723,0.22421763073828688,0.45183241947454933,0.16414051618861505,0.17821833518775487,-0.13672847944764918,-1.210182890951441,-0.3043007170939423,-1.3386538079190107,0.9383053383247519,-0.3337244202057566,0.1914997422588804,0.338087108338864,-0.15712273026320359,1.244442073263716,0.6590720156182241,-0.883472333557578,-0.6258388259435648,-0.14986476105402263,0.5711744288389009,-0.5063276810609728,0.9960812545713655,-0.2169531061332546,-0.6630292799769598,-1.9337554566999349,-0.5495423411563674,3.742481029338214,1.0894813601477582,0.41728287393576513,0.6035593795548334,-2.323765125566114,-1.0554046095747227,-0.4955747809844815,1.485061003860436,1.512051328727855,0.23607769124961345
sample_419,0.17815519048051245,-0.5170061753101861,-1.0922679050506632,0.3098217124588643,0.912052838404271,0.800077423379859,0.14574618657250393,-1.733469630948154,0.8618111772464535,-1.6667036046376318,-0.11908296088571622,0.34737422163036297,0.5345253536202595,0.15520487829162993,-2.673084064438538,-1.9017828263747503,0.6584433560753878,1.4679336453886573,-0.5422210262790095,1.6587463225304422,0.16952880937669265,-0.6442622934886537,0.3322027542097005,0.09788497168390742,-2.240713959691829,-0.7343476669956486,-0.8443320281251843,1.1201418497881037,-0.39338906673786356,-0.34721804455512667,1.2758987728593134,-1.300091579851763,-0.9488253406241525,-0.880152198029185,-0.8627492089610088,-0.8487631630113893,-0.1440558333515032,0.6582171892280069,0.3422199408422636,0.2306835030666274,-0.27623913042559917,-0.4392289008968074,0.6311471910836653,0.4182574986141253,-0.36142791228238114,-0.2739046874891469,1.3336328587277888,0.5141344620187732,-0.22361686931413202,0.8861306625166997
sample_420,0.733474857976716,-0.13275632676530247,-2.086899842933984,-1.1310271431406687,-0.4283215517189981,-1.3177875988158436,-0.672063543206913,-1.095965717187904,0.1806804781381151,-1.5645887553692457,-0.14628649624250703,-0.5932036739398484,1.429267411970203,0.24365557635308227,1.928287766739894,0.07115059925476015,0.9768276484525202,1.4095321284817435,0.38519704835623897,0.6375668534771328,-2.5977481422211604,-0.2137233969189531,-0.7346315404015841,-0.10972830138807892,1.2155512210730344,-1.0513751150801285,-0.8502187600838478,-0.3208966913626831,0.4401736271305818,1.1817188794206803,2.2594656690118864,-1.2242386901795903,-0.3555490562568195,0.4139825374087193,0.6969256678701463,-0.8677189502154131,0.35511372327347485,0.9323399698930817,-1.1974123909626355,-1.1137627849571772,2.0556977223186395,-0.19866745571307928,0.909275218046756,1.8231837957036872,0.5765865200651555,1.3209524257757679,2.431643230363584,-0.660797532246185,0.07865774046629073,-0.471851988032905
sample_421,-0.3104749216617526,-0.8546306720723218,-0.2743842176729857,-1.017427845662877,0.4315952501539214,0.4151625139066808,-0.3167443787158166,0.9832815429153452,1.1221058186091708,-1.2403842468780888,0.9390958207362409,0.5851429565152353,0.38604110808912556,-1.7622348092284605,0.04074404934816889,1.8652685585031537,-0.6104384792084679,-0.5968597451087431,-0.847680074970025,0.18982426927824994,0.6457779850702308,-0.19357516469263053,-1.535436808413607,1.2428609290557788,0.38282917474866557,0.7891315383217626,1.2566785351507268,0.28316575248743364,0.270811615916948,-1.19053346082293,-0.10233383626938167,1.304989972698464,-1.4513298544854132,0.2622613891631495,2.0151512615146343,-1.0323584838775879,-0.10756649996966614,0.6499944034216985,-0.3031736235765609,-0.9417908162329345,0.9120708999223316,-0.03971106043562408,0.7669485947847701,-0.7821313088963785,0.22265918010846866,0.5869557495557108,1.7547693865754286,-0.47275286769399366,0.17348838812306946,-0.766446097788177
sample_422,0.9348771045646355,0.0919801436565164,0.7676906120803443,1.702223546746106,-0.7817729494988505,1.186043442675197,1.3426243633041353,0.5672152103506767,-1.2247521761569213,0.4812031818406457,-0.3562957109238278,2.378785858970775,0.7618142141739359,-0.8208842409599063,0.6746221630601802,-0.10663942774307938,-0.7174530438681674,1.2847691034160018,-1.1207255998586687,1.4346868799822445,-0.6974555182819946,1.2982518121457314,0.903270579143122,0.34297333230937127,0.7368981912093858,1.2625482096684715,-0.8851129986854599,0.32628672684062426,0.20161262185881418,0.03667780894083944,1.1346617740045817,0.41884109004266545,-0.7413459662234331,1.0600285716461417,-0.42069265388118304,-0.5832090517060415,0.22008165348469982,0.3802185804097813,0.4960072290710841,2.384185819909281,0.1069603791383568,1.1130654719809747,-0.09421392914909577,-1.3442853091531428,-1.0051611215078051,0.8410868010161948,-0.011968592508173054,-1.207163742022204,-0.003473979535269081,-1.2759121741742758
sample_423,0.09977468495190249,0.41322589236186547,0.8840700262949766,0.3081827760862481,-0.9961603551309849,-0.08630638102701416,1.422200564197983,0.9029618335040256,-0.5437360758042943,0.344031621958879,-0.4372504354473955,2.0411806050676096,-1.1131527931378071,1.064114903382035,-0.8417668532790935,0.6486913533596945,-1.167502869067916,-1.7846350775714646,-0.3891129569901505,-0.0732682355541599,-1.6809372286067823,1.1450561157060122,-0.21375988233644128,0.2582315205635606,-0.1360348497621543,-0.20750470674443075,0.3706523949230959,1.9302783064516342,1.1083600806602152,-1.5153283290980983,0.9933673615385648,-0.17163820539886596,-1.2935001913026198,1.3148308616727273,-0.12842157530091283,-1.0341454652381703,-0.6323560306481085,-1.6748192021930848,-0.3773357260110849,1.4298363537962377,0.3833814426996083,-0.1708655465843738,-1.0812760739979526,-1.0458588243326803,-0.019331809081315276,1.5769827223862256,0.013430682988086598,-0.14429832429977169,-0.37515799997334454,-1.0691859216631463
sample_424,1.166921263879611,-0.1865862935157451,2.1690754866563644,-0.48529293489685155,0.036124562256285325,0.7798453397765831,-1.6259911403581149,1.059610038475469,0.3748120642996171,0.3515924596221955,2.0029810770660403,-0.8186410326804086,-1.5516721745242066,0.3960660736128778,-1.5180243545425132,-1.0169840771645362,0.11341102177855704,0.030644909816832162,0.8088777548171898,-0.16112011906933132,-0.6389528510296274,-0.7798465743080787,-0.9415539427632301,-1.9648120150078034,0.6625108285182919,1.1102986694934662,-1.8006103926136214,0.17666056723501358,-0.5167484654916861,-0.31563152501754677,0.29892928184971923,1.498735250731635,-0.4416076028135648,1.751247421714099,0.057732078709707965,-0.8170525383260796,-0.9864476360140902,-0.5129523177799187,0.1767671966229416,-0.5534190837414176,-0.47114980101791476,-0.14879683264023277,-0.4896870883435555,0.7523507781883666,-2.145269853919911,0.34653058412491955,1.760977764439765,-1.6526451681052052,1.5278994660585798,-0.593285476987913
sample_425,0.5387574011705117,-0.020482739087423877,-0.29505032513511226,-1.2106116087070669,-1.1677287345223653,0.5392624401352862,-0.640939187256858,-0.16298801884698885,-1.0751622309548872,-0.9688550104087966,-0.3350348645929231,0.27773612414753857,0.7737344195405309,-0.3458771744156241,0.5523863464535508,-0.4431691084787033,-0.7598177038525796,0.3073669152488423,0.7152400010874576,-0.36035534891462034,-0.47096180431772705,1.2443807466113967,-1.0896918194028637,0.1827563096825733,1.5512517102463381,-1.1733537475702576,-0.3634660119827926,1.113400103592388,-0.8047443237027241,-1.7618500848409342,0.149277712507283,1.4927506437694027,0.03983998549739572,2.344060541349312,0.9089016858478773,1.2100060606396617,1.2442644908318536,0.24993563306282846,-0.802025860648732,0.4814355647333032,0.19449344592530576,0.7398264657725637,0.3411726110228433,0.9643977118387304,0.30776592388106067,-1.7811583763863494,1.7845670854027809,-0.1756353547578302,-2.3893380310923114,-1.0374562128158529
sample_426,0.04587231048471555,-0.6943458626970616,-1.1756520562322674,-1.9837796772492398,0.98145053245391,0.19156981877267784,-0.6434376880519151,1.6229699553495207,0.04134460963404494,-0.7483070346902491,0.636275454883918,-0.7776293461145362,1.9316820857918617,0.8698542249635887,0.7893417402382034,-0.15840120141010744,0.6459026949345658,-0.8769788717119519,1.8625870262235857,-0.03281397950165937,0.1280433362499206,0.550492412068756,0.6725166168604223,-0.46203696645681874,0.5137714694394342,1.2653563617171133,-0.2311930167226842,-0.1717739475584102,-3.221516554176689,-0.08940218058699925,-1.3658203968111544,-0.5534878111149708,1.2664694939835859,-0.1195210824878183,-0.38235394759040237,-1.2138651168671635,-0.06795609688519007,0.9035358095313075,0.30633884041339604,0.5342953753111642,-0.022785600508099274,0.1634518365497569,-0.5182447631949576,0.6022318994700926,0.06427112336666477,-1.113500282728169,2.3631427859463385,-0.01270544559341354,-0.14539288480075546,-0.8442038135485922
sample_427,2.649815887911858,1.4883014543401656,-0.3766282287305351,-0.12267108416153118,-0.5715790335338733,0.049980969506060374,0.6426805034174901,0.02714976825260033,0.4940203484846413,1.127188672185838,1.1906422884140995,-0.3278961130557748,0.43403171417881864,-0.13567189610417288,0.1809866752583772,-0.05114990514059703,-0.917890620920966,-0.40688514551285687,0.6869862371661123,0.698787048883096,-0.16976678629346445,1.0506159263588524,-0.24177457404415967,-0.5816916432249492,1.6578723188274664,-0.9488519526089383,-2.512249352551732,1.374778687788971,-0.15650105496955785,-1.5313728594795502,0.3574363166341233,-0.3146525252857684,1.1097103703402993,0.45292482539898005,-0.2866582119096244,-1.3656064414369684,-0.10966895295830129,-0.862444644090625,0.843587438217622,2.196087254822354,2.071807388368452,0.8808775518273705,-1.3375374734788281,1.781987858170686,1.248893196990735,1.504524996553194,-1.8199646736880248,-1.7365685886172866,-0.579466157639221,0.7133600717492088
sample_428,0.06087395717356889,0.693177803710615,-1.4179873617921301,0.5855274696135526,0.7649079817584744,0.5186268773507842,0.2931801925377295,0.14617924679846694,-1.4193914651604143,0.8977945490645012,-0.5645067163259154,-0.5906899579850299,-0.3166101229950063,0.5468401958831313,-0.6160706045225288,0.2236074705127551,0.3454765374826642,2.8230657237221664,-0.17211623410616442,1.109834704782274,0.17698459953129847,-0.32515857193838005,-1.201158236506443,1.5501372703384575,-0.8610424643284463,-1.6795081738148128,0.9654142743018089,0.49934249797054653,-0.7615108874426979,0.4178907946864498,1.6765400618602033,-0.19208886110610898,0.36312211981302966,0.8743407803139552,-0.38288005343408316,-0.4385403856133722,0.7345836620912024,1.2548464912631638,-1.3973189935571202,0.04966506245804135,-0.5220562704495654,-0.8912697730031602,0.3826723656949108,0.40410558222279835,0.3108860518995616,-1.3179399626562434,0.5801910866789781,0.5576212104644008,0.8507260513376178,-0.34487468126079457
sample_429,0.26505630184962425,0.5871471281760889,-0.7571716369717353,0.5125746904323679,-1.4263083560629566,1.8283810464583987,-1.6099114107218602,1.0160105698342492,-0.4778841427798962,-0.6208314075292504,0.1786678638422439,-1.1891420460882287,1.2294194787158848,-0.363032711501081,0.9906352306384225,-2.3944892294882028,-0.18711108538739976,-0.46011684682280096,-0.6145630143566694,0.6545772240779323,-2.1944756771632865,0.3739742939807904,0.9220637842203988,1.607209805579878,0.5078717357917225,0.9746088736140319,0.07547630083295119,0.49826438894030517,0.611162830534371,-1.7648697048972932,0.3948318266715763,-0.6663468349262279,0.570734381004466,-0.045322746154050575,-0.6818691711573817,0.6191737517010413,0.4341632420738577,-0.03736597891136918,-0.663663835681599,0.14769090314260275,0.18236610408795922,-0.2352990652952293,0.785263713432624,0.9045840026933468,-0.7527931723661406,-1.1395866696740407,0.019158171583391476,-0.5774949166313064,-0.386767961091926,-1.4160664432596612
sample_430,-0.9532330988203453,-0.33225098770413997,-0.4298577842379245,-1.2197160169171795,-1.0906082276324816,-0.36100974706471284,-0.3121052597189977,1.816335442699115,0.9847419454183628,-1.325868608682624,-1.2890570595347874,0.22738042033741432,0.165617924533277,0.5190496311347678,0.4815182674614391,-2.2132697773031835,1.6973455902086894,-0.5255219190902874,0.787692813094478,0.5355681918333582,0.43608575066551286,-1.0558076478071268,-1.1928333670594538,0.43197297748943997,0.9675113074289209,0.9404619314968519,-1.2524070200080426,1.9674403554949904,-0.6126011760101868,-1.0160018777431608,0.4434288267639758,0.2602119984496937,-0.09106849146045938,0.020829093414371388,-0.9968347749352128,0.6880091690379142,2.2353284950003833,-0.8442013897516674,-0.34327570677934355,-0.6692556776427706,-2.4413551602292807,0.45662410569210915,1.1484810598394823,0.03003444231234198,0.8760753460771207,0.8029810307470042,0.46504428870910136,-0.03063434490336083,0.2649617891206762,0.8401256243909272
sample_431,0.1818756220517027,-0.13620715780955409,-1.4442096815175276,1.1076915924039454,-2.0842463698583953,0.2170207480234044,0.10555465934147365,-0.5121044611127701,0.9797913051301482,-0.7255658927028975,-1.2005694954428385,-0.6203767944534481,0.5431880279966519,-1.5662949078128923,1.144552373665756,-1.0706142963379939,-0.11123623164722826,-0.5464139053542618,-0.32655727577049687,-1.0674880278032315,-0.21390264970400813,1.2004353343562493,-1.7709071763746873,1.1130409191665023,-1.1781740221528099,-0.3248534190889768,-2.670965081171067,-0.3590552822236039,-0.037932765580043236,0.32670525873623285,-1.057323782891813,-1.1216065742307266,-1.3023986347356464,-1.2727606222458205,0.18007503339002567,-0.3785409234196355,-0.29679492729726753,0.8160164884315327,0.23109095007442493,0.19100248636814252,-0.41788976186731835,1.4944944118048489,0.19488520616704252,0.8343588525030429,0.4301873769279741,0.1024877077872091,-0.9128364007048154,0.7274407771799662,-0.00340743522587729,-1.5446061209365023
sample_432,-0.067968990367288,-1.4848699444134006,0.3693356112223967,-0.39079778918477287,-0.99126951794709,-0.7140235300655451,-0.8236150997155912,-0.968582643134233,0.23001990240338022,1.0888912252901337,0.5373394637069123,1.3810397474083949,-0.2943737336907786,0.897147590136769,0.5816847668453997,0.10880871249859536,-0.4878421171611443,0.5065349073193943,-0.08671105939649763,1.2341593614244508,0.7907618656615079,-0.044166025336894454,-0.2741675776231674,-0.48591166663321284,0.2875458513498522,-1.069443940914613,1.7525797230101945,0.6637410377211586,-1.9311188601426346,0.22973388005024686,1.1284607586284894,1.508978059788936,0.8149611673802877,-0.6909736492183322,1.0543328703140338,0.47175454183008053,-0.2030981009831515,-0.06765583979585746,0.14432828045077178,0.3663934100243305,0.8594802862452878,0.7485682670992329,0.13542000486973246,1.0537775235601345,-0.2717979794672895,1.1537881772222136,-0.07625948709952768,-1.5644985804436975,1.3530126627510903,0.8543751389551376
sample_433,0.07968849018618408,-0.5908647587078066,-1.4047854316981099,-0.6733280137102027,-1.0098953662103867,-0.04968861227660498,0.2935421718470881,0.514427874584811,0.13651340666767675,0.8339602770096856,0.5548183989621941,-0.6007996105654345,-0.9748103762527696,-0.6358520927373289,-0.03903436181691142,1.6603741941321986,-0.5414907329288969,-1.0063955512728264,-0.47325083015066455,0.17236575164863888,0.1979712716686515,0.2675093005527157,0.09278070878487987,-0.027602565387739968,0.7201822312617707,0.7126608262315911,-0.4936441280973117,0.56826498616588,1.2368485593881247,0.6917767535010066,1.5953318331532187,0.7680582040533219,1.2402503927418742,0.5441919504275157,1.5120146427441936,-0.796134046170392,0.5592662587036731,0.46148097109864206,0.19845618656402328,-1.376140956881493,0.46432961635759007,0.24529907486030617,-0.12606089854093275,-2.144027624008328,1.2936126118590812,0.6463506028919431,-0.8471543538111147,1.0230058590075393,-0.04900149527106408,-1.1335285197683522
sample_434,-0.5188654372850924,-1.1298393169073648,1.6352331544642569,-0.7221413126030896,-0.2316551028507718,-1.0652926780587104,0.19014494298980603,0.7416029411487675,1.540433113681938,-0.003949616154414929,1.8549880000501475,-2.1071854849620975,0.8250909449397709,0.8528528155312167,0.5380301848043779,1.934126656178207,0.19978678347402956,-0.19795307774461257,2.3197217249419535,-0.692558262890539,1.0425339825684585,-0.1644352118267334,0.7959563099384374,1.0609292791066096,-0.07318511971113813,-2.050446926124561,-2.146217656196806,1.1053985818590406,0.14497468304011854,-0.6399105562865782,1.0619190140925372,-1.13782295808017,0.03462589066149996,-0.1868616285076455,0.8948451516025965,-0.7653108259577331,1.725164660039803,1.6515699378516144,0.0477272320347796,0.0970806977268728,-0.710008914157052,-0.6461537451084962,1.9092719081266198,-2.093687430573451,0.4198233112841145,0.3860125867909284,-0.35409539165600984,-0.7332645599680278,-0.9366703837061775,0.5535726745550598
sample_435,0.34822821088753375,0.8602203796203477,0.3993949546333058,-0.07829058290680581,-0.33772877992902334,-1.3862993928598406,-2.6193452411599645,1.1464632219715747,1.2365617923683576,-0.10929468680773938,0.6025186014225336,-0.4913924356443069,-1.732854741632684,0.726153922975057,-0.9857210544655781,-0.37862785000199684,0.005849933577104954,-0.6234030861409292,0.8249732121560076,1.2672762364762493,-0.5187118087950258,-1.5194544335959945,1.537686573315305,-1.0518818548313018,-1.5886561415923997,0.9773998285167368,-0.6878117607964219,0.3650087669437535,2.0874380439438447,0.14332438327629304,0.09586275141205741,-0.7007570308199123,-0.8063274451265959,0.30833709914433993,-0.8877405720689314,-0.42865758407915755,-0.998500708136452,0.6368513959142762,-1.1698217672559041,-1.8738147482735639,0.9672480446813349,1.0377724687594085,0.3452491208577372,-0.027078969389258682,2.6247144587967477,-0.6805156787078482,-0.10955210081708476,1.4295329561950088,1.0246993618560922,-0.1587618051522774
sample_436,-0.06764927109932835,-1.036967817474237,-1.8830093078243386,-1.3463008763105866,0.13636038367394973,0.7583373211717579,-1.3119193693597553,0.5520140788676439,0.0032203653455627106,-0.34207472937946115,0.04527315436816077,-0.48298558416302145,-1.2018742313948598,0.21493452306172595,0.8687512546492185,1.8951391407954516,-0.5279601601878429,-0.6427625861755927,-0.1293714672312073,0.29419522784572716,-0.7331072964600766,-0.2553803726403122,-0.12005303542399126,-0.9855533788791512,1.471090089600258,-0.9524987200733475,-0.7523870856874098,-1.0095984895293386,-1.120675551871805,-0.8457188292466598,1.0356834008179914,-0.2413307559072098,0.669332558073012,-0.21703216853865634,-0.5750575817331716,-0.23324308372396205,-1.5379465729124722,-0.1304522114044527,1.3567558990472102,-0.6533735042657978,-0.8020714043439813,0.8936603523727138,0.2961084146514116,-0.42274764158947786,-0.16207410395420943,-0.3410923296961678,-0.02596961044315755,0.4659207370099427,1.5971180962186613,0.5582406957488207
sample_437,-0.8514287419595497,1.5340105178241121,-0.1707534116859675,1.1279045204411033,0.8761463138986388,0.1997188893003503,-0.4190728912593779,0.6563755645075867,-1.075965412026611,-1.157741320627384,1.2676169480759298,-1.237971145933492,0.8081279354427244,-0.10298152756111507,-0.06003686023949644,0.4847427942817289,1.2880379831343085,-0.7935692863101902,-0.6451847188974502,1.5359694955604275,0.3662631965921027,-0.6952815252390578,-0.0033986054794339976,-0.3066385604792144,-0.21764241651199687,-0.7601511276313996,-0.4436566423753892,-0.5553145336284876,0.011109997477176338,-0.9028419681636809,-0.040180007809100776,-0.9801294784411233,0.18630324221513356,0.5081879566117516,-0.7089058170782496,-0.4571097194282124,-2.448951703147382,1.868615199443797,1.109461935760805,-0.4195199823402211,-0.25295725677616876,-0.05470024430194493,0.44528058984368246,-1.320310151356075,-0.8534188865487794,1.205666217234485,0.41724491487034704,-0.08643611266695801,1.1574394437175046,-0.007193824243972118
sample_438,-0.24639364367268976,0.19171981718514897,-1.7168258547864395,-0.2939993631197995,1.0257699577416155,-0.37387135935671006,-0.7098566310048887,-0.482627011477072,-0.7754718360288636,0.9252329375135735,2.5734120038923387,0.5421345144380633,-0.32731511436484095,-0.5406693672735784,-0.5592154360981344,-0.8830053570149611,-1.605962819391217,1.6145383157360842,-0.5092397548933838,-0.04037106149165042,0.6837996076642515,-0.4182920761509643,-0.2623295641162106,1.3502469291131836,0.6811618163906581,-0.44178380451138943,-1.1796040049956196,0.7794300529600321,-0.40524570188835457,0.06730928962385122,-0.026408366655131035,-1.6485467593566163,2.2104577871818196,0.62617094926055,-1.1290644280904256,0.5142128915485985,-0.5915277697428148,-0.2210953596895328,1.5206814218135134,-1.0122824277404872,2.4729075367044535,-1.0038781199241233,0.1211461658072847,-0.8486055075848186,1.6978130037827581,0.03820184317502608,-1.0639382693072708,0.07094525191268923,-0.1682596203645382,0.4185712501519565
sample_439,0.35886470115726066,0.9897111235482319,-0.4281652197811038,1.0952707253847953,-0.5174784737094554,0.42117079191885504,1.3055223811547065,0.9872627301735167,-0.937506036944088,2.246706582578286,-1.5031515747985362,0.5691089542305309,0.1307025171776451,0.31494006755272536,1.991577485844955,-0.6221943556663447,-1.18412094545308,-0.3042276039291165,0.02371719872769084,-0.5632678352746675,-1.4258109304685582,1.1051849799173388,1.719466997614906,-0.5346493036148624,0.25393211112299363,-0.7809512650193055,-1.3435261204090552,0.15109079637012213,0.678571852288671,-0.302047845913633,-0.6860532370004239,-1.1490815715473561,0.501214795469919,-0.2906958445211739,0.050579902951964344,1.3581618235891528,0.465274166669471,1.7696415490724502,0.3626612897006733,-0.11951703863386254,0.8189554947087586,1.1824738768548855,-0.560623571818937,-0.8474482913360492,-0.3306427423209701,-0.0599622540794562,0.3744741564462562,1.0415132562523517,0.3428273674266577,-0.030939891503946052
sample_440,1.6714436269692616,-0.8893731524704581,0.8818283428838831,1.6087088086452825,0.7923149254011147,-2.4825041580582234,0.8869695518464953,-1.0686117290277235,-1.3589947626362973,-0.30798540335140856,-2.9990240283003136,-1.348669457471507,0.4978989713941374,1.5464601702290117,1.1997761497680077,0.2742629128665182,-0.06441645931600054,0.45796932689216235,-0.9651562599549457,0.9712254120245746,0.15776348067130275,0.3129241405273757,0.5900971322612774,1.4304808213986515,1.3356374928537316,0.09944673925841377,0.022106389123791693,0.6603476905271513,2.3547340529414003,-0.5908129598747681,0.8257026988239247,0.8186559325517151,1.0612895333361128,1.9985121125379548,0.46398049065544333,0.3323964507240437,-0.4818487040953041,1.4926713819548498,1.4889093158487703,-0.7276480368365946,-1.43776095498088,0.21575518971071514,-0.9013417425370668,1.8434710523355997,1.7628173028878853,-0.054916441308572296,1.369709904015352,-3.1330309985171754,-0.6034328796204219,-1.6914156131998928
sample_441,-0.9240665875616492,-1.5888219770797627,-0.5245636805412273,0.1791991506073247,-1.5247166209691567,-0.24188396437992274,-0.806222653713118,-0.7639746256137825,-0.17080743062720655,1.2911428876381446,-1.4163049884263537,-0.7911389275556246,0.7953118934411271,1.0763594197592885,0.3497838639112045,-0.20665631835978154,1.022426119872553,-2.16757974899189,0.1703264990705583,0.4712893991527199,-1.105619961030708,0.12519396165604146,-0.35145976679391866,1.0361464945526204,1.8667652075375007,-0.19127376655304287,0.806657816235184,0.3357358801114804,-1.2231636355352469,-0.43555265271313715,-0.9517911297106254,0.6211381050334139,-0.01956437505546388,1.8245153405322179,-1.4704222923637826,1.9974277486333414,0.7024278910600729,-1.0071756021713514,0.5719498595790795,1.0244673085697018,0.13449974230133857,-0.549543546052965,-0.7213554055760844,0.32564516423162504,0.3091310741000952,0.11605997703563628,-0.48029025439306955,-0.6071219242435008,-0.01395825578357088,1.5299969955575776
sample_442,1.443336416402671,0.3806549798396914,0.8204110864265048,1.57664213109107,-0.9476269410023697,0.60634357589697,-0.712423845706892,0.4242068246636176,0.8572593130626845,0.8611547467986969,0.01771386565555661,-0.2568807369861115,0.34102539151539335,0.016429487604459513,-0.19292989647884826,-0.4962701365661943,-1.570494336810293,1.1672069643299858,-0.7431936928847687,-0.013623554344442838,-0.3528463567939613,-0.36688942350530684,0.6112607136197314,0.18177330369258848,-1.3298336561453232,1.4170372503474287,-0.13401435081807866,-2.522405572575421,-0.026257539363241985,0.3838555088110597,-0.20999181345642237,-0.5279357983642252,-0.057537503522721516,-1.5453493463226993,0.5230700423289467,0.1723399832366729,0.25822454102557646,0.8098265418546353,0.34319346215283825,-0.7638051382637993,-0.06435765800663953,-1.940662601682456,0.4821030319279673,-1.0846310674173194,-0.33604494239460575,0.8029647860873367,-1.378691523420312,-0.22989236452009287,-0.8345906480314746,1.7527965279119264
sample_443,-0.38890163301807046,0.9697558124308638,-1.4903556198608896,0.602851799470877,0.9223065678798036,0.161683388670697,-0.5778749420901356,0.02806710876894796,-2.379757216876039,-0.23647483273779232,0.6129525743689087,-0.17216758999876816,1.9022922985740052,0.5234796118198779,-1.6292536182017587,0.9426990526645679,-0.9371074481474819,0.06360265754817374,-0.07427866737041362,-0.6777984210703514,-0.11011957242451201,1.1200875417416982,-1.2205035526778982,-0.0931371931855423,0.34181348335395917,0.5140247615855541,-0.5835312085944339,1.4763584332013397,1.658928548783546,-0.11501222311258061,-0.7014866968454525,-0.25585380006773306,0.20832142643758664,-1.797051544119154,1.7352822284002987,-1.4989836072671265,0.2236744175903094,0.32358053274624354,0.278579202839793,-0.5942713478189813,-0.807047327262231,-1.355612470709842,0.8240590626520503,0.5356692305230382,-0.551700489672507,-0.5899657664087928,-0.5735859190247657,1.163242196751571,0.1308435422674747,0.6577432511101078
sample_444,-0.8945373242894699,0.0827275178177471,0.23342269644705013,-0.3358503114028354,-0.40992435557474,1.1349244342076212,0.15663688704725837,0.4299300030532639,0.4790510664554057,1.1900565876278715,-1.7336984266734803,-0.9209171361544021,0.7738087874200473,0.7554247253195274,0.3328032725727847,-2.693992300189756,-1.5328653193909918,0.9224506722863962,0.8180488647462959,0.8022978047414617,1.3396163663233915,-0.6336942929138305,0.2353247468271974,-0.17236609116638113,0.08440569905440114,1.200770689968023,0.5283512324448466,0.42679852811632296,1.3334300960323182,-0.25525894847338076,1.0287742237846074,-1.8144266148621409,-0.06319428079640639,1.3165598848640345,-1.5874868399040685,1.253643824621855,-0.9505194078508046,0.2566843434551825,-0.63808747662443,0.5071554295964578,0.5590606398606666,1.1129539627286542,0.9753140556613301,2.356249053128881,-1.139478672529991,-0.24784762807673016,-0.35949406588545735,-0.8561042661100591,1.1349237040948204,0.8481752557287054
sample_445,-0.25903393987795614,0.11231612896058413,-2.566460546573495,0.5692670343304003,-2.9483077126461352,-2.099430113367691,-1.0353387818347786,-0.9388228368749058,-1.0320826671710215,0.2530695515812408,-0.15816701998605637,1.516688937716314,-0.7181007027774478,-0.5956481758469983,-1.4952177642999849,1.1645312929565312,-0.2288753423499324,0.8482215313906173,0.09013255033833593,-0.05640687635304831,-0.7185244340554169,-0.37629042780167243,1.4576000923728227,0.7538841066303509,-0.8769364320536532,-0.553797480364589,-0.2358919272257403,0.6194672215154633,-0.28266523136882754,0.24839418210736874,-0.3645147252410271,-0.7751415663047069,-0.005672616706998138,0.6545278649460526,-1.7282813963430224,-0.44788075780205283,0.044029742546862184,0.770013104775019,0.3302054280827699,-0.8039601333799419,0.006022801461297464,-0.6668656652165832,1.494574921034289,0.39254263683525265,-0.24542197187725823,0.9191411609368052,0.26137043288656037,-0.9233721823184321,0.986708174320642,0.7478493242413379
sample_446,0.8495570797423291,1.017924430492838,1.548783646527771,-0.22957637055694396,-0.6610561872377536,-1.3888587395070897,0.39717811065244524,1.9374607943649855,-1.1073099436965084,-0.8242713280998138,-1.1399102637342147,-1.6120663104108082,-0.03341533736895379,-0.3937596814203361,0.1773048275561727,0.03518273815257999,1.0035398117671683,0.8859055491698351,-0.4676607069959175,0.6395485604385275,-1.0112922425663915,2.5533628174349383,0.6615049277560919,0.2397259759728945,0.531293128708541,-1.0038074541470656,-1.305838600955731,1.187143016808635,1.832028073810605,-1.4631717839212333,1.444910331758453,-0.3610330811526859,1.007325977966604,-0.7908415679463882,-0.7853953684500109,0.31574219959597777,-0.3684907665322493,0.7340983284115333,-0.16627170330916857,1.1005178286006434,0.004168750987703991,-0.9534828847598288,0.20699001852914223,-0.0020530164787814988,-0.11172761044491414,-0.46686805486078664,-0.04865659246563564,-0.2580617643243721,1.2510072469242342,-0.4236148775641808
sample_447,-0.9748363378297195,0.8129620479320083,1.7497147430059892,-0.7516358491483227,0.7602659235921362,-1.4946596846707854,1.5322886732414598,2.626352802140148,-1.219471394362058,0.6295774728927671,-0.06581704064437942,-0.2727001781970636,0.7925012561373617,0.9297460928306359,0.3161597551143267,-0.5253267117694708,-1.3944036713294885,-1.843570423779451,0.21807661423547908,1.244049842855821,-1.1232522078362095,1.0450101752943937,1.292560433045872,0.7618027506448786,0.887584202438963,1.7140487862607563,-1.6769205043302031,0.09676270186199974,0.31288028676089896,-2.1567474700436375,-0.2029804441574229,-1.1286441249046137,-1.0289559200858642,-1.1228276439944291,0.7471275179242767,0.33961003643665455,-2.164631474917667,-1.1763376562976837,0.9299110464125059,-1.0833396588067965,-0.303655451401469,-0.2691979406325783,0.1919341432070586,1.4352924014093547,1.1895407803518618,0.2099320041968646,1.756300736864271,-0.8470912280979972,0.8455053837031903,0.37977860012452275
sample_448,0.4397883382029656,1.6792152094216968,1.9774729770721264,-0.45565879208464966,0.8955771206456296,-0.9574076360049686,-0.5200653450583603,-2.1625311949409642,0.5928845162496941,-0.07408674990235514,-0.4529089695181194,0.044259540444170374,-0.026779584555453075,0.3533997774114464,-0.013390913715745315,0.07437587972962215,1.0840406851400441,-0.22143971614699667,1.376257433106225,-0.7151277767957915,0.6535314271055658,-0.43504681701701275,-0.6969602382358335,-0.5368636686219868,-1.5216714442808879,0.7600358856367789,0.4149820636829085,-0.4724391892259472,1.0530324465183882,-0.05764905562696222,-1.3817434257461012,-1.5313791764516003,0.9550573360157169,0.5396703913855787,0.162640805698705,1.2162616909982733,0.517023615936549,0.23448766275046976,0.29278245871387076,2.1128852540584955,0.1476228435606397,0.3500199289478487,-0.4411965052254716,-0.2564370016055082,0.25722478314311226,0.236394796024796,-0.8659838423983989,-0.6763322149419582,0.5525398110164623,0.563879196633945
sample_449,-0.32846596878798545,0.8468675613091292,-0.4061253736372524,-2.306774815504085,-0.15845923693705538,-0.3830514949096073,0.30891392203853746,-0.5090786667373138,0.18457579206098781,0.7821702555648956,1.2275002808018278,0.26681304450791044,-2.0330895049696855,-1.2158751663451535,0.018456325991509644,-0.2635383351555243,-0.9264474699493415,0.10602633009900442,0.9141405444860837,-0.6391737768114619,-0.14802628761368658,0.27470491131664154,2.6285980040629044,0.4918426397775869,1.1582931258970173,-0.930747451710202,0.03579337112970322,0.007604092695795411,-0.7779717462082644,0.4833356129505973,-0.3558896567316047,-0.4284292857778273,-0.21294824866934403,2.3563977888408774,-1.0673161660096504,-0.22764749886156332,0.33190299046151966,-0.1210547621604972,1.1012759570182409,-0.3124095285664191,-0.14248515753534716,0.9375049246085253,-1.8515960621380516,0.8768741957902932,1.1684650004694666,0.06853683658004786,-0.7039790871002174,-0.4821850789730279,0.12350003715690207,1.9456113062808071
sample_450,0.4648287610869761,0.4477478017909526,-0.4272609694443605,2.139543965921006,-1.8423975641011978,-1.1206483650960448,1.0936561809624104,-1.184489416454331,-0.8788146040919658,2.169867066280094,-0.3146484377811988,-1.526284963315438,0.32131450238674447,0.28124510678341696,-0.10212123322275454,0.44343759490179085,-0.48904437144619894,-0.38859086754139854,-0.8038000006534607,-0.24127325288946538,0.7705934280283462,-0.21969444761409476,1.8675683769515563,0.0707293280919676,-0.9835321366646703,-0.05700526842507876,0.06577527149148955,-1.1309685259475113,-1.3199926240546616,0.9985699090354998,0.5452044809547755,-0.7542758965297632,-0.6473811496633716,0.597337363244049,0.8278720079342944,0.5627712615217756,-0.35075069022080085,-0.8584253985208551,-0.6946924668316702,-1.091796426128269,0.42184506182377324,1.0864765109211756,1.2717125129722326,1.1033891733334795,-0.021788163149121693,-1.9925234793321227,-2.2951898536579245,-0.14876078482004884,0.7267776125543289,0.16538506235582917
sample_451,1.8857030471750063,-0.06415280686378329,0.08678295185150228,0.2282516177213792,0.8997901511321296,0.6682852817721578,-0.5625386144678074,-1.9193557507523358,-0.6808725517630972,-0.05346029256204654,-0.18297883229854814,-0.42872570822356176,0.898075509622525,0.5528195557318306,0.22100689493734693,-0.08181509207299192,0.43217874530398975,0.4971243763124771,-1.2666534581769513,-0.7479068078393136,-0.756630978025717,0.06422388732445469,-0.3012227367063833,0.5402827236261802,-0.15332600710165464,0.8311462720806322,-0.8462245917921221,-0.057333099570461475,0.16722543489773561,0.5101086297981621,-1.8113358524672003,0.6378202463352268,0.16465557150042565,-0.8457861482405007,1.070612199733076,-1.7609549803565523,-0.5926401516434292,-0.5850535583617056,-0.29413889595883796,0.7628475394190354,-1.0131172267409287,1.6564211395395032,-0.6166142596787426,-0.08552588460841025,-0.31501430981249706,0.5715155320379048,0.21878776752536802,-0.10159852503476893,1.6925842122853787,-0.6105624892357026
sample_452,-0.19218220685949397,0.744101476817809,-1.0119546355132436,-1.981041822294618,1.1908090700872425,0.5132192030727588,1.0143734686398012,0.8963754229202148,0.6213141745457094,-0.14294833510331353,0.26632271394491097,-2.1350604915843934,-1.4883742870182965,0.13217444375801227,0.21935262247333592,1.0087816376757253,0.05408662449206427,-0.5636001704499137,1.6052614390896376,1.022702861178488,1.7446481194210697,0.1062219737400346,-0.16657673279751137,1.1274618999591246,0.8344066139353411,-0.6916164064019504,-0.7748071659348087,-0.8389866179965798,0.31083827410969106,1.0644857242890684,-0.829895468003804,-0.588414954830466,0.343299833215208,0.10789627912488782,0.6220311397316132,0.008568790613513065,0.29622922695367493,0.8517224944415076,-2.1749876122916927,0.9428019157484561,-0.7931011880301698,-0.5982165584735462,-1.5964163612443052,-0.2000316935553846,-1.3709868793186684,-0.6723231676287525,0.6855978068874593,-0.48559573109153875,-0.8200573648649111,2.3784317197070526
sample_453,-0.42206048918886363,-0.13988852475205366,0.3288122617483726,-0.4648917297563057,-1.428750696941407,-1.8546725472852204,-0.02911765678282092,0.7144971171115853,-0.8981976668959287,2.8238383671755884,0.6966839085292618,-0.37270937282486877,-1.0489907972711299,2.6840282595243465,0.23983674119483767,0.4644848213092981,-0.5807756906076128,0.07948838177600945,0.9571714104186124,0.578132261673215,0.032900215222831486,0.4866929973283208,0.15101487850785467,-2.6638242707249016,-1.6007732897522307,-0.17436922978896696,-1.8250362530370339,0.9203205743586067,1.1976154813947941,0.25880268185980054,0.9004666655977835,-0.4386314999874272,-0.7085507124904574,-0.8535503884327219,-0.09775792812099632,1.08753425515334,0.35354806619902873,1.5126344580243678,-0.5306069031162312,-1.1718138128784004,-0.586530613405994,0.5307266229854284,0.7519115397657552,-1.281534723332681,0.033299877199766084,-0.018287572001161947,0.434427577415598,-0.9652897482059926,2.5500435069575356,2.016460665923507
sample_454,-0.5433024450784835,-1.6062759133384674,-0.9810341345558341,-0.002223012264319172,-0.15839811150962171,-0.4967672768664424,0.5434849768823771,1.2901694124936807,1.1639502018687893,-1.3799560568778166,0.4152702342384257,-1.1933502092143586,-0.16849667848045374,1.1395821629222709,-1.0726213061063954,0.6096714653900169,1.0132001292646478,-1.596328840013408,0.4705148120427663,-0.28527506090542104,1.983385006404054,-2.2580891571842066,-1.4153487139865666,0.23918678006365307,-0.7498991507692374,-0.4459084725878432,-0.588815998285262,-1.2380986015805984,0.49284098638992335,0.3562823697628346,1.5261667990202397,0.9884661316832951,-0.6181213137645081,-1.0697169133257747,-1.4331579865120114,0.6023199710553142,-0.18058743580352846,-1.0825681225797181,-0.34521263981994305,0.4062479665466102,-0.06177778693338413,0.20159178369865502,-1.1545200447079274,1.02464274166324,0.005815688376871568,-0.16748422833677618,-2.149791633999164,-2.1279767526154822,0.27366554469898324,0.23201133105849206
sample_455,0.07850220963057622,-0.4092188391164494,-0.23799653316331737,0.9197956297393266,1.5604131640699366,0.4101478104417911,-0.02511557938120405,-0.46498846225957563,-0.35146437361313704,0.09926053780661245,-1.6040638338351447,0.2429967844198011,-0.8436278564930465,0.038174808906420186,-0.967889028574403,-0.8276023178637372,-0.9028066840778876,-0.9392034334217517,0.08841587122304603,0.3093346788214436,0.06448660505263605,-0.706641403717008,-0.23934406665705513,-1.2644075985508116,-1.5107312119470115,-0.3022245813302037,0.4867320867382177,0.12240195948784181,2.555812617753175,-0.014351168809967098,0.8090340618690197,-0.3422202869252519,1.0640716243390058,-1.6033230688308218,-0.8527243347944738,-0.9016685898968808,-1.5115628465412887,0.3524854738918941,-0.0685164219317877,0.9751450820735877,0.3938652953490129,0.4508125393826809,-1.160321303675845,-0.2704288989228579,-3.0322451114848454,1.3314409711606376,-0.22304659856206666,0.8619452032291076,0.47653999530834995,0.22746773736463932
sample_456,0.623490004967217,-1.0182624129891529,0.37704503266871037,0.2526938577525557,1.804398134221086,0.33752646308415807,-0.4198297608421497,-2.5133125831524947,-0.025254037500803874,0.1621733672345107,-0.9256883649462158,-1.3808323442760198,0.17382039093135884,0.9834906205185392,-0.5699548869607834,0.46755588270060333,-0.36328095799017074,-1.9405379420523765,0.6554700491486176,0.3074765500925383,-2.399792745479126,1.7797188445559737,1.3682947638578613,0.5949889739098383,1.2621741209481858,0.9801376647873855,0.2953887304190475,1.1830394587674082,-0.7750884206925517,-1.6215192369133342,-2.122897076437431,-1.8485250502953159,0.7232440015456449,-0.11782601005877769,-1.068792621163716,1.0851180609013547,-0.9438320162508643,0.031500365355493665,0.08709355171432584,2.1847455557773157,2.2438209190303895,-2.001831454498081,0.2677973131736831,1.2700306284357328,-0.9500869887876242,1.3335210796565218,-0.3753712733628085,0.1716968486465742,-0.8923507036542138,-1.028330027321945
sample_457,0.7877900825495537,-1.1899638902803538,-1.9707380323711075,1.0153749091643054,0.1716981876199288,1.97771966551319,0.24724096042076585,-1.0046913927168226,-0.8184635996394937,1.2690788575042629,-0.15971168423554938,-1.4004781860474815,1.7653114539342378,0.3545662555321507,-1.241152660780851,-1.381951485191043,1.6160502078923142,-0.12480073751078354,-1.206552187262372,1.9758469281238598,-1.4865077727354383,-0.5726763025799572,0.7558022664828499,-1.55127577921422,-0.0712592526724597,-0.3726841694749656,0.08038095494664879,-1.0178033487120277,2.0888727898714206,-0.03168808949008081,1.558746503147771,-0.20469764151398248,-2.0356887203614247,2.107513011291033,0.5248571913388762,-0.4818978999506731,-1.4164366790642708,-0.9895719132609273,1.6276160016293133,0.0051241380601516956,0.21332200738537183,0.25421434025364065,-0.6874913607987784,0.6450818766037562,-1.647311994080143,0.6938580061180356,0.3632365870547644,-0.4528824314754593,-0.09273722236783162,-0.20712685874656833
sample_458,-0.4376358804086227,-0.7233366561068368,0.7166485604595236,0.9326596415937016,1.0360803498943945,-2.5148631250183406,-0.029278596847929196,0.28422059523268445,1.2789069285810835,-0.9436796091025577,-1.2363474673735704,-0.5502927335087623,-0.290811254168359,-2.740042589377022,-0.0017055188480771253,-1.0508864184527924,-0.7537767114794857,1.0287269692921317,0.6219115591521744,-0.12807665304472404,-0.5819053683990688,0.34275836043391505,-2.4253371869206743,0.011187561222140893,0.2084465185219972,0.07049980060425319,2.0252987895439296,0.8362774709730384,0.9600242564149328,0.668220493571735,-3.1721841714660806,-0.9130767736911438,-1.4181858613663796,-0.19151689917446832,-0.9712165566181454,0.530726598913406,1.617303285320347,0.21660233916571872,0.1361126942944103,0.4997441483174892,-2.8353119750032962,0.22601825086790076,0.45394640096610883,-0.4130809168793061,-1.449344915732362,-1.2888040340762816,-0.4346284737903162,1.8623572614400405,0.5199536703064306,-0.21576303972080085
sample_459,0.3175794742323667,-2.1067868039559676,-0.3270145161113575,0.7041313258275311,-0.6512414823772014,-1.4213724567787465,-0.7554797802846057,-0.5240709741232836,0.1123279391372697,0.20440062021332628,0.6263958292306341,1.0803574218008998,0.6249922302480528,-0.3693917605039619,-1.3861660221609837,-0.03177606699622167,1.3416570141080135,0.08360388791435511,1.6886441152924117,-0.538553799732003,-1.002354565828593,0.2472801577540934,-0.8808671820459639,-0.6875929104161748,1.1890917119021205,0.9676567440391491,-1.218357210625954,-0.05898979351044636,-0.6350075893929621,0.20256991199306434,-0.9156607431969783,-1.0649698430279333,1.188133265813307,1.8297087195081148,0.4274387304892492,0.514687895921527,1.2277925076460352,-2.1291249075291043,-1.693817617217517,-1.578389095581759,1.3780973338620306,0.376687355848042,0.22657737001890527,0.4930049653924518,0.9116654169091627,-1.2331295810077045,1.6490470010848586,0.3483613942036233,1.5394604531620086,0.5556263837748718
sample_460,1.9141561602129449,-0.7020422381517878,1.2081438737230963,1.624122915568132,0.6294729195340611,-0.1972141776247184,1.2702290888652807,-0.4230673327620009,-1.2499496332926328,0.09500044640142899,-1.8184832725801034,-0.5465243791139863,-0.14600757000386572,0.582149934370126,0.8158995731642962,0.4192718327062897,0.5623100654120898,0.1185271230399409,-0.3643383509327663,-2.4548296502630493,0.15741340653345992,-0.9427838773817926,1.2124012115755518,1.0825791158410076,0.6382208759110537,0.6174562550696956,0.2770052908118486,2.461786660433518,0.8064774936185672,-0.4601234602572963,0.0619100939636254,1.9618743652283885,-0.3344781639605285,-0.043048867955919,0.5175428835336622,0.8225020991235293,0.27714212430753704,0.03176937544036911,0.13309298552458507,0.7686751246632894,0.5056001296841051,0.21387321446523766,1.0982826965702166,-0.8731474438267322,-0.13052268889538285,0.4557563642359999,-0.05848145143775534,-1.3160841741256433,-0.8886378110678307,0.0674379204107437
sample_461,-0.9699238440732507,0.6908708597668023,1.56805740405667,-1.07953055987536,0.41477949484095145,-1.3699844083485693,-0.1416648920269912,0.43379574522415887,-0.5246543102335698,-0.3224189385781278,-1.471320646341132,1.3516883280383107,0.6592803104716546,0.4807661017587076,-2.4111117504120814,0.9219622678978573,-1.0867416524817455,-0.0610344838532141,0.8937482118813032,0.331933864377975,0.6943074490204773,-0.02321566664271634,-0.15783264556505439,-0.21244525668938807,-0.41741842852515215,-1.438463112883046,-0.2061633323007478,-2.2356307739229404,-1.7209787594802513,1.0596847276519252,-0.8177345696696764,-0.025039084530845954,1.0859492471958423,-0.7326905524031446,0.23543700423355826,-1.0458310838413896,0.27762427502027276,-1.8924029293906952,-0.17066114549084066,0.21458679161266825,-1.5868333995830175,0.43877141376476025,-0.5784570401763073,0.4759261667371094,-3.147297338363383,-0.24716135247707707,1.650942874001974,-0.1831189053372298,-0.08986695716476072,0.12279924435927081
sample_462,1.8128923495770894,1.7098683215708375,-0.5261216839502226,-0.6080562077968035,0.7864571595423847,-0.7781310768125981,-0.7632921830010698,0.40818510788399676,0.21785766329800624,0.06789324231388641,-0.24283341093101937,-0.7050169824817484,0.04293522941654746,0.18572378979718177,0.1269038417575767,1.2340919794657692,1.3828191921563637,0.8829289468994485,0.0800519992061448,0.46068394023478815,-2.8093504892010954,-0.8207555679278599,-0.4809762654230437,-0.18933276585159056,-0.5389860511623212,-1.3002142699993013,-0.09719152633387984,2.6301508116815593,-0.6863840763948451,-0.4622553665600625,-0.703504180285089,0.8240345284438473,1.7436510261387919,-0.5710954987086341,0.5040588889406675,0.40868638644351035,-0.605421443806717,-0.7492191846824072,-1.7774325823073454,-1.3459494996364734,-0.8068451547147678,-0.013947255644390004,0.65979797800252,-0.8940223713713501,0.12612954659199124,-1.4092925134354888,0.8701706321502388,-1.620257016054636,0.4415870099621131,1.6806305425673453
sample_463,0.5208213350367484,-0.6320134170429913,-1.1591613570602852,-0.36230356944552905,-0.473287134231583,-0.5032744201164272,0.8777716624937001,-0.33735664242098007,-1.4458203699483212,1.0707483761263474,2.4506157215013937,0.28642408596949365,0.0010657465569010017,-1.0254492781806495,0.5471804040799455,0.3704502497197778,-1.9164666662938405,0.28819974789181524,-0.2447804425563575,0.4443848207714107,0.12072853821885406,1.6959804972553614,0.718755085908401,0.1291249910661809,-0.13642011957697306,0.6178176404309061,1.2123381175796872,-0.7810560899696329,0.36552868641091907,-0.4858121257761997,-0.2538034455135788,-1.8122642617971403,0.014114165878650034,-2.932007782816381,-0.6650533377190784,1.1195157304098158,2.1685087135496572,1.0400493125978165,-1.2944642911813515,0.3732523836389751,0.9751130242785121,0.7593941011251935,1.1796518824031765,0.16583357642261035,1.0431993638139543,0.7153831014808789,0.791539846353674,0.12292444344384573,-0.35639754094776166,-0.9200804768165133
sample_464,1.1328038382033188,0.4220943488930608,0.5615129128222264,-0.1696758735177761,0.381594747524446,0.936961294471625,-0.6565020054342698,-1.0248884776933456,0.26312929260491125,1.131512568402882,0.5359915290769641,-0.4292240627495149,0.42222482297749214,-1.239176628726413,0.9997576962562841,0.26369690520536776,-0.7165858985726344,1.0450947197070213,0.5346690841455732,0.4532445663063333,-0.49020454140622566,-0.8621751038964018,-0.5166079336323482,0.7332059672785839,-1.0222110503515678,0.23594458230639098,0.3553512538280633,-0.13430236425559325,1.5534010131656184,-1.5468162064861544,0.19747980526791212,-0.9753495756665524,0.7856465328741087,-0.7138202569242579,1.2218438175437332,-0.588995982251989,0.9000980792240239,-0.24166478322957427,0.24098112578824388,0.917451961244362,-0.2605403550949705,1.1977914479652412,-0.5203892967266261,0.4395284121300426,-0.8958772158865363,0.1257063304336897,1.774881043223258,-0.2354918643154008,1.2673859735217243,0.8412704928847865
sample_465,-1.4185378849871753,-0.4043559452881808,-1.2964312565561564,0.7890152512726949,0.009621381523046126,-1.5289304338374006,-1.0413201854434309,-0.1410933629370255,-2.2364908272190145,-0.9695914543327766,1.5047242408602408,-0.40281189479673185,-1.0419714087456449,-0.38826063733423505,0.07087102485373677,-1.1633069371262443,1.2644766252297037,0.008711039568737202,0.2571650427023686,-0.43859194393757456,0.1574460930368379,2.026389915413044,2.1326452727500156,-0.4095944917215756,-0.45779787658175564,-0.30442645353192543,1.9633511062007105,0.6066141643287792,-0.061072334403408216,-0.7484929818608264,-0.14143684042758997,0.2861460167689608,-0.9092518680321303,0.2391422668757795,-0.6192943408663378,-1.2283143682890274,0.21617771894151203,-0.4912970214080425,0.29687446125564027,0.08730537432945609,-0.01321210270390253,0.3204702840905874,0.18199005401889787,-1.2902042647118541,0.31661404710223207,-1.6329542319074637,2.118749912603156,1.1714821005049256,-1.3379793977950318,-2.128207894600867
sample_466,-0.16400721300639762,-0.8388628074254749,-1.1296439822131867,0.36744852814400736,-0.9740028485523357,-0.17109037820865347,-0.9927692161519545,0.007528549217236228,-0.09618006604797118,-0.09900631111951133,0.016158287810199703,0.697178921268159,0.11535536459424475,-1.2808946448252936,1.9146320638037682,-0.3370033175330623,1.4698739449304339,-1.0536823089584342,0.2948985866514238,-1.262367112645498,-0.48878430335150264,0.6712938168282164,0.1042298411235683,-0.5876599876584547,0.738808346418213,-0.777171748284525,-1.1546286123755924,-0.5131549712791023,0.7615766345976153,-0.9529279113626441,-0.07300324554555905,1.2846043447522286,-0.34878284421576383,0.8132583274753928,1.4887768544053066,-0.8740645830274826,-0.5227620485356452,-0.5052205970778513,-0.050664881706567744,-0.17126750340621985,-1.142807627607576,-0.18766620829826142,0.15479144169382061,0.7686507212432848,-0.17384009382109514,-0.2920748327027821,0.978645682056004,-1.406102600174594,0.2945614832207228,-0.69353133164695
sample_467,-0.6934685029886511,-0.17566230378520842,0.5608839793818535,2.035059381359518,0.4077098057455321,-0.20980570320990483,0.12527806993668636,-0.2939065893804109,-0.6581105099299569,1.51676481696975,-0.349617598396986,0.08752199638543479,-0.09257898162188706,-1.2675452444713375,0.2615978289312012,-1.206634079942845,-0.5124205993913917,0.21616299988215557,-1.9073434580135866,1.0504555002843152,0.7266531010128113,0.7792925501588954,1.9042081487146123,1.054678136178101,-0.850201590201159,0.5721403302324931,2.0542158401045727,-0.5891235074988389,-0.08296048574779948,0.19585015716276652,1.1598365891937614,-0.15516207598469844,-1.6859352427364742,-0.9495429548896291,1.752852239138078,-1.1548494278886676,-1.12824938799865,-0.10627308312389298,0.6078537509433739,-0.3385824366042176,0.367541231482977,-0.6158561868292894,1.1518643522825562,-0.7174023457952627,-1.2250251530625544,1.3445363139662652,1.7648657674697317,-0.7811480762593344,1.8128942151865477,-0.12111881327434881
sample_468,1.0394642694802914,-0.07037012279112241,-2.216082722068104,0.18329608776103368,0.45712958331235654,0.5835174962934139,-2.016583745905058,1.8081163554496442,-0.11322162199382374,-0.2473169871797517,-1.7339858220241873,1.639474329083941,-1.2742363780836723,-2.4548739317577577,2.1202026924000212,0.695533789936636,-0.261633994786717,0.029138861983039468,0.9834595415047098,0.09289108464337552,-1.0452173090473393,0.1408650304354701,0.3988143606825791,-0.08783223322428875,-0.3217473295030668,0.3164712732059182,0.5665219940423922,0.01259182224770057,-0.9627725007990748,0.3446571127894707,1.0980695738505422,2.122487209685545,1.4906325086802832,0.5425899881826064,-0.05390179483982594,-0.18532873173068862,0.2660848433566431,0.9221342668310044,0.349472150868495,0.6554022839996956,0.47787940532304973,0.448374732344098,-0.34819964106662504,1.1316681910058422,-0.7420262859689045,-0.752617420619341,-0.25051867238964376,-1.2753540989180232,1.1512236169259735,2.6139117073641445
sample_469,1.005150705489216,-0.4158074342033854,0.7523440786320734,-1.0595027491773834,-0.7057841441987853,-0.20650409282459015,-2.5790129160914015,-0.31552139184433853,-2.2833446941166744,-0.6393741190213835,-0.5799959454219464,0.44785233417156184,1.6855078913033392,-1.121851696961558,-0.015569518949412784,1.2805418945913833,-0.2721356443090499,0.8018558724410193,2.4848709147334103,-0.8964274916397633,-0.30292988583763253,1.484179591709738,1.4960967420786555,-0.03903293888382973,-1.0838936945277897,0.8628369417981646,0.6302653597709149,2.1039187097087293,-0.8426776275503631,-1.8627920898490133,1.0612319900784557,-0.09711593795402729,-0.30387350453774364,-0.8620489714140965,1.140578223507565,-1.1934367000070412,-1.3358175175828433,0.3233863012256304,1.0111160096801601,0.09003392169920571,-1.8000860670816075,1.6027199974168058,0.6248198481099501,-0.018475688404057278,-0.2332348746248911,0.5664919518274609,-0.4217363552431491,-0.5386126623618268,0.4204084986675004,0.7761781652531292
sample_470,-0.20223914705911794,-0.024699580269896822,-1.1219159332192659,-0.1932650408881041,0.5872956749910448,0.40159810170402216,0.537501775423365,1.3965698434608416,1.1899019861086475,0.7302670548291061,0.21410573828095905,0.12652273541896472,0.5818058999944928,-0.4337841727641896,-0.8426466930235057,-0.013427968120050053,-1.6430837912345762,0.009953329459669289,-1.4934051179351775,-2.0132423210869925,0.05518801747956485,-0.3626189905109014,0.23130900349168365,-0.26882005688867605,-1.5676247506787189,0.0843442822290189,-1.0497680713136845,0.6000040482965947,0.3617971324343847,1.8654240629848198,0.881212187869361,-0.527284080588683,-0.46411030756386296,0.06790875473502166,-1.1111936879186313,-0.17300510549274736,0.16242548663615972,-0.33229183456275074,-0.19673908224974565,-0.6854454861471367,-1.2580941702017614,0.35779332357597027,0.07443004385998041,1.5904556459013537,-0.2944971970471246,1.0383053061581746,-0.39854889321701725,0.011760643398380982,0.6952901658458349,-0.0909722052813252
sample_471,-0.07564015166660895,-1.8168068779932764,-0.2917031763373014,-1.0761767416250008,-1.1887209015225721,0.5940214993750783,0.6353651499297411,1.2397577483781288,-0.3313974903737304,-1.489273773104594,0.11501866620981642,-0.5235328810109368,-1.3472193108471877,0.5541858776342646,0.2918754525102418,-1.702498907815165,0.3491611693422771,-1.1885020958225923,0.40149193294086233,0.6268625668206766,0.5583691584321805,0.9786915610101127,-0.40606031636272705,0.8838863616162884,1.4240493534117011,1.5014765573308873,0.6866199463371209,0.8127823570416396,0.40357110596076023,-1.3944338601061514,0.6888823932032012,-0.32139738190061484,2.1255047158545355,-1.4594851275585992,-0.49747333745515193,2.252660677911608,0.8219919143087979,0.9811759755685932,-0.8139904743328024,0.23906817065582178,0.2569643670425815,-0.1797884810148256,-0.0033028237074901744,1.0607348526913558,-0.23469712923165903,-1.168438586963489,-1.1897382024140855,-0.8881029848813113,-0.32705721872091126,-0.46366740640355625
sample_472,0.8422086666453239,1.2174158905630441,2.884178248178313,0.6256122893571329,-0.73684823746058,0.1960850137409553,-0.08163968664457337,-0.22703973473675443,-0.7630029755692083,1.0956755968924308,2.3490036539672787,-1.1992738013400963,-1.814569309830279,1.9550925507465993,1.003813247482252,-1.392199844151499,-0.7868475900072054,-0.7868109595626578,-1.4481382341170654,-0.07528825374296734,0.3503096270476828,-0.8702384427734935,-0.29711454674018384,-0.1878641769025104,1.4760925104099267,1.7109728212974717,0.09471532303399997,-0.6417287675709862,0.2372363566165991,0.8721262808440466,0.6698676315468942,-0.4013931454919594,-0.01306287568206051,-0.3746197784043642,-1.0889343828661264,-0.6206209455653914,-0.01297664182113911,0.1142307488332548,-0.2232609637345281,0.7551330666604523,-0.4750194354735624,-1.530013412517945,-0.607575625386504,0.9742005403833405,-1.2019615438909912,0.6478193958828719,1.013552044810621,-0.35914874126671514,0.35172564266195006,0.06585973853823425
sample_473,-0.5053106137945345,-0.06785054851936556,0.11824970097486012,-0.231997758673258,0.15452828640830182,0.6657301622725771,-1.41602784948637,-0.2205076383197515,0.6672227756241288,-0.3903324765758217,-2.3433152273727593,-0.04583598708626492,0.7423273104289518,-0.21212693141563432,1.23613743465288,-0.07661500569391493,1.6365865285420746,-1.2285103571469536,0.0873114304167859,1.623568775752233,-0.17787328429958535,0.46027006567914824,-0.3681860254775085,1.6562736185062108,0.08322749428105204,-2.3063324341636564,-1.1326757084596935,0.19992944812232954,-0.43941751593564543,-1.7604142691088787,-0.88819445454949,-1.7861935572472787,0.660609813283221,-0.1278778881774302,0.27226988454388273,0.4309209749984762,0.36838167370973857,0.991585418129846,-0.6023197235336077,1.6715491994506733,-0.2681505592439613,-1.255103473242642,-0.28234088403622953,-0.9027045829653209,0.49283583376398826,0.6567761604715026,0.33198263296796326,0.767035568485887,0.11479586701052151,-2.4340342534740276
sample_474,0.6551415829768109,0.9604710580768544,-0.39043206864026175,0.16365136969487465,-0.36950394475138637,-0.8881014247143438,0.26235300516761434,1.1936077294286558,-1.3955162292654057,-0.8686968150596057,-0.29923833365046415,-1.0522468565002403,1.5226704417294001,-0.07942915544579209,-0.7368619354240958,-0.2655546928966972,0.7510449160275634,-0.34388030627736754,-0.17441938543296048,-1.6933926503332912,0.5824135957170221,1.0571293860929516,0.14464737975274145,-0.9025269863076828,-0.915353063695043,1.2220182122389107,0.7424895133737109,0.31175614545414215,-2.0016913872516384,0.43475882716673264,-1.1933514214041676,-1.0648563322358402,0.28949158142411935,-1.1581362678408353,0.8824786229718606,1.017741052559675,0.8502637176548428,1.7511037614135039,0.9500366227008245,-0.268998835221474,2.000101697095104,-0.18738872819954092,-1.1662307849274614,-0.08613243244952502,0.04555049999238371,1.7910626270591954,-0.5738730792503689,0.5937956290983695,0.5570689436850671,0.6187807869591234
sample_475,1.1563534030677844,-0.22986601064502446,1.9318022732054787,-0.28587915992695384,0.9612489189158008,0.6139429627631079,0.3582983847783744,-1.370636469684574,-1.5745806742774524,-0.214339513131795,-1.4896570212196971,1.0787849309148545,0.9036481525384557,0.3367562843658426,-1.2763567618592466,-0.061002122598736414,2.9314760685382057,-0.8339895982340269,0.47419892009221765,-0.47700528667654696,-1.8736795187948716,-0.7925620497242816,-0.45431069669024493,-0.6581097825534069,0.6430331983605443,-0.29847416484922723,-0.6416305802419512,-0.48846574961242484,-2.6109779164364775,-0.5482657540489565,-0.3439554402547935,-1.2701931092350265,0.443010843529457,-1.0071118863593531,-1.8788956179838203,-0.7569617660496712,0.9660848770540075,-0.8521192291155816,-0.9214116663706642,0.35565627483830237,-0.5600282775171801,-0.40827699832893366,-0.2317738469170893,0.5840414012247013,-1.7600148714108397,2.637140567777422,0.04608183404721173,0.9344310462857488,0.13806654798606177,-1.6280428526680966
sample_476,0.3071609278958905,0.7892335459726452,-0.619091653480265,0.5000421753354499,0.9646208213260749,2.1388257587464343,0.008508201085578409,-0.7347695551645292,0.7034531772131727,0.18290122967036884,-1.9400661550727105,-0.34892242448514343,0.48225786065860904,-0.8829312523011719,0.6870914322510424,-1.8080482765985029,1.8358541981562293,0.7116479489934793,-0.6026414201402805,-0.19179964276575545,0.018107059697739316,0.05342751761065196,-0.1375574370390262,0.7893621231063478,1.1563329750837748,-0.5019265930938461,-0.9567830465651784,0.5041498247520314,0.5611782326511309,0.031776983589020605,-0.3931447688474548,-1.2264569296086947,-0.26813998039738585,-1.5715915750439915,1.0835989061180458,1.3727513075139213,-0.05594280382105377,-1.3218735603560825,-1.234438868042421,-0.9765864663193065,-1.003341000905797,0.03433595413882169,-0.2881012186277933,-1.7694675747938025,-0.622341238465388,-0.4915050700246667,1.1605064370454456,-0.46521964338259164,0.05342944016126187,1.8451459936355938
sample_477,0.9366879328640296,-0.22697788063592508,-1.133321619412314,-1.5170517042377396,0.3169365836471938,-0.4680207010853394,-1.0248808351655032,-1.3386586855506195,-3.05655095481273,1.5161194181650448,0.31031429817316813,-0.864280332706168,1.5403638185870085,1.4368557764949499,-1.7950511133121154,-0.4072928280833978,0.7335576542404327,-0.7223496041072901,-0.9240008187337365,1.4668868564551383,1.0516341766905961,0.385877057767166,-0.5438550980716534,-0.8779203297695819,0.6803764620860924,1.7553198640100505,-1.0807019184649067,-1.3653430938619815,-2.1746078061993233,-1.5791439694911051,0.08657992400798172,-0.12563318099028462,-0.9607824194710194,-0.9445728774845158,-0.9780311884342624,-2.0430048075020166,1.0777783900833715,0.7321019307307116,0.14870635975399488,-1.1689159931078028,-0.12461958784827949,0.35229053354716056,0.45077623757304136,-2.1118806283901255,0.8284817178418488,-0.39837929958044194,0.004967012070139744,1.0441580714160719,-0.6135178399535196,-0.012362648979733683
sample_478,0.3534982864975963,-1.6846477821603154,-1.6822516128199094,1.2302976527632952,-1.3235305365002294,1.4323660880249642,0.5484383097592986,1.591896060523522,-1.2878742466840591,1.7703234103026426,1.2125399281591989,-0.8719588946895024,-0.5423131411763722,1.0176300423490543,-0.10455097507366676,-0.6101230562013928,-1.5946466211741688,2.6752344362152245,-1.6402860148262415,-0.02634889545079458,-0.12311907009721364,-0.11197738557285483,0.354023579222169,-0.6936052363840163,-0.3961973870537166,1.1442248575629008,-1.4469698862724287,0.9571925076148811,1.2720519128327148,0.40191477135891074,-0.02981776093163738,-0.39011303228120564,0.35186476177623827,-2.1964466436094865,-0.32609240952793184,1.593718227579156,-0.7202324798901096,-0.3501070996734984,-0.010550586998154445,1.5191630609999431,1.2839523782161595,-3.4712201518594425,1.8033439285021688,0.8636986382398428,-0.8881445432698496,1.1653269127632087,-1.6285114317990002,0.17483386370684645,-0.01605719925560432,0.5725205404807908
sample_479,-2.2416845217590318,1.5310132583623974,0.6198172929444379,0.7168692365816225,-1.205522623151444,-0.4730820189099892,-1.5892459487999369,-0.8365111118003209,-0.08659043132937004,-1.6693350623856085,1.6659114768424061,-2.2576933068571305,-1.1340451128397293,-0.8159521326816407,-1.7324669295935526,-1.4402521438124118,0.9972027318790907,-1.8841645793305526,1.6370468552296737,0.1945913066325632,-0.9662417135844429,-1.2522260733414108,0.09959190436566348,-1.95039606164572,0.8937941114572733,1.7967930173190505,0.4188712642467055,0.2101984475034462,0.7802002244077383,-0.3354699819077143,-1.2222549139544903,0.6230075651412849,-0.8803043423708226,1.0452062727262075,-1.0695091701362875,-0.036956720698825864,1.9476728486899895,-0.49918609921255136,0.8993065709947359,0.18466371736496645,1.1090220269366644,0.42131839023629813,-1.8795037807703914,0.5318135639145386,-0.43710546074295814,0.026711769189095964,-1.6029050849955147,-2.2356985028176917,0.8216641900593049,2.06641927771076
sample_480,-1.2985971951760347,0.7279473928899418,-0.8450625695485839,0.42447070043962115,0.07251652540765181,-1.6316108391533675,-1.2397603613844304,-0.8338656778506284,0.9902402616683562,0.859866336314029,-0.16764685133023213,-1.9592482351635674,1.044330546558089,0.008375121954456652,-1.273183867486573,-0.15645529617887696,0.976208030008858,-1.6238531557751161,0.565649585489386,0.7369604685986644,-0.6210916119573282,-1.0902888044363441,-0.3979892807056117,-0.3155740699155169,1.9240539135558357,-1.4465919931175582,-0.7837768144584658,-0.449060354551984,-2.599502486695673,0.7568997548330437,0.1718467559578387,-0.9004782040964764,-0.36820278064839385,0.38000718512823783,-1.7283396663574657,-0.2918767700207259,0.9749964974975558,-1.3060532746038036,0.6412283725040991,-0.33822876614567393,-0.7428754635531439,-0.2667519159029673,-0.3006158761234208,-0.043627763086981186,0.9039486299189531,-1.6624284188569776,-1.404426233914775,0.6928190254215812,-0.2010127457492801,-0.9082866387787061
sample_481,-0.34832803313679034,2.438143974263342,0.012727470112740828,-0.6812091433929782,1.6144818788854574,0.8090565412141316,1.2663466764321216,-0.15641978803419462,0.16732261265800294,0.8226195865639677,0.7607213697719684,-1.2549162687137634,0.37217314148025243,-1.0235068684857447,-1.1984012300347195,-0.6771592744966589,-0.41555871895074004,1.4430216212933717,1.9530482272853158,-0.5168935578336769,0.4889744154891034,-1.002449188912535,0.4564743903640967,0.5437308145548989,0.11669940919360629,-0.27018167458710046,-1.5480634325747833,-0.35316136381226915,-0.16327115268532194,-0.5666304819369207,-2.4372627299629794,0.7994248092021102,0.5247468603122096,0.671441229281067,1.064524947866628,1.5388020475480577,-1.4329666942141652,-0.15016440738327377,0.9571451546213033,0.7416085197904948,0.2578299948696051,1.2995745343979048,0.3314670647195995,-1.3312762331573058,-0.9356096664965541,-0.15227489336821307,-2.540365224719446,1.204597136185063,1.030480928096499,0.07850983056967965
sample_482,-1.264895477501565,0.8686664329324374,-0.6425195986552801,1.6265494871496344,0.40648043491590685,0.5103852249006702,-0.17087698351243122,-1.1815658964615128,1.0964231143738146,-0.31027976676927754,-0.9939491341608159,0.39334655911783023,-0.18749609726434513,-0.4293639189540239,-1.7953874655701625,0.44376163500113214,-0.2717570032300733,0.93238689542457,-0.9832726110453842,1.2486988104898333,0.8372609635443277,0.9536818889570995,0.42890605947809124,-0.8951029747905039,-0.07796833954055929,0.03947557328851173,-0.9089451380429293,0.23304897170871763,0.4848310084103762,-0.43422819456828804,1.0040309655197013,0.4467055671299508,-0.3267793209488742,-0.1905594313043919,-0.053214956367770676,-1.2748823719843372,-1.0286979121631001,-1.0116000105566891,0.960239185962321,-1.6421263108997641,-1.1133131369296005,1.577779313656725,1.2328324906848054,-0.7066407288701635,0.08782607067886905,-0.6309837542845796,-0.8424173900695523,1.6007304465067727,-0.4140361158422457,-0.8919579899607166
sample_483,-0.46440565283824925,-0.769453106105088,0.20743602066770678,-1.3379704242106443,0.7745484856140883,-0.3883637501059431,1.7106387750391179,0.1710328709310337,-0.623311229209242,0.16207376279011004,-0.0633777929776571,1.572254946006433,2.6336328611229356,-0.7893970983784524,-0.11568399894005596,-0.5020279445263355,0.08356766047505207,0.5552542925127275,-1.1813340264374426,0.29513473135028906,1.3372068290911272,0.32122281085202253,-0.6554292754688775,-1.1413703443653582,-0.05747795757651682,1.250730222223279,-0.37785089651685383,-0.5104015034635738,-0.20420559198018612,0.5735101059129307,0.7617229873334954,-1.2050608804519063,1.4260394346286758,-1.1713211215663917,-0.5535156006160239,1.5160710689975316,0.6017280674179083,0.10749115587590863,-0.029555220682864945,-0.04392511439223388,0.5810908728163245,0.9763293238646646,-0.857337555107909,-0.20528195270560742,-1.3858448258361322,0.23784903073444702,0.38541977993260734,-2.0534112213279196,-0.13386959684012242,-0.8806789690014984
sample_484,1.1678703303431448,0.15656706747574464,0.4137497190911668,1.0082764359153407,0.9719422497785557,0.17639642245967915,1.4927451833312535,-2.0649236324139,-0.1659819941244098,0.11089044584875547,0.2112734209175747,1.5202969148391987,1.363568560973883,-0.9274045566995712,-1.4392953081888817,-1.3444913056921721,-1.1875650326939544,0.34394360240740446,0.3607713903521794,0.37422067914918133,0.10690112714962959,0.18627364508375727,-0.24207359509296733,0.5046521045268781,1.3370410920499314,0.6676466520946065,1.10621839901186,1.003791475949744,-0.12465501265268414,0.3570887184521738,-0.6536737705771989,0.7794349652433283,0.17528281304963791,-0.9930526218171005,1.5187982180227435,1.4974953889509828,0.6878835236506151,1.4592243168256323,0.7150356898457564,0.0019423861594341269,-0.022044197764935203,0.5941216058207998,-2.060127087174477,-1.8781351891492954,0.8720115052700071,-1.4742271300263772,-0.626912154169014,0.8339318756600964,-0.11040926037476782,-0.9834113471500221
sample_485,-0.24537753201213866,1.6157577606629219,-0.8888597182103956,1.63177025971959,0.6295751594083978,-0.23917523050816178,-1.3483703169554584,2.5270382671098117,0.32119811036674134,-0.06330374122475751,-0.8057093308031431,0.2953732756229173,0.5646311287840288,0.4854231017313625,-0.6652043984491924,0.7027656412508806,0.8504293370796853,-0.5954736458794229,1.1610239364442585,1.2608146368739928,-0.1587161619252948,0.4425040101147382,-0.7020897559522726,0.6410316625973124,1.058260572130445,-0.5154274740593164,-0.1576355285695274,-0.39655247765875057,2.34622408601839,-0.760557276248401,1.8504153749601377,0.8017332744045912,0.13537624886472716,0.7463290227212326,0.9276185121079479,-0.083341581336543,-2.470506131059449,0.5007924250455401,1.060582998345102,-0.9500388178324536,-0.40594675221387194,-0.46756868545393776,0.3854305266927758,-0.5776088756510571,-1.6356637373870482,-0.20115788382907904,0.37792868842109717,-0.03231722724263715,-1.0296946875629434,-1.0709940583134079
sample_486,-0.4181919003675276,0.1369934835147653,0.3228608998868991,0.8295856513807134,0.9303395298243248,1.119370775205781,0.45241683779298175,0.3473222011233469,-0.966179920997242,-0.4152061111161034,1.3080013289509613,-0.657114435964293,1.667909682879632,-0.9808711733235619,-0.22149103825418462,0.4359032064246348,-0.15665493969314645,0.866580601930888,-0.6494884061864572,-0.41865188169736905,-0.058614966622217414,-0.1261576775002885,-0.4211373298636525,0.5094198311708082,0.4308019374185517,0.3412137728387855,0.19712652020218405,-0.43274822158414333,0.8136827249472067,0.8360284973593339,-0.42239571527668696,0.1344989212653113,0.8145389544282294,-1.0947854652952584,-1.985134203468396,-0.9892867057263357,-0.07657065026195979,0.42815331373958293,-1.7243407041952934,-0.24625474414520704,-1.9973705701706483,-0.6238876019270636,-1.861113125004436,1.1913896189339737,0.32012141069202904,0.16325323290263932,0.2439066483847859,0.10503534657785492,0.4939052105035436,0.2029246346742949
sample_487,0.2776275762871453,0.7062067037192203,0.4153903651575464,0.25613073154077043,1.1236634572952275,-0.8254011921966344,0.03917707613774103,-2.466737869522384,0.30546039756948923,0.9019165347015232,1.0675004890384279,-0.20426161321305197,-0.4199805822420797,2.150441365658866,2.0705728013467724,0.3116120307676734,0.36854903713743564,-1.8316222402642217,-0.4727968507402781,-0.24976762843924497,-0.1801868224136165,0.613817105508833,0.9991096949441477,-0.36356793612708316,-0.39732019010786546,-0.17152945910003417,0.7068019236345509,0.2776470894975108,-0.6515484229810607,0.6016474822166709,0.21350904435317364,-0.25318243779514216,-0.8519551502773849,0.03251196245207194,1.5864347472740394,-0.48235169066243777,2.037429288227763,0.2737319696225151,2.006041883354047,1.0339537832733483,-1.3587411272610128,0.6224735230991892,0.6045357278913442,-0.8930562677265982,-0.6557451804629753,-1.8473949298587182,0.3422463626184135,-1.2294592906672903,-0.42902352241705816,-0.8253571957057573
sample_488,2.4456921003516934,-0.23694912915933822,-0.057345180878090096,0.18619529856407493,-0.6485096767864243,0.35656946228399194,0.9336085990840224,0.07976276155502032,0.9860874059540408,0.6396830424419712,0.057702338797052215,-0.6575855562818633,-0.581404248090661,0.7803036083982331,-0.5839323674042971,0.6489320882060345,1.4484682832142184,0.4900517236584087,0.30867791628675073,1.16981365638944,-0.5626941441948634,0.5461048826870002,-0.5237074987930782,-1.6114124797448444,0.48799147245235447,-0.33831581660901455,-1.3036875037710558,-1.7543375389436169,0.5995040287368562,-1.3432880364439181,0.17503812782977463,1.0537534844705074,-0.8404516597452933,1.6302796932014336,0.4371217261403449,0.9790871154420783,0.49098006881162004,-1.9106328863768274,-0.1636592009419206,0.2024022858049811,-1.185301087418383,0.6642699765106332,0.6000749820267997,-0.6605950908944339,-0.3725070477015199,0.6095945487253178,-0.6291952709954897,-0.1151970545210547,1.439197843680003,0.8815167602170078
sample_489,-0.7701365985717334,1.584517557701923,-1.9721265962995451,-0.2699638244133577,-0.16947114236547142,0.8061610147825364,1.2083061836576892,-1.3413234565638832,0.5079025577812601,-1.83341499508306,0.9829727321736188,-1.5281849682810096,-1.8502787148234725,0.2402094565178601,0.8793653129559524,0.6024005890732443,1.3447861655512303,-1.7433108069122267,0.313066199347058,1.0522624870841675,-0.06791736837394104,0.5072461925628842,0.28189512631057406,-0.8514475426592492,0.21771369354662365,-0.12421500300112914,-0.6541340895014662,-2.3452563220379,0.6448346620008204,-1.117097061065761,-0.6090687352616272,-0.8654060566157151,0.1867730877936494,-1.514453438626153,2.094851966688133,0.3583613019427701,0.7173541515097951,-1.783843922574015,-0.4658067197709468,0.16789736654897983,-0.013600698729038768,-0.3672269533856263,0.8702515052825022,0.1878176131265345,0.0723468627879348,-0.09202560640739796,0.0984264366352016,-1.1229552263405873,0.8504249314476942,0.9356761651935817
sample_490,-0.13497156499475751,1.2155585417924077,0.11455036739126519,-0.2641461554227587,-0.195941383339614,1.1574541871926847,-1.161559282631942,0.492724786929597,-1.3342980269458156,-0.5440578795752931,-0.259344678120631,0.27194001931578393,1.0473224492053756,-1.1930411311770885,-0.0077651148391223316,-2.5779584274483556,0.07863529978892633,1.4816097275475297,-1.511909400761639,0.7335964330982104,0.8243055938299745,0.6383766610298873,0.34101304849264036,0.5208800442682853,-1.1675814174021664,0.44729738210063996,0.5991000522127867,-1.1701968271688292,2.686225853206788,1.4480091516900337,-0.5936729008418725,0.4655655949650443,-2.1342199409837312,-0.07167008993945655,-1.6583918681287637,-0.036504876570933605,-1.3975935097272951,-1.5115835261175503,0.6813721395032114,-0.25896419265833454,-1.0532796871038608,-1.5130474352960002,-0.4009516853645506,-0.0362734907662271,-0.8473677191339098,-0.08702896739773043,-0.1587644443333033,-0.7765790270045961,-0.7854688481890082,0.411124459848429
sample_491,-0.09143771825399195,0.48042434098312364,-0.30125093035737244,1.1507692019457088,1.3113202597630353,0.8947878227347374,-1.2595718924855692,-1.2308480847213832,-0.1928760757359395,-0.7501823704584762,0.396251787998125,0.23395829576337737,-1.8673816786544848,-0.6597533282428815,1.7319599258947131,-0.9289043127152296,1.6883209125866339,1.4764297125998622,0.574500863534639,0.49239923626356447,-0.37564099755448266,-0.9610488234261003,-0.17326010500002215,-1.8240080469313065,-1.4671820850847819,-1.3751891628490036,-2.5476885992138794,-0.8610450294691461,1.1147553684892486,0.8458258775344322,-1.090513630498816,-0.6190935950976226,-0.09069075295209743,0.3631932775795953,-1.9491528024834932,-1.4690008452295764,1.182165272207117,0.21877430994311822,0.08237301766831943,-0.32275256845649053,1.0173236541142905,-0.12202423735813445,-0.5981909545495262,0.041209701016414406,0.11111467533851847,-1.4640218269407244,0.2825495554710928,0.6246948489979984,-1.231920790414512,-0.2863433592919324
sample_492,0.9907746199428958,-0.12861077949244132,0.09356847907203238,-0.4970778322233827,-0.12973727157113843,0.9650834353989927,1.0101126659459916,-0.9850743768945643,-1.0128698622817882,0.20287179734652444,1.3167301477538254,-0.8448561297615611,-0.34571213811319396,-0.04142656725496433,-1.5354624433943733,0.8990100479545201,-0.5044536047251493,-0.9517684229954892,-0.7347549921840402,-0.38265536379339066,1.3246127308777544,0.14742149498083956,-0.9288505348997361,0.08623957823030509,0.2723446043513189,-0.44504891114459333,2.243682395398636,-1.1426572009962312,-0.7399528057411909,-0.5871163239280239,-1.2142829886330446,-0.884030103141861,0.5965647147454035,-1.3929956099879048,0.06831044704604229,-1.2667310887311405,0.30504565869951766,-1.3325987185876254,-0.8527475571475327,1.574728988828574,1.5910695693067238,2.8780011389988522,-0.7655104709374886,-0.6821734293193434,0.6820528230810482,1.7788014542263035,0.17314397366466974,-0.5820693930739296,2.1926052311880873,2.090680955941546
sample_493,0.3356474235058453,-0.09240057951687841,-0.1474343773852598,-0.8444286516187512,-0.22117485801860465,-0.42774998492921545,-0.33680067501359634,-0.7824427611410164,-1.980303590332572,-0.864288753360093,0.6338996026092177,0.5327801219096376,-0.890279284539494,0.24228195801795696,-0.9518667504434459,-0.3281828415243517,-0.632369211995019,0.9726492871472475,-1.0493761104684352,0.5325418182370671,0.17084907105839028,-0.34957053076301864,-0.6599177073153141,1.1015652934742324,-0.5645523814679947,2.5922344592041116,1.5008059241567495,-0.15176502042443674,-0.26978462159271105,-0.5653556622312281,-0.6050212708118505,0.8923443678952525,0.7628123642827495,-0.37762815436270314,0.2062025853416212,-0.20775432045443418,-1.0138390653883647,1.4070931102050368,0.7867977581129391,1.30801925617329,0.019378508375388966,-0.2965935321339338,1.631257106390492,-1.4639797203045646,-1.3084835922593754,-1.5056595801147739,-0.7023228541520479,-0.5541968732607674,0.1162208944418347,0.6029834947951712
sample_494,-0.331070062646395,-0.32001774664357935,1.275972497590118,-2.400648231936643,1.855470415334251,0.14396117984957038,-0.10957828837270722,0.7581330706863262,0.2040070260719455,-1.529629129735155,0.15635130415647844,0.2559391350754872,0.6292668754566645,-1.361153250980392,0.2766315103941506,-0.9796088884999629,1.470489830714845,0.6266011523942226,-0.8381433737565099,1.172244450977557,1.3704834714424656,-0.9501645572850503,-0.4742702172663278,0.6287680210613372,-0.44425568234539775,2.389594912881147,1.8260079539637344,0.17049250237338445,-1.371805326821433,0.22072582849763833,0.23111168100565055,-0.19368881527166604,1.1664063083122849,0.6724892259919535,-0.48214051505400424,-1.0641075689929356,-0.7363996761947021,-0.7457161263873938,0.8957918124035844,2.0624490180050294,-0.547898184196976,-2.574095763524517,-0.010612261914899864,0.3169551081158491,0.8699777225659495,-0.866723509164355,0.7011268023233982,0.7016721539893223,-0.8737592106503989,-0.17551904684825262
sample_495,-0.7148884180611866,-0.8279529413527412,-0.13170240101714445,1.1171203791390638,-0.8952596156159726,1.436320275320117,0.9363429824309055,-0.5452492249376543,-0.6930515684414937,-0.6757007083714546,-2.8416056033375843,-0.6799430403553833,1.5850507443201904,-1.1366175408502484,1.1304096211605128,-0.17547461256571323,-0.4232960101210908,-1.147512827114587,-0.6238329382420041,1.7331721051455347,-0.45916666069526363,0.800813093158569,-0.481530748682151,-0.2127541737651098,0.07785148583856306,1.8213716708658467,0.4152719290168144,1.0702014227143766,1.210060373600144,2.821299200488675,-0.3824415135008516,-1.7722615348080808,0.13736065383492227,0.5238007165979225,-0.8619967286630216,0.6199762338533474,1.1201387749754304,0.5480446635208573,-0.29437590969102223,-1.844070629105765,1.0781293500763476,-0.16700229546284853,-0.9493925310080484,0.7418171368841592,-0.11779325302277745,-2.4766360083172065,0.7677686869130187,0.602944174904094,0.0377552103054247,-0.4001257788958114
sample_496,-0.45924181125293484,-0.12882020059069288,0.8111068531891692,-0.037638281659645285,0.8163823486142556,-0.793834421961489,1.2931414524485239,-0.7618225706771515,-1.2473611111405656,-0.9980190393630022,-0.186357930003406,-0.31062703178206463,-0.014807149610712809,0.06657448138064978,-0.05042963798612746,-1.3097790157335842,-1.362135153827343,1.1065390558600854,0.43928014549869226,-1.1653585935632746,-2.102350395583169,0.5373818120734754,1.189070121676973,1.160320085643452,0.4356735224450679,-0.8247606766800688,0.20945128656428036,-0.11017404984158612,-0.008023959846436095,-0.05934644836159887,-0.09643687695003725,0.7442619682771098,-0.47495087055176144,-0.802347141516992,-0.4396534117292468,2.8687334069750245,0.14560294816672623,-1.3768817926604915,1.4687826658327565,-0.6645972562272077,-0.6341130961602329,0.47340033784270097,-1.0848707806099414,-1.191994611977821,0.9722583204137972,1.6179996713094322,-0.7380497258073118,0.7722030305918234,-1.1777539418728449,1.675451097943774
sample_497,-1.5892466576618582,0.46391611840070224,1.3979967417600425,-0.19624771560583193,-0.7131465906980968,0.2367606359122964,-0.6215481077278778,-1.5874498203838145,-1.0483784011010286,-0.8836423281250194,0.5290108167351135,0.45847397975793414,0.7836720497165268,0.18345958556406125,-1.6804924004548412,1.388918805375634,0.013046628961465604,-0.8889567148958267,-0.6358898236809373,-0.5411912551556289,0.9828199198550851,0.6543671995077752,-1.040741336968559,-1.0786736625169673,1.6462694377082656,2.2002814546738914,-1.3526649972837779,-0.8133277034759715,0.6339563816715623,0.06224799505487688,-1.0995324110486977,1.1441714875269036,-0.153276130408163,-1.3785591065969525,-0.02970862337769093,-0.8033396698468173,1.2153165348050363,-0.327929258710561,-0.7175886434539774,0.6436055491231992,-0.8398188550068799,0.4515091145615133,-1.2737373856799221,-0.2477290953044607,-0.15343783867000413,-0.6250156205141086,-0.05161485420678374,-1.7847996189569377,0.7150503921670879,-0.7006206329296574
sample_498,-0.37406328310328285,-1.3665261259502075,0.9084551626206133,0.352178975944466,1.2229666057192818,-0.33011211967022963,2.1227644085398527,0.18621227414700028,-1.4749615532457323,-1.2567056043128078,-1.2192474105002118,0.9136790778269372,2.4432353696647233,-1.0225731382724428,-1.0134547054409015,-0.8530860779489504,-0.7314672601448283,1.7651697829126116,-0.3535053517005645,-0.34738595600062766,-0.4536506460168123,-0.10719772008587676,-0.3430686132568768,-1.2893973434650563,0.7206712025090313,-0.5040720397403501,1.3227551112953109,-0.928072996784507,0.49404028632396024,-0.17072382756579976,0.9498490209468389,0.0964624767983841,-1.3490226415623674,-1.0204274688749215,1.120756581460294,-0.9370161537369893,-1.3217253118456667,0.7321778883457877,-1.8750585341100778,0.6452278647008015,1.5155694389978123,-0.9511711964489302,-0.7505308961259729,-0.06633203100744924,-0.8155086350685703,-0.4887295267876207,-0.5266818167751894,-0.056480105016572364,0.19379708352711808,0.7918458249976782
sample_499,-0.19432138543316102,0.075898774660738,0.583254831634522,0.9468499414944873,-0.7450789598281028,-1.130206092479746,0.050444401979567094,-0.3217218029078117,1.11931789446075,0.5713061685322097,1.230804058211797,0.2685602116796883,0.8053524773071886,-1.1776398524037215,-1.7841860306705437,-0.6568819194688297,0.3477682380025719,0.1374555651311108,-0.45991060272753087,0.5436424913831387,-0.47382999886069493,0.9941060514000531,0.855908371500047,-1.144570917975023,-0.9046430227313704,-0.32921580513388726,0.15663481783599775,0.7809025023480749,-0.3216147945728325,-1.0044955853820774,-0.33162963683056357,-0.28933410388351133,0.2711856815958859,-1.3479259731166533,2.192801215172583,-1.3228278420784967,-0.03368821257155032,-0.06677646660252967,0.9709062569503627,-1.1374674185053384,-0.5970661463018623,0.27270977291413306,-1.0713660437409498,-1.0039187152318223,-0.47520412536607776,1.166814184666477,0.9649632181691681,0.13421163435987749,0.5859388536351263,-0.3095101036050807
sample_500,0.5975628214431283,-1.0917638382178807,-0.335349430069438,1.1551789387152631,1.027518605894594,-1.597677680644317,1.0245276112745498,-0.1863833294962177,0.5595824459534091,1.8086171302503247,0.3813897549265428,0.7270347563700333,1.0142646581026054,2.1334214480149454,1.7289261129360136,0.12663326725723506,0.63193520370469,0.1930453590546146,0.08204444241054293,0.6523546050804819,0.8987841076631561,-0.3933132994029291,-0.9660700632969532,-0.8601117760100127,0.49341216831751306,0.17646629848666603,1.4021224669834307,-0.4153086787079094,-0.7227299278943158,-0.18763332108074285,-0.8120976054816147,-0.2135150007414381,-1.950259177733224,1.5528496747266614,-0.19771136441004106,-1.3257943685021583,0.4615009667121672,0.2335876935565106,0.45061854408480767,0.20118435845674695,0.8961614662540768,0.1891858685624269,-1.79377630196346,0.33479968085606737,-2.121071972654291,-0.3878771367527873,1.5658467824842681,-0.1970384932637567,0.5083879048780706,-0.33612222262075403
sample_501,0.27211221910098865,-0.845935051211349,-1.0939792256902436,-0.29067512950503516,-0.13079078923161627,0.9468098016669798,0.09984533717231178,0.2739689463461631,-0.5192350506392248,-0.6864844762697945,-0.9205687801362485,0.17430662850412215,-1.5508256941244292,1.331019319366005,-1.588705866940593,0.6389214880059493,-0.682445920413914,-0.5470062178738732,1.4731863281992588,0.2514711947011133,0.05822798000180593,-1.0962707529601678,-0.27652127627681583,0.9795169006023032,0.2678776682422829,-1.749971406747106,-0.871372264410757,0.5094274770740704,0.35722882593770355,0.46047457730307384,-0.545395377777632,0.37456318016154094,1.0048189695650787,3.188113605463224,-0.7503079846058117,1.3644115375407315,-0.3359888630471629,1.1372613853847602,-2.601533555606082,0.8398761855272939,-0.42131573699282304,1.0830295406401218,0.4730793829612825,0.24795774357559833,0.720335271218377,0.9518616663821907,0.2843911695685818,0.2923034843231345,-0.0671442568808139,0.09733405703281804
sample_502,0.8213294589798572,-0.9025573321172784,0.5460270481554904,-0.16955141159345968,0.0670996177286284,1.101766042811881,0.9207288443486712,0.9127229802037992,1.1647280891972875,-1.385374501778726,-0.9613224131413624,-0.3550626213804946,-0.30803218505291213,0.8324608354789502,-0.5409421212076954,-1.1839317794518538,0.08098715355051592,-0.5451651666106495,-0.46080471811635165,0.028016629224782142,0.29770079355591195,-0.8565028633758875,0.9470847257297816,0.780796772311324,0.14757559175217072,1.1760634530722074,-0.3056142895454696,-0.7649195930813038,-1.1297028423002904,-0.30596396798360115,1.284443543406669,-0.32757628759766433,0.6425059694156574,0.4877702191249871,1.3287594013406736,0.15058056825279761,0.6294324038254686,-0.753233872646392,0.44789753759992434,-0.3407229920918281,0.4777376128689594,1.3854378687413904,0.2754086434574444,0.5516577003284222,0.25475540334032776,-0.6437321311562951,0.30128885471893485,-0.7825857197576567,0.8198460184815942,1.0700650961239344
sample_503,-0.1379036884721313,1.2466698051256853,0.46076068621865285,0.684136832704822,-0.8986663625598563,-0.6816339713678038,-0.39651259702449143,-1.14302814825974,0.5037227012250701,-0.2226894955366912,-1.1511472065315376,-0.6963042459348705,0.24439185994484558,1.480927547745207,0.17567455030362897,-0.42565314306210095,-0.3232925085016158,-0.058007908300324776,-0.688719097517653,0.10674864987950958,0.04498786315993414,-1.0932024939237428,-1.6228376806856066,-0.010418225565196,0.2044120874554795,0.6021304826744185,-0.32630553834658693,-0.08319749793474177,0.2354611916806448,-0.01896284508343258,0.037981320316231276,1.637926655527541,0.7541658832107154,1.0384757381669747,0.29518177435027354,-0.26222389579215216,-0.29105824172524536,-0.9608928375294937,-1.1264408731545132,-0.22510355428998774,0.8139519169065453,-1.3847740930448045,-0.9093225447174371,0.3194457627021617,1.9811563363863436,0.544301712254366,1.2111027596146442,0.42621834137757386,-0.8261545062440997,1.3463212083203533
sample_504,0.4826295557880126,-1.6613331667892661,0.277970870430028,-0.15134390207907011,-0.30528544464784774,-0.05733373705719986,-0.7854722706540789,1.5626065266918188,0.6314545783941469,-0.3473131450500892,0.32057754850325904,0.0016228735041067005,0.5031286521931839,-0.2686857505008211,-0.8687850805540354,-0.1659538301435522,0.18355506438275715,1.8772952591714416,-1.8065410800441257,-1.5555402600698578,-0.7841872341197904,0.4708909383551491,-2.3643396633557288,2.087800219859263,0.4602295937903885,-2.262016346200326,-0.9936494090541579,-1.3398840521124187,-0.804697917750137,-0.7624137946510977,2.4491826953959324,0.599033511647158,-1.0763444966077462,-0.29013471946299985,-0.26707189173387236,0.234253935286659,-1.2088446210865997,-0.13049229456403125,-0.3653365581955262,0.7326353958001459,-0.9957414618812579,0.5814462464182112,0.08667988231555868,2.824805476268289,0.44265057466552055,0.7004379462016629,0.5618903705190079,-0.3495424196574308,-0.041596126936508604,0.509490355425117
sample_505,-2.4656064806474918,0.5720308096484565,1.1304269613758406,-0.9556470101207463,0.03080918838686082,-0.26933191077943125,-1.1036712054361353,0.28951781048491565,0.6883134908955504,-0.8108740131835679,-1.4755054366278226,0.7307485017854323,-0.4920626706624834,0.2252128144815642,0.27694558873575265,-0.572375410779849,1.5743194651231451,-0.059771118730847866,-0.36812733581614127,-1.3741304585107013,0.1502443083120698,-0.2659762026293799,-0.2766720120618098,-1.1557549265832374,0.45423260299415735,-0.6398980449656725,-1.5083969060059017,1.0528926187805785,-0.11501023913912235,1.4033915869136164,0.14386895134233896,-0.5157201599692017,1.1093531521188964,0.3960993986317827,-0.5658301345377812,-0.1586768752264195,-0.35425583333059124,0.4488702185444005,-0.021533879553888354,-0.6837729910058213,-0.38250045555669815,-0.6127240231191283,-0.46502004523940593,0.24247371332352316,0.28230481999562634,0.15266805783422743,0.4983587462134607,2.0688715495528593,-0.2501872489751119,0.5445654111533952
sample_506,0.5484921959372748,1.7884975342029854,-3.3030844156043067,-1.324340388979034,0.22495824819524793,1.506236857275546,-0.401021192522162,1.9108129740076278,0.40539079722569393,-0.7289009849129828,-1.6936254898975822,-0.2154858333028928,-0.19189114946489538,-0.290774698106446,-0.49813782127971334,0.8093920750825666,0.8131567631036745,1.51148957112823,1.236380108580296,-0.8626248512907857,-1.6207856279105048,1.6181273422142899,-0.7906496307177572,0.4013461976261379,-1.719455179081954,-0.7003464240859945,-0.5081797631825602,-0.4318577405455838,-0.37353179635952105,-0.09784826040937977,1.024502559694622,0.007098585470218968,-1.3014404264835011,0.37910312358918175,-0.23728884891654808,-1.218528213902412,0.6605799150953872,0.9934699397350926,0.7831025803688026,0.38763486287117893,-1.818222676444518,0.9569116608368465,0.04970869728656115,-1.0060829533242586,-0.8657682639443433,-0.01147861313919689,1.1644972770171083,0.589403637956565,-0.23841686112511196,1.1350832210294082
sample_507,0.2858067001987349,0.17422251315901086,-0.6349933394487698,-0.9786637816843059,-0.8773457121839005,-0.47449078821359536,1.039806365667067,0.04952960900672188,-0.8576633608480757,-1.7296120095751562,-1.1789060484323852,-0.18469834360897738,-1.8829371753260788,1.6150878827617121,-0.0739413813692253,-0.2614489790485576,-0.4285661794550561,-1.4933726951624864,-0.09459954765719071,-2.2986587723684764,-0.6172854327434574,-0.7691196300162865,0.9357075289834493,-2.9003856526851193,-0.8676719162900348,-0.9173309212273908,-0.6302635760583563,-0.8136277489450829,1.245515093431212,-0.32369740663500746,-0.7788209404762408,0.06331602003367892,-0.6130885322987843,0.994833315679417,-1.542022606412297,-0.7718950539951525,1.3684413343676114,1.0732249072292426,0.14163300444518606,-0.21280046395872484,1.6790421333339478,-1.7694489204767914,-1.8294761534558792,1.4880672085511677,2.2474413976537972,-1.6983173777214948,0.49995421839923254,0.3224375449860285,0.5007424937350206,-0.05948327510199238
sample_508,0.26719124357856067,0.5118254355052073,-0.9285656090415628,-0.9723203315138657,1.9325310950568166,0.7449498736293021,0.07877395515387105,-0.8179555537901597,-0.3031579486184065,0.6571434232774725,0.7872044863732235,-0.809309458424533,1.749135980368347,-1.0695726201285363,1.2970748867714557,0.8008138559428832,-1.5494737195971309,-0.026883653053223676,0.9333402987477618,-0.7338584099528181,-1.2459839423616457,2.249826848532205,-0.5036432744616022,0.7334789709669763,0.2687625766115764,0.5176573067459933,-0.11319118963447966,-1.063714976459653,1.4196310844197175,0.34878984521941636,0.48144699862070384,-0.11411345338493936,-0.23816637100327395,2.4167987674500555,-0.18636288212727992,0.9945260010005219,1.031851825148548,1.0525697250505308,2.57607100645224,0.6031718446538124,1.0544841365228912,1.0031970300293713,-1.231171292966519,-0.02427347915857879,0.6812692285733869,0.22255374437889835,0.23492105157550963,0.5573375886295322,-1.298497119703515,0.28987348132779955
sample_509,-0.6546468863886131,0.048524782180829604,-1.648604092967571,2.060531788924581,-0.3377616827020896,0.8048299878411016,-0.14941574814339537,1.9944137810704432,-1.1318996767778047,1.6455998462370571,-0.30292972043947053,-0.8104810924738136,1.2942425686119081,1.6829574639645601,-0.6657176188634607,-0.22559255173677417,1.0051218683032712,-2.001492703130955,-0.9100392640051242,-1.187103642872082,-0.9815858357287023,-0.3671042664774687,-0.5228174529648485,-0.9208326834157058,-0.0032213041334757126,-2.0423307710475704,0.894711824987866,-0.45670574409109876,0.3988996470200373,1.1610812862610438,0.18745072722464057,0.13577461768038135,2.435999979981,0.2909819633166547,-0.49881300629841313,0.1566528475100935,-1.8066006658130807,-2.0304014021526156,1.9831954671550063,0.5831124972054736,3.374598371330205,-1.4687765398991777,1.0306680747552202,0.2427338193475271,-0.36393111052944405,2.760812376923092,-0.4850207198337244,1.975442101939679,0.7811731537278813,-0.17020990199661165
sample_510,-0.37150646678916827,-0.06910648758698204,-1.1239035561908408,-1.783697558547165,-1.6136628803959208,-0.5576472899466492,-1.535279270727139,-0.017168836104369898,3.0595557077875815,0.030448756413856068,-0.037882890395869166,0.36412616812494325,-1.0811051169170054,-0.8764747514432668,0.7051109691846763,-0.6815284066301307,0.7338105219897959,-0.07187717618661052,-0.8435564353664942,-0.09634864753907034,-2.0929172750163505,0.44123727414093383,1.6027871172317565,0.6781379849543822,-1.0730806820603545,-0.19102727621238208,1.0192569053059504,1.883960518021232,-0.2574426190135487,1.058825979605244,-0.8285792491480403,0.429676957728164,-2.0413781652118224,-0.1312502520404569,-0.7158480784877369,-0.45876983389701165,1.3913166483605182,-0.08476596499985738,0.3684397484946359,0.015617412993604845,-0.43400849198961394,0.15277367684615217,0.5866020189613728,-1.412691692664764,0.11592608156481828,-0.12778914106364397,-2.145210932568283,0.17734661273601893,0.18045750244184416,1.9374941302867383
sample_511,-1.135144379661355,-0.29828409872803674,0.5620119553379003,0.43606170780737935,-0.5403538423935711,0.44537322498535264,-1.2899008633701021,-0.9614058424369782,-0.2532338039129796,0.18214982086167125,0.3990952996735331,-0.361714718913581,1.416406450545656,0.19588422596240948,-1.5530859461292656,0.6653929516339827,-1.590462137409029,1.3953184562489884,-0.42009672587731406,-1.3571110045751091,2.1214745597214573,0.8454633108497771,0.44808528868433695,0.6727462772053994,0.2628658421565986,-0.8452387031301178,-0.17738166032248956,2.035248691099611,1.251738277628929,-1.8385941923879012,-1.1634977864586575,-0.8783633727351247,0.5857624760956309,-1.3270695757625686,0.019487561272450115,0.62401483080216,0.23848385267074504,0.14758643495461132,-0.6552170188388563,-0.8266295888946557,0.9315109458812112,0.35938547551385264,-0.9606882425329589,2.369185356371945,1.2157990229390216,1.5707283875594824,0.42582359193502234,-0.43309897789404117,0.19237342070503746,1.276768456823013
sample_512,-0.8723336343314472,-0.048530252038958874,0.9031558957778564,-0.28976515379354517,-0.8461560794061597,-0.8765228278489845,0.7968749129416423,0.8795110471479133,0.6819981404277,1.119037914170115,1.1955564700346588,-1.9104645671628007,1.2474992468373831,-0.23419705559289883,0.6127219710029671,-0.8120943558214828,0.6050284242988662,0.6190548884113982,0.6922814647685932,-0.7568646307753547,-0.2805405412756224,-0.20170440676186957,0.1834402492291987,-0.004827558855346415,0.3477652913394435,0.8688288050721794,0.7346646859451523,-0.9039045441327405,-1.3526157490578896,0.2898334928399973,0.5763669848863424,-0.6020698480949491,1.0643173710506235,-0.03786534268196923,0.39126210420897506,1.063627807349806,0.6293127756640114,-0.5134918974661197,-0.5376791291709915,-0.0496664703864109,1.5192745134128771,0.5748345896381591,0.4246978378539402,0.3013248852054588,-1.8008557761260213,-0.28196486677867155,-0.6608293222509981,-0.5699873449584691,-0.30757052858012457,0.5808809077272666
sample_513,1.4998511187968335,-0.2689402701417828,-1.6196497037404454,0.2204415075334003,-0.019808211074980882,-0.2124594487733996,-0.6625059941441482,0.6349551175880693,-0.67998158015502,-0.2779171540191413,-0.05748632098086784,1.8641647160310775,0.4180584634771921,0.5920789698552648,-0.5223322888266924,0.4072425072746335,-1.1945575164514757,-1.496698999582439,1.6730737116586212,-2.010688983200829,0.4435965353827739,0.8324436025487716,-0.8786202495546455,0.6670441618186731,0.7061534456536048,-0.02804117293878082,0.34438056522338956,0.4854271265289814,0.45846122226089164,0.4544279519889937,-0.8373898725547857,-0.1943479861939865,-1.3025856054113696,-2.270561583212276,0.9034529805253098,0.9776743643452876,-0.04148536575206179,-0.08876397188312991,0.6070773988410817,1.0869301048033948,-0.035631953825123366,1.0952531182638312,-1.0430984908633911,3.3956226634924427,0.20855512968985984,-1.4504281514817352,-0.448291843043356,-0.7278702867761955,-1.9656714248337201,1.0724300299044467
sample_514,-0.4714443726282675,1.1197305112927634,-0.21086355011831107,0.7758809709222606,1.4237074363241118,0.48842317406692176,-0.12546592859064085,-0.3385166326579357,0.18795115965550208,-0.5514154560005677,0.599963224963165,-0.06505529003214794,0.9779458955214054,-0.9131323042264085,-0.7313642859545587,-0.1282224016682442,-0.8511095261218917,0.731876793169578,-1.7062046607773622,-0.15845024287736906,0.9284748354763288,0.05093766444438411,1.427067694323752,-0.923133948499157,-1.6556791577111578,-0.4378210907697325,-0.7982763049303084,-0.026887290409303446,1.4037608030170408,0.22652203078871203,0.2182108351358553,0.7090631863775316,0.3309740099233157,-0.7071339147075372,-0.5220479623974672,-0.13347658329928558,0.9088739317998261,-0.40920672045367595,-1.2778014183489657,1.343299360699436,0.003550481702840547,-1.0510171372981405,-0.29260141334039175,-0.6845829199426,0.16423133078209498,-0.41410053259823687,1.6046408313992309,-0.9589197128202435,-0.560204460076592,-1.9222192926487602
sample_515,-0.5908013657818275,-0.3205067837576316,-0.36495833657239907,1.3613791030418774,0.8892790085570635,0.3146946300243972,1.8285111073579567,0.792981980293061,0.1549257468264411,-2.0017272526796006,-0.7138192968978073,0.13620222263765464,-2.949088940838697,-0.5763062081854533,0.03951464282040886,-0.7567744936520429,0.6340411543226888,-0.5275932997224106,-1.835629642438143,-0.5854868093710365,0.27086930916187707,0.03784745980468517,-0.3392917767459067,1.678951889987983,1.4905870209623462,1.0758577450874514,0.7428272917337206,-0.6393304555969559,0.27145298174862853,-0.8055160265147678,-1.5364209368243502,0.815186720297957,0.6660619713317362,-0.7379714228573674,0.11294630762066134,0.8937251482931463,-1.006070655190628,-1.1215905249523273,1.2003754057574152,0.016579538505975572,1.0837016658285976,-0.4784790234443817,0.8591261440200466,1.979366760109743,-0.3527134834125659,1.5462643546187695,-0.243568367842021,-0.3848431706639524,-0.547405159693444,-0.7318154147960585
sample_516,-0.9035066784973869,1.8278805893877572,0.19855321501473186,0.07412236834840188,0.2157313760656937,1.6618383802415584,2.1662574233080973,0.757879005557044,-2.2425175423141406,0.01451702756774439,-1.4672226464062132,1.211729745973195,-1.6015895757845875,-0.24882209183753914,-0.4906731682838472,0.3775165515332493,1.3140216364316104,-0.8417621099975654,-0.7748140339346002,-1.048344114126028,-0.6543049149805136,-1.2004159013052675,-0.6074983998147961,1.0404508652842124,-0.8471066933263397,1.0782575086065147,1.3954998396947322,-0.8552686396982389,-0.2638976466351857,0.0047721924423092515,0.16022366293729248,0.26789340217989466,-0.4752447438486091,-1.5308386186729315,0.2087987943824095,-0.5016696785969297,-0.35123579696739515,1.4381305480759208,0.2072790097196988,0.7420973714000707,0.41895832888507395,0.7257433763495402,-0.2918260009541608,-0.2838370739882465,-1.6820729138718384,-0.5687890718170148,-0.9133089092726945,-0.5213936357179179,0.22285527671206012,1.1412917184957756
sample_517,-1.362861744674151,-1.0063278474363042,0.8676099709770699,0.02421249271966168,-1.0309950536165908,1.7340794787544516,2.2059876722218577,-0.35548991827917054,1.5869108462381847,0.4405834980808885,0.5704536988702006,0.42485280565202416,0.11990257127521688,-1.3312205666646353,-0.49360723654979627,-2.411061889231393,0.03036875026709178,0.8956416560973801,-1.5891346962700972,1.351127027658383,0.08408708110143083,-0.34078352526582184,0.8276723213042795,-1.6623821952765154,-0.3066577314357277,-1.3796291243370342,-0.45147124305900277,1.5527449583967579,-0.1048668886781786,0.03481382109642063,0.5677399054789768,-0.07393988773277403,0.2554336579589068,-0.011133937124629224,-0.9352770741483415,0.42451012124049986,-1.2462079675707793,-2.957467344418023,-0.02080369746184415,0.9439221596824451,-1.2065718399630414,-0.9410058540038642,-0.5739225909626778,0.19036864008867918,0.5331605941517535,-1.131421496471259,0.8285338937795146,-0.8602774249049109,-0.43242197150509804,-1.5562392727105014
sample_518,-0.646524620007823,0.18737813598618824,-0.4672940600201417,-1.1754333813199,0.3031847248367449,-1.9934051991106003,0.8236357634846612,1.3291319010973575,-0.05010335354082364,0.12110440273783343,0.11822082808868047,0.09903158314873005,1.163327460264365,-0.8397007178536962,0.7996165286207643,0.22851867543796892,-0.43966340201476417,0.31879360192754935,-0.22154244610926735,1.9603435194696743,-1.1645496408964982,0.5281473111297916,-0.1561375694637003,1.0395466381213905,1.365779069621799,1.0919496883929403,-0.7866029657784605,0.06531125888193881,0.10253920872933944,0.9856892543956284,-1.5255640517874707,0.7536214746099752,0.1790428482071172,0.5657201602908597,0.9752096613930687,-1.178309762659921,-0.20746736401590865,1.0635976772503288,0.980255868720426,-1.350050044893757,-1.7099069531780526,-0.9351296733687036,-0.9942557631063279,1.7688610298090257,0.6232227568066868,-1.2052442788398554,-0.36738659690638814,2.0579159734840875,-0.46347386445577426,1.8772507133337075
sample_519,0.014329618766589218,-1.3244938518174303,0.1971795217055388,0.8720745803096015,0.047837748584993976,2.249577554285441,3.4362345199391866,-0.7587467813030218,0.5774798870336368,-0.38656606536661425,0.36045551970086886,0.2559120048113022,-1.2716803382689963,0.950407230527843,1.5969155577593013,-1.2954616848786733,0.45716523875249093,-1.5792059374821263,1.913371761896088,0.3443984241090102,-0.016569472344975262,-0.045562815511273065,-2.464415254545038,-0.0580494050692198,-0.10244784004922727,1.2843053135131153,-0.3990595430608678,-0.1305917150227724,-0.5872805009400922,-1.2890832319435122,0.5671895496305684,1.9159576096351032,-0.8255814979057842,0.2615020977756214,-1.2092077463372868,2.280923669594801,-1.4854005655187674,-0.7639199544528954,0.3385360706481036,-1.4411065916982222,-0.5539263390950999,0.7744296538267545,-2.2604456499018917,-1.1389548455692322,-0.8623128326215019,1.537076172396472,0.009464157792653518,0.9098803056094017,-0.6227028453693128,-0.9652405318199837
sample_520,-0.49018227291160305,-1.9215627061453764,-0.1024574048724405,-0.6354347264213737,-1.0221740403270458,-2.0373002296149,0.8646488803108133,-0.5391154461125288,-1.5323654540231488,0.06521087572206698,1.1036912872403393,1.3440486404294778,-0.4388579861308049,1.1917124976735716,1.0634158693232032,0.6533240481681188,0.3833275913462578,1.7373963988011423,0.051314188327862,-0.08724338784663954,-1.1210039981066682,0.6089909721598903,0.2691553832048019,-0.7266421656839402,-0.2626758852019781,0.13264586147985055,0.4747630623685542,0.7364730960978108,0.8413913266672897,0.21645026274648183,-1.0788339621043879,1.238293962954301,0.04344561158690266,1.1066956557521386,1.5217267521579394,0.5525335649447786,0.6762360015553703,0.721976387255645,-0.42983035176658224,-0.9103808980522384,-0.1471323567771545,0.9171379306543276,0.14260028408322092,-0.7646766100591983,1.0665820394404497,-0.3296486194605118,0.2217704883563738,-1.6504618529185724,0.3029517950295272,-0.6491165192045304
sample_521,1.1635387590173694,0.6902195261570588,-0.9622406960138833,-0.8990272378172388,0.8716128355990215,0.7302480880531727,-1.2730599248749135,1.6350060869314031,-0.5430190831006556,1.0592504354969172,0.9317306466628659,-0.11052905113035986,0.5033125326623445,-0.8575517853788318,0.34097675877629463,-1.2154733290552127,0.7657065691812307,-1.6913606117161284,0.08706395665284777,0.07257860993803736,1.761443006815244,-1.099576287249033,-0.6079745933357178,-0.13339055950652876,-0.7320769698623891,0.7204872263781619,-0.8030697999370997,-1.1675352248005018,-0.6680476102231325,-0.64883057862189,0.844372323026158,-1.0781260111155284,1.0279674163847814,0.2595747939127461,0.3079288958897421,1.547415436648096,-1.3417011203854459,0.16458844812384066,0.5916838870337625,-0.6014997021628127,0.40175342951810317,-0.35399444831489696,-1.5831573378344665,-1.1961521250969447,-1.7267724102760165,0.05584385335411804,0.8346355811576104,0.5063277700187281,1.4371567053603997,-0.12398262474670659
sample_522,1.9514446770052725,0.05011631343759168,0.39784043072473546,1.7544555885279831,0.562392801509877,0.7223702803205503,0.8017664901660517,-0.43940102327049463,0.3177013542639237,-1.2343536380163662,0.19035435857908023,1.5616449664501355,1.2097137711368835,1.0474449339869105,0.5760104977716867,1.0465460040056298,0.0451655946675502,0.39085933052126115,0.3085106772185909,-0.2215549413895779,-0.3038515733818696,-1.276791514057508,-0.3294960926949093,-2.006102476639216,0.6171372139646947,-1.9611738122008513,-0.6573403513531049,-0.7352958794653082,-0.6813398507007427,1.319927824628981,0.1268498856452442,0.3480756545564132,0.14780455657047897,1.2913624715407095,-0.3317152476221674,-1.2211114422932376,-0.3382536348978215,0.16640277357857283,0.3430326465324886,-1.9366012710047562,-0.11933046341193297,0.9773929303409734,0.9957641128425134,1.9865548505778254,-0.3705267748242712,1.0428980350624126,0.42279340561525575,0.09425007012756018,2.282858569642813,-0.6882950085794506
sample_523,-1.845847904412909,1.6029738586359144,-0.3324912955801928,1.225077075949122,1.0388427119720247,-0.3939790815167834,0.9923326396595299,0.726665598334436,-1.0674762285645045,-0.21409596375951334,2.4596809312169814,0.4120722340643376,-1.0026562099375695,1.474326116444515,-0.7030242776102497,0.46685944115361416,0.20216606117888047,-0.572047649025196,0.21476481044589932,-1.3689797463640245,0.8585498585299295,-0.011458827492558084,0.48111494665479254,1.6159141237510612,0.2112193173092292,-1.1831719680675246,1.0505256393460602,-0.7745870462002025,0.5134576219892764,-0.15973510385608347,-0.39549695600465834,-0.7706912263968171,-0.3435016531377646,0.39417258846464986,1.1771372415216417,0.025978086198234458,-0.44582650478518904,0.7109618486497193,1.8741826923490115,-0.17804867063355168,1.3896394148319167,0.6846620239641564,1.492385761551781,1.10913046388792,-0.004916788658732859,-0.9680009789300937,2.0341863088985583,0.3411267401302184,0.9180917079684243,0.40018493680125033
sample_524,1.5895766887198473,0.6933913915528289,0.38223411165073307,-0.08818181489605077,-0.9209551736755556,0.8751744035309,-0.5432490522025692,0.9227181552305062,0.998267810433493,-0.8425585941963851,-1.346151692745467,1.0204188809685397,-1.6190699212212278,0.4542905017365818,0.3702845375139514,1.6679599424775984,1.0871374014992472,0.07687496678535016,0.14296591651069682,0.6181199164042689,1.5346150336394364,0.47103066013741746,-0.4392657405481009,-0.5889371960987402,-1.4229923413802978,-0.5526781496661739,-0.19606932487708148,-0.6034525654337848,-1.4564292556324203,0.8565791333402023,-0.46942019223048204,0.32557385965786484,1.4345236846436134,0.9750187207468648,0.5550696101766819,-0.47338394897765607,1.4021928700321178,1.0951393633413629,0.9902171514870819,0.5607675407506016,-1.1447747209695465,0.14087690118941565,-0.14707571817652565,1.1192657882921673,-0.19277219681519384,-1.2110520968045109,-1.7531455149913786,-0.2061230793923524,0.3394460529121004,-0.4466781682931891
sample_525,-0.06557409830897111,-1.618513621198678,-0.46995819452259113,-1.1456160727712712,0.2773663754229134,1.2576583991636743,-0.1875605917719368,-0.728012018386581,-0.45714733981770417,-0.8711691402229618,0.1401527522877993,0.32018839196257715,0.7498854078979841,-0.08520329541268039,-1.351730586124042,-1.3997694710156456,-1.0186857408591041,0.38037490596916457,0.25206255312449066,-0.6673768011117748,1.6293839596747968,-1.1678496343306046,-0.4685316817801988,-0.8259012361186271,-1.2928449287110277,0.6781812641179042,0.19207805613718928,0.18761979450390134,0.8220060887776595,0.17147216359459905,1.415496514208023,0.8694835262725086,-0.46973392886828946,-0.1702324260341025,0.9884013151972312,0.4687536483363952,1.5092173964859508,1.5247369065062164,-0.34460531951683804,-0.6291961459300722,0.7315255280700437,-1.0359205777897518,-0.38142843835293977,1.2240160726617466,0.43744140623633204,1.5706617967999021,-0.06691965990213504,1.2781401071081924,-0.31295810543460356,1.3571912294397057
sample_526,0.8420678523274417,-1.2744067399809678,-0.09178764332177448,0.3727140094112832,0.1912907542259923,1.1363844696847452,0.17941693145304635,-0.40867088408092633,-0.944371812483465,-0.42248720299355225,0.292747115396898,0.6492181913877689,0.006077873199874176,-0.3232371981715614,0.901046556090489,0.5582733268558349,0.9653911738887083,0.3600811310127238,-0.1688109179202133,1.0959284374115041,3.521585016378061,1.0333963997852658,0.26643071389198764,-0.2520230231038363,-1.1915749654084813,0.1161661276205138,-0.053981687209870434,-0.5869400319769597,-0.925159830248201,-1.7839196072055703,0.17929932387326178,0.8724868931067934,0.17538080910798867,0.8617852375391701,-0.1085352943743535,-0.29667229829560143,0.3298564238335759,0.17920672851549255,-0.9522955786188492,1.0296521573001332,0.14848988965127932,-1.4395189181977692,-0.3076137917352308,-0.49513282152479876,0.9670129355696357,-0.6918407365091546,0.012862850166992202,-1.0583175450533595,1.0839520109227134,-0.4763796997929585
sample_527,-0.21152344484184038,-0.3446737142813414,-1.4289090050606137,-0.6706436474605468,1.2540273458227524,-0.7445721319719223,0.8723647785152809,-0.9459446614827435,0.30960965313976513,0.4273321770601867,2.2312347368405168,-0.09774126467615796,1.2857111084766986,0.997578181484419,1.1702959236979333,-0.461513001727459,-1.2565236857438737,-0.2989188828962252,2.466744872164365,-0.47126207237014794,2.530971032070401,-2.6653492124741693,-0.470703436056734,0.3107127048127451,-0.9236673893922904,0.19681403772236927,0.43519245879910123,1.1214750139854432,-0.5983910540451584,0.018235338024472473,-0.20992809958550884,-2.270607506054014,-0.19079818359918546,-0.654276880696722,-1.6617873624398094,-0.7563827271953271,0.4195719331015811,-0.0770192786634121,0.09970098116110392,1.6017546838786851,-0.3121146969609404,1.0222161802249483,1.2132621680335474,-0.09978527049672978,-0.09038391158922159,1.4541754658011445,1.6520768541804605,-0.19990724309814165,0.4533023220361487,-1.4391726101194988
sample_528,0.3292098051193064,-0.6473517353733831,-0.7517942896636821,2.727512749512351,0.09225996009375921,0.4276158286752649,0.21032129365466146,1.301192136709191,-0.8374136727610083,-1.3186662714881778,0.5874988695898928,0.19350107819899187,0.6060464277738787,-0.5731063212359199,-1.594086560838032,0.013737178572527592,0.3165969118736695,-0.830111485628938,1.0870450857435705,-0.8097673000596907,-2.5061499582676547,0.656513735419412,-0.6586532162726682,-1.111108024814059,1.198785887211852,-0.9328322227044842,1.0368437055803337,-0.7544465206641662,1.1543284807436396,0.08831973940685332,-0.33266256233289165,1.6154786512954418,0.7391197826325872,1.9135655681177608,0.3324134571107009,0.09597278147890746,-1.0890725379341268,1.2321376701956575,-0.692966516478081,-0.3865731375013351,-0.2773687774976336,-0.07775205657352768,0.7212454727968302,0.7389922283926702,0.6629733149596609,-0.24855613507563795,1.1513608038182468,1.0700772690569185,-1.64996722162332,-2.106109634511393
sample_529,0.6301517811780155,-0.39646928147948246,1.9226157369760142,0.41045629609838574,1.5648847114135112,0.4636397760389046,1.4216600014904874,0.638564891192572,1.6147451033099611,0.6611278704892919,0.21808620455396097,0.4040096944149823,1.3218770377656208,-0.05422607729006457,0.7359572218387529,0.2223891244482692,-1.9326964785084864,-0.0589480803674222,0.3136345288257552,0.08427997022857904,-0.5277575081251464,-1.2517246082917441,0.8751545140238658,0.19513747979077625,0.4222379331590968,-0.3532498749472491,0.04033905399041447,-2.1093883432287863,0.02351528404573754,-2.568551522090856,1.968459287865553,0.3417706212758671,-0.15930209393891223,0.3587553318644366,-0.40636898907313407,-1.0408635867731482,0.7864006626953007,0.252400044293474,-1.1092355162717942,-0.8781009953906121,-1.6186590337819071,-0.7080540931204145,0.7388136265379207,1.1039070114241625,-0.1252791777506845,-1.1746400516407103,1.1133964508276442,-0.24019350100085132,-0.5765790490572053,0.6352187149052576
sample_530,-0.5786840448001095,-0.9931043942301191,1.3078126815942515,-0.10584485110631044,0.378972649214393,-0.9269914747730867,-1.6450462748123567,-0.9535239222083578,-0.3116730818980232,-1.0112984066714639,-0.7077574143310923,1.757782263020581,-1.2827199336453676,-1.8484645663357508,0.2751439355544037,0.039519948603152236,-0.49602672074434584,-0.20120891920239076,0.9930015857541477,1.2360770017143925,-1.2812942086026036,0.24720438154320143,0.31205626106942047,-0.7355072435592578,0.6076036128418308,-0.7080952174781109,-0.5469563394707736,-0.15697923776354938,0.5742310416039984,-2.02349838788562,0.683051649761358,-1.5015939411286576,-0.30964958025744727,2.2340128415890677,-0.7047382421654006,-0.7207505065715971,-1.5404704864711118,-0.34374894084377605,-0.12438479390759065,-2.1558153866119123,3.3933275617612355,0.09895639097883235,1.5375886996121493,-0.3176706772392278,0.5903866251801811,2.8528829099702784,0.38917354804465687,-2.1568837425221634,-0.3868798757043638,-0.6576091620034885
sample_531,-0.8859321351656968,-1.8857552939336708,0.6335840246341095,0.6424405770354024,0.33800185810508465,2.169815171940823,0.41658785209690197,1.7869919577604148,0.08399986458987518,0.6379764255085314,0.02226312397402443,0.13398338493832404,-0.8028195201766649,1.7160214186905718,-2.1166845735948927,1.2362445295329203,-0.3326021035142174,1.3788872404340475,-0.405574945632991,-0.6156168899307152,0.07520821461286058,0.7935401267682303,-0.6870355429900337,0.008601153846844158,-0.4807199232966117,-0.02630125006768267,-1.8920653957264653,-0.7267020046757918,1.0551370545847263,1.3017220820641717,-0.8180017683387374,-0.19199916827708105,0.3938510828172241,1.2747309838649925,-0.40681079554983324,0.6703735206847995,1.2549988049944385,-1.3902333859558846,0.18997232842491332,1.1647566722305962,1.6795632363568334,2.1075372105878247,-0.31959958130051447,-1.9294779211865638,-0.3342204415816765,-0.13143607388540418,-0.0798094750884691,-0.03665399801863805,-0.10629787987323583,1.0253906535189719
sample_532,0.3726254896909161,0.30816775871341073,-0.09360153957493035,0.3037637774560696,1.1806876042615886,0.27541131331679547,-1.9463609694844013,1.788068386523153,-0.5188582071816485,-1.8921501566329935,0.28032086154272384,0.3116045913058285,1.1616238459993529,-0.7418704800045914,-0.9808949748817494,-0.43285945705497786,1.7405750139000962,-1.0977087126318137,1.6312893133136237,-0.3406124714386178,-0.32330821064840515,0.8444192532421233,0.9520972165407919,-1.0502666850845768,0.3140747102026868,-1.3305845414216249,-0.8920227211772312,0.7144986659062993,1.0660116012208904,1.0718560815124576,-0.37431165723482374,2.2465632073420334,-1.2743342115536707,0.22859035028743094,-0.39536113538122386,0.016585783128629003,0.16909195847593161,1.0936510707562581,-0.7467123399113592,0.6112628645602405,0.5345205375197766,-0.21045222752586407,0.8259895931462969,1.7859024613400227,-0.9579583289714104,0.2618306316890863,-0.07155563708942593,0.6288682677917258,-0.765681190309244,-0.26156285741280205
sample_533,1.1190225391443414,1.2028084320304826,1.5017660705870757,1.3459855037967348,-0.7829911931294911,-2.1407915884783457,0.39253295128975674,-1.4992240155937842,-1.0890273407392563,0.7210374710962871,-0.17744879198862426,-0.35533058344886276,0.42944438631138726,-1.6535486893917795,0.47963270904247757,0.9225157022351241,0.7502386542651517,1.0237411983033893,0.4155609790388956,1.488480814676252,1.1067535117741596,-2.653471586404372,-0.6393220280044354,0.281379724860335,1.3204376021676028,0.5247157939161722,-1.2024029102628622,1.1195009173680022,0.4085223864592171,0.403653914893379,0.22215179541764188,0.675880538139325,0.7970105150530127,0.6776000083634983,-0.8893374831457225,-0.9880316727459921,0.7671925750584976,-1.496636076904721,-2.1594220541995996,-2.2551846882769615,0.33675031173778686,-0.1854122869299487,0.8968523750497785,-0.3303556229151276,0.291361446067916,0.7015513394857193,0.3007693361398565,-0.3419944423383239,0.8695054379376708,0.49290335317654727
sample_534,-0.3408669988443188,1.2372943004662877,-0.5041420237036838,-0.25114766128172245,-1.3619602705452667,1.6990405741793118,0.2465412719408677,-0.3839062212286057,-0.5786027965356021,-0.6922889850412864,1.335376576661471,-0.3049607090648261,1.7509795324753132,0.03606298862305257,-0.8008165300138742,0.9744414514290376,-0.45129255791870615,0.7117824899066036,-0.9404103703036538,1.008879558652584,1.2894387787210535,0.3875007974728229,-0.8442729240913782,0.8646430172292431,0.16511761013757367,0.13525892051176422,0.05178395537155804,0.705166116113886,-0.6771253096115678,-2.851996889177825,1.8829995896184826,-0.19824580933300373,0.3977078771885158,-0.8786195454814448,-1.1810022638274988,-1.2695551061676948,-0.9891323581267839,-0.5078200411063547,0.13655916272755636,1.8292085411594223,2.630397863404372,-0.7652172340670159,-0.7543661743602329,-0.5162951755460066,0.15432594597587007,-0.11886070154819148,-0.968378692056596,-0.5246572620230683,-1.3026924383008192,1.2684041041544234
sample_535,0.5981775807161049,0.29149478796052963,0.8656876387637457,-0.12896497847976993,-0.5937298201176853,0.2839924464091528,-0.5599505261112377,-0.27795889452810557,0.5117520795447907,-1.3358530143059135,0.6788947190292791,0.9436480938861743,1.2073515644764667,0.7962067255475783,-0.8636124123093208,0.024438617692543546,0.8543048119448303,1.3208577744944732,1.7788760962616323,2.3545341698732005,0.8000601526846046,1.3589412520541546,-0.7129193316007628,0.7935231519511565,0.11626989109535438,1.6026193860287214,0.20496749947783185,1.1295946553874454,-1.1858659159648344,-1.0343861422300393,-0.33597037901898347,-0.45590452776934615,1.1376809398970085,0.7452828060951303,-1.125772412663985,-0.6401554111834706,-0.31194458011665355,-0.20999159394512357,1.3871424289055834,-1.9005265385587486,-1.4250067349165154,0.2718067623354575,-1.2493487698826804,-0.8827813435783345,0.2098796730668258,0.15645639048770288,0.06386566370144661,0.9948033006295302,-1.1684075010098134,-0.6403841046946644
sample_536,-0.5369196352527696,-0.772118885477223,0.521991148722836,-1.0679325898448366,0.17376358841090594,-2.0123905708935403,-0.5304760530008423,-1.1953751973153386,0.8240080078295934,1.2153538696825883,-0.11121496629566834,-0.2061081277470121,-0.17060243550222504,-0.3595328532227206,-0.208516601039791,-0.0697718782405963,1.34368446927921,0.02470005410072174,-0.3765114687647229,0.5313624046225085,1.1349801068682204,0.32259229670517836,-0.9009183933738059,-0.798325177593686,1.0568499270524563,-0.03299858382352223,1.390802917406282,1.2137304305939813,0.7746172900540704,0.05977590250329646,1.6184827356352494,-0.4266847087865856,-0.6805530158628258,0.794654406829459,-0.4171088720228412,0.7716508857353321,-1.3271805333268742,-0.40301182037697414,-0.062421861506592034,-0.5974334996621875,0.4246559625685965,-0.4094310822864442,0.2984667010621691,-1.2391429810255137,-0.6728427547305901,0.37237526516693775,0.32563078639027243,1.0381371342530428,-0.5843218184697514,-0.9214245909562475
sample_537,0.8187303987447702,-0.798367871167864,-0.029922944586937734,0.9861984746390532,2.621739387786471,0.4354083538015877,-0.5146137094951501,-0.4003343556335079,-0.47871084097211947,-0.3903460869754305,-0.9228315534901521,-0.910660476470394,-0.6578593252138791,-1.76157386234482,0.8707722772734567,0.9439096513447975,0.7159689453332331,-0.7443834987228614,1.191272941969003,-0.3569162192191908,-1.009633290217803,1.8542092717661636,2.149324855321747,-0.38526054642656016,-0.9568555460617347,0.9335858764689537,-0.9868995027016113,-0.47401437902222193,-3.1351397133225376,-0.3793394340632141,1.0393618839487797,-0.31815274605661065,0.02594691984576239,-0.3491824848519874,0.6257700330925339,0.9937131053021026,-0.28737327958679904,-0.6437476945341211,-1.1425493011878343,-0.9783831848818099,1.2744727890841014,0.05760511769678295,-1.374167948432764,1.115696305356013,0.15212576178199627,-0.4223129175284494,1.4452472001796988,0.9597764087563192,1.2996611089652343,-2.0377372001919802
sample_538,-0.8797395051280998,-0.15696890906083477,1.459847922464585,-1.1953423027438035,-1.4530950548269217,-0.043544517664428434,-1.6324536908701484,-1.3641159245266636,0.3819539439462897,-0.39782737866583495,-1.183107375378106,-1.173741843291058,1.3885320542102975,-1.2273357383276524,0.07541445901764635,-0.3696522407367233,0.38278867386802234,1.4748190224271018,-0.01163458008400707,1.2795600851495617,0.7736019373695234,0.31146591946673435,2.7687570883813497,0.702029269746116,1.1517340930500992,0.6189249840909695,-1.362568275373292,0.9376593513365127,-0.3660261593518792,-2.081858422945609,0.41035253636788793,0.8201414173541857,0.3066625177659092,-0.9852244111771945,1.2995399635867528,0.567556084081329,-0.00865563933713273,0.36264070550598165,1.3504021350383115,1.5220987711901954,-0.2280400319223705,1.0586867431728286,-1.6233278191629275,0.4330669506357409,1.9620897264639614,0.4058547635239088,0.3137048314126303,0.30824771811234536,0.4978021258659381,0.9679268428003788
sample_539,-0.44708959961725636,1.6996935511133668,2.113278803167572,1.1028040383961968,0.1949541068212535,-0.4611474062628816,0.8665101737226911,-1.9571025123830883,0.8567743951953202,0.7377660010590229,0.8708748416323476,1.305373841833984,0.6091095765709725,-1.2153403531042997,0.06246116043594067,-0.7152689421758069,-0.2925689942297885,-0.25279834901390114,1.1612259564397074,-1.5602882797802673,-0.1294043779686526,2.3103688750237,1.3742023154659229,-1.1742268859929805,-0.013186330197343674,-0.3075722161875804,-0.03952692335996387,2.2308376215584813,0.24398132412018822,0.054214055494723565,-0.3766152822604377,0.30034598591082257,-0.19146377105573717,1.9430547332585788,-0.4626885894401052,-1.8116229658091638,-0.8949115474551693,-1.6582445628951694,-0.7190683490638551,-0.16121075085528414,-2.0742474932837394,0.07893346819972671,0.7646394441235058,-2.448745095479193,1.6031004849028303,0.3973741466418039,-0.7231722055916713,-0.8406228193452835,0.8278525277249659,2.380860110190591
sample_540,1.2132017588610469,0.42747413024491576,-0.10678064403507301,0.0715762318310377,-0.13958881454612784,-0.6348973896941257,0.4758688574474249,-1.494118753921867,0.3712313396815197,0.8654610256823445,-0.9293422236306328,-1.302039598519819,0.1249516683231471,-0.6326500113108157,0.3386782728253828,0.4142724181578658,-0.7486954355898353,-0.23591323106651313,-0.5442594977298213,0.3898336667103771,0.2785086578256959,-1.592949958278891,-0.5653513613766399,-0.38634383241834896,-0.6993779895277932,1.1974261277922607,0.6566393257758638,-1.3770315715511603,0.14159641460737446,-0.5273419893859692,-1.6274883292820466,-1.620952527048303,-0.4856672142609578,-0.3786819166707408,0.13228947527991952,-0.4719987128330906,-0.3081406684163875,0.06517522939735174,-1.0219476789684985,0.8074264383246346,-0.6115013018603629,-1.5022847034497562,-0.6066742146288805,0.9993112077670478,0.25950079216737487,-0.9389808178965823,-0.2717077057862587,-1.1721456537619621,2.191674125295932,1.250537720914342
sample_541,-0.6936312667567074,0.9712636585501895,-0.01288061462560503,-1.0512698269126108,-1.8239410833382461,1.305571442690104,0.5940579603958894,0.06828090344978453,0.8898712097265457,-1.6401558798280522,-0.7750171560666065,0.35833403485535137,0.7969197519162141,-0.8341964574788825,0.029290552225553195,-0.1598891314796681,-0.03209414161775872,0.5934790083806394,1.5659920167448833,0.11142351220399305,-0.42815091241938696,0.09428002553284123,0.9756154334191957,0.11005460443488403,0.34853830865855046,-0.3436635255796007,-1.052623489171087,-0.600828977700336,-2.3426710956132064,-1.0256700860822858,2.045157162470075,0.7350556500030089,-0.10219960648739533,0.2855056374540532,1.55695000056054,0.7580638487042152,-0.9388783770563531,1.9494881626309346,0.916624433432354,0.10297796933263992,1.1883817943521826,0.43982119203307773,-1.618816670600129,1.0286044907152714,-0.41684021950755684,0.7913378371030384,1.219097290824957,0.32754560149835754,-0.7771818285733615,-0.9184445639727413
sample_542,0.8097459895588863,-1.9109286336777513,-0.4867811743569001,-1.7536781817218736,-0.07756473567089604,-0.7872275555802977,2.3948530941403368,-0.9295892083464153,-1.6464262739346374,0.42955959368036367,-0.5713305867153741,-2.0882360205793584,0.4137895845933533,0.6513434575511191,-0.13459757259422048,1.0857933236799162,0.40506834964214766,-0.24262906270227222,0.617150851449171,0.8187108722665624,-0.14256699098566172,1.3124372608583308,0.012747420816592794,0.18973472630388627,-1.2340033020529764,-0.8633335275591316,-1.3120366032670199,1.0820682268018693,0.2841036998921228,-0.5618091253665168,-0.29561388916366915,-0.8560990689015486,0.976323102994881,-1.2417817894982817,0.5119196877381179,1.8040491850283142,0.48803769798075586,0.9301961148288767,-0.5598242356591975,0.35739861711038073,0.2342976589671418,0.6147460666230433,-1.5680834925685383,1.3155220424536171,1.004172132073445,1.1726079338206215,1.3682349446051687,0.03144076220387233,-2.6840255016706953,0.25991233824138177
sample_543,-0.7332991185338477,0.36428969810673795,0.5885252052692357,-0.631537529069627,0.9341930816109996,-1.184848380803816,0.02138507940537469,0.9625406068127981,2.328860317606038,-0.24264838349225676,-0.5801693717008362,-0.46253182518730773,-1.0415438961607677,-1.9828996668277712,0.2645543305497805,0.8050113494702614,0.08835651504383406,-0.05679926853470629,-1.531050734947018,-0.47885476332776594,-0.10319640878267318,-0.5954441567863508,-0.08030970178683404,3.0815895951190337,-0.2560056982002659,-0.8795545232858859,-0.7927503484539954,1.6636738439635053,0.8335096188328448,-1.2713791909249021,0.3801915783794581,1.3043600895156116,1.754671201284928,-0.30404731737245155,-0.30836063309012424,-0.34620193812109407,-0.07647640953593174,-0.0022209315251893584,-0.28534694515556286,-0.5271986400760382,-1.7635173382709723,0.743744532823173,1.711664633024406,-0.6747450214839323,0.28303679458778414,0.014044851720502311,-1.1897711531586408,1.0618784733514945,-0.740169239319233,0.08256114844024526
sample_544,0.7041641602859442,1.0558323876695879,-0.5828290497910852,0.4895519180677108,-0.15431610593441528,0.8357365899567187,-0.35027277205947266,1.9949266250454878,1.2171017298618823,0.31684639670925197,1.317210586411541,0.7015700325055861,-2.591324988613835,-1.2824378043485676,-0.05620303364162247,0.3203261708586816,-2.0005429981303506,0.8439812548016311,0.3848506133850053,1.6102742695082521,-1.2881513585350512,-1.1697691485270658,0.08609713650248671,-0.6056272580417874,0.5215131820831131,-1.3752479215776368,0.09672472576953772,-0.2761272531496975,0.803558317707565,-0.47065261607921266,-1.1459614604194834,-2.483675058375147,1.1240703481586387,0.3228291516750103,-0.546276002206077,-1.2365185671984251,-0.5847036588892814,-0.244978655081963,0.6908984337074872,1.3362913683043594,-0.8372542720219245,2.242010146452983,-0.0003815780417708934,0.6349314740303648,-0.23069319337872868,0.914803850766049,-0.12184329155104763,-1.9366624481908883,-1.081256310860331,-0.5435066181637909
sample_545,-0.02096542264723724,-0.30055005759329423,1.0473186154811462,-2.0890548342982185,-0.9412730946158719,-0.44329486246739064,-0.6078485631717675,1.3430046151210375,1.1714337367956118,1.4481692032939235,-1.140172673542003,-0.6703302837592289,-0.8122680468015434,0.8210707226860897,-0.922725864120596,-0.07316537662742337,0.7438922525287144,-1.0245177317067566,-2.1699085750390634,-0.05542906660822595,0.5322223362679774,-0.23092545700061526,0.23307962754009529,-0.09934692235309954,-0.3965904184154732,0.4928124227607411,1.0394465891328528,-0.38682440223106196,1.7472420928144752,0.23470098623132474,-1.8462652951859186,-1.7963907568652369,-1.97543405247272,2.1702437849905967,-0.8228009913476082,2.1381847290070235,-0.1086844634924304,0.4163421472170011,0.23989664998925322,0.5853477629296335,0.5565721232401639,0.48032441670080944,-0.15008039959969022,-1.0531202578063088,-0.8487909875157459,1.977070052549504,1.0094770469512993,-0.6855133040246045,0.3545085157103029,0.12270299323800109
sample_546,-0.8043266031984443,0.6199403740695281,1.7012192574311353,0.46526849699373724,-1.9122617757467248,0.93503062437192,0.3593452881934062,0.21208351990245078,0.6038832804174292,1.5714426918356206,1.3200258972134788,-0.11007426446260746,0.22434641380479745,0.19084934428386582,-1.0759755318765571,0.8070999721536221,-1.5203053085506497,-0.7135013664502876,-1.748988239684542,-1.0564168974374415,0.416429711935716,-1.763545290627437,-0.1809675970922097,1.5195773189890034,-0.09523804168233742,0.4174504037648071,0.06645201932096417,0.32725018723464466,0.3607935690095458,-0.37631265144170334,2.0076582034970256,0.8296385696380618,0.619647596206448,1.5310841014402943,-1.0662578294047187,-0.3015454323188916,1.2711686760930243,0.4309657638893357,0.3157006930876689,-0.004042257376168793,1.5057738161868521,1.3280123531093515,1.2515940737131905,0.9850416895640771,-0.09580118183643849,0.18690297735293984,1.2171309744859728,-1.1649821327928083,-0.13068627596176768,0.28363133589636275
sample_547,0.258646281669559,-0.3459833850341583,-2.001562653589843,0.9122040333157964,-2.015891248115759,-0.41029714175920584,0.023372697754599554,1.437936128018311,-0.5544487745074571,-0.4013692105166945,1.7785195851795896,1.2107896724390783,-0.7393512301738208,0.593893143848701,0.6040408346877801,0.18874264815503008,-1.0804417242161237,-0.010611313492458549,1.615235404513425,0.775149415189302,0.7463854276346421,-0.4006652655314056,-0.34757022233116747,0.12233377249843516,0.17450593282276486,0.9300419603406058,-0.9617895962783323,-1.0848650118246215,-0.905906065231495,-1.1792351459259582,-1.0045170282557614,0.28607082209004064,0.03671027001067537,-0.25837041605357575,-0.9815011754583779,-0.2112069112844933,0.07039607602937452,-0.4835348175888228,0.5648573769644968,2.0456124810392833,-1.9950766717778319,-0.5707045970881631,1.3183114867437382,-1.9929928098503695,-0.5172490581154938,0.3806771530452858,2.2894702644659137,0.39386567154287755,-0.3011137025719459,-1.1695637938354633
sample_548,-0.13938878604831115,1.070689490279805,0.8233788525837941,-0.9644102037599063,0.017694104934372783,1.1447221366254872,-0.8525142398025299,-1.0955433063772824,-0.3728123785570776,-0.5197832879192086,-0.48968565201347236,0.03244927908273946,1.3367961034276974,-0.787846915506977,-0.15453143292199778,0.6658206997654564,-0.6021959075797714,-1.4101145011052107,0.4291700950537028,-1.5887713784289108,0.1654342528689173,-0.3800929958129904,-1.0879489512054552,-1.434727535988421,1.1525250862722733,1.12610524600271,-1.3548160780161167,0.6746738369110874,0.8256063910145979,-1.429695984346828,-1.1093578557300674,0.49373202063394983,-0.3875816596255649,0.334517048830775,-0.46948351238156255,-0.27060357277806396,-1.015442085374519,1.744387601714142,-0.7323483255130389,1.0460867165637486,0.19551192804762862,0.9996202758635432,-0.5211080576833471,-1.7603600716717234,-1.615123150190305,1.9538983474734188,0.25443912904455024,1.4008242349743634,-1.3185662003528411,0.42912072785036
sample_549,1.1302907024537814,-1.0478823026052313,-0.011933419348974133,-0.18138605114946185,-0.23304586720840678,-0.4367978694550481,-0.2191022741320848,1.5624127656146694,-0.48021497512344913,0.32082972577495494,0.7806471561521047,0.546923302708728,-0.60820593217448,0.6881142947949764,-0.6525536991301518,2.290689817714987,0.8693708628957326,0.600558490812539,0.6641425946843054,-0.5247227615845438,-0.8481047077793165,-0.8259432773128772,-1.086653410600506,0.13252723962465823,-0.38999220962268294,-0.0319818961674999,0.8026377687311664,0.13713076981651923,-0.6622096170033237,-0.6161284143809025,-0.12483939089410338,0.30900924885783493,-0.44317987068606596,0.8363141843617355,-0.27251652296994106,-0.3617625307121859,1.6360687700229053,-0.03773412781859663,1.6080543912148775,-0.18732965998054538,-0.12968845471308588,0.0404631563782865,1.0068285417691467,-0.47163242218201784,-0.7171436348141356,1.1585658227674431,-0.14717841536716056,0.10878275252926303,1.492312730712103,-0.5250308574034365
sample_550,0.4960466433691414,0.05657884972706987,0.16412605029941793,-1.0907368715214432,-0.046843184972354464,0.20586716830951618,-1.379464970190266,1.0823712184981666,0.7446313201074631,-0.20532879470631699,0.8926915366935433,0.4699752775437094,-2.5600146585222356,0.10125809409434117,0.03557741420449825,0.8510787853771016,0.7723363602878275,-0.9937975156129266,-0.20117550962083441,0.5327428325433436,-1.4900673095024193,1.0868387648468067,-0.2788217569690912,0.7385767475888205,0.24803928938034123,-0.9423782965317282,-0.02117494556064775,0.1654450916397906,0.24730807290943457,-0.24925575551557907,0.8660856049344378,0.7602482323466538,-2.1271441720241815,-0.49011929722354164,-0.22694251810366964,-0.00016503162083772495,-0.18585520840765257,-0.4639583721134031,-0.9002359146844822,-0.4385129029015927,0.350341429897047,0.025611948150840794,0.3593934661833285,0.6772305350899511,0.2338422421332905,1.0657991188948295,0.660813904569014,1.341985967717632,0.16359413693882816,0.28964543161823814
sample_551,-0.9575819492511175,1.4448565959898032,1.051676049248008,-0.7125878661910254,-0.917135488173318,-0.5595159535787173,0.0622835690747664,-0.6242903095905656,-0.5695786169451136,-1.3797886887388195,0.7252649151296416,1.747749832520398,1.9817247499849855,-1.5437104484576456,-0.3935931901971012,-0.6385985131008205,-0.6895495299113278,0.08530420536646137,2.0524622300872752,0.3783792292080337,0.573278609470169,0.02527957940948654,-0.4027867351398399,1.4210963642168333,-1.4809375270365528,0.4407999139551184,1.0830293550230654,0.6105821946997995,2.3209966890992395,-0.08303919887955206,-0.9791387139574989,-0.4167689424749319,0.9122273151270404,-0.43639896529000555,1.0043322932139382,-0.8766625082845574,-0.09759244674820919,-0.004192028449942628,-1.7968101109656818,-0.06319791579952533,-2.0864924091402304,-0.8476785333835507,-0.6047068144320299,0.3322793259481999,1.309497473716596,1.9499777051067133,-1.3844275208678098,-0.9100937185231479,0.08852775172662712,-0.409771477870333
sample_552,-0.7892640152735166,-1.793045202187853,-0.7143176438770619,-0.6649743989493997,-0.07292769652750039,-0.49020186777112135,0.31596275176196237,0.8975281401133204,1.3223939346325908,-1.5325507205681004,1.0273299162914606,0.46431912209857246,0.44800373899853385,0.3063246316244414,1.8406408702751575,-0.6989273872583298,1.1273386366292142,0.49276523465521066,-0.3830320135604409,0.25895021428666404,-0.13552331269182027,-1.3868175014183637,-0.30068172680459215,0.6063516169878621,-1.29807461309974,-1.0724624735913673,2.7051218618442756,-0.20406214689543292,0.03974546972750674,-0.1948311776998428,-0.21605528370524185,1.5001359939905392,0.12349537493694986,0.6391038166769473,-1.276474535920203,0.17255966880774848,-0.5337808913037466,-1.3114128021364082,0.5722743635617457,-1.104525545943594,-0.19496075485465938,0.31898650855873395,1.981116542418311,-0.2214680580483969,1.2298069055506,-0.5342681665170693,-0.4432373441358523,0.14696427096219367,0.366502559556413,-0.7583933306253694
sample_553,-1.5666107370471376,-0.6752238350600275,0.9125877156087997,0.21762593621011794,0.326560698790642,1.5122579632139432,-0.21481797326139165,-0.3174539624768401,-0.2324815771036416,-0.25588911059011726,1.4106575461475808,0.27591918654877984,-1.890717191932061,0.028231386972023147,1.4733436554808468,-2.543507285787982,-0.1050686316755305,1.2744062967485523,-0.48616271668632194,1.0730070789696409,-2.858163272596865,-0.8984430809753629,-1.0705907904274312,0.1862443301175027,0.7398731520422364,-0.17677084568265142,-1.5106478265059444,-2.003397628128781,0.03718358208009036,0.6350572844381903,-1.3308488405311918,-2.0510563091849687,0.896251193570909,1.2173460180479967,1.7603330946505578,0.08117694642366026,-0.6617163916913332,1.158282290066833,1.761972520784462,-1.543565470372544,0.006878178451767501,-0.4800357630633443,-0.4459565559151437,1.7256352023089716,-0.11902480688537627,-2.145809099928763,-0.6981882437413885,-0.4036800399555074,0.6121243716806163,0.3849154178970089
sample_554,-0.5141534264708877,-0.9566758387364103,-0.5828164098815458,-0.5322329007151883,0.9994449447985979,-0.9819600218755123,-0.05643073171991481,-0.5097797769153909,0.004778962059678496,-0.22165826726198343,0.34296348461283777,-0.5064819018528521,0.6596149664739013,-0.3875629185790725,-0.410446556034122,-0.4492207232153927,0.9617502197723367,1.2377474704508495,-1.1346797303769747,0.35977605133310303,-1.2432841828976275,-0.7382669603319667,1.1076336879314919,-1.164658322353438,-0.7438612601418155,-0.4375695067898747,-0.04906610336621628,-1.5818983282512247,-0.2119297043096836,1.3340379059728544,0.19803250539655037,-0.04035428222570479,-2.017359495822147,0.5146146639998668,-0.7666857048277583,-1.4169091098080902,1.0075766632427194,0.6560502500815798,2.192922253659439,-0.8722716422654517,0.9861444345719074,-1.1850050273215114,-0.43344723500636245,-2.6342595081859175,-1.439737204686276,2.4270458648399296,1.049546730373581,0.5750903980720782,-1.170117302719776,-0.23553985620064785
sample_555,-0.5717323978256319,1.4566669878666134,0.541492414848307,1.5956607554007847,-0.321545601498012,-1.0442449089110466,-0.7903558173084946,1.0671037178858158,-0.6884607709909698,0.4582887950413335,-0.6851979719828609,1.993452951131159,2.0317428289342763,0.01978772664402749,0.46054236801842874,-0.37130547204208214,-0.3477948239799549,-0.7577994164388397,1.2765559953668457,-0.31315462019106965,0.005493190362000033,-0.05068320996144037,0.7669184245062842,-0.359206597546273,-0.06984993151348928,1.7312352374469928,0.592664326156734,0.458618481640041,1.4572170890900025,-0.033840379282749425,0.8978735796481746,-1.6108026721817057,0.7143489997417176,0.7919529736836702,-0.8784244833795811,-0.7927132130827057,-0.1748816978140356,-0.987332417906943,0.6293695480758926,-0.38575913232452014,0.12406918858722203,-0.8937125600163486,1.4365757259739034,-0.09089640065230434,-0.28215454723780187,-0.3899061185774962,-0.38716302263735963,-0.25557431029522426,-0.9699660104425727,1.020358559875216
sample_556,0.6059748324775084,0.2299209637654866,0.5329060508328898,-0.5584274981508816,-0.31363447608584,-0.9542693434483805,-0.8957435233993052,0.26841613879813087,0.9663946937853166,1.419459255242019,0.04844151431787716,0.4009305501086142,-0.7923535674208552,-1.4042058892473757,0.4439193915493784,-1.0639825502651639,0.7247123775071599,1.53967998096116,0.10145346461193946,0.41872010731217646,-0.49037892862804705,2.470903934805472,-1.2226674951686576,0.8886256668025451,-1.7670283526142645,-1.4161881781194143,0.08088603631928969,0.33524693722900684,2.4757194768854007,-1.0066491582744979,0.48417667268715464,-1.7851173914869816,-2.8690072614782975,-0.03092398451861657,0.172084868928391,1.0596547662435214,1.3664337751117819,-3.995245193416675,-2.272246450686849,0.5626238253846882,-0.06317495495383177,-2.317943727802112,-1.3785948369749232,-1.9848947352389843,1.8785584274141893,-0.91410289280963,0.12056997153052071,0.29483501094688325,-0.5867857517399819,-1.0829804696119971
sample_557,-0.6009776864371871,0.37914660057559463,1.7314726132483542,-0.15811300020017105,0.4413329812049548,-0.784982649281062,-1.0767146659580058,0.888289587224216,-1.0252255662947607,-0.8289763892623292,-0.4960860919121287,0.9341483310832762,-0.9131437080905547,0.3967497760261762,2.3047433896471943,2.3244300726860123,0.9877955997197231,-0.5250057057789119,0.417348836248937,-1.0427044592542736,0.4212488137206846,-1.770400608857586,-0.436042634565672,0.15292036937703737,0.7981749123026028,0.3658594314214329,1.2815158406152256,1.9701423086180272,-1.171516254066296,0.704491991184497,-1.0851342043980476,-0.7342465228049802,1.7921853761719038,-1.2745008261333193,0.11821728008616972,-0.5477616360361119,0.23467540624806127,-1.1512277960951025,-1.0885665819291237,-0.8171642255486893,-0.24710609585313534,1.6898406584048107,-1.283504185989922,1.5439260817049247,0.2709784728672428,0.44950703346473875,1.6447362304005106,-0.7894917619916922,1.146369342974968,0.39621433796913835
sample_558,-1.0297619572622259,0.49393418266876027,1.0693575175834702,-0.003093963361719179,-0.12294435580394401,0.1891537829148232,-1.099425760772583,-1.2267086077686866,-0.7671848991065369,0.005391195197431935,-2.094808602574966,1.3011686638800362,-0.3444261556641501,-2.5993363191587515,-2.7171128370279343,-0.03279037404341457,1.487798098414424,-0.15102274717029912,0.22693810713522322,0.8358364725864793,-1.7622759451009666,-1.302774631981358,-0.35488454045401463,-0.6567962415558367,-0.5070172102257583,2.2656477966022446,-0.18135590631207693,-0.18645517051586838,-0.8420341769303231,-0.20781346335375195,0.7867479307792721,2.0016998715259535,0.8141444290489542,0.804667822684587,-0.45684932106912784,-1.6996868052148906,0.21776217612322796,-0.4316598392497849,-1.494256652743172,1.7273072906531584,-1.8498047897669398,0.6103004475187918,-1.8571133687009707,1.9048764702593652,-1.8586537603273712,-1.4248108201473697,-0.4013648625656216,-0.19869231101767382,1.4222037716587845,-0.900855214873839
sample_559,0.11811028966727363,2.192705778371495,1.2098007265581894,2.1277075717251464,0.935732779254942,-0.5556906285834792,0.12395139717170563,0.8881958493476511,-1.606677390796644,1.6937834774549327,-1.8379696500744411,0.33684924126470445,2.2632801259380524,1.641235915400112,0.5468497809467386,-1.41845629200356,-0.04301398180919927,0.6889352014453917,1.5676400472703496,0.45902336362149737,-0.515256132570995,-0.09054130092963415,-0.18623344817264512,0.12633252850579252,0.3592577376005152,-0.5467697732221604,0.7676401991510368,1.9429226229674998,-1.2114067788807625,-1.599364355594535,0.4057122146946052,-0.35251454697829565,-0.6819716487187478,-0.7659603593642907,-0.7928359980447512,0.0647241148322725,1.1935647837547687,1.0906309675010877,-0.5688667992049249,0.8959281235950242,0.7803238319388001,-1.9721291001528,0.717337235663,1.052947437274988,1.0781446778775665,0.003813523181115546,1.7388638252458526,-0.6602437341847569,0.6941743661088419,-0.4024170308814084
sample_560,-2.013636438193094,-0.017159292723756738,-0.24803284505590825,0.8544551266821336,-2.2465868399247775,2.4335107877468247,0.8860528725037661,-0.2861093657544906,-1.4322061582285528,-0.8586591091648503,1.9259805140441624,0.9338946176153795,0.11979252256131113,1.8565555133807112,0.16344057248761598,1.3770704614878158,0.06052553954653508,0.6599486896913555,0.2678012761635756,1.445153936852076,-0.16999330236387192,0.48239341048631346,0.626627623641985,0.013010919572777231,-1.303202678895161,-1.5377389495137896,-0.09860999224216899,-0.4405362291936915,-0.6665271619690409,1.0244109812893034,-1.2105659528128154,-1.4245113898586492,-0.3228372862883788,0.22483320393527806,1.045277108890165,-0.6768427476186826,0.44676347726221993,-0.16432841112161992,-0.952759720448119,1.526619094878836,-2.6210449305808634,-0.4291076411203489,0.40553995046586716,-0.390828145393682,0.6502908637945024,-0.03542603083066845,0.7494953858275888,-1.1641276108087197,-0.9441357049022998,-1.2301497256989145
sample_561,0.3951319401349522,0.4731743304634686,0.16285164702633648,0.4249325255367115,-0.03282882750171232,-1.0383172712325566,-0.21503788981404073,0.2147384228974398,1.4067730804418963,-0.03769825491694181,0.24223377680692468,1.1283213913096997,0.9016077308528669,-0.3765926139432651,0.3915605866447318,0.35546954557976146,-0.46978472610888106,-0.4196483600377658,-1.19102279995756,-0.8933892305125137,0.3964331323144377,1.1171988220940114,0.37997676207663106,1.1805172187950694,-0.419407130062904,-0.366812815651068,-0.4112709621993468,0.43572130411920074,-1.2724246061981241,1.071236614386686,-0.8599487458424364,-0.2981316707376,0.3387801476769418,0.2160124979534867,-0.6673229670911146,-0.32461833029086046,0.7969677897241993,0.026461313372854626,-0.6825606048452191,-0.0734280409760626,2.5911577234915315,-0.5506181670932369,0.39266446731430926,0.643510033133408,-1.493554714407462,0.0035771230277721697,-0.5404720792681839,2.7743197523484264,1.365324520103073,-0.41451974791620355
sample_562,-0.25659932850883316,-0.21782434158744646,-0.8405194005078654,-0.6418866381621069,1.524212581117482,1.1988979349122881,-0.24954434667955253,-1.8322978587270085,1.7200448749304522,2.003976280658691,-2.4122945915016305,1.0632359030638192,-1.1242861676918912,0.5669121633544957,-0.5817075416825203,-0.09785232594735636,-0.9197509749779402,1.3802982927013603,0.4078444461538126,-0.3016574284851476,-1.2674067114462542,-0.6031963884831812,-0.7395484131106813,0.9548941358509234,-0.3469898785811784,-0.16080264373522585,1.077751246206208,0.2351186188313248,0.8701594226135428,-2.9242675749626863,-1.8466088292523357,0.6754283973324614,-1.08588335135404,-0.329684162780495,0.44194402956997547,0.7773418901763174,1.076396451991169,-1.2112456932356952,-0.00013748269738618441,1.380712674773259,0.4951154429524914,1.135103157263966,0.603422555839999,-0.03961167229024116,-0.7295964348198616,0.6992078551099816,-0.14569235494722876,-0.47313211906329783,-0.13999016413829612,-0.2883646864795676
sample_563,-0.45073881484243955,-0.27605015829538393,0.21231435277752045,1.5362834118431041,-0.025063619287452956,-0.5671156426620576,1.1582549568645888,-0.9570105423482834,0.3768914447905816,-0.12992058610081827,0.9321406498465924,-0.8501245902475066,1.5017860662183853,-2.7399818284518234,0.28203528409451484,0.25619572918910366,0.6077089953630631,0.4215582845969365,0.10066662058621541,1.2547912094095683,0.12714948238992121,1.159971421820237,1.068188138803327,1.3157066808582096,-0.23672608173240478,0.7980207343726046,-0.5397957101938973,-0.0653996910373357,-0.48948128405980884,-3.35544493114319,-1.3076381269419108,-0.3996479255024846,-1.2235499659632219,1.3264097776128934,0.7393477991421349,-0.15881876795825056,0.6909402590780956,-0.651139151240826,-1.4443255242669932,-0.24457382155704244,-0.5762754953946438,0.5773526835500306,-0.5946131878347822,1.2803628620996277,0.18231600824894054,-0.46853749831454994,-0.7697453060205262,0.8512860584424649,-0.016996543348648814,-0.33355429677870385
sample_564,0.44471388354109687,-0.15287900188069567,-1.5294765191468027,0.026776791539608238,0.6273587499721426,1.0350925374385602,-0.8098105605342587,-0.9705731382350299,0.7268280846790531,1.0850115591185556,0.09165836804408656,-1.2477482040337238,0.5431431725496234,0.9158855641628705,-1.251717884123956,-0.7787654906883846,-1.1612002703137334,0.09587396373595324,0.1916754475971625,0.38447057771143495,1.55841786817607,0.5489200300364905,0.46000368732901276,-0.5894174891006404,-0.8939018730731758,0.19701352851919907,-0.32000076395535354,0.4477774407501607,0.04828774658222343,-0.32361378449402817,0.13503218262646702,-0.4775450606175605,0.01920918020301808,-0.8060948924962159,0.27342307584565967,-0.438111322829471,-0.5464132153899727,0.8167535082498418,-0.3687386326385231,0.8218654408605424,2.378570085277708,-2.379381902978519,0.8722891700495501,-0.7303936779711789,1.9527890317271857,-0.5218549692946246,0.2989959793866047,1.6680007224383733,0.19245582646588907,0.5615279727518815
sample_565,-0.4819996142435454,0.4006346644383764,0.019938063806434772,1.136797144128358,-0.18376279140560595,-1.0657366140154705,-0.2868695823342187,1.044977285579033,-2.311009445761463,1.103550814625162,0.16368381778593666,0.148398961585316,-0.4520135387279836,-1.659051178333049,-1.679028111642833,1.5496710063526682,0.8020529019245213,0.24121288412177497,-0.31821309297733097,0.16787188048416865,-1.4469605911026324,0.7183685246100012,-0.31164552348016467,0.4373054339961006,-0.4896024844578377,-0.6385778141709515,1.111577204362153,0.9963564706956228,-1.69780238535506,-0.3953370409413801,0.2908410398701866,0.4884051468359791,0.9244616585957703,2.5236917912617516,-0.27920865361924957,-0.3496069553536398,-1.4261859072440353,-0.5554562589292195,0.9998321135092927,0.9673329383431891,1.0243947037412546,0.1808534088825934,-0.6671777746253714,1.1908490027218361,-0.9812824405534035,-0.13893627865582192,-0.31817268024555995,1.7614047294279178,-0.94073932874947,-0.9819433379278448
sample_566,0.11034494402860912,2.170525179962279,0.5335199548710569,1.784105757614989,-1.1913390794969376,-0.4767339609039995,-2.2772426025803254,-0.4900226950039662,-1.8366742169421357,-0.6697846965137154,-0.5712610717408438,-1.937052160729401,-1.5938956991470257,-0.004470203917217175,-0.3262337517884079,0.6694768527252792,-0.21861603106251973,0.9606055007785933,-1.1399315751127763,-0.8331669983784032,-0.9275004440331878,-0.09699528719870772,0.0987226353374467,-1.4174304064300443,1.4886259129374577,-0.6656953279701865,-0.8208081946434652,2.207176576270223,0.10239627992266034,0.6581519341005456,0.9638625197322391,-1.3293127722773115,0.6590209254393496,0.7149221174051263,1.4403464591359256,-0.271818509539284,0.020944447546139028,-0.27705853909377226,-1.7259320078285367,0.09899806938046585,-1.1868685956151876,-1.6002157661287884,1.456405921855071,-0.2167790707795926,1.317316502044486,0.6411754655228017,-0.8624616012932791,-1.1015822504729444,0.21829020505081823,1.3158652775078612
sample_567,1.0598757453386256,0.9012227683824999,-1.7404365062002856,0.0008473603330585845,-1.592316750605718,3.010721857672614,-0.8086921150001735,1.82508311465594,-1.3027467998475317,2.0970949576128137,-0.08972256708884147,0.03418564999620508,-0.33131219735785467,0.26301189852760243,0.020105522991314184,0.9169057500652834,-0.0691404489759408,0.6873885196534195,-1.8989855742927633,0.05845516180796716,-0.44610525053579164,0.005916250225837139,0.19633524177550718,-0.49325710959154545,0.1202683949758523,-0.9358474039064346,0.4795366988976625,0.8225728772394392,0.17910330959222015,-0.8990854403457097,0.8152453984064566,-0.33159129079689076,0.1966708090618297,-0.4214661311993632,0.6955145587478759,0.7352438654399663,0.0654492059159522,-0.6574858601089061,-0.7866499787834781,-1.7388962545584743,1.6636268466263178,-0.10217977938543668,0.6223929565251575,1.5630204200649815,-1.024790796476819,-0.47338781801044466,1.2424286862867528,0.4442791772765398,-0.1917659837092758,-0.0010758381863896712
sample_568,-0.7901385583250435,0.5006987876121071,-0.07502470398109075,-0.2233905760551474,0.7374273676760774,0.23321075116255457,3.250093935509271,1.2806400685243517,-0.8044689478021442,1.8934056656201839,-0.08580208262669756,-0.8826936578901889,-1.2057478850516725,0.6566404668122032,0.33409589638537396,1.9522881908590546,-0.570515001763345,0.20128786585829123,-0.8213521702750949,0.28067360602449826,-1.669495936182037,0.09271550664326621,0.6701926455144286,0.21887851536297676,0.45895411015372256,0.24835759662872983,-0.7644137281303952,-1.3938657946098,0.7209345405845983,0.7962002160419105,0.6099265709863834,0.020489630328525618,-0.40761130303027027,-0.5129409708560851,0.6445810943889052,-0.4744081361397127,-0.0628585569899467,-0.17676177300030557,-0.7265521370599456,-0.795203483906128,1.2219877651070072,0.6618083744407569,0.023710163237316534,0.7435711755863129,0.1203840312006676,-1.322768167126349,1.0862841382607213,0.7232840365562242,0.9055193000541546,1.263978025250782
sample_569,1.4956073024459327,1.210021077616974,1.1773541204557316,-0.609253230776951,-0.0439734096871632,-1.2584245137362842,-0.5468429038315437,-1.9581397521571515,0.3211314640267624,-0.678272028484926,1.4297971764627115,0.043490861551459016,-0.5797930514650445,0.6948639936196553,1.0194886418376332,-0.7475697975265313,0.9044428139799793,0.22774826641897808,-1.2294679638200061,1.158013133785307,0.25681597267624745,1.432281427071185,0.8294027762686031,-1.3533734909972368,1.161489816657269,1.8594598490401355,-0.15099045625831942,-0.2096787645324163,-1.2856828371450923,0.8636020038147109,-1.4054175910997402,1.8577143196440598,0.1771450360627269,-1.2318418440083438,0.7822386170860266,-0.3945367062116456,-0.6446780979361263,0.42736391733324725,1.9442511562969789,0.13571776035889574,0.4036637202402628,0.833787903520959,0.5053334294498641,0.323918772511112,0.16311600192495357,-1.05760197764378,0.6146506269127837,-0.6997110417069721,-0.40409025487948486,0.6071693609245702
sample_570,0.15376708212019902,0.5864693069169915,0.7336954792261565,-0.7041836633790366,0.15352862117758642,0.47098189530892515,-0.0814280087872469,1.2044486482372971,0.5103556506419045,2.656834733093206,-0.48870008172222845,1.310918641537351,-0.2787560118461673,0.711074109184802,0.6054089820437873,1.2078852175961132,0.8507610358803146,-1.6578580028896712,-0.5097786891565919,-1.06524287270441,-2.444201179391656,-0.6376988344643355,-0.3351544915923989,0.16512861941463183,1.4019462508502696,-0.4685952681169449,-0.6531712824834547,0.486982471110722,-0.6596444097621982,0.7224996887674154,0.8854173812826375,-1.6785024171444254,1.633999029409249,0.8192022590512849,-0.22371329541327467,0.43970641048134507,1.7784988184983521,0.9084360225735736,0.5027616368582641,-0.2878157055668692,-0.5071485468447126,-0.04923588644317252,0.8024173993949283,-0.31620892954339785,-0.14877732107812533,1.42448140875875,1.03225245085725,1.0262318613586054,0.1888484826982136,2.4607630476406785
sample_571,-0.5137095922215,-1.4881961279473612,0.9942397616177979,1.4752342374367393,0.08330396220629749,1.6682003416189122,0.3811340725548422,0.20046638534080463,0.16993198090745948,-0.5628439018856473,0.9948931133928112,1.065863736310044,0.7939642278756888,-0.7801279295355954,0.00694237951710899,-1.0555171588475916,-1.5078272032298343,0.5328632563116504,-1.0112820780614142,0.46520436797937564,0.5667148473882127,1.826850327519157,0.33141689037101696,-1.2029323241556842,0.4633507942892361,0.655372171865471,0.993288890543992,1.8939925280006857,-2.20545384646318,1.4375208607177188,-0.33305867663951516,-1.2635621328747657,-0.856478399435342,-0.858531425313163,-0.5188027224737954,-0.9719474456613306,1.0787684009085696,-0.7097879174130218,-0.8056909362715182,0.4362988651691776,1.9339520135338983,-0.04488296883806942,0.2466703440270817,-2.064226956858146,1.418384906347065,0.130510863793829,0.48049945867177046,0.30453244261531043,1.698062571142112,1.4857768281907373
sample_572,0.1907552271525272,0.7765997364157722,-3.1859008897223826,-0.19077314904672815,0.037105970824414795,0.5153068151246618,-0.028452991973374264,-0.47152725889930824,-0.684111886253538,0.23515862511952407,0.4405212580600043,0.4702441302861335,0.2627770051669423,0.04709357310143593,0.5477100340788227,-0.7924034145444077,-0.2998048865641553,0.937213963077887,1.0051363288106074,0.0039978392897808655,-0.7043273543766958,0.26677848165650137,0.6041302475143419,-1.3195853920085576,1.1087175109461076,-0.6612491884721792,0.5168719534776121,0.7376597486990296,-0.002176343174175395,-0.7713155207028921,0.4823765666385467,-0.33554005103731827,1.5558144934629565,-1.5006992485358375,0.9300223393571614,0.6984718246287718,0.07229735559876176,1.325758979880004,-0.7370885749062944,-0.1635378733980624,-0.9784050663541151,-0.00790460194727826,0.13680299740285473,-0.5369824315861863,0.3325602301440677,0.8379180131677664,1.4733798847575703,-0.4870089439418094,0.49347601151861636,0.351107723852415
sample_573,0.9131886449952927,1.6955755684646459,-1.5042725206042555,-0.6809897087117098,-0.7527619040666915,0.030802761174989934,-0.8135617095061319,-1.3599258042742433,-0.34094333303066016,0.20495031802741284,0.7823274948795302,-0.7161327597261906,0.1354620035189513,0.44226937440251896,-1.6426170033227065,0.6355384825785307,-0.21445283713244237,0.5974343844360279,-0.43610013325457725,-0.27759296487253177,0.8126497228086936,0.3365483608244314,-0.10488685017889413,-0.10402305687574047,0.21852830359992023,0.03489329506736226,-0.5631083088186648,0.33147571013922217,-0.9006841207590573,-1.1230618898764606,-0.9098095679812495,-1.0477942531353748,0.15189385041378642,-0.9459863437266764,0.33685329749701726,1.0027803463808123,-0.34903708848359777,-0.5428904976357026,-1.1935508687837924,-0.06889521102863405,0.27710316666970697,-0.47988663521762714,-1.0282093640434244,0.9568605324154285,1.3384705687911875,0.14710936789930376,-0.7234518438083343,-1.4231117018673058,-0.9957339826006997,0.5577619054579055
sample_574,-1.310414764192292,0.3132859650256686,-0.2245235050665631,-0.8128431781374956,-1.8258610487754727,-0.1522912143551027,0.5443447540800919,-0.30974940426280667,-0.5542015067123255,-0.47138138636982424,-1.4171569660265928,0.5736523850291954,1.4518219870481435,-0.7973588208805615,-0.7191481621236923,0.48169825967891555,-0.2629380445922109,-1.2641646254965215,-2.6337172884082642,0.44674290320342336,-0.4578389009561198,0.28069789500133946,-0.7224239637741191,0.006297364871001451,0.7600194722807742,-0.7993116682909504,0.15893244869055123,-3.0026589192463047,-0.5344706805662952,-0.0029575639383732652,-0.3921416942800537,1.5597405863120737,-0.0677013366571427,1.406704029293842,0.17264393765911926,0.8554662675694383,-0.31568572777011206,-1.6149259207117923,-1.2568151507568515,0.29122083541857424,-1.097119508431285,-2.321229387692235,-0.3241151620528714,0.17696377549167144,0.1401162982547834,-1.7935409402361044,0.9164348884491126,-0.3246122180594412,-0.282794146977491,2.2508241288322566
sample_575,-0.7090062180465069,-0.32532734030005067,-0.7235163403433297,-1.0522153835749455,-0.5728495648974085,0.14793108741318045,0.15467990510483634,0.7240819636401714,0.17152725654994602,0.2395088241863937,-0.6268698780824826,-1.8120276080870168,-0.8180700989777085,-0.9531706401785728,0.46543840184673774,0.3208003762729325,-0.6178312385495853,1.11424904095562,1.475678623495102,-1.3540477660679118,-0.5188209474206202,-0.9573385939883845,-1.4510690832215074,0.3260978405545286,1.2734153846445273,1.7683078994799175,-1.2478833192828547,2.189899340761216,-0.04564329976759251,0.6795753698161411,1.0137072543761083,0.8412102759269661,0.006950107124293897,0.034781053257325355,0.2626452358246965,-0.6868795928648244,0.31740546906948697,0.13886425385251,1.6396179523467274,-0.4206349080628615,1.6013102990113768,-0.10533694970798199,-1.5445463314044412,0.8179312285375288,-2.810973965234447,0.10599708611087355,0.8086870734300668,0.021764509615285747,1.198430527939557,-0.21760008234335662
sample_576,0.5577081932531661,0.2988882689741428,-0.18533844495894702,0.9041917053881191,2.3588620479151627,-0.554509664298579,1.6915399807040201,-0.15450153627968166,-0.6942367532986152,-0.7656333093099966,-0.2590443627860766,0.18251222049408974,-0.05171454346160555,-0.0024091715645663874,1.031235618531893,0.36739923606182256,0.005290921132521185,-1.074472297301573,1.1607366462871849,-1.7573246243870606,-0.4951006547108107,0.9572043153717213,-0.5741261330164478,0.767486383575252,1.7767304499432268,-0.8762943178761569,2.419068631674285,1.4604762008177006,-0.4927864577989979,-0.025395246686995394,0.311050161339774,1.1904410367994671,0.6695613398745534,-0.24092741579384774,1.6081878938674297,0.6581062661085866,1.0569545159033538,0.8215800706496343,1.189335576345286,-0.4507847198664146,0.6068399314272577,0.7188738399274945,0.6109247325384971,0.054275957300432,-1.0867222557379788,-0.5027664666627729,0.3569276309278473,-0.01789467231387098,0.6667552726283783,0.39717767859895337
sample_577,-0.25971953247138385,0.8237549844252744,0.10862446658095402,-0.43640122587867264,0.3867002926927957,-0.15362977997335545,0.7736899172910794,-0.3720909929431102,-0.3600645417171718,1.327737435916442,0.6961153176498336,0.5019632043719481,0.15203971159082463,0.38010823681807054,-0.6536592394975099,-0.05491274089193457,-0.1787015856522056,0.6459178489165932,1.5135159341347646,-1.0842966601746173,1.3182121896489338,0.8951180175314588,0.6093182346336988,1.817982592206822,-0.0475912564542993,0.08587716781357194,-1.0721031337899363,0.807958983901036,0.5818259708537961,-1.1332932568593381,-0.37678010504243453,0.479509243694823,0.15349499074647074,-0.24170726245846857,-0.15790304894785342,-1.6736412959097586,-0.38522898029713937,0.09890179060880848,0.74121532019542,-1.4657793129794652,-1.222902613915543,0.3463082719249341,-0.7498060279745296,-0.10966225499496483,1.162548805107292,-0.5123203690824788,-0.5865433586304435,0.04781964136592814,0.8786581779157898,0.9919899130745966
sample_578,-0.5627474719485404,0.0638471309532978,-0.35172299459065853,0.33439608592834,-0.35506696756553197,-1.0008448472505678,-0.11387129407665211,-0.10904497717571077,2.0596750095688483,-2.1963549012564285,-0.7579557152288278,0.24123804126090356,-1.1374658331586929,0.5445241334737214,0.24722514631042514,-0.31429289062714044,-0.8730910284119727,0.5874388585492389,0.14511966408701266,0.9208252953304952,-0.3653277800810196,-2.2378799118037747,-0.7505363645583403,-0.8711281696550317,1.4631922799919121,1.6327568386425373,0.22891601049547386,-0.14277656964050858,-0.5502467679114239,1.3437079167985422,-0.1166573454878882,-0.008404245114619922,0.7513650154272953,-1.116708636421648,0.5784699918328998,-1.495165501872003,-0.8315039888326275,0.7802055005866401,0.9311674931657031,1.0279956605705824,1.138939294733408,1.2468209779025539,-0.35662087282223226,-0.47583699086110104,-0.7565482423308203,0.9450546803907731,-1.6297374028400573,-1.9576371675627338,1.302095943266795,-0.7972759773793122
sample_579,-0.16974146868480275,0.3682835848018498,-1.0145330584050367,-0.09418071523460504,-1.4601683518723665,-0.5025646681161501,-0.5734648491183365,-1.6114656102913303,-0.850585679402111,-2.7475122266371987,1.2367241986008959,0.6054598789641321,1.789255711545885,-1.5500655217640402,-1.4886060256851756,0.7676518646918484,0.9998842992773698,-0.4916983109303031,1.1736785477695753,-0.04762819064853985,-0.810809773672393,0.69977217604205,-1.0133872215889874,-1.9428183496984581,-0.4578392717731452,1.0304042953830868,-1.1927644529607406,0.8617725212289346,-0.5058815933918285,-0.8991102375552296,1.642833042775523,-0.3052873339727915,-1.115959680520398,-0.7880779029298535,1.3814314807964874,-1.9981734690207027,-0.008559823919157399,1.3258365505540575,0.173592266616219,0.4203316799962298,-1.6581575555028403,0.331344627416361,1.7776586885155612,-1.020385955424625,1.1648654116547368,0.8185213902174768,0.00329285036577577,-0.8420710182848895,0.17142341389560614,-0.11746851986568418
sample_580,1.182937929224377,-1.0913234228262874,0.4994791692662338,0.15742569869335096,-0.2612182625226219,0.2836642198111954,1.0761163796095656,-0.9579427673415213,-0.6149782843547026,0.050359374787300015,-1.2728366138848475,-0.33687028986548045,-0.11785466060614024,-2.1809480936281354,-1.5208696491489935,-0.09877845869313447,0.4632017281087463,2.2169786845082085,0.9148682288826765,0.4232900801696535,0.6729162526953911,0.3957888496319662,-0.6074282765157085,1.380338944303531,0.006240893650586957,1.1596849525264263,-1.3540506337719735,0.05003361582583256,-0.38959892459758394,-0.5338203238286405,0.756635515761766,0.19927292200149854,1.072057182859884,-1.611727150257594,2.138420926872944,1.666191574995202,0.2933745054555539,1.6856520028970003,1.2331057896625157,1.5339226682618468,-0.789005154370066,2.9379903877300086,0.015081752627918792,-2.5148424401014964,1.1195761441294438,-0.18742516844562704,1.2144275402485643,-1.5198836669980116,-0.5254795894887444,0.7021018084434896
sample_581,-0.7404360554665772,-0.3225510728286255,1.4183722192257326,0.6583121546468357,-0.3403669765920112,0.694864909613856,0.692067156246538,-0.09078896259372739,-0.7787851369257781,0.0007290466414433842,-1.4793614862211786,-0.7288883280674168,-0.009268295159371385,1.7970092057529616,-1.9043480948022178,0.6875310484091891,1.9753479532716633,0.7851725545435303,1.8664488503979833,0.9609373441558107,-1.0207632825185986,1.5517969544864005,-2.400461233526581,0.19905570069827563,-0.5181555846604524,-0.12054785713022034,0.6788059119635321,-0.2709600854650576,0.7482824233016492,1.3237925255106502,-0.5188133820471468,-1.6278513739939828,0.14994486160539824,-0.21254374434721232,0.2637114782703903,-2.0018536821913737,1.0143250294381148,0.19370105714027905,0.10547045780500956,-0.6898452090962786,-1.186564768977056,0.5518290144217272,0.9461654607200818,0.24919734135218463,-0.9671179197342498,1.116864944302651,-0.48417374699962823,-0.5657774913474992,0.17836406666161542,-1.1708910187780295
sample_582,0.20817999694491146,-0.2762825927843295,-0.7353423007504312,1.1007762794093359,-2.4748199817686936,0.7473856069619687,-0.1750745849781812,-1.4076981724604574,0.24228742827273908,1.5753422262993757,-0.1739334734591226,-0.37979427489457596,-0.16445923934248277,0.4837581893988078,1.2967839513642536,-0.14871245922001652,-1.0731641110391097,2.8595858206128075,0.05969353032660957,1.3095979678878251,-1.7052567335118551,2.1783839661948567,0.47964556035825806,0.6950407126632674,0.08189383880090917,0.4085952359913795,0.0469388068774023,-0.23634738564703175,-0.7012030186629641,-1.7202934252099613,-0.34837552006777217,-1.280934888872829,0.23474924864364627,1.0689992918526177,-0.7893552910119278,0.1164443642273878,0.6173583740993107,0.11299716481670469,1.187800373536893,-0.18389615441009444,0.09293527787962477,1.745378415882405,0.9362109813400697,-0.9216784525995271,-0.09101806004154862,-1.079717953130376,-0.9754404405281758,-0.5441716362026269,-0.6661461688403363,-0.8178511918929418
sample_583,0.9606136891557513,-0.4014901374813652,-0.786724271733499,-0.7703882923713036,0.6944503514387198,1.0467376870131562,0.31663349754788905,0.4598389186998181,0.03255721661494016,-2.0894438013167873,0.507146363565706,-0.0421416699721491,0.39571624474488487,0.41705233242639017,-0.9830039988575522,1.0157999548840213,-1.7024964984748419,-0.0705102336825753,-1.422792909570266,-0.6104029007326982,1.4337452466132392,-2.1062078490449956,0.783656117144143,0.061086513289836365,-0.43430192973593335,0.07546838808207955,0.1995637152631988,-1.522051760100858,-1.2457858199134626,0.09312591696221742,1.2814350540456978,1.9557046866496588,0.9566699517049436,-1.1263016207369736,-0.01745469433962854,0.7852414005233346,-0.8142700448718351,1.0556186677095645,-0.07259945979963102,0.14047842171847766,-0.18580227138295105,-0.42937186217046985,0.1560456057090794,-0.8620268760881507,0.4830484846606058,-0.22417019512881176,1.7008078457490083,0.014358496612944627,-0.2247306486054648,0.4248130148751561
sample_584,0.14941432711439734,-0.7871180789214005,0.7774129952617493,-0.8529536029491153,1.6998196034556652,-1.4451973277387378,-0.8099390245255182,1.9037954767715242,-0.9521319533363533,-0.9372894939579871,-0.39888522605394877,0.4907938558910638,-0.13035831538643777,0.19661911263283138,0.5174594365713404,-0.36373122048450796,-0.09287020907016384,1.7079022542447417,-0.34530436976362505,0.410647198766968,-0.5063580925358575,1.110459082292014,-1.2178762781098669,1.276007288529656,0.5749885518547818,-0.3359642958098392,1.5491739532189726,0.8142694049935305,0.10602942659284252,0.02641797257022066,-0.37933784196894804,1.3502250467288774,-0.45796170809674885,0.795752786824088,1.8283799218410621,3.023886679864542,0.4822871106134515,-1.157507704461487,0.314074201296551,1.6037516602903414,-0.8782458255192566,0.8821998309723024,-0.38447195266586387,0.1974775779725423,-0.4771533585411703,0.04034855482896525,-0.046842193114093544,0.41925990385150186,-0.3814032846951487,-0.24214733840906752
sample_585,-1.4447889309516557,-1.5887675502492702,-0.31195785618569816,1.1975064934828443,1.0560859445215292,-0.7182146536789451,-0.9871309504878585,0.46317786167960234,-0.7649810996325039,0.8761887717478344,-2.4386741547562663,1.4132144242343554,-0.7309610661056619,-0.03805280635537857,0.5899634123960836,-1.116926883500738,-1.118828167631031,0.5719665705910583,0.5163279903026157,-0.4989336000408101,-1.1630864508426335,-0.2595362115340484,0.2345845981573337,-0.33512449160559354,1.220509644900361,-0.07890842218456325,-0.091075139714896,-0.038479531599307996,-0.033215310946292535,-0.270120588380134,0.7540800319647274,0.6732447934661905,-0.6110078969904726,0.03541227536468451,1.538778979051844,0.10722241220176645,-0.2069572951730551,-0.3608490721400511,-1.2940854290008983,0.338723621548096,0.3829448053798058,-0.3134346462248251,0.408096742943671,-0.13105977486007497,-0.9163683282428667,-0.39206130842901554,-1.8969984810450629,-1.488543011494379,0.17384579671727102,-1.0698042466355755
sample_586,-0.5326452726177109,0.6384185194193149,0.335669204218049,-1.2112002888115765,0.8138856127647139,-0.8097913710956046,-1.643792976826398,-0.11451979637285957,-1.198945961740841,0.3115403848932977,0.27930963393945946,-0.3353685981754958,-0.2758562408562641,-0.009821120115768564,-0.6562771227379868,-1.1548311557557183,-2.1404859138738033,-0.3577580184222379,1.6051877125013763,-0.7238827588195293,0.427466661539587,0.13761315481847425,1.085202067262792,0.8767341942479204,-0.4924220148313295,-0.5145722477130649,0.6063386877738673,1.689013039706758,0.6991856686119322,2.0417930896932117,0.4609674858186417,-0.4762825738758466,0.745665644520555,0.4166832745295914,1.3983572037614993,0.6741956446380081,-0.015542312906041805,1.5732515781921381,1.0463124470128151,0.8899943527382144,0.03686546012227379,1.9178605393876869,-0.005710237977775865,-1.1605328720162815,2.4633860763977893,-0.3336489931132322,-0.45720936118163613,1.9726212445938338,-0.9794644408935186,0.9149280187847717
sample_587,-0.2180172420655315,0.25217608619999315,1.0515673580870903,-0.3314854127567187,0.2163215504688546,-0.31939411254555944,-0.4867581809978862,1.2356477254961995,-0.20759094179800053,-1.3541873132850646,-0.7154474901633575,-0.8841884656270198,1.414397350378135,1.3697805504535565,-0.896658619598783,1.241262437969839,0.8650154132100554,1.9907402696037702,-0.13527552066186996,-0.8864163656555263,-0.4761835618966261,0.6190042350836867,-0.14931517323549717,-0.4035490467098143,-1.1314030097981544,-0.7973004344938043,-1.89397082328492,-0.31717551654911513,-0.74372127285111,0.6858570543786038,0.5743331188102382,-0.8137365050098413,0.27019492882325435,0.3743670730796831,-0.3851265948677962,-0.054960550848269264,0.5540985733657452,-1.4349623233602185,-0.04892628259165378,-0.5846074839337679,-1.868792718230044,-0.9155446137728729,0.09055128749645575,0.4707454073973844,0.6126311835214012,0.6394168935900454,0.8693174936092871,-1.1940402408943682,0.14704942035590124,0.8011251666221726
sample_588,0.10423553922889099,0.053087250002514186,0.25587835037070233,0.5412786226874934,1.0278700266748593,-1.9942242335594031,1.759725542496036,0.6090289914698291,-0.1194325124812892,-0.8709569935184999,-0.41626862225481326,-1.105400636852414,1.17409439716729,-1.8569798904149166,0.3134537120752411,0.4302312231707358,-0.20128603970212672,1.4826989724355888,-0.6425719320940696,-0.37038838245159744,-0.8038868088840897,0.9709181903337215,-0.21221761979756193,-1.6630395212728526,-0.8965301822574031,0.8335064965018869,0.6685107997307177,0.34785040798524147,-0.326240936801731,0.79205126606508,1.8619420698675286,-2.0242660595888595,-1.0490459950547721,-1.6673059983476792,0.030135065957599697,1.2516658272440897,-1.5526780316109385,-1.2568980750057444,0.9168134365572171,-2.222652130293662,-0.6245059118560422,-1.4812575513888298,-0.7574351142798899,-0.12390021386597166,-0.03698324654337769,-0.4870310430380611,-1.196681839829495,-0.556179987125772,0.44036851417111916,1.430692049934049
sample_589,0.11583719402794797,0.19104105190240475,0.18762282556733204,1.0754790177455364,0.16539492558324181,1.653975022587271,-0.1350177737690403,1.1403629071581272,-0.3007980242097063,-0.7097480728993637,1.2943265661328327,-0.9089349762396127,0.8150517515312353,0.7719809524714298,-1.9608219548758399,-0.3526601461299282,0.5382067676072431,-0.5981490238207431,0.8061233054305239,-0.7039298953544407,-0.014688512230964934,-1.1810339754531778,0.5408049945805395,0.45953170000619914,0.44152289904593156,-1.1557058684754296,-0.09046745529710208,0.3031926049937126,1.6806480704502915,0.45897091474763985,1.976334851039855,-2.086212717757206,1.3375959789940477,0.882670252991218,0.042968209057771795,0.8972206205262687,-1.1324149177005138,-0.28640893910903814,-2.2955471093871322,1.4216166598700515,0.5332910427541391,0.28236320680840665,0.4610935967820515,0.6647274939439303,-0.25553840605403677,-0.8111487658392447,1.227444935152588,0.6421338244515546,-1.673524077206572,0.5558566503460256
sample_590,0.5413031926930927,-0.27959139201092537,-0.43292936666313225,-1.5486649675266244,-1.099749639751716,0.1884653054878845,-1.8615889797977576,-0.37375349770828986,-0.6212137187036106,0.8554862899434945,-0.602356704046662,0.2610302980984342,-1.3530701391195596,0.8204166960545402,-0.4699458499573147,-0.08874227151537034,0.7468221206204446,1.1548165265440506,2.090096640444773,1.210635195027545,0.1637975221819917,0.651709286031637,-0.17422289922287398,0.7848349953701241,-1.2480063930951626,0.6072637963492498,0.03676774689893893,0.8069884898679106,0.011946320245317239,0.7574504453076142,-0.9389521799338405,-0.24840267251137346,-0.9131750984401221,1.0356209009539303,1.3491485354650548,0.6144638623969845,-0.9663227557108056,0.5310160070080712,1.7541505556504418,0.7012708928322442,-0.5813818476832787,-0.7418776953601819,-1.0288322733345558,-1.4024875341612952,-0.37031139838620886,0.21690765773983353,-2.547202819904231,0.5691719559950447,-1.8745199331693843,-0.46485008010554113
sample_591,2.078413446556289,-0.6588664306634496,1.1656038337024919,0.3370239299480753,-1.5319839005671645,0.4073282049035496,2.40437207291605,-0.08296714719667972,1.3579981773425862,0.13603833739361498,-1.1471591941441106,-0.8225456973824561,-1.3757523318107303,0.0021241071742474273,-0.743975781138422,0.4511013898659525,-0.6451569857040305,-0.5848838241591784,0.61809751171,0.06389488432162317,-0.2556145169364391,0.9761123214207482,0.3124890123023746,0.07798762177216736,-0.5475734835151758,-0.11804855007835607,-0.18759748617936614,0.42072853508482677,1.9625447656839121,-0.24597201228664253,-0.3473504438162484,1.463973645414101,0.17834709905272733,-0.5779999620453663,0.6696978486468911,0.9430709918039568,0.9917805726299742,0.7374346280262487,-0.6772610034449483,-0.7840894743210327,-0.31078699800099,-0.16058812722418533,0.5140002369334444,0.11101720481969776,2.483282664082104,-1.163913030423851,-0.45179699846486443,-1.4151776235526627,-0.8606785187481439,-1.0733282367074577
sample_592,-0.12513890804848787,1.089946563799558,-1.0671866892077821,-0.128800882413605,-0.8694039334667693,0.5377005845237478,1.0180221292236262,-0.3721080370841003,-0.014851470117223873,1.066859562557477,1.17686908204887,-1.3019120052328546,0.858443321070443,0.6931436818995108,1.304197891149556,1.1266421217815998,1.4949601349769601,1.0286752681781879,0.1325127197361949,0.7341562464064126,1.58895462809579,0.35515570796250917,0.06475725684591518,1.3369931154751806,-0.30775545350313965,0.194245561715547,2.3715328265740685,-0.2989441591251379,0.5492875010095305,-0.5044928074249482,0.33161122596741854,-0.8748160621308217,-0.8543688781819967,0.11831836048379397,-0.27052994963091825,0.7489909979654557,-0.0345288453413174,-1.290122135602176,0.11393769744428796,0.996578030717608,-0.864470304049825,0.7673770174960913,-0.7754319548766809,-0.5694103539941275,0.3906741841271396,2.1494267469479222,1.4718769718530111,2.622055990034565,-0.36066233139520465,0.3909597228599701
sample_593,0.28749239935815285,-0.2788452489725464,-1.4826511390716899,-0.5570252708716569,0.0034060420179098526,1.39985807522337,0.7148880344799807,0.3311196454892645,-0.893741125414292,0.16643940384045983,-1.9354090805687045,1.2249481325550047,0.6549801958812843,0.09086817021782725,-0.22597591874040585,1.554687805222962,-0.18191584561035434,0.055693270827718244,-0.12127477513841084,-1.6416577067788924,-1.759369420863228,1.2192708981828972,-1.500472856108298,2.3077634580768094,-0.16896277721436576,0.5915271458859895,0.35739527018138734,-0.451890584227033,-1.3091858874357185,0.4750013029575275,1.3038785147892793,0.5412371168009674,-1.090983322917044,-0.8283567642146545,-1.0105731436369247,0.2478488324404501,0.30394933076624797,-0.7316885157988289,1.0463714662529144,0.16749494880007032,-1.6602506832044122,0.27318972529451,-1.1453833553656292,0.5987028011368839,1.563971295274699,0.30141505007179653,0.13364909659850085,0.49817902201036607,-0.785396498032272,0.7945688561168897
sample_594,0.11369096637642764,-1.1232594212417228,0.8048444395967776,2.1571147078897055,0.7055706442320407,0.04774882155252412,0.42082255728295254,-0.008988429141237866,0.473446872357828,-0.09066999018604781,-0.22470301406300944,0.7794586438460824,-0.8326338275753893,-1.1604912936503506,0.029527798203540217,-1.8771483666439952,-0.4921627757585937,-0.9772307033527106,-0.6077757076840029,-0.3660631144145608,0.7842086693521805,0.23541592669120914,-0.06063731157826269,-0.8644938086259535,-1.018358776145216,-2.421483220711715,0.6454458381393341,-0.1842007526645277,-1.2299631545066265,0.2128229516018135,1.341056278119967,1.6277571524675867,0.4533957649792872,1.1771679493482428,0.026642600033120422,-0.9423395599115334,-1.6447636462412645,1.872956986828457,-0.9373609267163105,1.2372345848643092,2.920450640149574,-0.5645449047684125,-2.514847025914481,-0.24479950171575496,0.0703296918364331,0.044620643662259984,0.433513157290941,1.787510557552622,-2.1993818443295163,0.16159170335610137
sample_595,-0.7112778881047948,0.6506945351530121,1.1025142464655109,-1.7560935688025128,-1.4429211902697912,-0.5589432710835003,0.16687487911117388,-0.3105076365432399,-1.1127741249166931,0.5074558307076185,-1.3272724211191984,-1.1052816611303793,1.2984927410714877,0.9599991936735827,-0.1606252860439867,-0.516205994435806,0.4206004585376565,1.0293162029233647,0.632194287965912,-1.0392546427986982,0.8492226336601539,0.3579404325577498,-0.3051407974780874,-0.8021707203185868,0.39631821379003834,0.8473046934901891,-1.1327779351228828,-0.04831409069208723,-3.27771278844985,0.13784288320998203,-0.881498026283083,0.8551105223908644,0.5079612846100554,1.1261327954548417,1.3472155292686323,-1.240495524940525,1.9948115538282105,0.9122575878974445,1.7246531348540635,-0.41224094423742486,-0.6356922792339399,0.5059404993456709,1.0421481782872812,1.1583934085921248,0.5124041437481276,-0.09592786911083212,1.3620460285895053,-1.3102024280222246,-0.6010716998876271,-0.5027836136100989
sample_596,-0.9493472188649644,-0.012623813087388741,1.3372641838625952,1.6488441666917315,-0.6213428765261779,0.4395965918892789,-1.592891331229908,0.591983508233977,-0.8489585419922933,-1.4816076631296808,-0.7300059843534702,-0.37743348039109753,0.9060675886705052,0.8064995153443669,-0.6519626751403421,-2.477282905420735,-1.0572718400607755,-0.34146482210207413,-0.7257795459737146,0.8956209402802139,-1.8243080674063026,0.012410907990167084,0.3285020392832674,0.9024208253830599,-0.5161423807227982,0.666651546258227,-1.4477579853309068,-0.924126104441332,-1.6078959026271065,1.186071149803954,-0.409847045723019,0.3998490839405404,-1.1065493723315851,1.09655190220542,-0.6507914883638093,0.401798256777064,-0.30049068208098484,0.26713033504359696,0.46053512306234773,-0.8469407065582983,-0.14883383263191266,-1.2421215574289821,0.6000419188897311,-0.41194265590092394,0.8558691063247154,0.8408436901735943,0.2635651587154392,0.960910190860787,0.6579509162529691,-1.618895693642269
sample_597,0.9763746437809855,-0.6174411379169541,-0.6062808363953791,0.6669786619035003,1.4991492565889049,-0.5652645965645824,0.6142163908210646,0.7140802260522243,1.228943195763954,-0.9849647652379248,-0.888159373809204,-1.3631974519445231,0.7444569656737325,0.6494686470145608,-0.686408743376806,1.3721698269372744,0.7304123235285319,-1.432389941250642,0.4150625268127,0.9464691130221916,-1.7195558965915723,-1.7969806471244398,-0.05000958413976336,-0.07037120326171462,1.6159030373165117,2.3318465357603593,0.5949280957131268,0.8806564190263129,2.046644257607132,-0.17319841138088102,0.2861447754653285,-0.9220674788673399,0.6537183222996807,0.9871991217622608,0.34227526280407666,0.3413843174249326,-0.4863178395636155,1.8211075611314682,-0.019741531363745898,-0.1332533353493822,-1.306047578345118,1.6544483626728477,-0.4350347480628168,0.011570413244242902,-0.4282117540904785,0.8722017300674054,1.9770629660818795,-1.0763908795586705,1.1539505762643818,-0.5412903675325679
sample_598,0.5326845256159916,0.3984294130334718,0.8674489318930737,0.5665716166944266,-0.5293258589442784,-1.3544672295664169,-0.47144981956455145,0.8991194101431145,0.2851011808255005,-0.20326797456042953,0.8441363211445101,-0.09009280731722066,-1.7717394343996224,-0.4189287292713275,-0.008526467629062246,-0.45301066681497126,1.2371665907101148,-1.0457994756011753,-0.5948710625965554,-0.09278600270874875,0.05607305843995478,-0.1535515499696383,0.2227702478976076,-0.6823224813132963,0.34642907740747103,0.34695089144904556,-0.4315826455869861,2.050904491621919,1.1642385978295573,-1.6281145658383616,0.716238025959625,2.1537527863993167,-0.5605599120464743,-0.19854030621814658,0.07273344855615724,0.5481371445362985,-0.2772192748391985,0.20240242194870722,-1.0423242710949348,0.666048410258023,0.10635757767349725,0.935772410623734,0.2531897958467813,-0.47849100907166114,0.10433542823116358,1.378728993932373,-0.03897851651130854,-0.4740335332044105,0.5861229184494705,0.3629018864246245
sample_599,-0.06310923596980131,-1.4453180850494274,-0.9421648969061771,0.057439350471137754,-0.8000294691369394,0.4809849140630484,1.81121406894659,-1.5744687528128887,-2.3844389772434016,-0.8644304058461202,-1.0786617145912532,1.5045617080097031,0.33369028604811946,-0.44199044384453895,-1.6715373611052973,-0.7095918813157525,-2.5541464927690822,-0.04479055626178312,-0.9898663448346567,-0.7797386199038817,1.934215494415487,1.0893614086280043,-0.9089423268386713,-0.22375859543161727,-1.5364415864476857,-1.6162344455111826,-1.290817267187361,-0.9501639020480722,-0.2321499537973493,-2.137700239712711,-0.3577434679758696,-0.19893347774785772,0.23123292023813904,-1.4348198720731717,0.3936737519480995,-0.4185280784402125,-0.7644161774356896,-0.5390669774394764,-1.6943734922446196,-0.9692325642129639,-2.6057407493269267,-1.0127394568402754,3.2833707754956003,-0.26486318164024736,-0.16051351160475152,0.9141701935212183,-0.33124527243440977,0.8912211128329144,0.6619666133667417,-2.5540219530243706
sample_600,0.9204311883755636,0.9917169511218001,0.5961503888202381,-0.6193985615335591,1.0443941602539057,-0.16854999092507758,0.5580593035091035,-0.7870075518123754,0.9832161398385837,0.7606410797439024,0.6459379465382327,1.320195746196827,-0.2485924160806533,-1.2608594638880741,0.263640941086874,1.5689899725034393,-1.1480117534355847,-0.7113027903970014,1.19421801737556,-0.5111292303438417,-0.477520017617893,-0.8734759035940621,0.6829596042717823,1.2928270868980538,-1.6577766833997578,0.9134591068501291,-0.046018240838323114,-0.6838262480448157,1.4837719524459378,0.20993244412624404,-0.04712446934254129,1.4150821516626981,-0.27399534149794436,0.6609882697591996,1.0673381302771814,0.8400706172563581,-0.686299560955767,-1.5994414758269704,1.8402568246283846,0.17093096872144165,-0.45504870708712386,0.9115130598849436,-2.155166186973896,1.2592515898052261,0.967134060308336,0.7549031739774565,0.28054567155710985,-0.38856471428357403,0.4918006568659014,1.2855287825939523
sample_601,-0.16864917411844033,-0.2965235796834719,0.7825670836952545,0.15973800090422038,0.07684552685820525,1.5168866437806445,-1.8048932457293176,0.09206384777544156,-2.3526017841919,0.09972778419617506,-0.9078370134438479,0.0407420487840538,-0.5184252068157603,-0.8323857212825119,0.9837710598632329,0.27602751739983583,1.8520565730919076,0.31898774743516817,-0.06509018001421121,-1.4043114897644011,1.4373312612871239,0.1327198977637651,0.5613756915437492,-1.6209949271243551,1.4724795146752412,-0.3457837100092207,0.4049630812506096,-1.088611702962171,-0.8667769276002004,-0.17505133780327542,0.6180892580811453,0.6004946473040236,0.9290334149749935,0.7294554036389671,0.566866808969464,-0.16799238740312072,0.6808615973403286,-1.3635017120796582,-1.8645801487279408,-0.024171126432117915,0.27623174326149125,0.0021960173587284473,-0.6882744166186201,-0.32818257430712233,-1.0390903920165675,-0.5533785331306263,0.2438804697690398,-0.7170275456920785,-0.6465263825679035,0.8143106117183088
sample_602,2.1969084957354066,0.9550230612035843,-0.7523001741330421,1.2138899105932492,0.14376002371993382,-0.9777688433966867,-0.3122463656379165,-1.72178256077693,-0.4203331265203872,0.4748451220796249,-0.8476820962862687,0.9167911349948432,-0.49541181192768047,0.7202443402523928,-2.2968504208230667,-0.7934408852948986,0.3744291732399076,-0.6371779718588388,0.46813829487973235,0.6588388432989457,1.671596622603378,-0.09422048935292408,-0.22491191467496124,-0.9849813625539001,0.4685930241084228,1.43099431759303,0.18120363905541184,0.6415011490259356,-0.22999644410019102,-0.2733681757423371,-0.3691796930033122,0.6323534610179489,0.6294049334482769,1.2385663010216812,-2.1811423386950035,-1.0589652086572905,-1.764740860064215,-0.2639416699027948,0.30337981660237195,0.41283497899542815,-1.9123046923936167,-1.6289159933989277,0.07456945057406536,0.6291592299874555,1.2415404986385838,0.279968660261757,1.3377502966098849,0.34274688335311,-1.0255951881405894,2.028046877117931
sample_603,-0.02821565500206631,0.6336365988300883,-0.13133770666666725,-0.3376707181492366,-0.8009531536730187,-0.5625290196093333,-0.4461992583228874,-0.554419103241191,0.5212866330132395,-0.5412905411155784,-0.07528320511504627,0.7262734219190498,-1.0678748716287616,-0.49307631400673546,0.6637002745930204,0.481428450179968,-0.29783116677834715,-0.2512591751255182,-0.3102234071116147,1.4505672535763519,0.9354474728702465,-0.552710386938772,1.6372092607539872,-0.6339216917757855,0.004689366757186792,-0.1489124321499128,1.4491006487953675,1.6863420506329059,-0.6979412323080145,-0.8758074370057942,1.7885225141051373,2.1195276098592326,1.0060374851467921,0.09525712538533482,1.0679067166719143,0.8266413889532985,1.806173036791407,-0.3312364401332845,-1.8479701113258662,0.6318642198216151,-0.024153794914885222,1.9344146654077767,-0.8431876663552129,-0.6384246690249507,-1.3114408313742163,0.8667869544396403,-0.15134885434386908,-0.6501994637527891,-0.2913627380142916,-0.11270500103847039
sample_604,0.23546236564689457,1.2721225405685959,-0.039789472720371255,1.616091398283989,-0.739580529603008,-1.3809362944903387,0.6265304819783885,-1.1724179098620062,-0.7840690730977983,-0.6900046143530405,0.5286421592625679,1.1609084051185004,0.2051209542023493,0.2817104878314154,0.9257179102808976,-0.07607404271760619,-0.5526429324616231,-1.683368944039497,1.464573677206748,-0.8322061788533597,-0.612799440149397,-0.6842172170688451,-2.3631539323874167,0.36117271178387084,0.417389959517201,-0.7019140329451801,1.1865009483994602,-0.6619322527297972,1.1784915087710337,1.3486526941054153,-0.2800751491794916,1.223630037651137,-0.8468064335766958,-2.6831531691051076,-0.3709221500050606,0.1650425431165879,0.3115669588772047,1.149292568560813,0.7784195539424882,-0.2750678845215839,-0.5271452113210944,0.750088238077027,-0.6739202430059175,1.0468035313710384,0.8725366865660737,0.3627808858667551,-0.11339682412840348,-0.9297249960443769,-0.43245977848444345,0.8933254293230671
sample_605,1.9733151777639613,1.0561371659834315,-0.33168869326729955,1.265839587838219,1.3487206836732824,-0.9516316591030864,-1.6102680612306592,-0.35960887163841115,-2.110517903080103,-1.0502624595630583,0.4249445500893244,-0.2474696744731391,-0.70315754320212,-0.6331706309066699,-0.21018048723973998,-0.4263118121312071,-0.8794252184638192,1.1501838054133835,0.3552228017060989,0.7788596998868498,-0.12263575442066646,0.28177144447881897,-1.5913015933044237,1.0176881921483647,0.6092278768758,-0.9949416314627093,0.8230443090807036,-1.1050436875994782,1.9918573349776327,1.5143152080438047,1.2898254087072363,0.14004229029489454,-0.09464538351105828,0.36787339423620874,0.28740802987285585,-1.5244228493352165,-1.2926682617916612,0.5176543192616698,-0.040418347676084584,-0.2679385306999522,-0.9073733987662302,0.8410592259481967,0.9398855083923467,-0.9211574639346589,1.2207829882232435,0.905615192587349,-1.748050371703953,-1.1468616089345998,1.1328744801520378,-1.130586497450709
sample_606,-0.9494426001252007,1.38468990802694,-0.9038097973929586,0.46047814590247355,-0.6267699070267126,-0.08707989363770888,1.0615043782141698,1.5889511129442049,0.4699935020993368,1.4229778054622206,0.6067334053214427,-0.5542200134207219,0.352781956731467,0.7101566606413583,0.22539589130035195,-1.062788256144371,-0.5418494443170374,-1.1299852597553752,0.1501351519508771,0.2964963256179302,-0.2994364929438117,-1.0880828948755688,-1.680800620764591,-1.6377006297531407,0.8571561394151642,-1.4198869357023391,-0.5663722218855826,-0.8094764259316112,-0.2844306689839808,0.46228522317975623,0.25021111269105734,2.1817506442197208,-0.7215470194636614,1.2890880916732843,0.0867367346784507,1.4621033466992548,-0.37570140413480163,1.2756871626655386,0.23507466744285102,-0.5175194278321968,0.09639573158895708,1.8628209772266933,-0.17579287940122226,0.8177144243638083,0.8471975268477137,-0.36185349245005916,0.01347891536817894,-1.1256997899611405,0.026143331893195114,2.098964961974065
sample_607,1.1017100331006489,-0.2821400016402319,-0.8237450088561237,-1.4033471465000151,0.5203706213490096,-0.4454345942076587,-0.22587856581303226,0.032131636447803695,-0.1629245107127275,-1.377417967898446,1.4770847114629104,0.6757141452911745,0.5205607058125026,0.7728299554906454,0.6890803231509371,-0.3275574206058491,0.7238051948130202,0.1932139846957765,0.569358443769758,1.3610492533063512,0.26445068367201846,-0.960220851048312,0.820245106060963,0.879511937419603,-0.7554313336936488,1.2639604613928637,-0.19149629990040182,0.4601636453013352,0.729757226169186,-0.11351358273025818,0.20953564333057945,0.5467619446674378,1.0156199558576822,0.48938311036225346,0.8627458367239726,-0.40569600185520327,1.7057378503101543,0.24347013710760262,1.9173918448041285,-1.1408202328080048,-0.16082504870212294,2.0090151739966586,1.0788560048826723,-0.04564945964017653,-0.6386241909103324,1.891846730451299,0.5458352501100041,0.30914167712846197,1.91431121826776,-0.038890015428970255
sample_608,-0.029861069051374003,-0.9060085470976984,1.442742239878563,-1.6480833003471125,-0.43109448348459906,-0.10369767693605604,0.3184195515466064,1.2159895869828168,-0.6697919114974055,1.0661508638970314,-0.004035803317707233,1.231062283731765,-0.9887045612697004,1.046785174997015,0.45828956058515746,-0.12500010328722452,-1.128637371398511,0.4670631831095873,-1.1101395090389914,-0.08423567845102616,-0.5331064940423625,-0.4581551055525786,0.4351888648794703,0.6140954512123933,-0.19829915546857932,1.0533168893008662,0.5627444034422082,0.564388959920407,-0.2552849016036395,1.8317027812832283,-0.10982234532694908,-0.33095165324806153,0.4635425895127416,0.757886146729617,-1.040525743058674,-0.4200354888886678,-0.7356345881769718,1.3058283092888887,-0.6790893477244969,1.7252582055499945,-0.15777387690932107,-0.5781393971668591,1.1083243677609795,-1.829898496069967,-0.1546209496460525,-0.025537510674963942,-1.0047292847020575,-0.4250697950501602,0.45528446618461865,0.6294996694770231
sample_609,1.9695352640917125,0.18583200784485915,-1.5753592779324568,-0.33181947904245346,0.17951731170324964,-1.1769605310728029,0.6405808291690247,-0.10437492844749292,0.036391119361299275,1.0469649031859232,-1.1266831671184079,1.0060519476402519,2.0783233606879077,-1.0042122436311316,-0.043551856541279174,1.1222113908321512,-1.0660732554698225,-0.13946203455122702,1.3175866335013486,0.2850901102458393,-0.08408023811341737,0.5821727226261457,-0.7514675246014801,0.571748288948828,-1.2375961152893642,-0.4389444139965421,1.0741394863550768,-0.2505019053283942,-0.8307086244679287,1.0960994549033403,0.0541352681078399,-0.5627285263058078,-1.646790213285984,-1.6316290160815963,0.21549145477583523,0.08995976615083232,2.30104082330892,-0.3276250235296235,-1.4218036133206484,-0.5887376580967424,-0.9139414794976896,0.6626912060578549,-0.6989598359229988,1.0646339988992077,1.2443868077150333,1.2097893877598744,0.19804252868936914,0.7727980533629317,-0.11266960703712726,-0.2916571649228324
sample_610,1.128455558492383,-0.1489073895628469,-0.1538703177841147,0.25691566571365754,-1.6226873468624428,-0.05916904757619996,0.6257005720879908,0.12025152273184221,0.1975558960706667,-0.5795834832096027,1.5910825392977503,-0.15997266550313943,2.524751420605873,0.015579791902977348,1.0133465370562715,2.2611831424170474,-2.113750729242141,-0.07146060748462899,-1.0897184700271323,-0.8019783254045912,0.06821536455198624,-0.2930403554496612,2.032582971500533,1.7658520447405492,1.0961918435666471,-0.46219545855925,-0.7640765275382118,0.34050487237768623,0.7807142215574849,-0.16282875341613814,-0.048921195381305294,2.955964097364296,1.0800549021856292,0.8241509420802509,1.243682488199148,-1.6297955145517466,1.4394283513942505,-0.3936506909870772,-1.240052577903028,-0.5754307714099677,-0.18785985243364453,-1.18318860868782,-0.08600775323413425,0.6603319339993988,0.44976820129667183,-0.44723721337032996,2.002936864654511,-0.8455324020560474,0.2971821077657526,-2.184254478509892
sample_611,0.5913205955208602,1.2627722154776115,-0.1432855526309686,0.8614888120752995,-2.467575531151576,-1.857696238893937,0.24774032842350496,-0.3146562303116316,-1.4003786162488903,-0.7104828919942011,-0.3435836158160715,1.5198100493941487,-0.18415925448418732,-0.582926024214462,-2.160442369948351,-0.11825204924119209,0.794409468832826,1.6507876391389995,0.26881638803422087,0.7954485715622486,-1.258474914160526,0.009180799711607127,-0.7738091429379448,0.6946149493868913,-0.19178922501611745,1.227172970009818,1.3278119630848557,-1.3318025961365465,-0.5616510441868559,1.0073148131924228,-1.8457877598304684,1.0576670324151782,0.8736707809718796,0.15444850520756356,0.4702602111704161,1.0503387779762645,2.1468847219698595,-1.4192877890665316,0.937167284194485,0.815094123246326,-0.31480490084148727,0.7417137625754103,-2.0383110274375267,0.4114728355941371,-0.09988987339534829,-0.6881847632090756,-0.3405734332961916,-0.9224551895162445,-0.504837525382383,1.0955477472920958
sample_612,1.068190698303046,1.0717745706927377,-3.246333679962785,2.5526309296485707,-0.8834397688288388,-0.17793356072622407,1.0044866791307479,0.9054176781530706,-0.33805048696062373,-1.6040397604569203,1.2386592259541342,1.184344951864713,1.3929464068680097,0.6269978353602811,-1.4471122506824097,-0.8108812066565917,-1.2037621205115878,1.0451407349190007,1.1600892214890313,0.7302191216179941,-0.9102010694285381,0.1262385155321477,-0.8423216982434152,-0.10118976007855782,0.5209157028766952,-0.7063399735843039,0.9142871326111516,0.03393658843667729,0.5070370036022249,-1.003062392610883,-0.7876647030500445,0.023095367711500833,0.3731432288143699,-0.7347809670504225,0.9597415087505753,0.3930650194846323,0.37837168831184825,0.3240496862799632,0.9408879174732638,1.0465631689060355,-1.0529558209160639,-0.461225871176403,-1.2836903021297932,0.8574151933168865,0.1629354734599648,0.5549431148565453,-1.4573023534221243,-0.3772946839974173,0.6008801045718732,-0.18425903197465035
sample_613,-0.35620174581456593,-0.15029942733345317,-0.1887791055414221,0.3921992140951882,-0.40270547745471963,1.20109693542194,0.46373801706831014,0.6925817740964468,-0.02557335751698293,-0.16791887394046548,-0.449760320533825,0.17122421449513184,0.6165059514963441,0.15934190790267166,-1.1705686427693112,-0.2871132201625599,-1.2573720055773825,-2.0702218174993554,0.2747500558178919,-0.5668195634979437,0.6640399943243276,0.41210959919012236,0.9468870657046035,-0.8071517920660738,0.5500895480017652,-0.6731128775761857,0.27417496599986435,0.4041167411258271,-0.4603047219049746,1.2568537752011717,-0.3829270179036963,0.650429441460022,1.0441381229551485,1.4319479313063268,-0.0060203677077278,0.0136704140656432,-0.598319623153671,-0.6761445650696866,-0.7508179781727874,-0.49051577174772387,-1.5857145609447643,-1.8879550718356177,-0.08832586843764154,-0.29152533643979667,-1.4068103229982092,0.02867660468350169,0.6903502093884537,-0.45748076012681826,0.13162106378145838,-0.7457126123871182
sample_614,-0.52803928070868,0.1926231660672925,0.6513127915013507,1.2473836781180927,-0.771293948605267,-1.5924530856239387,0.4415074480019173,-1.5664413566729423,-0.45911596501737384,0.8858283330203571,-1.3525411581630518,-0.8095672421473843,1.1640358595762748,-0.2996575568328491,0.32389135612421605,1.782867774395254,0.04082883205697343,-1.6912124394501096,-1.8350285289133734,-0.6949913306217541,0.6809094741785572,1.2651698069755446,0.8547177005224953,0.579326318279119,0.13907881952009954,-0.8785481793873006,-0.008097484793925117,1.320961336970663,-0.5273694948489599,0.09763267563321178,-1.3766429063643073,0.6627116531296441,0.6521515489066492,0.732675536287695,0.018059659549505204,0.9619909115231292,0.1390731351098579,0.6799074237889456,-0.6830561067316613,-0.17905551323045554,0.716113713319843,0.4532373956881136,0.4387748841332701,-1.1909343174704101,-1.1048172189934486,0.2711217854190312,-0.28223507824044497,1.7617008441143105,-0.34481208092985277,0.48886785546276806
sample_615,0.02694874716303988,0.3342515168017526,0.5605189070441644,-1.003314761969943,0.016595497961031658,-0.8319298306943641,-0.2613866197450426,-0.09415203602223146,-0.20776724141898,-1.0060250923031544,-1.2588669749212498,-1.895634956726854,-1.817455152095499,0.4014487624705042,0.9906663334374216,1.5513281790627604,-0.503396759757812,1.4654773534142533,-0.593918024228779,0.371369908612088,0.3386435213722973,-0.22957648270422332,-1.1165799033868655,0.5758315098007746,0.39789412130546614,-0.04026185208158673,-1.1511090777373298,1.7382925708352397,0.44993240005294854,1.8659636212362154,0.009713112933912258,-0.47974670819522547,0.03552376049418051,0.8236902710628901,1.546961215126855,0.4390722642429694,1.1092702508675734,0.17940959192777445,0.5401776174199652,0.35761966163690834,-0.8217750801824211,0.9587867635723892,-0.7734776411959852,0.04587460938376351,1.2651277606459996,-0.9477301777036962,-0.008270204911347945,0.658048151846468,-0.16935683559477413,-0.5345213977589509
sample_616,-1.7766434152713135,-0.7684311424758178,-2.1196972041104245,-0.646160808877821,0.4022290159301947,0.32632559019344826,-1.1526729513620557,1.8373051639565239,-1.4279195069361752,-1.0978126312083853,-0.2829608763989057,0.6254638659091759,-0.018890822736959995,-0.12681902102658016,-0.41713008843747895,-0.6003201848840806,1.3042884331148303,-1.4122050522773806,-0.8444129079095347,-0.8992161133861822,0.5907647052281141,-0.06583237095365345,-0.06844643334534575,0.33061465810321694,1.0429761605017311,-1.1659556525048667,0.18496219102993836,0.35993973944051344,-0.9582115062408524,0.6812746508906135,-0.4127328886702594,-0.5145689831670053,0.8572514517758603,-0.6277437480879445,-0.48054545911193236,0.8681934040710365,0.2877845283789094,0.45568688015075093,0.05403265234569231,2.575302821391777,0.530738393367053,-0.86622954035327,-0.3362661022284085,0.25802594524975714,0.5008540679932639,-0.20677000759689138,1.527891953226022,0.30505213944336834,-0.10034859454517908,-0.829570178015198
sample_617,0.6711891394936738,0.3410767252522417,-1.32760028018638,0.49334875717951066,-0.08736584851754171,-0.37587507185896496,-0.003621293815172457,1.5494683532882982,-0.5675911614168685,0.05750870984981741,-0.9867651606338869,-1.0334054387726463,1.1047215894212874,-0.7565217903735605,0.61632043494911,-0.04031983298573349,-1.20489286539931,1.3667333253554232,1.410441162063673,-1.428289455539666,-0.12555454904631957,0.06426129524618115,0.1949078898391365,0.11051721807127912,-1.3629347565145058,0.22631107692723382,0.4211856662764975,0.7704731523930893,0.1602468878564377,0.10288429310020093,0.17150165082250593,-0.7368645912026676,-0.6231975403509885,-0.6087823713580297,2.081477694481311,1.0337601363067883,0.20234876313925607,0.1562561985303041,1.026338845489037,1.9488009586323862,-0.12588129666668244,-0.1746725578107319,0.4330264562757855,-0.3876768191794144,-0.06117350124600767,-0.6788508897507055,0.2963498613282122,1.289041937846566,1.553617618723253,0.9771695935533373
sample_618,-0.07840201044712664,-0.009910448592252284,-2.02418130445337,0.9091648286513438,-0.6163700380688194,1.257711551166642,0.09004052146282576,1.0722425727288085,0.46533649645603103,-0.38270875918181224,-0.313144876525529,0.9622749587756122,1.1559805663035252,-0.325962109211092,-0.5321844555706463,-0.12518254600595916,0.7658621833146623,-0.8121489777105972,0.7900679828800629,-0.4776614674681356,-1.0180189596068938,-0.5736423106259029,-0.7762580046532738,0.13905062569942198,0.4627150299721876,0.2573371230676082,0.0075353201890590495,0.6557631192520242,0.0359273422438887,0.2978339521775907,-0.2214003540418,0.28444241633433553,-0.9810098864957304,-0.2190499480568177,0.38118879872820144,0.6984985539324657,-0.12202477673934675,-1.4095409892276427,0.20370273175546727,0.714701888153664,-1.8615387760625175,0.5211482896477847,0.2820621784361051,-0.8452516943840065,0.19876460640264867,0.11595146373785019,-0.32165214669341424,1.1932272319800779,-1.5199095926144388,-1.21054225518894
sample_619,-1.8622138127365302,-0.5232461466749855,1.058705327812815,-0.7441587454824413,0.023000840302410373,-0.1476106207228322,0.04788597566327286,-0.41333641877968674,0.04606268284903901,-0.11763190632859032,1.176119952576564,1.2992634804441279,0.06511674495663164,-0.11223811681726473,-2.7318757406852296,-0.5872284624378531,1.6503666694110275,0.5528908914306411,1.0994566596655273,0.5263179065804191,1.1268733847208614,0.589256801129167,-1.4046848025556242,0.18507605977595612,0.174558216181428,0.6128177048829707,-0.7155891047875051,0.9943260100988665,-0.6563363444751313,0.8059016579518632,-1.171200298872042,-2.33345609182278,0.30838539132401827,0.8415890408440645,0.1640579235612298,-0.7253698684896405,0.06998650677725445,1.3974600374333959,0.5719864945583911,-0.3722850720209664,-1.0133675929763801,-0.8879080739120399,-1.173493562307731,0.33897805469054443,0.39509222722520104,0.1783973389845718,-1.2949881000379009,0.9868020974742421,-1.048701452658857,-0.7007181832678696
sample_620,-2.719806692041336,-0.7962250106141764,-1.5163280351477628,-2.1109671950721514,0.32280085809893183,-0.4580332435377484,-1.3176783585620575,0.9829629239811409,-0.5380115298188101,0.27454848061943077,0.4738346314498714,0.13662084396030708,2.1312682850861155,0.6772773334119123,-0.2621853904576828,-0.08749084272905949,1.563748436570605,0.8756656866318862,1.6064435400989319,0.7913056467802969,1.9965986558612903,-0.6876488984019893,-0.32165556079378915,-0.4868914631597273,0.5076520248865574,0.4999215103763974,0.41490339887710975,-0.6667115673348274,1.7147414395928862,-0.5458092910497692,-0.5190453255197001,0.27563833710979924,-0.38998169067846583,-0.7546814832325811,-0.6605379774939575,0.6485983709303214,-1.7490130657713434,-0.3160917996857524,-0.9107666531143738,0.2955502801178327,-2.5587433993276965,-1.6028461501131095,-0.7425728309376571,0.21370773418895572,1.3511524025484363,-0.22995790186693424,-0.935241756851311,-0.5711255509300261,0.25157090502663515,-1.0901670937826673
sample_621,-1.501636297353727,0.6221186296393638,-0.8983897838389674,2.2765671218620143,1.687532674627759,0.46530111268816654,-0.4146573748286682,0.014260023970219127,0.3798044545398106,1.1441404960305668,0.8713854065186707,0.12491184677077008,1.5051031930906733,-0.18936487385922765,1.4977278738440805,-1.096796325357829,-0.04212594742629259,0.23538349236088027,-1.544482207319175,-2.064147115700694,-0.3911926492880248,-0.9936514522474384,0.5709127502369806,-0.30417913206156677,0.5745642374136145,1.5736120969553329,-0.4463743750732756,0.0020027863425441388,0.02993179865405656,-0.5031583941735237,-0.7004808891063855,0.20704914049008444,-0.3469844412390819,-0.3135829394549322,-2.808072702087549,0.8195438223605765,-0.1749828023551766,2.0518839569254403,-0.23463831200892446,1.313584551082725,0.3553920578797395,-0.34991178189580957,-0.5557758150320047,-0.24133605541631958,0.797803676161334,-0.7236814686681524,1.0338154623855274,0.16219265938051255,0.20223800939381043,1.5777797697066065
sample_622,-0.7663579893140329,-1.0602666339288482,0.5091866588671173,-0.11856566401668339,-0.140320046316949,-1.960461009835188,1.2920257272676121,-0.8106171128429784,0.10789496740867113,-0.7589278047418319,0.9445177764274317,0.2725366037748652,0.4138935663684217,-0.2745834714880957,-0.4117513904486596,0.84151286141032,0.5459567703869896,0.022033158997913124,-1.836909881169808,0.24778550222368084,0.7965059673138304,0.8085326967680931,-0.03208312262126545,-0.4090389131544115,-0.8318474360793792,0.23601995657262678,0.262094075110488,-0.7245731161338016,0.6586713306865628,0.27625951892696604,-3.3279019195309996,0.21769357448468962,0.04488124756032546,-1.2468853229049293,-1.0032423705087383,-0.349670865436744,1.5487010686364064,1.5312084322157768,-0.07225897265224243,-0.820016854160202,-0.10362395260115734,-2.4156773491892305,-0.7398800722052277,-1.4798434539355458,0.20853751051053168,-0.3029350659910341,-1.0930450396890405,0.5229840382310464,0.7559086161651202,-0.2307263684630032
sample_623,0.07702498312519263,-0.5316322348489485,-0.18106243607915992,0.43373384890039635,-1.0161593399507238,-2.636540672524664,1.1559272346113474,-0.08920480187305276,1.9315337407414153,-0.07320633912556153,0.20288344766401797,1.0092590593835593,-1.1301143708507224,-1.9092800670166783,-0.24186413434175244,1.0181487607444606,0.21815268573143262,-0.9458833480023849,0.5342871156629744,-0.6699983597192448,0.34154493584235895,-0.872922924714936,-0.10076469253874026,-0.932293619403308,0.02307873834297783,-0.9479158247927619,0.4847138409618044,-1.1376066512419387,1.9598914684877233,-0.8282855607517008,0.5778758575103089,-0.34554619335955894,-0.3357896061586507,1.2421920988488466,0.25279291451776,0.7647108126254443,-1.7561263670904503,0.619031345452329,2.4380829173906435,0.15717917645717086,1.4073448941226578,-0.6549844275169089,-0.7124714334926181,-0.6270564369087286,0.045863054174186624,-0.5724697282088653,-1.0494826843979799,0.7190639950563027,1.2389440380264842,0.8127973354433259
sample_624,-0.3044260658962555,1.0639234535769462,-0.22968957293988937,-1.165233420765628,-1.292166757758743,-1.5880183711699272,2.150132566347135,0.6211133755071783,-0.8536338853122997,-0.3660612353135408,1.4012300173794665,-0.1587850114802817,-0.9633543661943903,1.3931092371980978,-1.945228101579154,-0.09403712174119516,-1.0321235731179725,-0.22697349367932013,-0.04262218544658182,0.7425361169021688,0.6087055361978682,-0.2995334928561439,-0.5781796864157618,-0.958431678497693,0.2677122267662376,-0.06022644336630181,1.5624229904984637,0.12001503881538872,-0.6751434449495134,0.08936284608900522,-0.04702977951975067,-0.6771016965541309,0.4115468939350509,-0.5761321413435229,1.2977450723447044,0.9443571252569511,-0.6049513631855975,0.036613145072518165,-0.5767408907853295,-1.5107634348767585,-2.305281208038827,-0.5443637700519387,0.06503410188279304,-2.1361269353576646,0.8068028004733296,-0.3213066374011167,0.044845810485981005,-1.4157571054287221,0.7238424138673059,-0.10301692067386137
sample_625,-0.851750821967313,0.13413837347063198,-0.3558086291025523,-1.461915869562282,0.07413593587104668,0.4666965411837349,0.7905351538675092,-0.49136521968867625,-0.6370612843691712,1.6690327360429509,0.8206734723127586,-1.030092221575694,0.6129175797891743,0.6923933606653576,2.1916708549382466,-0.9160859659291438,0.7455061740112555,1.6782851798162177,-0.2043475051730844,0.4498800325802158,0.4416841932746186,0.14450858053179969,-0.6598426680523553,0.07442398511054334,-0.0677411247717561,-0.11497991245378206,3.012277055096062,-0.18801112581495202,0.41349981888028514,1.195968636133969,-2.2195275876981033,-1.3262415346915404,-1.11642692847006,0.22354523691542283,-0.3548062403567564,0.10400417791664755,0.4831103537376721,-0.04747267883670835,-0.8202569666736653,1.023118978734727,1.92751574837442,0.46659497608159667,-0.18592937992747424,0.5679096456491557,-1.1603531488918686,1.4014425594947555,-0.2759925357735075,-0.8512398895251992,1.2048851350499405,-0.8451796394347416
sample_626,-0.03532729735087156,1.2109770144639491,0.8785815283403954,0.26775906444185044,-0.4918477040245624,-1.5238728677131448,1.8277495447473802,0.3696956035740834,-1.1786282526557765,0.24911652938016252,-1.4064002457057676,0.6164716993500388,-2.075957463444158,1.0420554861324183,-1.2583777432204117,1.0125889354801125,-1.5538132485351186,0.023773793028596127,-0.43321991827816425,0.9476358599393058,0.813175091194926,-0.03977619388594923,1.4150783929060133,1.22938295194601,-1.1609469252868871,1.2264635691244974,1.0417678986210799,1.452534406200318,-1.7630982231614205,0.03251864185875485,1.2699760111573515,0.08563050075779767,-0.22350055927332027,0.15459710756067713,1.7576567772085896,-1.0438528030943142,0.09336024148402099,2.0758615597904835,2.183510250205639,0.2659929701143775,-0.6058460347251685,-0.32326178321612664,-0.44742603302847556,0.07328525433906584,0.15378722475738563,1.6884085372790518,0.9689182534206261,0.3164864485738325,-1.230322189624498,0.28610214314601845
sample_627,0.6051830603607331,0.6704772635311821,0.5237952785274199,-0.03601334549469987,-1.0243352627341817,0.7920625582450828,0.12305989006989959,0.9387448440937467,-1.3744808147380019,-0.35274179052355004,-2.6091610066699142,0.9111161844730721,1.490104481848643,0.026818797106025534,-1.8691675749865373,-2.092322306158979,-1.2126330065287894,-0.7001142971436978,0.6578612893009215,-0.8737907931949743,1.1357491344607276,0.6278312721240049,-2.326322174552889,-1.105116495112327,-0.16894804375688097,1.9894527190521196,1.9017872142864714,0.0747549297862765,2.0632452905939354,-1.4582293961542623,-0.7249555068708831,0.8343028076815443,-0.21415733795010175,-2.114137496408195,-0.6225598864015781,0.10660920698210923,-0.27960467479196016,-1.3692707032459372,1.0745762367015537,-0.14584830435637722,0.08038116206311259,-0.32033920124942233,-0.5383763838401298,0.293163078569917,-0.28402574835732625,0.29721901062258543,-0.842986493854247,-0.7591351467034569,-0.7789330654627836,-0.2664571170819786
sample_628,0.20746031940921753,-1.282653200260062,0.5809059422748711,1.1486195496921046,-0.7504425927830257,-0.059655163042692465,-0.1999725263452995,0.6975676714805118,-0.6200128726018487,-1.2234536288323108,0.3788530709531128,0.728320736916821,-0.7259185472367862,-0.9033389577202465,-1.2907894961268214,-1.4143143210156714,0.8290899854384445,0.4681197949441423,-0.4724675770335641,1.8401628432212476,-0.15475956561503362,-0.43629994690028445,0.9667324869655661,-0.23544103377667833,0.25274087771249054,0.1573589305314203,-0.11335303689625831,-1.1113656597191943,0.056644157082296503,-0.6088064716519678,0.8069843158333689,1.143380859246047,-0.8560336979948276,0.06407885484600659,0.268822843203711,1.5900657534257652,0.29649547565252093,0.212823716900032,1.3712132392769165,1.1824111220664562,0.0845810466125267,1.8228017949152098,0.6663296292740468,0.8580629309818986,-0.4078836367838973,-0.6002297097933965,0.4738847153193222,-0.12587342468759954,-0.528736689067081,-0.23609571133678606
sample_629,1.4186753786675679,-1.9705162925633133,-1.2791392966441901,-0.12342290512307214,0.2370816623674733,-0.3306317559801526,-0.7995882658565342,1.0084841461543532,1.1452327612136435,-0.5991724250177326,-0.09076681261526419,0.1588126053650138,-0.17016366791628737,-2.315887573133185,0.10902814083637094,1.3604472050354524,0.09944511463556192,-0.6063433430388427,1.318609123086203,-0.6170674509660315,0.4627439550398366,-0.25289195529396674,-0.3400364231212027,-0.6046172725927818,-1.2150094976101167,0.4800251844780882,-0.28717269546559193,-0.8415806321743058,1.5171875307933473,1.435497018022988,1.0984869370627708,2.168689403013481,-0.5509726770440024,-1.136993653949564,1.2562501928384102,-0.4670431996485786,-1.7553789456990054,-0.8234752892056224,-0.8364332748689798,0.17199239939755662,-1.7447122486221955,-0.9454782845735319,0.10464856637534885,0.09875661932645483,0.06395009259931321,0.23101659751263295,-0.20959334609395622,-0.01317913915419468,-0.9959932336209673,-0.5236639663389762
sample_630,-0.07142387258828566,0.4919641749561925,0.9832788579647346,0.6862040128261782,0.6691232213977639,-0.9673266579075914,-1.1315148889723268,-0.5632188871602589,-0.8719486965915114,-1.306686927225324,0.21370858277750682,1.3340191749194097,1.7409229992790018,0.8099744666592718,-1.5647292407342455,-0.08339718986977948,0.36391566767789124,-0.8415137156442836,0.14927752519891496,1.1231824165432078,1.4082768702187352,0.055104091575369045,0.08497757310610328,1.0404268541963506,-0.7335625298656607,1.797745452032996,2.194877144883516,-0.7404131316423855,1.570926494629735,0.6196848012376964,-1.1378298367923423,1.4327766531385526,0.07199072125279565,1.372203206864103,0.9654206193501284,1.1758427862067333,-1.843240937843527,-0.8979572009680995,1.5790876829937472,0.39927556456142493,0.03718732663183042,1.45265056054097,-1.2975895881585975,-0.37441031834221644,0.48332610830347145,0.669560014981009,1.0755302104805065,0.05017278994796938,-1.1324149723431003,0.4402295933737651
sample_631,-1.0302545347604006,0.840411223225535,0.5672587630329825,0.717943127024905,1.0825351736764726,-1.988838022634148,0.561353445633252,-0.32864993205550824,-0.03671387584633301,0.2983900496818273,0.5502312484476083,-0.14643778075748665,-0.8661559379219402,-0.8609293813351429,-0.41119444222961293,0.00840792416638566,-0.1887871018593469,0.15849843287757379,-0.2299406983159608,-0.009046691987338788,0.13503613626054964,0.7365559905185525,-0.2247584048582372,-1.9129580853099104,0.7086466422182099,1.263267742684435,-0.3322738988801345,-0.22357982457654865,-0.025416018525821954,-1.3362392684095445,-0.7370813411086385,-1.049512844925938,0.4405474400180858,-0.7604687734073091,0.16934114742794484,-1.0762843085067653,-1.348722639524781,0.27625386067256563,-1.1278486248664987,-1.2685579771876556,0.18100189173552442,0.6344895915084969,-0.2932378293344603,1.1741869909568683,0.6592343311186373,-0.0691465655843654,0.5728678689976112,0.3077859635074369,-0.20741049282841054,-1.4148632342404768
sample_632,1.9239310006019505,1.5083111425625562,-0.38676103416029023,0.10012315131160231,0.9770810684862479,0.21486386475114685,0.971187013040613,-2.3204940393372997,0.303103386667832,-0.179284162312572,-1.1641035803423316,-0.3079118969434465,0.8585392780789372,-0.3695106421750107,0.11557673018041244,-0.0368185807125652,0.8342850247751966,-0.08390629582872743,0.14543662944324245,0.08851799604914004,-0.20158949158836137,1.5827712578858713,-1.0006962909558723,-1.6079865033593064,2.4043387455571916,1.0445464166450489,0.32460559199843886,0.3692542926610288,-1.1777047591305139,1.2525902888738607,0.90298069784123,-0.9231239035439139,-0.24368493131698418,-0.5232644489862656,-0.9902131907733275,2.0856945972050336,1.9020118209100492,-1.1638428136923622,-1.4878437983636046,-0.16403857357211324,-0.9545898579509223,0.5530787494604914,-0.06708736660202803,-0.09994443322397793,1.178519641231615,-0.26250086667342903,-0.05267709381420872,-0.8828912320015178,0.7438744943946961,0.9570008881936845
sample_633,1.8924395185408853,-0.881468964620788,-0.14038136787930547,1.512965083549075,-0.3915443600668773,0.22106989540874195,1.3086036623911246,-0.17642835197640125,1.0548889530281862,0.6894436367290139,-0.49646704116314755,1.6413848013121934,-0.6647681044417219,-1.0495276596422785,1.094159997332374,-1.4055850072177218,-0.2900835405268902,-0.4733382288261145,-0.3730660323513888,1.5532634281700755,0.5073190834055592,0.5504234965585967,-0.008532443434020136,0.38383724701483896,1.0296712683239588,-0.47965821706420914,0.5348353040594914,-0.4649059789112217,0.5304314836612951,-0.6693221897262027,-1.8952284804831903,-0.09987144323610887,1.9448800093267835,0.6233277016816604,1.5465449255661226,0.1618097503690671,-1.1707806209971066,0.7268451172025537,1.2116701838139747,2.0910298723428813,-0.46950414393087264,-0.26155913504633277,-0.22526881019767678,0.02652855033920545,-0.27112675629914174,0.7956862640146235,-1.8265377904479363,-0.7830147653022471,1.741727473650231,2.0408163352764754
sample_634,0.9913351661798512,-0.8526501147402464,0.3954853391107066,0.19515880107748554,0.5834937813699994,0.5998358183682287,1.0880546635923862,-0.5411778658217106,-0.5502191112423042,-0.0571641274283987,1.3476835826843179,-1.525539487595441,-1.5863894928061033,0.8308201324964211,1.1802879461976683,1.6985408300239082,0.07639888629472309,0.4045287972079174,0.5783201524968651,0.38174876398659463,-0.2140988971967793,0.9523945650892806,0.09147212804317328,-0.2209865768356153,0.12029029042018752,0.8839877379432046,-0.522817175011615,1.7844706885427846,1.3773916269832291,1.2596354352636694,0.17286359086424136,-1.601194561987259,-0.10888632515166498,-1.5564325743694036,0.7665911428546639,-1.1624460069339215,1.8692064210007375,0.36615225066657736,-0.4519456292516045,-0.6392795084675986,-0.8288080447075277,-1.0119836561780253,0.27341850580255056,0.22437497803004997,-0.38534270566317746,-0.7090283080515557,0.5312216046062228,1.704332512894536,0.5170581217717636,-1.4561357641794286
sample_635,-0.16946463954644864,0.42212594965159966,-0.4365148263649902,0.20595550487078398,-0.3333836700308171,-1.557026239674985,-0.4303859163225901,-0.3467396524679475,-0.3414316283657316,0.14029231460358124,-0.579797159175144,0.16617986452862743,0.39770191327823656,-0.39123495820331916,-0.7756665036910821,-1.694324302026698,0.7818140162764295,-0.6847921678814276,1.9586481256355543,-0.6618718597676817,-0.6371938047954827,-0.2641224807440998,-0.11256521815494146,0.3289866878862497,-1.1936451898111067,-0.6853772257150164,1.4439650200313674,0.9953296249379825,-0.2347914950391862,-0.9325474681118119,0.2284137910631478,0.733406536278474,0.8761250626694883,1.0533232567829987,-0.07354601780219161,0.43557787458330893,1.4962670903206203,-0.8592369730028366,0.39779297669587604,-1.3721954810754535,-0.36854557023612344,-0.6716333513589935,-0.35539634467512166,0.7166408255690349,-0.2735883114821431,1.5488504763193678,0.24090502591984694,1.1170338738864496,0.7363911499377933,0.759645898228921
sample_636,0.6386141717177092,-1.4025239290439004,0.010410174782705738,2.0371884073008215,-0.3891455614453576,0.8572078389286412,1.3180931321373137,1.046978573855407,0.6504936896548532,0.30973576815544934,0.7340532425594727,-0.47608269017403654,0.82493444827486,0.6263635664943036,0.3178141283098502,1.4214418947198264,0.4510911458908523,1.1721740111915504,0.417120659521368,1.2379019931216642,0.6967022287270955,1.702301319314688,-0.018655805950068962,-0.8375210443557616,-0.3614223333389913,-0.566224662001298,0.8827524471405487,-1.32548432473711,0.7174595109334051,-0.32286819772009917,1.5812045639942187,-1.0891223227540832,-0.2668499825594831,-0.9438388344286713,-0.3570874271668254,-0.32887872384053934,-0.5791842847475213,-0.4879117168870981,-0.15767160455954066,1.0012016967894173,-0.05095910632558402,-0.9984819432697433,1.0968425000132818,0.013778887165324124,0.4722694361459469,0.07847043453107963,-0.13707521472120934,0.565885852614672,0.18079163483593916,-1.4653817260396471
sample_637,-1.274460736003756,-0.15004614740589423,1.1230096016516469,0.8893691593267482,1.2830328330937204,1.18162196754782,-0.9843131088029251,0.4986814464037248,-0.8281714867984268,0.10402764575201714,-2.3674456291333175,-1.8062754009593858,-0.6735401331749852,-0.37490852319430495,-2.4065184873803838,2.12008000409667,0.5935020273264022,0.18626633801561637,0.6195758527863339,-1.0081490882057713,1.0579746853892888,-0.36506792543501854,0.016032216580460043,-1.2945675121220754,-0.6321703700856309,-0.5742659086928229,-1.0667067257555203,0.059180385527435236,-1.6103534040712202,0.4527076527458252,-1.1449067061608516,-1.852958546738947,1.45647965655141,0.22611869341831717,0.29947893210748466,-0.38335994226256803,-0.3858061478146624,-1.193316300671793,-2.374668701310512,-0.3762819286834519,0.3552384925452393,0.21124741133645267,0.011217777034535317,0.021681069160988643,0.21481628042319292,0.33196969658389447,0.5776688651383247,1.5983515878843086,0.12584296678448165,0.4338053692148127
sample_638,0.7590599969993368,-0.07920391256622993,0.8763899099013814,0.9065130645837323,1.1444523796857817,-0.7251093604756963,1.2024701814043994,0.5024599160436092,-0.04167122910545092,-0.3305776148504701,-0.9394703334155313,-0.6959062165482358,-0.4614074058826208,0.6343160434760546,-0.7332135605159776,0.4455316050799171,0.8892685105496828,0.09243693873345443,0.0024499213516258763,-0.4752032657758101,-1.093665116242384,-0.4519071679516556,1.3865342883192804,1.8282208006583955,-1.045253534062549,0.9298478053016267,-0.8400826078494205,-0.3033080619920539,-0.20688800365709875,0.5471955878450305,0.5631800156047926,-0.01490540479966156,-0.14143772252817113,0.5928444949575395,0.8143955163153214,-0.5775782271373857,-0.3184100889354814,-1.140053733692142,-0.21810902734763757,-0.594410381264157,-0.15627351835200412,-1.011779016134629,-0.6752683332341145,1.168142612475375,0.3058348329236795,0.37634248674967463,-1.763291183854434,-1.1955644340423879,-1.1364950506088616,-0.04820642938322124
sample_639,0.6130213533072194,1.1817524640889472,-0.7065800762816048,-0.9186806286100339,1.044401727187097,0.14809053117283819,-0.7935439036534508,0.5801479456859027,0.151581916619218,-0.27151977974307917,-0.6243392645059336,0.9659828332007426,0.5693833829744743,-2.003419390035746,-1.0959079574693251,0.42649258040782356,0.6681009170439789,-0.8641903624898869,-1.5394102422711138,0.2985894993936956,0.19866992208741407,0.06389792180888548,0.42063787266943004,-1.1689583127121865,-0.7977673315738752,0.04294297964706793,-0.023622333076702296,-0.9538334667104307,-0.5408132470879492,-0.6830480266338814,-0.8604520848740471,-0.37774404312447957,0.590080539761245,-2.2029693484995185,1.360246332552627,-0.3648163918951851,0.7596174071491065,0.7991492860789444,1.4452844654644468,-1.0805574428223157,1.4387968562807583,-1.0599869458457383,-0.8626757752093206,1.0265553862306929,1.2433607958160526,0.9832372577137677,0.793838587173681,0.2083260156345119,-1.926876197670971,-1.8808576913010417
sample_640,0.11915930595032774,-1.2554049164234686,0.3671320903136133,-0.28440038982403126,0.05860336489557482,1.4314518039334014,0.2334696552368115,1.164191216612307,1.8083980895942113,-0.4259056958534897,0.48812622857929583,-0.8290020645403358,0.418523497177902,-1.458755160060511,-0.4252490942161014,-0.4682046700955906,0.8579605955965588,0.7497288211726794,-0.1986014578723323,0.16485745052678355,0.5499040792838856,-0.3763517413336393,0.34524980866746346,0.65582865968154,0.29405944580243637,1.0354131639671096,1.3519916027199377,-0.18750286495448137,0.03601311582843399,1.8751152980356585,-0.7773350436582313,0.2140938558684209,0.16941094261742137,-1.2443632213247713,1.6813522544236694,0.45934304156337225,-0.7176391696597172,0.2752091221173965,-0.29751034308366076,-0.8296170097835076,0.4803745590840106,0.8749784724812457,1.3518969262426586,0.9282677459892046,0.9885546217871695,0.02251348397493623,0.9162737345033134,-0.2544767947031144,0.18894467662744135,-0.7965394347259976
sample_641,0.7615284342509966,0.10550532387837938,-1.4959466348064256,1.025035598739602,-1.398391562561663,-1.592019823554983,0.7204239456140964,-2.0616960422430135,0.5487056026485146,0.1767352803773424,-0.5317063774034028,1.1569820269736428,-0.3036657966136205,0.8455861728701076,2.221870607010501,0.8231954928045844,-0.4218722568838389,-0.20332360697535876,-0.9433890577180117,1.3500982962015429,1.2425312282632148,1.0061870014920895,-0.5339149394526408,0.2664352144795892,0.19736094293398831,-0.43476452889096034,-0.25775231905436163,-0.9150344030914794,-0.47433094390561364,0.4960444147922057,-0.29015648409205447,0.16305591522128635,-1.2888799676459481,0.7556530455921673,0.9566139427406496,0.8560142450044282,-0.337707355775979,-0.5819468269612803,0.7475994697821303,0.0756247623282321,1.6076947038689087,0.3308816684054646,-1.013267523795355,2.361589565574494,0.7128950938126531,0.3809380815563264,-0.4205922610580915,-0.5248915002812187,0.4992680495122814,-0.6081464698949894
sample_642,-0.40950949930184466,-1.2474593379622534,0.5292875769707749,2.7937160109338923,-0.25704748586895515,0.6380910511787092,-0.3292753424637046,1.0836192081206277,-0.261314945998663,0.8376845139248383,2.127086722473098,1.0896301329005929,-0.021786674480230573,1.4365095176693423,0.6761492949625345,-0.8658465035842372,-0.0038972465404519003,-1.0407817738652123,1.7860965823693966,0.23698745695595017,-0.855305616798601,-0.585970773606631,1.316137579140091,-1.8173928703443616,-0.33906713070795,0.31597910222082826,-1.69852903883526,1.1045822072107194,-1.0343930572799431,-0.7621610508230351,1.3389628490701289,0.0636097443438408,-0.77024570892154,-0.3248205250815935,0.38946748749421645,0.4802289556571568,0.8493200475180195,-0.22253802226056638,-0.5089346836699993,0.4093209405097661,-0.9550601855093526,-1.7603748885305723,-1.2595595045408323,0.5734557852176905,-0.8918924271888835,0.21601599030628893,1.9171353681099268,-0.6971602328600911,-0.32983162764244084,-1.547469038799018
sample_643,0.6329763358890709,-0.37129401855838806,-1.8620651459737771,-0.1805693671852505,-0.9788876848786987,1.232999958847733,0.32198452737538463,1.742980739906552,-0.46365479342033183,0.3365101888030221,-1.4025664398460322,-0.33665018165845517,1.410771353468679,-1.9958184666803251,-0.7104308328841636,1.4253894455559368,1.1106962005083607,0.385934811628103,-1.0751801985510812,-0.8309612445260279,-0.8033633601068405,-1.1283668846057056,0.10602119219169795,-0.5265157736569281,0.21002861654360777,0.04013292480767243,-0.14921753182525305,1.2064028222368117,-0.5790469122734747,0.6448120933372739,0.3639093788299627,-0.15530389670123573,1.7225095760247098,0.7121575008183313,-1.6331538918097837,-0.5027733334770168,-1.5711443716102376,0.27271066355299395,-1.4617807383658337,1.9623835727233885,1.607479515487065,-2.8140421855996016,1.6536581982593663,2.0260976062708234,0.03216246200133675,0.063791000863137,-0.22149116502133587,-0.3869300814512789,0.5181674790309284,0.831070936216098
sample_644,0.07802054020542977,-0.7641889123274472,0.7158517874768828,0.12022425625746407,-0.7798718892940306,1.1033531240396535,-0.43007229076589065,1.578507729262281,-0.3502704366344084,-0.13393289747124484,-0.11446074680331271,0.02540404924173928,0.45504064369831065,-1.2984895557090683,-0.19364801933441264,1.0318725504750792,-0.9167347735767352,0.002683182226116701,0.6610145648029613,-0.775318101226777,0.6625466171391017,0.913056241764014,0.22894267292746062,-0.8399033620390627,-0.15856732576427077,1.1464108095174543,-0.22603204107593214,1.3314344296236023,-0.48093115066980546,1.4339916166228244,-1.4034271790307828,0.8228273028983628,2.156023650973603,-0.659227673505353,-0.30478495055972604,-0.08398545305259568,-0.3310033977095219,1.6140388394633058,-0.8135718060868488,0.5461508040328107,-0.7196915395502379,0.528876281036659,1.4158882792291556,-2.067405514711602,0.06415141767490927,1.6108604033431193,0.3114619808128192,-0.7693567270749406,1.3229880086068324,2.1050861883054184
sample_645,-1.2891715031393511,0.5296681711354047,-0.11621338726461167,-0.25833044737604777,0.5430821888929586,-1.5237621883148673,1.4092294606971507,0.13183979191559536,-1.840440691246465,0.3288378274598125,-0.5430846653781269,-2.285181046943302,-0.9032129862551007,0.9279527140844965,-0.583879256203778,0.3077985350714109,-0.19659059882863322,1.6918710821547256,0.051875049917180345,0.24737746274328268,0.9085880053358597,1.2915615920614492,0.6677367429981951,0.2885172448161338,-1.0502820671036124,0.6984409711063899,0.6504747225357141,-0.6569801541566385,0.3480769492839484,-1.2242110310383807,1.0356974554753327,-1.3687735187841512,1.844966368502941,-0.26582970967054836,0.7133218468029224,-0.09122489772405339,0.44459284453453196,-1.4091214293682972,1.381924746850141,-0.8138742063970689,-0.42304051828844125,0.17647534829590591,0.18923913731220582,0.46605607154423107,-0.9385681802376465,-0.27723945403760264,-0.8656467508723137,0.783967211230892,-0.03576134847473689,0.18103690407920697
sample_646,-1.3575792117464411,-0.6352600158848611,0.5032952023476633,0.20959243833709187,-0.8949681493933946,-1.581381774479746,-0.23285391156037605,-1.322613872233232,0.9308628650819759,-0.003355905542468312,-1.4673323957237487,-0.7425849744606855,-0.9503122894876019,-0.5461291914010193,0.47384379717973296,1.1775321122887477,-0.23796831503549162,-1.8347986199521698,0.04875307275752232,0.327557215408296,-0.15441672660143851,0.20180444387572613,1.1565524383004675,-0.17409307486753112,-0.6505293869575578,2.372634835890942,0.5799569828750589,-0.5666905136729856,1.836907468876665,1.208512866978782,0.3518206491255163,0.8553927540094504,-0.15383316251474047,0.33399994795125165,0.683922803000646,-0.875836062294305,-0.3949883187123856,0.9349607570997528,2.652650948307879,-0.47188188959455574,-2.1888512709108214,-0.8293075018963914,-0.33421226331625015,1.1580781143765317,-0.07816650147347921,1.3878742940062465,-1.139414826637561,-1.2442613639905642,-0.39404403309249236,-2.333104199773769
sample_647,-3.453141259655282,0.1352025996463558,0.6544288439558489,-0.046966844640140344,-0.08511632027611706,0.36090431006887247,1.0161837896491324,-1.2778234068500174,-1.1547337877096955,-0.31552080265931587,0.4416741923363325,0.823471061657217,-0.07695256674191595,0.5109685043987724,1.0666908511387216,0.2462428062235197,-0.3073875418991098,0.8892343580137114,0.4261828250872584,1.2750006215028002,0.6861950144435561,-0.13803778022583532,-1.116459741697488,1.247496680375892,-1.2058692194226301,-0.7559207515253734,-1.9786135791940473,-1.1731017251498328,-1.413237451234318,0.046064338094606035,-1.8217036337984593,0.3669347542940846,-0.3323581995730389,-0.44383064417278784,-0.8134530371783908,0.2968756815160865,0.7189853170005395,0.933701707698461,1.732900970426107,1.3412738375218176,0.5117726498172219,-0.007406244206536531,-0.20767549214340453,-0.6615292461376883,0.9230257501430345,0.8079255822408558,-0.8905232562785768,0.840501084050336,0.36918347568842147,1.1830265643679077
sample_648,-1.8247948079095446,-0.15483013901427703,-0.164624150985578,-1.5932136140273974,0.019791844737863433,0.26602400578315477,1.2525007674452269,-1.263972325330282,1.5343155312288999,-0.400095918860041,-0.6845509972622872,-0.612552407356864,0.026117117012423113,1.9825348965901741,1.131199689330615,-0.8349292284785036,-0.17817242802816355,1.7669792673789932,1.7933375874577209,-2.034005843157226,0.7336726718225196,-0.9155697501985086,0.44793738665025984,1.3622642905314355,0.5497657551058401,-0.3916495409394572,-0.4805832025768591,-0.08504144464442856,0.18718967236747336,0.061272574237861345,1.418045063354136,-1.0575758286215573,-0.732813771117383,0.7387019445130653,1.1162677522305746,0.8123890154528989,-0.6763505210463865,1.2898448712062627,-0.31212775404193166,0.9333359477596043,-0.5897063763076617,-1.0647254567031519,1.694250177579828,0.3230360495543581,-0.2531343382451209,-0.4145102525112066,0.1429451663338376,-0.5458026583565236,-2.0770569386119835,-0.11829233195917971
sample_649,-0.32537289217728826,-0.3933066914875,0.8793726953575361,-0.5176587079499684,-0.41688691759206586,0.03995692742411429,0.8447270833401644,-0.8533782770747044,0.16343812438732527,-0.05441607072736405,-1.2813413516132668,0.5094035341066916,0.38381956841382603,0.2541780371120948,1.4115869579589875,-0.46358842763196373,-0.03171871401777854,-1.3849776213361142,2.440355228440411,0.7226190341454442,0.6813184082224663,1.6665111669919963,-1.368234336494058,-1.3891679468181801,-0.17942416738564307,0.4343475503213929,-1.527696211536241,0.5833238518602845,0.05132680759007952,-0.7025867305767398,-1.044844792803422,0.7620105212327948,0.6801285489230683,2.7288368958990388,0.419273879682202,-0.9498337839144032,-0.8595365949191353,-0.48041978724157974,-0.2357874048444007,1.0797111924975573,-0.7885696051681683,0.980639519680254,-0.08572412173169056,-0.07644971648098439,-1.0197723333990427,-0.9878608049153362,0.3115787359969075,-0.9297497796328966,1.9770315382416843,-0.9342782903942302
sample_650,-1.288339545941985,-0.16107556389067676,1.352779899961419,1.1568565686547556,-0.03928151211156856,-1.87595445287211,-0.09846506468787464,1.8304660950566431,-1.1794011301929386,-0.9929306324519526,0.9749510164860822,-0.42315424354147724,0.06555916338236789,0.8302009891798525,2.4257388271021676,-0.6388207052782465,-1.1082713410938607,-0.46794914877460625,-2.385874589782853,0.7018308600706377,-1.1093013452208986,0.07912709018876522,0.2708452754347462,0.46582210532319057,-1.271357440218531,-1.2254549323676847,-0.2516011281382208,-0.44618182236017107,-2.067724777288387,1.5161829644081506,-0.24732749114309366,0.4288186964285804,0.8122283731017598,-0.11666758229924035,-0.7288922974818268,-0.6479038577054858,1.674258059847322,2.5299798672957228,-1.4592259969855035,-1.6191786250718458,-0.7150003039489153,0.3616439691708764,1.11409028283101,1.8565602650333515,-0.05397701057841567,-0.26017451683710796,-0.08531026785685651,-0.6292946674164798,1.1357456554910108,-1.017429490121539
sample_651,-0.10673294069954221,1.2699073660938507,-0.2798825101948886,0.9168098303027545,-1.7942260540899422,1.5341924045744149,0.3371014985867723,-1.5818683703831657,1.8157486809375947,0.897884083451131,-0.37452275744093266,1.4958385140160333,-2.5461969794477355,-0.2871018742290191,-0.6930996862523525,-1.4811211406787503,1.4450951481524645,-0.7532984535767003,0.5156863507348058,0.5970942334612493,-0.35249728547879977,-0.263619303525888,1.0138314508125856,-0.52694705571151,0.41586093712172423,-0.5979753550523769,-1.630950528661442,-0.46558523295855064,-0.7535854815108036,0.5037769698114246,-1.0749286103391882,-0.19455949431600542,-1.4586660223013075,-1.0435250635428648,-1.1303302093143408,-0.7357769711989349,-0.9125216788268372,-1.7168369204309597,-0.8446076728060565,-0.6926266337082903,0.32261382478152834,0.19291890414033955,-0.3405832039287409,2.0478215351101885,-2.222273810079498,-0.9898486348199786,2.0619121812524566,0.20463591868644584,-0.3393618794056963,-1.4913511473434702
sample_652,0.816013975955353,-1.0509642575637301,1.4532147128875863,2.0773692073722083,0.37157631390677887,0.11470690487133815,0.8572136358563927,-1.0000272064252616,-1.2331078213769673,1.5496802260418523,-0.4123567767625681,1.3001033953851953,-0.7395439943321179,0.10038017537015813,0.5500365443479975,0.6173067237639729,-1.70878615326794,-0.7651552298008324,-1.0345179495340329,0.6878822950786866,0.5148671981620796,1.7693945525657042,0.8192304951063016,0.23758150682256707,0.9134035466431789,-0.6196528171795243,-0.2633805671458975,-0.9586914989027423,-1.0743574326226095,-0.2340741082295462,1.476510865974208,-0.7303369724520258,-0.2612235929340838,0.42194584207455305,-1.7028969618839034,0.6677647673246521,1.050593212163572,-0.8060051844595519,-0.3200262729595577,-0.9486144407998677,-0.49849295522334924,1.0626305952727113,-0.9498540532431123,1.6461383720364458,-1.5188284597078223,0.44116734681206465,-0.12329650062273312,0.18046439569423756,1.7498551875700026,0.7643293871681206
sample_653,-0.508635362415757,-0.6824669996960014,-1.2583699931861785,-0.10964226035153225,-0.2819746528712891,0.23354258732835154,0.8059941329934817,-0.94985041641056,-1.276581424989468,-1.029954853704663,1.1368240350740864,0.002172461349165066,-1.3143527892319273,0.5649633570684806,0.6666124851216741,-0.5548097140467595,0.8286515475787087,-0.5413935761713985,-0.7343409208145703,0.17523449689653772,0.4791666820932055,-0.6675810877289764,1.0889219331542632,0.1012067361511874,-0.42566316836161894,-0.0005075301341835173,-1.8000245674856095,-0.3115422528432781,1.9224811918527336,-0.2894443936070695,0.6821640052452235,0.5021752270643352,1.4014746438235914,-0.8716355110399369,0.7966915362248005,-1.7928512275827384,0.2542864933705739,0.6420297096536571,-0.6922544967224397,-0.9912422520409028,0.8103373256179774,-0.045337550722284195,-0.5062655204822686,-0.8309416261179795,1.2531785865379084,-1.1447903043862073,0.5370212705773519,1.1895446626732846,0.19170427861106504,-0.85707114963102
sample_654,-0.1464560200644557,-0.2702318562902152,2.348246200377872,-0.4238200287984445,1.5589833704862894,-0.16947795091315526,0.5079347781948488,-0.9824252746251372,0.23223872422633934,-0.019020355480971255,-0.21778474079449228,-0.45540748830873756,0.22611341606523094,0.41986463055733203,0.8620391329965815,0.9586157037836623,1.825968751980698,-0.5027692579588274,-0.3053891530853734,0.9266077720694393,-0.13870173765290228,1.5314007748374734,-0.7195561391616168,-0.3005354612299133,-1.6954328713547508,0.3503971095625379,0.08552357919301232,0.8462496700223497,-0.5837151608463894,1.3559919073674205,-1.8138472128383831,-1.4750967427227082,-0.36062690829723637,-0.6896317786243361,2.416388210319047,-1.4594510442226944,0.5687836205172916,-0.70067585709072,0.4657320208437054,-1.8554740522986353,0.5609554032220732,1.3887465975980737,-0.8191533463361851,-0.572627592833543,-0.05928799343441239,-1.1311619199261231,-1.5656041969353343,-0.15664747940330187,-0.24010170282831816,-1.469053837660126
sample_655,0.08540270135719821,-0.7683421062790087,1.4604652404931857,-0.8541111459825445,-1.9401574047364176,0.8697336915067939,-1.8080167898358934,-1.8194761557751213,0.842100956724962,0.09038910144888622,1.274286048791964,-0.6941449101640946,1.3443446538529817,0.5163552375128213,-0.16965808721894707,0.48469503131191166,-0.20789336212997672,-0.830609057749706,-1.663954104620635,-0.18448784533250515,-0.851825019918486,0.03840879445594023,0.9191556619017397,-1.1502923579559223,-0.06696661095237763,2.105248514815039,-0.704613384652012,1.5827348880441943,0.08717063747688499,-1.6439225629588041,-1.0424267782031353,-1.7775300206824278,-1.0695612544246096,0.2192758008567957,0.043813095385323936,1.33953560821038,-0.19274841928720976,-1.360681254426498,0.6776703808503229,-2.0200031529029085,0.18923420516433756,1.0917849958661092,-0.76601935993755,-0.08116015593725379,-1.5998175914244774,-0.25587519577401696,-0.17575604366758202,1.033176498464927,0.17526330277375549,0.7589076646707903
sample_656,-0.9218200683729121,1.597253475231247,-1.3243388311667081,-1.7602322023157995,-0.46576846618743417,0.20082106631431357,-0.6513605355291413,0.344526109076449,-1.2963454041697733,-0.8611134949176684,-1.9833770646094044,0.9678819204488789,-0.5868886691376035,-1.097143657781537,-0.009570859488230266,1.1934687129821113,1.674834793151189,0.07839399279410188,-0.18727726098480307,0.12465646570796045,1.6244240126522698,-0.7728053208936284,-0.03388929384460704,1.3168833589528768,-1.768185581195832,-0.056640827686248924,-0.4642314364973382,-0.5587625964005504,0.9926630715316747,0.7860467871666375,0.31999779999043065,-0.05916193446929303,0.3876142097422354,0.8208280610923894,1.0667919403911013,-0.2577732022232487,0.1961351652700963,0.39338344028875094,0.5636455907976738,-1.3969957979724106,-0.7802857891182161,-1.083259471664704,0.3695559976018952,0.12234898023191454,-0.05679832617077963,-0.39202188576276037,-1.007124349429576,0.5782443123149903,-0.1175974253952239,0.9254032233115422
sample_657,-0.21140014007891084,0.9442367731820706,-1.6040636026776194,0.031657650583847695,-0.2421900808681111,1.892227113380557,-2.079669079979452,0.6088837542452955,0.4219922417977606,1.0975980638757004,0.3245921249687074,-0.2797527442551912,-0.08702463654787036,-0.379164210660366,0.04924114243398651,-0.09837924442384897,-0.1696039870218862,-0.34103282556669495,-0.07571262968135231,0.19605925753992404,-1.108640062245057,1.3701275165201352,1.3533352866971073,-0.9585190126467876,-0.32432893740100804,-0.4559819236373188,0.5444339770699345,-2.2120283133420444,-0.9801154229917151,0.12112639151221033,0.1740166622405294,0.24352292541283163,-0.7124731969726141,0.12483673688964521,0.035726510957471244,-0.053004715609726444,0.18596398078006357,0.12908612545880344,-0.41135691509316835,-0.24478030308307147,-0.6349355569031172,0.1453661810661724,-1.9297402899625324,-0.9856940316967785,-0.16249455506822932,0.24947470165391203,1.5826256234805003,-0.28733302283170614,-0.2785481968515711,0.6054725360968534
sample_658,-0.4582770387953586,-0.23768029380421002,0.32332441790688765,0.21763048857627795,-1.832685290236131,-0.25858708758281845,1.0932597629140106,0.2625484800654266,0.6401767494768926,0.07258196265808085,2.164057124708912,-1.263969600008647,-1.407648452407268,1.237979043091237,-1.0431987682580828,0.8690203511828792,1.3202741479126132,0.43271163971862303,0.7164015323999883,0.9202766796371296,1.1118333261459987,1.7015937159902255,-0.26975436694654775,-0.21091097664217415,-0.2147630824668007,-2.0757686858540456,-1.5171554221848818,1.3011408703874823,-0.16011867073317487,-1.46101091099658,0.46910938649514605,1.0927636304702855,-0.28615719864979483,0.0038075955417351255,-1.0098094175258914,0.07893168575805412,-0.6527750278957988,-1.2060245283260975,-0.09963280281849714,-0.18922761964793242,0.495728524884156,-2.2870656210631393,-0.43818252060725343,1.3652059612789569,0.34729748899322566,-0.20296538783899923,-0.4927490399986109,0.22444651885214226,1.8153275311169756,1.1209306841520186
sample_659,-0.047284735497902394,-0.7199896721208223,0.0011865349114064893,-0.9076549303222552,0.49217042185962995,0.07050958690707952,0.7470314568703804,-0.2942633160940779,1.3832474726657715,-0.7314121300335618,1.7355428557723596,-0.9896011772490406,-2.475664562704141,-2.4546315080962002,-1.1925176289068102,-1.0131770681200063,1.5115189095090258,-0.8649112756424555,0.5976757823742195,-0.5604499967622838,1.8675696050520187,-1.1975409811132625,0.12330530489002489,0.819346792663279,-1.4180701906844633,2.4446725776463945,0.8102923169471852,0.3035936226463125,0.15068089498696707,0.50145765852206,-0.880452571913845,0.269560610359245,-0.3866771154807099,1.214931114659453,0.40115670439806206,-0.3975162112465799,1.5579610670288155,-0.40511234043018457,0.42673175013054565,-0.9529773893960547,-0.37620570041972734,-0.8634522183543283,-0.12409738122947284,0.7462848995521991,0.11495930427860909,-0.03878749384461542,-0.1458388304360806,2.38049317036509,-0.17615702456036328,-0.9712097563818355
sample_660,0.3233937430671167,1.1123458435513163,0.1785772040519476,-0.2187158942742018,0.1204589150730144,-1.6882219059918853,0.5887362993184896,0.21223735357361354,-0.07700646477134532,1.085102031782054,-1.6091473261874123,-0.7982242625709931,0.2329068536228034,-0.4359218251098174,0.4456465434884796,0.7201840087360695,-0.8709577530084567,0.5737791327611587,1.6633576142295863,0.229056605372499,1.3304498477644862,-0.3925350004286447,-1.624971802861051,-0.7526810593629583,0.6778217593064285,-1.2558376639516544,2.9156915054420662,-0.24175193932382738,-2.4582544019029764,-1.1690741398900164,-0.030167218466918912,1.4195846226272295,0.6234116097644092,0.3647860846089139,0.38550182422471235,-0.3957128525398448,-0.6046256794483659,-1.685572573962445,-0.22785193018148972,0.29362859109432865,0.815714451981945,0.30479966550096643,-1.8423891106836487,-0.18338997631270895,0.711271488298689,-0.6472750508181281,-0.7496626310395679,0.6909513078865386,0.6049951279206673,0.06664001308928666
sample_661,0.44104520354864424,1.9808485571520178,0.5952299876727793,0.13815707367161886,-0.2225387560576775,2.2065936532944734,1.1533940846362216,0.7992818259600081,-0.15388052441505617,-1.473718610414855,-0.8005413385828607,0.1655834171272599,2.6901662649602307,0.84839934136833,-1.2241584041260996,0.07030596654399092,1.0304010398262555,-1.0882540721232477,0.4505589694511124,-2.628201972218989,1.2512849184193253,0.6676235128985707,-0.07226437661922949,-0.6265209156569729,1.0459206196363129,0.6546635224258828,1.5653416068048256,-0.10617886562658495,-0.2582072531362574,-0.0027966584146901664,-1.3097080776940673,-0.07141445410445017,-1.7550408764733412,1.744217520193067,-1.1306127882992347,1.1802574211897978,-0.589696655488675,0.8232840240225029,0.807436499564679,-0.058622714563288346,1.036534091267156,-0.7869491463696487,0.6037601386087159,-0.5226740391343959,-1.0532354537209014,-0.9862811456626085,1.1553779354450107,0.008633754644263412,-0.6910154182726985,0.5304807437237428
sample_662,-0.46935198491607677,-0.5175026789220246,0.6808866111729028,-0.2158837040417711,-1.3872568593300345,0.044790165756252914,-1.465083232562707,0.013923965678155672,-1.635811666684952,-0.12173887301286544,1.6041944854591814,0.562543727425649,-1.2003812901561315,-1.0826190388193164,-0.25438331388479646,-0.7862344159126733,0.49127577107429543,0.2990020220711052,0.3160639872983675,1.7526775517823712,-0.3841235281844355,-0.4252924368939229,0.8182291986609589,-0.06269053353733921,0.2513813051025244,-0.8877516474557755,-2.46812199481048,-1.126648111553718,-0.9328378772394145,2.100472585732619,-0.25968968097638606,0.26120860507550797,1.755777436158711,0.8876576465302796,-0.03442487865767518,-1.0387845723245337,-0.5898640938968491,-0.06047238112901733,1.0016811380690724,0.04159738134535071,0.22680356011806097,0.12327143603428826,0.12734883180352727,-0.35515267267813155,0.17167202689401198,-0.6169675998852806,1.6523942859887824,0.5397895948532785,0.5092879355978053,-0.2538990942325182
sample_663,0.8565717817806218,-0.976368503430904,0.3140741286560938,-0.7189961740976872,-0.012239695161491287,0.4669342354253192,-1.2965911421182374,1.989403301786366,-1.4078564037072738,0.0875480112963887,-0.8058770608770756,0.9221744675499131,1.9952876054837934,0.14491582752586765,0.8509589148418624,-0.25876583280458,0.5628946858152792,-0.49281516112231527,0.037949332785627794,-0.13781132074068334,-0.4827179621178323,0.657083783198663,-0.22171548316805995,0.481347827928108,-1.0815804223847993,1.120575444678367,0.9086826006219498,-1.05210923713519,0.3156623103970775,0.6633158650294616,-0.2966387855183602,0.4791528226315557,-1.2690454356652663,-0.6438544960564038,0.4032805991182977,-0.6327299793326282,0.5461484218128752,-0.3583834072380451,0.43155440732814687,-1.5648928611183912,-0.09489367118341732,0.0922964121817426,1.6837929792146928,1.5733695429153782,1.865965178327287,0.7640097971819245,0.5639395241077548,-0.6439105431601516,-0.7503096227033698,-0.6549303185338301
sample_664,1.1205066212209023,0.8105285177618541,0.8668251977170536,-0.031488374533827405,0.7003170370486534,-0.6577230297366596,0.9598538552214927,-0.8713123826830722,0.07379658288180738,0.8004073787433638,-1.6162920248562695,-1.5390979310120227,-0.23581145990753227,0.3389482798242587,-0.14059445750858537,-0.6532981004620816,0.6130075481992596,0.3896722033915799,-1.0705187017937172,-1.0804726164427672,-0.23879790391485306,-0.8834372465290552,-0.24576344358704844,0.4823177526504997,-0.3830091128039083,0.618746892609404,1.403509745033142,0.8336363238852081,0.4058395045322799,-0.45194379893932707,-1.2983236624166719,-0.9228303328874047,0.1691396044988211,0.05251045483607112,0.15386886912464204,-1.694635122999928,-0.9997130943057052,-0.48764928246639133,0.5449576628811684,-0.30490147901814596,-0.37848073629490087,-2.0657040777020863,0.5681265427629096,0.5522766553427664,-0.9781391327936254,0.7380352927749033,-1.7305264440459924,1.193751314347335,-0.5060080025964026,-0.01090532802619324
sample_665,-0.5523596937764408,-0.702439982021041,-0.5748750969934642,0.30028463389324905,-0.23034984700919733,1.2250174317169957,1.1244840880125075,-0.1171486930990828,-1.149291358295133,-2.037403126672302,-0.18574337853752307,0.5321669713423257,-0.732338759307784,0.08762374825839928,0.4194610289379869,0.3675827301329898,-0.54400576769314,0.44842614280953985,-0.3748583630764835,-0.21485560104964388,0.29036075299277386,-1.1768375463868972,0.5739232731028844,0.01260521705434354,-0.6868934679013717,0.3440435106788773,0.09427416960951346,0.5963371968055635,0.3970571791554637,0.7897420769802506,-0.15307229156109292,0.45196020091400974,-2.9229183514038226,-0.8814541520892639,-0.4307054249501231,1.7604350872235743,1.1920913573146141,-0.09846131555774214,-2.123779652031466,-0.17404269122376584,0.977407558625955,0.2319025904456562,0.2179476830982045,0.8273518553007242,-1.2268006040541777,-0.8706196471811778,-1.9842754108533704,0.0934570152430023,0.5466891737376763,2.4194738616663174
sample_666,-1.7490639746126506,0.40712619604211564,2.0972982877980515,-0.5665322284507528,0.3628486703562596,2.5401343588418452,-1.193873761040915,0.09196190391052984,0.5371275502602274,-0.523986299805886,1.2115585860978182,-0.9073185820179295,-1.3357586667355164,0.4100572309019626,1.5951763526522482,1.0273829350368644,-1.666011374357312,1.3645404256165545,1.2323658977775094,0.13601449556439188,0.5888791569762669,-0.9921243613106363,-1.9783918319011673,-0.57519741283231,-0.6886965321962085,0.4545164701772165,-0.7253551157120187,0.3424264060726005,0.16218003005420234,1.1881067954788227,-0.551640148725274,0.9975029235977646,0.6745972846828298,-0.34387469809596455,0.06005247226050104,0.49379385501349915,-0.6685845718532566,0.8105291698955778,0.9023670103033148,-0.934800824714938,0.7820244016905873,0.39848979031386333,-0.16616395433341802,-0.9946454735601428,-0.41986482325135915,-0.28924956110230743,1.149847980509615,0.10578326378860317,0.10475610693480558,-0.5608964808469571
sample_667,-0.8683258398273508,0.5230824649699007,0.9005486991168398,-1.0557629766457792,-2.0023913822196953,0.8507529712500137,-0.4410491887712026,-1.2615010827224176,1.582150229784275,-1.1790961751154507,0.1443862985469513,1.4151038753412553,0.4710644683182917,0.1481293593295442,0.7392266140116505,0.2919092441669154,0.29434767884037594,-0.10044074796721807,0.3960251076896521,0.038263790588052314,1.0104477452840273,-0.016388948059369843,-0.1446160040107059,-0.31928777815471376,-1.5710884817001356,0.05035362155057001,-1.1878135380214094,1.5542461802321514,-1.2526983210621256,1.0284210631901731,0.9953421289902836,-0.8844123671297279,-0.012499320744614,0.027993055314566487,-0.08448527644578707,0.7290305742442763,-0.5416756601228624,-1.3054717401159268,1.2412185640606177,-1.8400369571754651,0.17778282294849687,-1.457412448245087,1.1961990395982771,-0.15514376580160655,-1.4776334116757717,-1.2701914736650015,0.0519482118762775,-0.3592901956663027,0.5543174016562004,1.0069304212327008
sample_668,-1.8409120372322532,-0.1611470512500666,0.45359987988370154,-1.6167504698938828,-1.118339184622595,1.46422376725311,0.869497628655159,-0.03747780042051335,0.254924806140513,-0.15569688956963837,1.0787274264931865,-0.5071292173379156,-0.8258395684661323,0.7433960200110558,0.2791171052862673,-0.3373208131733324,-1.3437388570377031,-0.4142583043704837,-0.32634880723166415,-0.10463869475791761,0.6157605836827965,-0.33758104930703264,-0.7312577663584003,-0.7997379226332744,0.9185997576682179,0.7037622336781868,0.927021727523887,0.4961891749910053,0.18779266777652873,0.4866783932729926,0.21597843526005198,-0.28879380423796164,0.7464812495234271,1.1972187179716027,-1.1682187380185471,-0.6160856886402427,2.098340711914496,-0.5344033973904126,-0.6011993788353586,0.5102868306611521,-0.289927553395424,0.7857330856822277,0.43938331979612155,-1.9505652271013776,-1.131745788783711,1.5031547711724222,-1.537809554984154,1.0501782314588246,0.14148266119374586,1.4030672118969865
sample_669,-0.059795323704321855,-0.4807834879057918,0.5195098262539871,1.1247543875789856,-1.9858701730322992,-1.3392159104173245,-0.3718640549269246,-0.9284030309283309,1.846702624035637,-0.524929947987564,-1.3697013714519894,0.666714310341001,0.1540934377849855,0.46491044108575325,-1.6427920035582089,0.7387541799295535,1.6445022466241335,-0.6045231250824841,-0.06520937244319445,0.8184364075567044,1.3599153659270964,-0.35785283375544924,-0.6796157377079945,-0.5570612230436687,0.08072278305942622,0.2121778014259568,1.009806029407189,-1.3886614750188688,-0.6195363457855834,0.8118722588342544,-0.6253298956787995,1.0512381178486203,1.1698426901864891,0.8630768989970402,0.06749299728684868,0.2088205413526126,-0.9688981366363939,-1.8931759516144764,-0.1797112197817783,1.6219727411729798,0.6802910681133109,-0.7678075702772109,-1.4469028402285669,0.33264313774962345,0.1687801236106985,2.1206777764414406,1.225394747921963,-0.8970518504671907,-1.4439252836584509,0.13857245276822108
sample_670,-0.7537832264358575,-0.684865589173335,0.8862927510941739,-1.3206983975781048,0.29163337448340426,-1.873189102449174,-0.7536956069542557,0.21315185458560126,1.15192836178435,1.1724003275828825,0.6663400808271115,-1.0687174796222445,-0.23992796750631099,-2.7396840311979584,0.27552479617394304,0.03451188152110856,-1.8431384969826485,0.46831709890915935,0.6334017792166385,-0.8812188256748712,-0.918453608832887,-0.47974058740087594,-0.6675521065150365,0.8895441979447004,-0.7719033492333947,-0.3185624144760699,1.7402944271000895,1.1140704267379498,-0.6075402185944943,-0.39642617153385984,-0.1640919332617475,-1.477425915019939,0.277353898471757,-1.4735735923137308,-0.2049142165556926,-1.3345464017604571,0.1665707902203705,0.23057299630951295,0.9339402828265039,-0.2996534696825578,-0.28256441546488875,-0.33853582194526916,0.2354437055328465,-0.05170586269931905,-1.1052640816264994,0.5666717947988388,-0.038271670711750715,0.06344929332600284,1.1491173218447255,1.9292096390468898
sample_671,0.7775950027357338,-0.29591052137199797,1.0421177455044914,0.4360912013328818,0.5296809233874537,-0.834996942762682,0.06056274160281731,-1.2765771658903236,-1.119401067235352,1.7497578523091393,0.6743922830640384,1.8953393246857275,-1.283517519647199,0.12889049782265108,-0.6818869208399506,0.5273469949472334,-1.3205671298925978,-1.5665976353703448,0.028804670086377875,1.0769574419509882,0.6090857084386191,-0.7918427689900345,-0.2547992757410988,0.3467896952757757,0.25011756386549033,-0.9610005005279195,1.854155905430192,-1.0682538441427565,0.1257366114190067,0.5542615078554157,0.21937675228191403,-0.2998509361800264,-0.5280270442288295,1.511340628300148,0.6391378222922731,0.6991397088638948,0.2245050860777154,-0.49435124910757455,-0.4999285048392727,0.054058334005993136,2.038867289668035,0.28340044778091084,0.6606823130235217,-0.4491677343963962,-0.6793313660450477,0.31167084662183553,-0.39118189980961665,0.8798472970199243,-1.3958663028780376,-0.10601714132512888
sample_672,-1.2088981862001786,-1.1032266493952192,0.016144586570011648,0.42601558047023125,2.4787126114754154,-2.0517146942692923,0.15166063292128507,0.0008211332027190717,0.30684923288109733,-0.43788425971117895,0.6401441828875252,0.3158470977300832,2.4054230664828773,-0.9186237924425733,0.3405678446059384,1.1899756470280891,-0.7389420249622838,-1.1962516171268747,-0.7849456446252042,-0.6779945750298193,0.44226160109125084,-2.345030118575716,-1.7456869926247722,-0.20160667172313623,0.43189214542270554,-1.0401991205290126,-0.03265146668935255,-0.4732626585466165,-0.8096406673976364,0.9428214095088536,0.029472532721049965,-0.05877091917130021,0.038014250081931066,-0.32909849528903196,0.5444573555896169,-0.18335997708735308,1.1373819379534535,-1.6590371507623802,-1.0649549470813993,0.5712524152919126,0.26807981505524475,1.1454886128763304,1.4529700933229999,0.48113876776908454,0.166232073619538,-1.2974343878476067,0.4203946995617661,-0.5407807782453219,-0.4322957247716732,0.03896352052389192
sample_673,-1.5408499530036388,0.5109040958054021,-2.742935744864481,-1.7222995490529525,-2.6090278463147265,-0.02361101424032889,0.6395657230907862,1.0772116669762692,0.006768098840784717,-2.6893806158199536,-0.6114408440608108,1.485482691009076,0.25483462338299734,0.5545070994382412,-0.11866940266240747,-0.7299407038753053,-2.2711987355861702,-2.6783913999405846,2.650628735762336,-1.3426886312906088,0.5977800786875266,-0.13724036303323955,0.013372219370851078,0.8248267286139127,-1.0916167810203095,-1.4550390684457568,-0.45827944169887663,-0.7090494999379913,-0.15174671839862514,0.05317431925369518,-0.4674481721446852,0.09093677829216686,1.3356303654065358,0.4475925680910879,2.005579498998508,0.13374296430780025,1.109828186395175,-0.1304116137684124,0.34705228314075387,0.604341002981317,0.4075845643075922,-1.5125073612006361,1.8585214353012414,-0.8247130650184631,1.802472900698902,1.740265960608566,-0.48775396792595077,-0.9263691254577152,1.0339442979252575,0.4015322365994825
sample_674,-0.2750057579058589,-1.5194793743960204,0.19949261415767428,1.1380656414383798,-1.3818871592015733,1.4022633041273205,-0.04912996775715224,0.9269567838203626,-1.1804569026642315,-1.3799344471822892,-1.3664072765992492,-0.27615252549794556,-1.6141311419078628,-1.6438418274215376,-0.18693937279086661,1.1493472680429766,0.04763873061442786,-0.43063625918110365,-0.3183750591426292,0.5298457792939171,-0.8707674986849008,-0.03740371001748059,-0.9259501186575508,1.519073097185597,-0.6032447499830661,-0.4119672127872523,-0.2656132646369811,0.46433870888012224,0.8891270749324319,-0.27013680564496684,0.9642914718548592,1.8522989509045853,-0.3139360919468922,0.03685662163767245,-0.3652685392003936,1.0088815136669522,-0.5205977268814288,0.182553732314673,0.25503483952440176,-1.3819047875191084,-0.5781445826948355,0.9828123220931428,-1.344651796546885,0.8366166864464822,0.41291430118363787,-0.5261682946833004,-1.1069526951197188,-0.6398455986594864,0.4673309508979446,0.5909862960485565
sample_675,-1.6815154003411676,0.12672111425548324,0.09254943004852392,0.6729829160368097,1.797844929879901,-0.4638816074434156,-0.5752955828846965,0.31274933277459765,-0.7459885983449235,-0.8691310541797753,-0.5241589790489206,-0.36437805065023476,0.5377279030468829,-0.6201425306535856,2.4320014694959786,1.2096300476867807,1.5398541306991615,-0.11138109763031956,-0.4591734391132128,0.35623802653839426,0.6713607051079216,1.3669257898728309,0.12409698926586278,-0.20680317715199578,-0.6375626954884388,-0.5899920696026618,-0.43413488462428756,-0.9962354324122457,1.4292734902318749,-0.3581685906717501,0.1284450238584778,0.39700774815156276,-0.1188937992815936,-0.4646440447071401,0.5020227515112098,-1.1186149413381454,-1.4092037642839932,-0.7092078514050704,-0.8240871611324305,0.22545595722475492,-0.5624340396309876,1.564003739135253,-0.26714873603438,-0.6734548923775907,-0.18505301827149095,1.104490074816517,0.8746328321035384,-1.4085766070276846,-1.2172663926981817,0.6837749350846345
sample_676,-0.6468723096334806,-1.4116180835642105,-1.2051686658774372,-2.487650230995608,1.1098589010405127,-0.5831199512663485,-0.22446443807445562,1.4026447776328546,1.0528570502673391,-1.5296436603912031,-0.0493004358084935,-0.012909542106482604,-0.12366410111062456,-0.5672730226408484,-0.10237005120245797,0.1946971727416379,-0.8001809564230019,0.26442315324864824,-0.4962748471254609,-0.47402725984534316,-1.9537997350528176,1.3443552785846251,-0.14442586842015168,1.4032114352972433,0.5831572174469651,1.0263018828100692,0.2632417451770437,0.7318486247643016,1.4175982876869373,-0.37865027261986944,-0.2760893466181799,-0.04575542961699687,0.83801591005109,-1.3911185726169286,-0.18515542307826838,0.4497107836979271,-0.45073602641382116,1.8112981614036192,-0.3490127868876969,0.8557387243401062,-0.6044159899194645,-0.23222838740768742,-0.47256199319237574,1.3831470019654526,-0.2715983435070456,0.39079000981404205,0.26081612970148543,0.8007348154132429,0.5571912242005564,-3.0593252479073567
sample_677,-0.0003106932628089556,0.8058092005696271,-0.7910760103097958,-0.609596546834911,0.7153988281824358,2.4266527406489966,0.34603944800953496,0.6581359612795258,0.5543089673053643,0.6066461451811999,0.12010460282036821,-0.7254092516546391,-0.2968956674840131,1.2710255399241315,0.022612304011226794,-0.09084081590917144,0.9126977652407533,2.9464403466334663,0.8746334901978641,-0.15155069588769407,-0.31026772590540186,-0.4462591447047039,-1.7689939791590614,1.2757991818673808,0.3962824186362436,-2.8381216556823694,-0.35473161883689097,0.6292767938340974,0.024039861868841692,1.3992451926677043,-0.8329833395441811,-0.8172216360135843,-0.11910344363512654,1.407872856996523,-0.017229830766129987,-0.151051640997452,-0.9096472275461863,-0.04639695643158303,-0.8194885367570807,0.2984355083362955,1.681693947434732,-0.7944702245935502,-0.6093339747777936,0.7978850988428852,0.6488218090968683,2.7825501865975055,-0.8068141977532598,-0.5480312001130146,-0.8238148721638788,1.6825315809420045
sample_678,0.7002679795793988,0.47904577585741676,-2.214866554747939,-1.7793353122079256,1.2247334228149933,-0.3181729066485945,-2.6392301694118623,1.266234916758336,0.46727987949785343,-1.4983731623505947,0.6600362705581516,0.5941104557498313,-1.2791470635208677,0.9218377171517765,-0.6610252476261061,-0.763964744702068,1.5433095109101433,-0.15626593738860398,0.3580441371078992,0.2065508526943457,2.3909754195797253,0.48219260930923297,-0.26815606534865055,-0.3972977236843322,0.15820589253114112,0.8324545721098431,-1.1481522695819737,-1.7549519309573762,-0.49754177948643996,-1.0008577547191198,-0.027727634825653227,1.3686348436938778,-0.3897589742064636,1.1097686091007357,0.6452769422628902,-0.65589170323752,0.44939839690661265,-0.5919144018311833,-0.7497194499818408,-0.7790803604822918,0.45298080771201055,-1.2617066508319617,0.4595619663798696,-0.43484353567303013,-1.770006009478837,0.9828299659132299,0.6129099461528502,-0.5651377463986177,0.7285007215345868,0.5896077419936455
sample_679,0.4245844881710343,-0.7152906225401153,0.2803790863006867,1.286064909445658,-0.5143617562117937,-0.15423838944466622,-0.02740507120556125,-1.4979389331885764,1.3110628466842813,0.14069829341662646,-0.9882482419637609,-0.5591185215608613,1.2263414548170077,-0.9891740810197138,0.21652428469046994,0.27214742883529663,-1.1431478847466936,0.3211969916384395,0.5826568720093042,-0.20486419883254112,0.7879279410204026,-0.06448112452784333,-0.531384909548561,0.22248961512736548,-0.3825399293124684,-2.731706665338993,0.2557632148511917,0.29538694051247016,-1.4227488030821196,0.55155913973996,-0.9709328530218525,0.5969914265502011,-1.339978514337289,-0.521675087317171,0.5577584867936685,2.135605143816216,1.4534233598597914,1.0629676087873143,1.1043034596160601,1.9113923998384263,1.0650808878098603,-0.6235727308316426,-0.9801690347864445,0.25362120641254765,-0.9393654700952152,0.10840483824837872,-1.8945268678639575,0.4209571300345903,-0.7455374221743015,0.5721247038793605
sample_680,-0.8958773713419036,-0.318832950118224,0.23828543056064114,-0.2081292647978376,1.6411279115287845,2.3984056536966882,-1.2310043199735405,-0.6940243335028398,1.2513862025368367,-1.0152251108236325,-0.7390363224454904,-0.10933699861963364,1.3183479782256298,0.3736678710751922,0.6913403136228493,0.9311042605455309,-0.45900079409960126,0.639384587864584,0.7366344008783715,0.15218884070870728,0.13548365608072813,-0.446041388769484,-0.7690873500721243,-0.5020679955234416,-0.46650717739100883,1.7650039020549604,-1.4022013517775387,1.9056693646557754,-1.4499344820033213,-1.0386177151509304,-0.9610150421233593,-0.48342429316767876,-0.5916783884609111,1.0075846047200925,-0.4879977005723726,-0.1902688740650074,-0.9018855522474916,0.03297429717639009,0.14282026439877685,-0.6790901039400338,-2.6280572311883073,-1.2354238299706477,0.051647073147754644,0.34966263588353697,1.073349754533125,-1.4212870745453228,2.7201256829508993,0.5091633827512907,0.14857098642219976,-1.1299044344218332
sample_681,0.18783243537858604,0.8872981761381245,-2.1454610276025528,-0.21391936155358912,0.13865455453064887,-0.5639653375333926,0.8728036075729939,-1.244360478037839,-0.10367645274975416,-0.24689637551470617,0.3215070114757716,-0.19657330274621718,-0.5791045333650112,1.6175481757430152,-0.7463280773600379,0.07805425415682726,-0.26339892615256844,-0.0309743069894847,-1.0710007373044546,1.5333804279209013,0.3260936131566921,-0.52514577777588,-0.30153501255868326,-0.3043713561999598,0.10459160987018372,-0.4166092218255185,-0.9320359712701353,-0.32369054473998354,1.6968345566570007,-0.9276834037260213,1.0959619006750845,-0.6742886703206253,-0.43476357955981587,0.43272986914307726,1.4876978814081991,-0.09735848703493756,0.3941320568585334,-2.219734296239797,0.14810146009825703,-0.19549427784016613,-1.1573676798008816,2.240205717285243,1.237462429308251,1.2993203002195866,-0.8222320222994401,0.35955278484365266,-0.6518052005089265,1.2561186356176377,0.45125782008142135,1.7910145586344661
sample_682,1.2477424573226457,0.553037209918257,0.8998688006994479,0.34375229649768835,2.0934918017753956,0.23084162785201714,-1.2648823389845727,2.4078722354972424,0.939314507458512,-0.042159515065439,0.12939290231846076,1.237562218518215,0.14044842002753624,1.4676771216569584,-0.8183218309775958,-2.4007901539577228,-0.26953845148540057,-0.12659599523649506,0.24022775980240557,0.45163369895169075,-0.9633766632504831,-0.127286132243341,-1.5515958435343118,1.731997124253135,0.6530110756874188,-0.7972089037335498,-2.1798369511032205,0.029084077417726045,-0.01200933895639439,-1.1807346279600301,-1.678137756100503,0.8220965967800394,1.788239131121344,0.7477346411422979,-0.7494220550373483,-0.1708854803903913,0.13972747592649395,-1.278591158278209,0.12684956246303997,-0.779531444327599,-0.1270781351327122,1.5436384506746383,0.5581796561010112,0.6290841067109638,0.8152499043395212,-0.37468791957994374,-1.483955361474099,0.3920887154142036,0.28403804289354184,-0.03960255332058296
sample_683,0.7747595536780033,-1.5626791609048356,0.15709157807594593,-0.8388921035062897,1.153557971949479,-0.5684940906852338,1.467037348734707,1.0014288696153466,-1.4203297255465819,0.2490173083507048,-0.028505191689207468,0.8559296663384588,0.1712305048752166,1.7034171613161324,-2.0452560455852393,1.6605957421403177,-0.33148199830365493,0.11759932896785152,0.32172616598537856,-0.31341799473709064,0.12018411172805625,0.3351796202726828,-0.8155908607695562,0.25231895431900525,0.955326380284874,-2.384708252459686,0.6382278089795296,-0.6332525584109521,-1.1821649421052374,-0.10912252228333359,-0.9469941425120494,-0.7639223280911795,-0.8382077772534635,0.70046035110195,1.7972716446534998,-0.332429912202149,0.2248656309953733,0.4266889495163187,1.8640617092042913,-0.07091676629056512,1.1487813961266682,0.14303329894394107,0.23157686978730013,-0.03347025464559819,1.967520297221304,-0.535142018258363,-1.2437438449672247,-1.4109471639803997,0.8530873898648758,1.6293423521690584
sample_684,0.22286168742988743,0.3161369590121483,-0.5159150286711927,-2.4266713787710605,0.05712533003362331,0.5232397280309425,0.7359105736736691,0.14752868853797366,-1.8026734932901207,-0.09080378688843758,-2.0051338360688336,1.715461493368747,-0.12207783586602364,0.5703057347002346,-0.46444481316024977,0.30976542645356814,0.33816961768566817,-0.1784907536537818,0.7042814970199449,0.7983131705537218,-0.4401095015127122,0.006006693824709235,-0.5460917337867097,-0.8845111778469169,-2.5423228737227896,-0.07469730960133888,0.8047234846347696,-0.957426162849473,0.16868475053004675,0.8524643642206841,-0.8472206557827031,-0.9799170183494602,-0.715456176533752,-0.49958759395981667,2.2614830374220563,0.4231891577563576,0.40600566711356084,0.9324687506709679,1.8417433348786296,-0.5521368197937409,-0.6473901086178574,-0.600175585266823,0.31323427829244754,-0.029910723789114715,-0.09745960241534404,0.6463496341594787,-0.17947327179869121,0.1525163800090842,0.3881736400886591,-1.0697625739575143
sample_685,1.0132990527419263,-0.7305246093744577,-0.2347157808479755,1.1486078749491135,0.8945425227050305,2.4554443595001527,-0.27929832950441336,0.3185241441802203,-0.434107110240591,1.3457723792989262,0.36592354902080004,0.5879244865422731,0.30890862301354594,0.400096642691964,0.3854850974518274,-2.0488138813290395,-0.7882877919254049,1.1534860448105255,-0.2241969528199573,-1.9567469074396022,0.08429598715302238,0.538652696578256,1.7800249187734403,-0.8113475169773336,0.6852555101038884,-2.2009870302872456,-0.8554410951622063,-0.08501522886989851,0.17422715015784054,-2.1854483679821857,-0.4951800918795359,-0.34063977564317616,-0.651292535274992,0.2631704591713471,0.6751285415204002,0.038875102750919856,-0.8132876136511704,0.8070585408787837,-0.8624250595080045,-0.6311166672737416,-0.43528964186790786,-0.22457362302587577,-0.6491719974673876,-0.7994718547696698,-0.5048279797893472,-1.5746675224279836,-0.2185534949402659,-0.49884214070252414,-1.3159769993966581,0.8139249527096398
sample_686,-0.5930811120426804,0.1386509209161718,-2.0300255160189438,0.8697184803335136,-0.9712537938039635,0.8457140284453166,0.06457353115380911,0.23986108177713442,0.8626828934920396,-2.6222009915444695,0.344386887982284,0.07751589623324687,-1.2587170152121554,-0.29638593057785634,-0.7666765391987871,1.6221846896018453,-0.8780789977096976,0.4744083745707544,-0.20058463553390918,0.48081638777633284,-0.6112959768561866,-0.15797367251597472,-0.3612498804145409,0.279277568342859,0.661858574330111,-0.22832572224940054,1.9940666688625777,0.27324204604354496,-0.3704501267623226,-1.4836007825925868,-0.47129456281014315,-2.4571766143959928,0.15901518680631194,-0.5532624452169944,0.01925895788864629,-1.4170017093476337,0.08171738747354233,-0.13859598521564728,0.49965996547071606,0.2654847642667005,0.0707045185338174,-0.282911294423672,-0.3412135838039473,0.07498739340115826,-1.2988342547234824,0.05107657370862493,0.7154845026389773,0.40439019251154995,0.5125556387910218,0.5803632770700279
sample_687,0.3499399782068321,0.7971575799658094,0.48196003972119944,-0.916410250082284,0.8284433958907637,-0.9648550130020117,0.7533278640685417,1.8837397748270535,1.2509031738639536,0.10182672867840793,0.2814703972577432,0.7706238397139554,0.6404742801512664,2.1921737758709336,-0.4027412856615486,-0.4902601135877341,0.7159103084095803,0.5191694863316104,-0.35249040833227524,-0.6295892671957268,0.5922405517275174,-0.1756878323752511,-0.411190699441903,0.3058758441264347,-0.4944728551243691,-0.9045817773186203,1.8913784594972438,1.5562665339777961,0.613812286768494,-0.30540392426871205,0.4060629773388301,0.21841820788020377,1.9350721151775276,-1.0886474917547613,-0.5270097280863292,0.37483402912721836,-1.9511216587627536,0.8523135225743899,0.06126229714909026,1.5472503477495243,-0.5436675081392316,-1.7073494055494753,-0.8601450622947209,0.4464225348558227,-1.7315822861174301,1.2202015446223184,1.8728066477931213,-1.3426732615721872,0.028574520942579503,0.6183806408391797
sample_688,0.33754062808436663,0.030247821660071048,0.8124713244927343,1.0607625257546387,-0.15284704769999716,0.22980616887109215,0.8269349104635292,-1.3103114080403961,-0.6175853369852509,0.30738795509688854,0.9372352133788836,-0.7989272556695522,-0.03853763489573725,0.7013772002656109,-0.22645719133545317,-0.16525457051416248,-1.2507780874284313,0.9074502818544153,-2.2716521590522465,-0.6421320835645983,-0.13790919938980029,-2.425925422347333,0.524442148603442,-0.7288526994837939,-0.8554555392494723,-1.394494843151071,1.1410212040992818,-1.7035992370937143,-0.0028772762245136514,1.2684695778162691,-0.4613511945093825,1.090112431428555,0.8829728461752506,-1.0626932126944386,-1.3695233695147708,1.3972268235757366,-0.14857941284221018,-1.101464245332786,-0.6523785136374961,-0.7715760123118888,0.7717731089344273,-0.49377408959024943,0.4274217554165077,0.7035085492736181,-0.5855093108728031,0.6268960590561091,0.7610759550468783,-1.390766151565561,0.5415049196192298,-0.5601601239721511
sample_689,0.40025039327660983,-0.0656716193656148,-0.5688491105524394,-1.2900445182834694,-0.2610457409865299,-0.9465282978884539,-0.5716162002903906,-1.0493445687239957,-1.3685318364246897,-0.7082596806244643,0.5695173797519316,2.275767514102932,-0.3396982071164923,0.33168502213388895,0.07779833126212438,-0.5510483473868324,1.385837283612636,-1.4608509077149978,-1.3651067194245297,1.5903218982435583,-1.497446314130308,-0.4437887867750366,-1.3090269548762326,-0.3546534956551316,0.527573574810353,0.04092061645559257,-1.7619820988984056,1.9404374676696632,0.3973796542310231,-0.9335548811477812,-0.9628789864352084,0.8163957842146792,1.7367225675074807,0.39971841735277186,0.21805834644780653,0.4563198641123374,-0.059943336961115035,2.7600560264050853,1.2142104560055151,-1.488336171350878,0.06866597774520665,-0.9873778278205846,-0.4154075604592893,1.1218400063954146,-0.025082344922921305,0.189821182691307,-0.36040124126558754,-0.7208576015921146,0.6577493221333134,0.1176669727798934
sample_690,-1.1141502653125175,-1.5551345150971807,2.6761770940126373,-1.2084042161685717,-0.5874429877022207,-0.11295663927071435,-0.3892842434817684,0.012518759660577866,0.2472799498728792,1.3172195774514601,-0.7792019256720725,-0.041446506707202686,-0.05580651824147897,1.038264374124414,0.16257309234538672,0.3376418214323329,-0.7183839077858761,0.9678942601761914,-1.1966805369298887,1.3628217984058255,-0.18810674091659893,0.2491470373282941,0.0762370990020813,-1.2787445822009622,-0.8490933122745215,-0.5017066616304977,0.7565112031705145,0.8252581509146834,-0.6217601174162849,0.3405808135400561,-0.485267713439146,1.0873565836959997,0.5847093138107622,0.6818104054703775,0.7405705418364128,0.2210347718586038,0.7089929037344518,0.1853002208731399,-1.7530097735857597,-0.4780869317208023,-2.377768367237775,-0.7465398576520872,0.9089341108191281,1.3100771035827719,0.26548032838616076,-1.6261410864579908,0.17555078313907477,1.6151504275409283,2.0751175229524828,0.5642489262167112
sample_691,1.084723409110186,-0.36567173314125,1.322461339563075,-0.09896905755730023,-0.015424340462553438,-0.5092432053173873,1.5578609892251578,-2.331972755200732,-1.0049265289446212,0.7950111058187384,0.21953959276916077,-0.6201535539255868,0.2960504046140166,1.1339540320227255,0.4388629575576319,1.9168358617957735,-0.07777400207392952,-1.1455878091109537,-0.2610841579476491,0.25461070475715153,0.4422807781696411,-0.4513635505800719,-1.0836732896973595,1.9856203610213021,-1.3720708057143394,1.4904820219182429,2.8231913651006613,0.7021338328282559,1.1320160753769097,-0.6727834175408709,0.7492499789285325,1.0937134578362326,-1.2736403841570134,-0.10716405813724765,-0.12365490844476822,0.18260187119087193,-0.6198671922463252,-0.44119620402909326,0.30146636917273906,-0.3042338271378013,-0.01412477542177279,-1.0254233147390857,0.8223637287940428,0.7538328409202172,1.089017165339496,0.9549588680535066,1.5162460378180997,0.05439111140583203,-0.0777465030557013,0.24672943186585658
sample_692,-0.6629884595181101,-0.36619602173704036,-0.6638006178293214,1.073540667272256,1.4564423495237753,-0.8442447911634964,0.49811967696490606,1.83350623030716,-2.3196593428378836,-0.8440900090901851,0.26761922723375636,-1.2388029298667265,-0.429196517416169,-0.1794010105360337,0.35665666775969757,-1.0396767034276004,0.009313713011330351,-0.08432233924143717,-0.9799235356343243,-0.8757439714145083,0.9071040428654673,1.495581169562072,0.7171641171709854,-1.2326361767949252,1.412115619852952,-0.5217654436524319,0.4030338666641807,0.5653989992457205,-1.2868597177390295,0.28403706185363153,-0.3992952555668501,1.8629528629455439,0.9316299872393601,0.6511322403049544,0.4538385354795976,1.3302937272606796,1.1519763194974986,0.3460651269914657,1.7266468787785179,0.05220948007161962,-0.5910556683911057,0.40284276093906785,-0.321731349288386,-0.8844067256353881,1.3761317537895748,-0.7216529982930229,-0.9172770746887285,0.08713366488992919,-0.35804309695521497,0.27106579531024216
sample_693,-0.729628821870419,1.2364773212976417,0.3101714511332895,0.7554416496696319,-0.08881516186102378,-0.1339825575992706,0.2812347935247737,0.5254413126595749,0.2038332388295395,-0.08841214022694974,-0.3894582498039471,-0.20601656537503552,-0.19989880332248472,-0.5029780369624856,-0.04463315834152002,-0.21427901259289475,0.2999963963102201,-0.20334659115233586,-0.16873657224347993,0.8002609986533077,-0.3918639624553622,0.9011225370436595,-0.3762069158480723,2.0058452308263846,-1.5070338119870175,-0.7510023101390615,-0.44053778257061027,-0.6980076744812693,-1.196524628788592,0.17007763364239425,0.8684291613564943,-0.5189712974584346,0.04639321830936013,0.002822846210569885,-0.9744398179950111,0.7873546509240319,-0.6190704729663192,-1.6006025552297773,0.11825016400596666,-0.060080169912901535,-1.1633197927021426,-0.06282375830371743,0.9798243331121158,0.15149096385713628,-0.4272759579982506,-0.6286458434867204,0.5333450378858544,-1.378176149689148,0.05443491486044467,0.14096612187357532
sample_694,0.7470471168247863,-0.0006230923430095843,-0.14382055694357151,0.0059740876199203185,0.7454059934254557,-1.1029333024255628,0.624211416260854,0.6666864365002904,0.11637580042657149,1.5969581411344713,-0.25281441533255095,0.44881646513480866,-0.384314351873847,-1.3096645258003508,1.0298215879437413,0.5066338953921045,1.2309627876399074,0.02273721958221673,1.319511480096054,-0.30998320994230677,-0.6552022908950148,1.2801522745406657,0.3115626349713569,-1.152424377466137,-1.1488414110371814,-1.7720044355647198,-1.4417620843957115,-0.1476481351664686,-0.5402596838642953,-0.3188281660853986,-0.7220489511856004,-1.2950705497348747,-1.4231032075581207,1.2772055334820984,-0.5459120645078512,-0.012645957406624723,0.7804670296765885,1.6669542390079255,0.02075201789869678,1.3077021984098085,0.9943660125915147,1.3274898446399095,0.7714689916194389,1.5100278778141893,-0.25994475070658263,-0.9150973400468799,0.06966734914140042,0.12117011019331679,2.0926376413513736,-0.25396578547854304
sample_695,-0.4386393910292669,0.5442518394239964,-0.8592339671761392,1.0351465664811523,0.16707258254391444,0.5936931168542122,0.9673569350264,-0.1709805997053821,0.8153913826277474,-1.9721645847727902,0.8652840781134649,-0.5629047804692926,-0.32911759745937014,0.5847903168013957,0.18853664121636513,-0.668048401686583,-1.1056385938732887,-1.1643878987701,0.2646223240476545,0.5027602412308123,-0.449760965663003,0.6386119740314922,0.055174352452218224,-0.6599005382254959,-1.3722819809388316,-1.911899841879701,0.7030535074001419,-0.033271360949051206,2.0624538385834232,1.4139591830130769,0.055114660956243934,0.17202948707911542,-0.4325741021943568,-1.0324019456347273,-0.22614430781352352,-0.5524978592298941,0.5170421183892236,-0.4764022451994191,-0.415916826887895,0.6802101813686521,0.5656968223161383,0.02992539323882504,-0.2319369294961419,0.8603576348469595,-1.7316478550352232,-0.18685142981538624,-2.1410589492730545,-2.532959378388094,0.6726439345681018,0.08320327128726739
sample_696,-1.3645530038936293,-0.5013275986438073,1.969790182650542,-0.6186896808669983,0.49821575351913217,-0.5166315624943463,0.5417335144565804,1.343569205579962,-0.4415416078323573,-0.1098299972381331,-1.136782819495214,0.38269380984089657,0.27591218451842,0.6478134559851498,0.45322215996618903,-0.24895281978365089,0.1278099670532672,-1.2950772386303653,-0.7117451041538475,-0.45638406667021153,-0.08547484706333945,-0.6110092365360408,-0.43179018479125947,-1.1777307267395618,-0.528762088591055,0.48258029017449733,2.4977617746318908,-0.6660935727392622,1.1104766561130484,0.29749426637686643,-2.1118113030196426,-0.41816865937271175,-1.8121167327845116,-0.8666020716662888,0.7767278856397039,1.3402591733203608,0.05880905200398544,0.35216550141605624,-0.10974583599187275,2.3384503965027292,-1.1936429381211888,-1.3954615570361635,-0.6681414985650395,-0.25014067747797114,-1.1836757157493618,0.1111866682909315,0.29493367046444846,0.5040380880247506,0.9615809841199248,-0.9428794558208614
sample_697,-0.4269953449514697,-0.7442904044174267,0.401469563759978,2.023522836767885,-0.2252411588701482,0.8308079370286243,-0.4068733279003852,-0.16532710436751122,0.023158728463098698,-0.6566087444115846,-0.5668014949421222,-0.9609112802878358,-0.8762228399442032,0.21005778064054617,2.0761915801128676,0.039295061345901404,-0.7448558749322496,-1.2837728833155555,0.3167218832614477,-1.1851869154392214,-0.654183461164184,1.0360215369536225,0.36948203246584294,0.4983599620474635,2.0772332609043658,0.18110087236013298,0.4174168319653856,1.4033989431822353,1.0319905922238524,0.6175313226356852,0.07385049923870136,0.44701934834970936,0.4508648092392153,-0.8669108885020901,-1.343959437032467,-1.4314145055057,-1.20664893683826,-0.730008649399302,0.5682612064637125,-0.26991341279771136,0.42944416440298677,-0.1435776801651491,-1.563398624869246,-0.6534546884315877,-1.661570474537273,0.7783246328339979,-0.2283500894709815,0.22988414415705904,1.0157340632604854,0.0017917646134587625
sample_698,-0.08219961401013953,-0.30053029665526004,-0.3095494733272273,0.5191614664939697,0.46993587864232783,2.271422851211368,0.15023478130392182,-0.5391867237385771,-0.05618363657138105,0.4455063633440999,0.4996155063459033,1.69203753835164,1.3438996945906927,3.061379383015469,0.7776011788359571,-0.8453955160124026,0.814963301576567,-1.121388004374676,-0.8143105445086739,0.4919102961707776,-0.36338437191125716,1.3773535027860992,0.11095731614507513,3.387712473217041,0.4004718006127064,-0.9248317837630324,-0.5926609260306251,-0.5524649321480707,-0.36500497862761366,-0.5973596037877312,-1.3542093034494223,0.3096965193141538,-0.007889967849927657,0.9523319999336778,1.545964378222262,-1.0770156460648217,1.1675541173111375,0.5664982952365732,-0.0955880398286709,1.907171383233547,-0.7004696803633537,0.8775916303341383,0.10585140363648061,-0.2475244574290479,0.6548098866838099,-0.21505958685030147,0.5735126830037884,0.47511669907955734,0.47133999700711393,1.2487593808494826
sample_699,0.5428940267785578,-0.7926786089576041,0.12472212915181113,0.291242135351906,-0.22886020799692822,0.5352519220786769,-0.21246894239750264,0.10640500026336339,-1.2722193306521639,1.8732964511393084,-0.696155207272814,-1.0299408415426712,0.5708386268344108,-0.3217455840316716,-0.5039693434960345,0.5413045832724973,-0.8527158779891149,0.04682229323653863,2.5639190049685934,0.38533365030807387,-1.1281856660846572,2.003240438673393,-0.7018835026411822,-1.9354324636990905,1.0358329274589961,0.5447660595439082,-0.7851422612194099,-0.23166589208496038,-0.6702841926029318,-0.22056900583305303,-1.6141911995718219,1.140350461877702,0.49666681105240046,-1.1750503689442602,0.6064548225674016,0.059053330548153815,-1.0319182986293176,-1.031649584386644,0.9516075109893721,-1.869343462870902,1.3489989240837659,0.5681168016047397,1.3254988070582996,0.3374635234638383,0.6125875166486154,0.4029771322281586,0.06403941234814256,0.7228051507911114,-1.4766145366856283,0.47483611792115116
sample_700,0.6757140030173658,-0.24492622195014577,0.8487669980342687,-0.0662899754510453,-0.0216645777215124,-0.30045458690577104,1.1103261276379492,-0.3332404413558635,-1.200414171603174,0.038656128334531456,0.835638197314478,0.923558405454977,0.8341524350028223,0.07128291219003777,0.7473490947888817,0.16067304456367165,0.3184488890554787,-0.0008909757875334986,0.728326309586771,-1.1315337778181427,-0.4227189100622066,-0.9605314348854845,0.2762182564357945,0.3548831286909727,-0.08574526670407374,-0.8255187952922078,-0.4579273388563496,0.39282166187647133,1.185134853991228,-1.1148468390477666,-1.0358592759219676,0.15082887174960896,-0.43876934096359116,-0.6063855034136381,0.8898504633385649,0.8054057273414285,0.24775024897136474,-1.9216984598112035,0.6792164369647968,-0.6636075989170073,-1.4573392659120852,0.6575449461039535,-0.08555513260337293,-1.2750507943699632,0.048218085780787075,-1.0983814469568498,1.0390131800915212,-0.4750570263097335,1.5375827103136768,1.1707770601033056
sample_701,-0.5147868236655178,-0.7488645098359326,-0.17426968592430894,0.9337336559998412,-1.2733864800203136,0.6864345906239793,-0.5349281905942684,-0.6810221256852782,1.3077163745174982,2.141963791881454,1.1624529026358084,-0.5118860214632422,-0.2046438824305606,0.6738182171018485,0.9993987853524593,-0.5480009923885265,1.334765422911213,1.2315934121625798,2.1266615987013586,0.05653831622462294,-0.32091894247587877,-0.3201021566682144,0.8231575194372647,-1.288086503765003,-0.2774127874624224,-1.6286443380906406,0.1678638772197771,2.7590870456978505,-1.4595208236688173,-0.868701851952273,1.7210688854976812,-0.9155840004704134,-1.578118421502488,0.09718004996827066,-0.18898943163070175,0.7320548200960105,-0.8679265913820838,0.10287024393676142,0.6316430087190985,0.11628377360183917,-0.18351842191514334,0.1858629863587444,0.28319030130160255,-0.43119353326930215,0.8179382825950752,-0.3701600358239356,1.140217730997661,0.7943466437592007,-0.5025584470436639,-0.2790848276221354
sample_702,-0.7055519429691351,-0.5819699556692336,-0.32737882136924223,0.5264373034136185,1.0482779874104702,1.8734099125953954,0.01665814902982584,-0.6950955377801981,-1.226940044263858,-1.6060074702171323,0.8000117172306839,-1.1316807665683917,-1.3321025902690011,0.5633179222322952,0.07772700021973357,-0.8739656538246637,-1.1840339030021934,-0.723552416083891,-1.8192270421384278,0.9144142283637313,-1.43288239138765,-0.17752361821231089,-0.48435188416155595,-0.0071229134189319705,-0.614580824741762,-0.030594689173948326,-0.15355410071995543,0.01117922097878872,0.10635416489016787,0.8430614712822393,0.8007550600128126,-0.14409650007763466,1.2337271485537749,0.6451060383175278,0.45022835456261096,-0.734815677583733,1.2869185743945701,0.02772250646673055,1.1729044608716492,1.2690016580017258,0.3864766351168981,-0.1732555562553882,0.8703037727640497,-0.6622271262290363,-2.0713734686581,1.3576230843818498,-2.037938257159865,-1.6934954341426993,-1.118032033266869,-0.5206671034403471
sample_703,-1.4189017720497568,0.5700760037695634,0.06588951352117324,-1.0683641112656632,-0.8587523508870478,0.7943790181041722,-0.45015092829847314,-0.6717618866589135,1.5800968304491254,0.5899128046981579,0.7716222346156003,0.22111290268598044,-2.2262571637408928,1.168409650584474,-1.549441856410988,-1.4616400522078061,-2.078060365117389,-0.7642632694968402,-1.0882733014849832,0.05406080036596516,0.24756534213464762,-0.3151732679840198,-2.365370417316295,1.1234722199206517,0.06494034487914532,-0.17599676118034016,-1.7789930566910566,-1.8492584848106914,0.6779797025315721,1.5128027139214957,0.5984336818721602,-1.0014578886774257,-2.544688758162036,-0.41060905948549237,0.0474405862668139,0.17328478167391587,0.3582394416190046,-0.14568581804783076,0.04693900198565825,-2.3316855928271685,1.15955099579046,0.09359713632895679,-0.19975593090934507,-0.6085417908354087,0.6732446336241764,-0.4623994119329872,-0.11496647725934231,0.5720772915861195,-1.3128120329352928,-0.056148255999284025
sample_704,0.631756643697513,-0.086642790852559,0.13382753948433834,-0.08005837396380551,-0.20830046390708512,0.8376485317492859,0.4165501359207266,1.1118405578015214,-0.5606470616613404,-0.921565244725516,0.45456310220573415,0.9540694872329998,-0.9547173406209113,-0.4998965529718698,-0.38102646618822994,-0.34021915012296045,-0.39349572676052325,0.38439443841969684,0.026043871624474794,0.38293735969154796,-0.8427490175662232,0.865903590927227,-0.21736707195390925,-1.4023686065897008,-0.34798639220138483,0.5041738152349107,0.16480189336761533,-0.5763184455965783,-1.9405470104620441,0.48691036009090033,-2.523249032715878,-1.880713027926729,0.9617936896415041,0.27147339991462566,-0.5858698071122403,-1.0193870456417966,0.1017380366105053,1.290582164052004,-1.5095121194394516,0.22434025479191202,-1.2612338059026043,0.6054913986825509,-0.16149952637559553,-0.07656252480942385,-1.0148565785379131,0.39194862065120095,-0.36618237877992826,-0.3293930993301927,-0.09619336173069815,0.6745542637466082
sample_705,-1.2975014377745526,0.3182289388686602,-0.41761397815974044,-0.9514648917700523,0.9373797728362006,0.47414610982387656,-2.482800004778528,-1.0857111111309512,-0.46153761055798415,-0.23390950266400043,0.31360357356876817,0.4760283549560357,1.0928743476333398,-0.48340584110385054,0.12311124187251311,-0.05599703655345357,-1.446162691328313,2.1895017273806916,0.05341852728148903,1.3320847178752464,0.3755377037044194,-0.0719617434151345,0.440733150005298,0.08104456932129797,1.6132425083777535,-0.216776082798691,-1.2129183167425956,-0.30594713384105643,-0.2880449092027409,-0.4793571769469156,0.07301880654546208,-0.08207626130398081,0.1675896916616701,-1.3118451236714774,0.16543827649609433,0.041932645491986505,-1.1321340799149233,0.017196063021655543,-1.2217134073186078,-1.1588900112233522,0.6985780267492835,-2.6173614770672513,0.5563905044825144,1.1653413003793298,0.5317087818068402,-1.9783806753860982,-1.8547616608301993,1.6298645408326233,0.2143628864705409,0.8682068819377301
sample_706,-0.9489226803430535,-0.9222236493966868,-1.1456178361432567,0.27255512684944283,0.3759493999965224,-0.004407930846224182,1.2198975430395163,0.4734327661803556,1.232954049385176,1.4119635448274144,2.2404798121690592,-0.7711795995062679,-0.5544185686501281,0.3765098620528016,1.3604406852565492,0.5762461462805064,0.8918396078920487,-0.030325111837774654,1.3882739513093414,0.4914958591082748,-2.315356080693187,2.227564344461355,0.23468895299316475,-0.5694347990885714,-0.6096662973263468,1.1705221046624588,0.11547866602421569,0.04311097400397717,0.6200418820067553,-0.3326270706043773,-0.23421365636647684,2.666668856566791,-1.6666915416645536,1.3912487499497341,-1.5565428006356536,-0.17106536635325476,-1.296505992558171,-0.5201578067061815,0.383537496518932,-1.5646493687225917,0.14623157238079,-0.4549565275739542,-0.4066385060186012,-1.236387556477608,-1.2174647461940014,0.7655548682544402,-0.09414714366544454,-1.6392050322752119,0.2688610921376921,0.22253110914462723
sample_707,0.2682330127014325,-1.5773221913302795,-1.4342011049802164,0.04496462662098747,-0.649125635910197,-1.1899455103318965,1.3443486468093158,-0.18001751898504273,0.17841802764766376,-0.8765163190767393,0.8770432269885694,-0.32388652200764856,-0.23982287312980688,-0.5359507198073408,-0.06940625781055446,0.6553473782587618,-0.5386413597505854,-0.22970724924298636,-0.7451105717747868,0.8195055338987082,1.0523273588997517,-0.9681169467136003,-0.41362832854405,1.965540203368513,-0.3920256888481845,0.8783280016010743,-0.2812171193808981,2.1366783166121928,-1.1070754145743351,0.9655811175667279,0.909847219909846,0.9230422355493711,-0.4936349575551492,0.6418977163736337,-0.23915714927753282,-0.6621054347754173,1.2101521262576787,1.1743648952408463,-1.4716319657576913,-0.568284018331285,0.7175250225522685,1.6001452679496526,0.19587187824207544,0.572872278517492,-2.452796921677231,1.9730823932340595,-1.700389929960111,-0.30798801919469315,-1.5957013341847854,0.3412532625109421
sample_708,1.6183803921641304,-1.5996904469776754,0.36201885253439786,-0.13573204827860894,-0.38149731602226783,-0.5172998183322973,-1.6157287700433962,0.4266154531098165,0.7336200917992226,-0.5258358701790798,-0.58373305524879,0.15926431637520616,-0.42420346466929326,1.3844636110681068,0.14878499097486828,0.6493945034943209,-0.019537648664150517,-1.6154340595325352,1.054897746049979,-0.8464761584162054,-0.5066509924540397,-0.4109977667754071,1.7420274643931175,1.9599899344634872,1.6124722813714993,-1.459452517750406,1.3976458666841887,1.1206694253991751,0.1795264857304227,-0.2221409337678144,-0.24433076094838777,-1.481741945096955,1.5030185302487067,-1.546052095058547,0.48642319959775754,-0.19308270644748576,1.654944157392189,-0.1854030760797831,0.09902498549766534,-1.6633240261978623,0.05749537580461757,1.2192903763195844,1.4082352538132294,-0.22243144574479404,-0.04275349280124596,1.1186537051027041,0.6299434847338466,1.4454262404712612,-0.9501564344640517,-0.402888119818237
sample_709,-1.1500469691212318,0.39118776232124186,0.7170948860031799,-0.03972620811025971,1.114943791519521,0.2175049913510386,1.1788793590173554,0.12396800984840003,1.0263585843946779,-0.694652172227343,-0.9301920665900726,0.0791862800266453,-0.5055766858983851,4.082764194552516,-1.8194725517411836,1.633986963172039,-0.8685783417342492,0.2659777033859823,0.009809240001357633,-1.977268033715214,0.8044679109291764,0.4070954896486001,0.8549760229487381,-1.2566899742824857,0.1467418728074404,-0.04870082671332785,-0.27342832722354166,0.8019554922003752,-0.09458881274695168,0.22742304257193113,0.23776248171188635,-0.37428233909916925,0.4733550258556646,0.9062752439087407,0.582971020020834,1.487229452286282,0.7186822029256811,-0.7507306593922478,1.7391225444862877,-0.47572050324665305,0.9692872183250711,-1.3632035286168558,1.3359244850772707,-0.5898512711229176,-1.1510958604697672,-0.20177806645679544,0.21720894908558827,-0.30693520846987127,0.47281420400756224,-0.9285405865261653
sample_710,0.19965810050400074,0.023715871840950045,-0.1801911049518099,-0.09179894180813784,0.16910704035750998,0.5137638063813988,-1.4956205736347212,0.5340098246082471,0.08857424430579582,0.7616424782298219,1.7403282868215026,1.0696815045261188,-1.7285450880748248,0.34326025162630297,-0.766756180507018,0.3786430864936685,0.043139863643440156,0.23578901645656322,1.1132593448945771,0.7264039124958963,-0.3246620223984876,-0.6745246289094087,-1.1981259539370597,0.6486134178777924,0.7596710392635418,1.0002776419909267,-1.5485609461917271,-0.6308350929695098,0.5519193617016857,1.8644764812598937,-0.5117347888293419,-0.4084268660558923,1.0098189935998096,-0.39973320977722676,0.016620269022413793,0.5515824359358292,-0.28332387017267957,0.1455865116588541,0.2812177438232277,0.7375016248142575,0.6142529392357367,0.6041235963612225,-1.0464016665754965,0.10210165771102966,-0.40881445248626325,0.3184263132225783,-0.23454931398078294,-0.17758159436575177,0.30667501724461227,-0.31527682678625285
sample_711,0.22642729512435433,-1.1200222350245543,-1.0349578689384447,0.3775290618190361,-1.4297561564162433,1.5154176573468305,1.9243428175781938,0.9526256151602388,1.100101893960335,-0.33526706147922997,-1.0201900289083883,-0.07152975234552975,0.18675967674352492,0.11585274578571945,-0.7372296811519155,-1.4265003658306232,-0.8529643425763083,1.205964694865146,-1.748675555527196,1.4551843314258235,-0.041203434519112105,1.869466723791338,-0.1991113377167905,1.8261526070599368,0.5329062956460533,0.7837827065209261,0.08219857528673434,-0.28104303374230405,-0.32536175259597083,-0.4145428508697899,0.07736884260267482,0.9066565058367365,-0.40168001243110835,-1.476522625959826,-0.6881268657988137,-0.15725763636878087,-0.5085900746016567,0.4707789287584324,-0.04944044865606541,-0.2814651800126434,-0.22276532570503985,-1.188690677698513,-0.40922080411469336,1.9193599329315638,0.062412742856359,2.4732833999705934,0.7005588141655589,-0.8667361865589047,0.5107469889298328,-0.0025936652551237847
sample_712,1.2813903441068017,-2.189268404358093,1.3795268222586017,-0.19146935365084697,0.6398261019017479,-2.1245442227013567,0.21059841138120852,0.579542942480444,0.5701580842331232,-0.3996289907346539,-0.7643264034397892,0.18552588586609697,-0.5787276808927936,-1.1349378031228399,0.253548655632611,0.5379165412138006,-0.7204463469001187,-0.8756335647499928,0.4955986957260738,0.6148069443818353,1.387366103235597,0.5155912257156495,0.27049830574507233,-0.8294419148347679,0.25097514250941494,-1.1488771320629538,0.24891997359773774,-2.12912705563116,0.3812192601776317,-1.760233217296449,-0.516858475368778,0.5333074994000041,0.6554386753074533,-1.0851349465991857,0.3233645574876536,-0.2552314998023921,-0.06271756929074866,-1.1273484342532971,0.1692799955515963,1.9215863680984382,0.8190034499371884,0.4081326782733667,0.5671453131896578,1.9259400608113335,2.0432203036398433,-0.9868487309772231,0.38415646676773246,-0.7354208609920198,-0.783875924935794,0.6412980219355606
sample_713,1.8458056298497152,-1.4744426499533032,-1.4527049563293524,-1.458533365653606,-1.314102049861437,-0.2228940275040841,-0.622398388476394,0.24970216117526495,0.13082869095579056,-0.9415647141653251,-1.6701863394162328,0.5773766267028317,-1.0353604824172666,-2.1554109470488854,0.5933112388208376,0.2692540414765138,0.016446800085457684,-0.761280227473774,-0.5485833294690187,-0.138343571473267,0.9143008682582948,-0.642547185148684,0.17503502423127257,-0.20091306273327258,0.35472863092233625,-2.877383699651753,0.3472049962588039,-0.9729245290540824,-1.1746707617900782,-0.31686700045114385,-1.1146774107761648,-0.1419368450946525,0.6808688630867203,0.799878070981818,-0.709072585243163,0.018406965300109237,0.5472662560007098,0.23426909011923053,-0.0895964784208857,0.43465233449271806,1.1679443151600073,-0.14211488890540092,-0.5161871356951487,0.6365549335427282,-0.2531299429777354,1.2707225701726643,-0.11399602637892838,-0.8146421928055743,1.2384795894064209,0.12667328712646597
sample_714,0.9140865139070276,-0.6344487442497391,0.7213749015086,1.2755247467134767,0.2547955343985876,0.08919858201583653,0.40762792699279354,0.6779255542010907,-1.3885211730203353,0.30089180323415204,1.2744360944810018,1.5439661779069374,0.8461020654632365,-0.410624707944536,-0.5654180856295654,-1.1341804611497635,-1.5766514480192368,-0.48172948227096585,-0.2178478727631919,1.0931264049147007,1.6562455135518204,-0.37473418279967685,-1.3250426601694782,-0.7250422965363452,-0.8770653441085441,0.7932262745518815,-1.0903297227060853,-0.025194538818546067,0.6681950286469955,0.3904693633959544,-0.4112348922850571,0.6630844091311122,0.38419066605921837,0.8695420605668079,-1.2820021676581361,-0.16944074109916285,0.4730718711379812,-1.324043330316111,-0.3007119997319779,0.11182794940362142,0.7903695055724317,-0.5860468720332623,-0.4644905056108514,0.2859247570274784,0.2784320009662223,0.8646607347808233,-0.5533224999795482,-1.5076015265849274,-0.15738620012934992,-0.03931425771160888
sample_715,-1.0294570585315026,-0.7603451715730022,-2.2394987907905,-0.08875400223445619,0.9502278939465911,-0.9475026743695297,-0.15416685762882001,-0.4567479870379761,1.5231256069943786,-1.9115783848245949,0.9863610856590403,-0.1155065197238318,1.6113303454628725,-0.8887623685458872,-1.551640222525426,-2.108033500896661,-1.1930852062700368,1.0862567682215885,-1.5022915545111089,2.126346750252068,0.6818242818928967,1.4075722717355073,-1.2788012623401337,-0.8389036057322805,-1.4807009923809116,0.8447888831682219,1.7248117549203459,1.4690152801438687,-0.9991482911318187,1.145366799704588,0.4641159213030204,1.154082364369596,-1.0410144219299047,2.003993639267594,-1.1175175328794151,-0.24389132751958778,-0.4592138656216899,-1.5625607580436307,-0.3275740567612489,2.2313339817279294,-0.060154902081431295,-0.20357932306655677,-0.4290376769778854,0.02904939974010525,-0.39668618348412127,0.4348129617013888,0.7833166930273952,-1.4829479909272218,-0.5738598147980991,0.6786926544955656
sample_716,0.3780155331062722,-0.5401200284419536,-0.4419201750491816,-1.405770856481427,0.9992472274006311,0.8509403582956816,-0.3537829302799675,0.16037460215140115,0.30303962626959047,0.7559787530892081,-0.1643848648669557,1.0547630893806625,-0.9498453453972616,0.44413678851876665,-0.4100880992863407,-2.214230304768997,-0.14189809866470046,0.5966753704716437,0.32640822720352,-0.5187824570649576,0.8645962227183925,-0.4126252636728199,0.10695601562016285,0.1610796201075016,-0.3281805778493167,-0.01012538391534546,-1.109942865277815,1.3051911617532317,1.7140379004451185,-0.08935429347352149,0.3931203097989695,0.13514720930760135,-2.431421826170714,-0.9568153539778105,0.6226727622982121,-0.8106066839572148,-1.493892251785885,-0.8250906449431655,-0.2507764965749409,-0.17876639887111664,-1.761732050242203,-0.36024849006035675,-0.5859983779381239,1.6399695784654138,0.7292365097938612,0.1276896277342956,-0.6817811623040698,-0.3490702587379787,-0.8612071659756788,1.1791811522352635
sample_717,-2.289755126373183,-1.203028252642483,-0.032235343830755235,-0.045531018022455426,1.5458855751272158,0.41070429673251935,-2.29138801546739,0.5754347368311764,-0.6068597601991141,1.2673238270021878,0.430483252936194,-0.394035903254244,-1.615022702626668,-1.8858814385335927,0.19987819639721094,0.8731978769524142,0.5190388326897368,-0.12602435505806867,-1.3045146614979553,-0.9272651399363548,0.3843483916846224,-2.000646665488662,1.2519485761690685,-3.3651292293835002,-0.7998924314175019,-0.11256515870080482,-0.5462600130304398,0.04850353824009394,1.1001781224895366,0.4575705373589044,1.5640017065239054,1.4976272442166754,1.3071506152332586,1.7727458753320198,0.20453254335586954,1.2021357991832806,0.3302911778531518,-0.3709947756997589,-1.9288699104220217,-0.34972168979079643,-0.944863123258507,0.249894378314084,1.1456143736871642,-1.0449540068787928,0.3249219580181846,2.5000192844270757,1.4097316281046492,0.22644950275511447,1.2743126896481598,0.7978656156121116
sample_718,0.34716207768087604,-1.0908304047511002,-1.0242662074384075,0.7028245283578353,-0.09677388416841236,-0.5834051795772333,-1.477612277298494,-0.21145721797125658,-0.8319712476835743,0.5792787141460648,0.6022685524580372,-0.9649308065531561,-0.9919808543582355,1.1482914611716688,-0.4328856914824587,-1.2445221750849358,1.5240904121051178,1.616727410586656,0.7205270806571122,-1.0818237706962825,-0.2186281773382254,0.4377415816681758,-0.4246745306824728,1.4349959090226625,0.8977900049415911,-0.5739292378476902,-0.7148512603660064,0.962377111815727,1.9269552507942975,-0.46749867252161453,-1.0649497702461683,1.0681473189730433,1.4729180694101984,-1.146426809133068,1.294375334974353,-1.2049238593918545,0.8991633151438797,-1.1363374375334592,0.08150033040138455,-0.8469502323725819,0.794545264106176,0.48242527490683823,0.38228726708682464,1.939916728199316,-0.02962459024182524,1.7216177950465212,-0.43858477359009235,-0.45836333735455054,-0.36708148179458316,-0.40529514471317707
sample_719,0.1816376255618161,-1.5265516618505612,-0.33122173831978324,-1.4469943202322988,-0.28011277339008117,0.141495871807319,-0.0691670821627961,-0.48109114880357273,0.1526166999144934,-1.3199866360999368,-0.37699057025831756,0.03702809340102853,1.1192251056962377,1.3544313267370667,0.19540041352258974,-1.658129428314411,-0.9671851475070447,-1.2641299886456467,0.30946970925053074,0.8036253061425779,-1.375776268910085,-0.06415756235144235,1.5201066859382892,-0.2629182703917905,0.3804301974274263,1.678199580562096,-0.25087565291706443,0.2601169950438305,0.06913077528806329,1.442686925425895,-0.7967185799268403,-0.10655945495226515,0.7668773065782298,1.8623325586977917,-0.16442588625253501,-0.12904561960168384,0.5820763338582958,-0.8063986962814347,1.3947386217950168,0.7249847261471013,0.042664761075296286,0.810974030295431,1.141509008590877,-0.3651291629786268,-0.11385876711432016,2.1012039025202465,2.5020392883006823,-0.026759609199302294,-0.163838237069274,1.225010768709198
sample_720,-0.2855393067424716,0.5813385833655049,0.009672755223795133,0.8124551060710586,-0.48301526875637973,2.7706136360981746,-1.5675993262518626,0.8522126578081834,-1.982405571106658,-0.5747137227374413,0.6409552088016948,0.8613017522410653,-0.7164473117183138,0.1498108074486237,1.2410357753432397,-1.1157893179615237,-0.5360326709421365,-0.04205814988343939,1.308986588228643,-2.3440363232764634,-0.4951627080982995,-0.8445530977861132,1.41431028756216,-0.7006618666367908,0.431186929070609,0.7941022480797625,-0.16700763982243813,-1.9923485140026738,-0.5658304214779682,1.8277063846271366,-1.6528710161632638,0.4720309035815631,-0.7844646131288067,0.4395797537514144,0.24445325131282558,0.8682551322106863,1.0935885319568275,0.74576657172292,0.9549906205443908,0.9070604553854279,0.5368689827462421,-0.7362634781376138,-1.3323769344902,1.311668953754136,-0.270358415287666,-0.4564119863684863,-0.7197886918844222,0.2475085482368132,0.19266339722909723,-0.6906232033969352
sample_721,-0.9701089374663969,0.018428243738814794,0.8879749126226143,-1.3900682344581126,-0.48146190233957914,0.9712768067956083,0.11180371416305368,0.32808385688498304,-0.876759761132941,0.3121702245457475,-0.1756189079736635,0.9613806198842882,-0.6041174498627859,0.7116815714279554,0.46658075066718063,-1.2719370431774843,-0.0031228228753680653,-0.4114536967188281,-0.9117985447534661,-1.0806442159657061,0.024786041324636972,-1.1759535876599263,0.9131264640626005,-1.0472078039521342,0.6887099905045336,-1.5440944026165848,-0.21310428319444755,-1.2014602702317283,-0.02582987969818193,-0.7065904869920582,-1.0816973340667382,0.6528833067624293,0.6255610783040713,-1.5254275002528754,-0.10178059065068294,1.4385034802555325,0.34956711490178777,-1.3251304477626797,0.2728277458317414,-1.542544329525476,0.12268860411580847,1.7241971790317445,-0.3335834024703417,-0.3573192818583436,-0.6609992960303905,-1.8499052461600163,-0.6815886426710008,1.2619733840522258,0.6340361108776229,1.444311682405735
sample_722,1.4989843112786243,-0.4730805548312264,0.4242407794555964,-0.7864796656370976,-1.0738007218998153,1.6439562015993838,0.7818922628752374,1.1396303239556675,-0.4131252995619558,1.059321706335368,-0.500869447729738,-0.40793247571383384,0.5002611093087377,-1.0146609091297312,0.23612753819853502,-0.432626346985151,-0.35310214795688766,0.4907151906341217,-0.21819444120850737,-2.1110168618795595,-0.9976383274817694,-0.02304636893308779,-1.4750254751532637,0.13616591192858896,-1.440872802594058,0.4275727376422065,-0.2807848866403539,-1.5840398766195452,0.8415490956717198,-1.7198900038714677,-0.9338825878589502,0.6036225338343961,-0.26398053260783394,-1.8139536482702343,-2.1404950654424804,2.2199244829754012,0.34974575697206045,-0.544330503617893,-0.23192592566002784,-1.2087979073430464,-0.04281935428997314,-0.524845834194305,0.16120272741813307,0.7743745893147825,-0.7311580263076618,0.8541946368806698,-1.9835907276576343,2.3593655848075423,1.190348383443512,-0.7363355897796531
sample_723,-1.3543120850285337,1.634436691962152,0.5142368376489734,0.14026252489938104,-1.1245393857668362,1.0801552104596805,-0.39044525692801085,0.9279816591383876,-2.0275414166130683,-0.22930729142347886,1.4605604502932636,0.3900045893221518,-1.478005202397139,1.2045090419504474,0.6381342961134586,-0.28690813586447284,0.17964572794773875,-0.3678031809043168,0.07927927700784632,-1.0686965377297977,0.3729661299495667,0.690984399912084,0.8986653586732138,0.29725502287993777,-1.0569998493461712,-0.5521882906847362,1.0892125240930874,-1.1440406211719683,-0.7150935707503987,0.5123089695946702,0.7233407886371425,1.828236186032942,0.043264959900129275,-0.2899049441441421,-1.0527012564009057,-1.6242244856095795,0.4881857286387596,0.9165904517149095,-0.1458539972615252,-1.97775043377646,-1.0279373105820624,-1.534774418055268,0.23419141907111754,-0.5893814602696735,-0.48718731135510673,-0.25120173135159757,-0.7568501546914451,-0.47557001882357125,-0.5199121971903394,0.17403657575304501
sample_724,0.5798562515683303,0.6306828470997496,-0.6945915403096583,-1.4745211149330464,-0.07621262582359198,0.32802718969366784,0.44928513363387196,0.6009926480193462,-1.0552276885023228,0.9410024467694823,-0.06268028034626129,0.07930510803543253,2.0883211688243057,-1.046866939860125,1.8631658167889267,0.9301554801983497,-1.6792997037919999,-0.33132962554252043,0.13164818142440116,0.3680083264143455,0.9385206647172564,-1.2725265399847168,-0.11728059122637902,0.6297925923902896,1.9041966282625733,0.4797016855360498,-1.2260757970577516,0.22629505644009737,1.1092335452188467,0.8342739710600892,0.4008816201180683,1.2198847213953394,1.5338173504490566,1.4443471014028508,-0.9307249845555812,-1.1601751009838712,-1.0790044734537645,-0.5587026513740171,0.5676532475980068,-0.8380733910767054,-0.22421999072770404,-0.35008062593865763,0.35176157780861156,-1.222433180657412,-1.9156400117195298,0.2190720485103209,-0.27777514518508767,-0.5087186645876581,0.9432158673554819,1.1346749864702173
sample_725,-0.10488660151920601,0.9754651013007906,0.4048904259226368,1.3270821055624822,0.08269669664895161,0.316880550016719,0.24182982991424778,0.5859609633958672,0.3616748601865554,1.79012545123703,-0.20884389633178752,0.3267196083870902,0.3067793002693621,0.8788395846372306,0.7072186409591028,-0.2511527124512498,-0.5403247714055289,-0.6418147160381179,-0.9362208463049957,1.014049165916442,0.4282615902117626,-0.007386170587431162,1.6580668976357376,0.8427719196201952,-0.5674161814590927,-0.6676132800267959,2.7266780654452196,-1.9356616663129416,-2.5880494064900543,0.018032900911488358,0.3440499317042174,0.44107971891621633,-0.9707151809569455,-1.0235893748980909,0.3954526542237604,-0.5852826853408793,0.6294290983710096,1.3397136800475409,0.8065012485702049,-0.48500351801800706,0.7101574578620258,0.1986228008512606,-0.9856123002023726,0.8410721976946357,-0.2745232077995249,0.7730765729371013,0.8242965247099817,-0.821255634223283,0.8214291420377595,-0.9801308175846881
sample_726,-1.047051664018745,-1.240150974961238,-0.9432485074080266,-0.08952276745237372,-0.6078321634509731,0.931813847840491,0.2917664578964715,-1.3717312634265304,-0.4537468820380311,-0.35395924766434544,0.4033984136704157,1.083522677123451,-0.9107637782114761,-0.07925167028006438,-0.40589317227518523,0.840460296265268,-0.9127919733434436,-0.10743728431927416,-0.13031008552174064,-0.3698857402421072,0.9884878312059671,-1.8207244998800785,0.336265205975973,0.15805516352281496,-0.3876600572706571,0.6035410316951383,0.4595364502933407,-0.14538772651285364,0.11770626026934426,-1.1768993946793544,-0.05692690844850476,-0.3055760881799709,0.5454316086692548,0.3090645125121486,1.692102809904049,2.3075566390882636,1.1473925502415936,1.7179049277881573,1.2618968619123196,0.7181402982284416,-0.06215663320605106,0.39643520666299986,-0.4058773696578308,-0.8995974148000759,0.4842534402097424,-0.6066319047652432,1.7167661024472474,1.6901872230419472,1.5461488991293044,0.9174802419457739
sample_727,1.0301253973845053,0.7668669768722489,-1.4801825334539649,-0.632619315044839,-1.0842131421922194,0.44285952937292816,1.2481128008917919,0.5942461539366249,0.3433382977238953,0.9237689694480946,-0.6741575067345282,1.7863512514542677,0.23911189019338297,0.5987298975809425,-1.1043676775371047,-1.484906805607529,1.4492356280957015,-0.3270975789744778,-0.40127728657938316,0.13185768818231242,0.9404089465411694,0.7290951829271848,0.2209477979829144,0.9874772070882742,0.5382918390313958,-1.228226166723378,-1.2989030592775,-0.7968020061055903,0.4175176406127843,0.3473850173447129,-1.0168731187072357,0.9299114833748641,-0.19883563624966905,-0.7639468582100375,-2.4652609419876845,0.39690039702174607,-1.50657626178142,0.5810625279489633,0.5477048062855306,-0.08918366705042212,0.3812604941370575,-1.3069985477052322,-1.3019357574663588,-0.7707807792834677,-0.5624399117547793,-1.1043676035011512,-1.0883465343823098,0.02872798334179268,0.13506085067527385,-0.30882030021850226
sample_728,-0.02213335443967469,1.0012429697941398,1.1812493970633484,0.3034009150453399,-0.7565974621150735,0.2345208583236636,0.10326390097816339,0.047960370639486244,0.5335397616947077,1.3896451566334973,1.7336019057479106,0.27916967456780806,1.23923517084113,-0.398594217797738,-0.012888377464898642,0.8036601480253421,1.0273656008543097,0.8366981738669266,0.3197612388464619,1.3068016251948198,0.28104275053975125,-1.490106911573152,-0.13506387291569708,-1.1891339258444469,1.00563957761175,0.04428066085198701,1.2042769409017573,-0.24507502746662968,1.0789045792359622,-1.3464664704625027,-0.016360128030302675,0.08904843259595069,0.07450217721529089,0.12309628984834814,-1.2699457571913197,-0.8999009368153376,1.0785101086118307,-0.48921930569868477,0.48176463536481323,-0.37331540291540033,-0.5768642475475719,0.12527961552670283,1.231811687416029,0.18177878779520665,-1.1920144716255996,0.21396720389487853,-0.4410776135484268,0.2560534736949099,-0.10434012766351106,-0.8469925457668058
sample_729,-2.0713572361995207,1.0421845718976799,0.1620989236802357,-0.08909620029022206,-2.3058578857004624,0.021712593002179606,1.6728322365056438,-0.46004369312042864,1.1841256292019184,-0.2479769648651269,-0.5280323322172024,-0.30325664066867125,-0.8723800178163468,-1.81158983234992,-1.4642880072611228,0.08219587840137556,1.4922655834296108,-1.179831650271137,1.2063983169785824,1.7222100788365016,-0.7295337432813314,0.9384587986958807,0.6598859014203714,0.8885258380123416,0.07846776614814555,-0.2703616046783179,0.013566959012292833,-1.5089260538770284,0.46561145300615026,0.204844850601606,1.731655357844795,-1.4610958751128071,0.38661181005072437,-1.6506839148321732,-0.20903528770260013,-0.38783203828490115,1.0380672097728165,-0.6545238711080005,-0.9405684499116905,-1.1360043851378958,-0.32223506853360323,-0.013281646960901053,0.48491983102249964,-0.43295699563747453,-0.13222711666506817,-0.36519342715855024,0.748510758359834,1.0353126304705758,-2.4586294133301245,-1.3757849156121822
sample_730,-0.5021979339955416,-0.3421709331103168,0.7777967972541151,2.0301840606032044,0.017444501267892737,-0.2666861399053192,0.37986073404391524,-0.1380955532706744,-0.2205166498242127,-1.707855497046554,-0.034335866781730985,0.25444692825105797,-1.1885329842451662,0.500351173686575,1.4520820534961696,-1.398253574703642,-0.9576993796427187,0.783201095381075,-0.07730650718649677,-0.6204725800789836,0.5301200682581781,-0.003855267584845892,-0.6304674905215638,1.2428126415855707,-0.6505869999840863,0.6007429970739945,-1.5397024875757739,-1.1797324393507735,0.9678811984026432,-0.07531776129629644,0.7433438201993657,-0.3865308421414959,-0.6877835713272661,0.18977757659746095,1.231979591116851,1.5223996442552388,1.7594912871741346,1.273077545416165,-0.6804846588789573,0.6542753609739004,-1.1303076885785586,-0.63169751730172,1.120489095458387,0.9891785935612777,0.14178274128834903,0.22626838279963596,0.18513625293656114,-0.2627462413093679,1.1385268972269045,-0.227733295275476
sample_731,1.6688790903098243,-2.180284800451906,0.5993027858891508,1.3130478784536501,-0.29750310670910524,0.5198119958099999,0.015153485999503127,0.8297951319645319,0.6668881707013873,-2.011400287738274,-0.44273117286978225,-0.7304608289064144,0.27314234263148074,-1.5597228117969144,1.7306897008594238,1.1988383101475553,-0.7850230603020497,-0.9353707067207838,-0.2359062792134843,-2.064764559790214,1.0693773029117957,-0.5121304986496953,1.5682428878613877,2.5549201766519913,-0.5925245265884937,0.40447440957330033,2.4343667510464417,-0.007133053587265176,2.1352033206799574,-0.23177042288165708,0.9778283668876346,-0.2357120440845833,0.7318564177020007,0.17801622189680644,-1.0206738265250852,-0.45557128162781024,1.902290677109445,-1.042995608499597,0.4948036130399498,-0.5621010926463667,1.3433269482057322,1.8049100434499668,-1.5031386399629147,0.7365496025591071,1.8210624981267611,-0.04764698901514585,0.7269761302383221,1.5755764234010488,-1.8860833718221635,0.752660926803625
sample_732,0.751588263749635,1.4451745155910072,0.0009494410815735096,0.3328352802305766,1.6440039604417762,-0.5233427129807883,0.5744711577449156,0.03397814288028192,0.9763669680698012,1.005555894484187,-0.23186664711380997,-1.0834963490360299,-0.20765328404860384,-0.5794013542184862,-0.776710143572482,0.7382655635643808,-1.479841011805416,0.0996249882955863,1.5800111974495852,0.5958820172573399,-0.7639893142354954,1.0061231492081792,-0.3825242091103387,0.511208996630825,1.026859375736304,-1.4138699031006436,1.2868232945993352,-0.5042652692986013,-0.12182716179962254,-0.7993735502089383,-0.6925402123497415,-0.01647275702969485,0.6773268096963485,0.840633549725941,-0.13797394353629502,-1.333653000946197,-0.7318910041154837,0.21062264304456885,-0.8007460657071372,1.2908248033141492,1.8403127220639421,0.6737027130282991,2.0265172787540493,-0.40496116520970066,-0.6910507610051514,0.8690269185192709,1.8843064324584944,-0.7371753513929952,1.230334708105313,1.7855693347084363
sample_733,-0.44196990529051805,-1.0736435262623052,-0.9577890292636129,0.041219134326130516,0.5272540732092239,0.176699994365191,-0.6196879220088196,0.7945700019347934,-1.3635065276497973,-0.5455003543328898,0.5117187653707844,-0.7750277269411132,-1.4290076451207363,0.3405201544871882,1.9546804832462357,1.9134481881989152,0.5776072499931594,-0.9914414984736877,0.48780949787599587,-1.2001541747159454,-0.6527106829965319,-0.9657976051916419,0.8160353093718486,0.22483566109279698,-0.20059242978021669,-0.15910296325000978,0.7643369795389252,-0.7632199662877777,-0.46391576035216875,0.7678665622434866,-0.36660312585001575,-0.00025704825986998925,1.6710448962801594,-0.7585253346401192,-0.888910964085423,1.8466929469652824,0.44052061963298333,-1.0191362163108844,0.13897555347059656,-0.6511285971310184,0.38844376169608963,0.34248680029046363,-0.7784385346791881,0.21694733934326446,-0.8714778976093706,-1.7762696619179548,-0.8633188351694584,-0.657428811305742,0.1453691378767472,-0.9721819616745242
sample_734,1.3470240479606186,1.7162954885126103,0.9997613874153938,-0.4806978447009569,0.5203091563120928,-0.7145255061727097,0.027705113866081096,-1.1387111069506592,-0.758505147535908,-1.1111546473762226,-1.7255643067555073,2.789229116249229,0.3859332775562831,-0.1556304950812705,0.5286343615088157,-0.8458032568675855,0.20500774553398685,-0.8821737846109458,-0.40432587983723767,0.5530361510112339,-0.4237303191771865,0.9375544786769456,2.1841166862621946,0.42416533317076527,-0.26023196167488016,-0.8849645185941136,-0.04272109874344389,1.5234403842925837,0.735597924711826,0.48295631021481394,-0.21575982699943022,0.886643600373505,-0.05900480295099723,-0.800835475921428,-0.10820396449359536,-0.2861777236987518,1.1653247793884782,1.519570117430781,0.6289686796733079,1.4424928004174207,1.0248051813759922,-0.7778319946866848,0.23575070250813618,0.5642390064433517,-0.2099692374292976,-1.6033357206442858,-0.8678215464576153,-0.23365488665433348,0.696588458618948,0.1370476292995945
sample_735,0.9584264829569917,-1.1818260749478897,-1.084756063474363,-1.5145467146259661,-2.509808279706492,-1.2927574066551626,0.9414476256552691,0.6979528791226393,0.5860312863548542,-0.38577115926681155,-0.9080550805726163,-0.01763804724588056,0.33441057932111595,-2.553286811670613,0.10628734279279434,0.18277385601546084,-0.38758532287549785,0.4172827295628826,1.4068937831233865,-1.6712415058951091,0.2594454576025207,-0.06989998524067856,0.20991766528293354,0.35401326253959847,-0.5966201020814366,-1.4054778551135456,0.02766408694491401,-0.7091947183690467,0.04148199954726207,-0.15134355748034692,0.48086495598763224,0.10060893726136201,1.1889702984856318,1.6662667795343988,0.445592875119916,-0.7137532463032173,1.1110241467891964,-0.5018445293417674,0.20845667900926612,-0.6543578684395143,0.5944093323059848,0.4182456023733448,-1.1208444115727236,1.269755409538861,0.25972798383855117,0.8219187141508528,-1.136280305098873,1.3635853700219924,-1.20117540040488,-0.4515198707752945
sample_736,-0.5963670415213804,1.4257240920740475,-1.488050397080107,-0.22863749746060624,0.7282321304562028,-0.14217141037968545,-0.6821374312053144,0.513639402110677,0.4945076915020215,1.0093965900409483,-0.7079285827279119,0.8813672056631444,0.9429115844665257,-1.9471722331994141,0.7280274762721043,-1.701270435833836,0.4062314723518062,0.2156166372784356,0.7773902828034474,-0.23829121176970228,-1.0989780436396264,0.2551796491551815,1.0630034793853302,-0.830856104091598,-1.3316710166083643,-1.264639327966735,-1.403403511068958,-1.3639973716181848,-2.4364827056760934,-0.4023494256976964,-0.21726155102027553,0.7999301184882605,-1.378500528032197,-0.7647476887121866,2.627528864404844,-1.423579988293971,0.7233265885822281,0.536973645590593,0.4400393396759215,0.4279663369510868,-0.17691272886880272,-0.5687104310947275,-0.8186633053244667,-0.009211787345759509,0.4145416248144809,0.8085549555545486,-0.16982461100810545,-1.2845782887207893,0.8773483199823572,-1.216604712423324
sample_737,-1.1902291039289956,1.6074130229311352,1.7634608816633148,0.3614396639152666,1.267120902465296,-0.9906003603004361,-1.648423464275189,-0.5102559591805768,-0.034198934429345205,-1.0677744609442084,0.4357973349416793,0.4723652569360235,0.6239436590562163,-1.7164073469234797,-0.2611249959422784,0.1365739526440405,-0.6211960962764591,1.2619197782563318,-1.6774739977784543,-0.45257003072947155,-0.7406896075272292,-0.8204727537951184,3.3719590037319858,-0.17189835109576332,0.4652765227984382,0.9684574853371749,0.1750747188449207,0.05555614544619097,-0.008403667159617654,-1.3748089238975745,-1.6124396452021463,0.26045997725539133,0.6231928838967166,0.28341262400008665,-0.11645571859705683,0.6743374502559164,-0.32466265448799336,-0.31208778382767705,-0.44509877042469864,0.23162535479280036,-0.1634156130108279,-0.47293375832258,-2.044250067065906,-0.9226840232912038,0.18337645628979257,-0.8409084580419839,1.5656433767594073,0.11806746274802633,-0.2857587131011972,0.9109899103876966
sample_738,-0.6856773765908802,-0.9893311792989183,1.205743643865736,-0.5587570475340895,0.027064625626292322,0.9213208769451201,0.13516513914568595,0.0952459978902858,-1.3739432912236058,0.5058510090595322,0.4698449436789006,-0.36859650191087034,0.6315883727887991,0.4903618099242775,-0.4282354983092881,0.34252456962148864,0.9090498532993924,0.907864796875564,0.20288111471557896,0.8703127497339176,1.4519207950866693,-0.9861430872514371,-0.15138900700392402,-1.2542606911913767,-0.2963023035796135,0.6964114868078136,-1.7252494326616754,0.7294283929282531,0.022297813418261984,-1.022685341893432,-1.3682479703361394,-1.5676188627982643,1.038495815361204,-1.3631798420222203,-0.1453989956204003,-0.20076352619733367,0.7262635605859475,0.04788946177605629,0.582738685514402,-1.6659188989787739,0.5838654211729034,-2.2000001995916536,-0.4356847914099656,-0.7390590659876684,0.8819351061391403,-0.9429312341841875,0.6215603196364364,0.27968201186242464,1.5892093048776297,-1.232281637346638
sample_739,-0.4527930101755453,0.26751146356814764,-2.0738162251414805,-1.0865603386293425,1.0167046244255435,0.18438441693707833,-1.547025936817146,-0.4196173761949692,0.47073123995358446,0.22106282528258522,-0.2667440867444946,0.20694689204882308,-1.0430604791578162,0.9493316107102835,-0.5744021220640158,-0.44608048319480015,-0.7506086900182682,-0.41221739895734727,-0.7603348292359654,-2.634222472656389,0.38346644899406157,0.48760226205713386,-1.2972771778576833,0.7162448118504677,-0.31806602426216696,-2.4993759015770927,-0.3691522992965551,-0.5142291332327367,-0.9433100891756155,0.7582865840970554,1.2849720915808636,-3.255142586442903,1.1879380574861353,-0.72412715447963,0.9025811996670491,1.3896050236009603,-0.20932384750444286,1.0452346804100792,0.8320012050174754,-1.7586460830780912,0.6703074743992447,0.6164953765337969,0.9909164140610941,-0.8436149529803194,-0.7130100894479297,-0.8760170369207441,-0.9379737851944069,-0.28461526941421816,0.706833299278145,1.0503201440782015
sample_740,1.9821923325535784,1.2411091269239405,-0.6749449099813765,2.108798485882913,-0.5169867318481054,0.2604371218125716,-2.0654459451065246,-1.3643939398806664,1.406963670771608,0.9767279667545823,0.5434100663148113,0.2774300274944904,-0.270488148672857,-2.565363585748369,0.1920603752107832,0.5719139065644719,-0.264651212832139,-0.6095439973637197,-0.5481390326504276,-1.0564269532655601,-0.9268949447941027,0.11643977925920307,0.37623242283380903,-0.6290857852828254,2.7905148246628317,-1.8447379283479566,-1.7863182663661672,0.24438763118328574,1.6294652907635723,-0.8212779930778373,-1.0770115906606796,1.3465473839030404,-2.1620115962890925,0.24866753245680032,-0.5397354940166998,-1.0049992644918617,1.2499341401339021,-0.8540523492292872,-0.6675379087027747,1.4966433711983045,-0.05571983554704474,0.9887490187900062,-0.6477762964888168,-0.6866707893586461,1.9225326253308999,-1.2349168435617943,-1.4021815384191145,1.002355139660146,0.020625114426536445,-0.16366663417116115
sample_741,-1.5633390347855383,0.5051387743749651,-0.08444726758759295,-0.15734127131988093,-1.4981139925793796,-1.6530449525780728,1.4361898639274477,-0.07537302387057591,-1.009496231861447,-0.14346451446444214,1.058383466350661,-0.7836247371883459,-0.7235028792365786,0.8030641087538797,0.2684479279104674,-0.23389391135040377,-1.219000526224051,0.4314765829333746,0.9398335101305948,-0.6397365330302553,-0.3070415592538305,-0.23279736647894364,-1.7233310047948684,0.1880169336988336,-0.8381755146662793,-0.6822254550387912,1.0372971061332183,0.7503429477721287,-2.0134949626827017,0.7015524055737111,-0.2155950589508582,1.391358302713129,0.8237464790954148,-0.3738785800512323,0.884351733129456,1.4383276485525165,-0.19415333983044464,0.5009808579016487,-0.284716166185826,0.06762853650489682,-0.8395989779797702,-2.2764389009579995,0.7675227953595146,-0.8151369874517684,0.31797422981032136,-0.6434996943357587,-0.37069484097498934,-0.8849181112143439,-0.2716755756044191,1.8251478157363532
sample_742,0.6258944173324479,1.4507076710339708,0.7298536450062407,0.6867347726942479,-1.2033104247083524,-0.6636961990733873,0.9979662214092223,-1.3068496598291075,0.3661588402735425,0.3997970661803218,-0.570769922780368,0.34004681350290766,1.3182045979777566,0.2060635006989572,1.1657815561139067,-2.518890045292951,0.5118178344863358,0.8534375204572507,-0.34499428656909453,1.3114293898335398,-0.5344886966133294,2.3943453951916647,-0.00036691138721183945,0.5588695283255704,-1.1818616239524908,2.4409378166590203,0.820513033512944,-0.2730813767943669,0.9039857723622283,0.7348956170266667,-0.056348947626469185,1.1489412623591095,-1.047379515763598,0.8721900111151749,-1.07825901705001,-0.2176097884016187,-1.4160064240905441,0.5622812696657676,0.48753152639264974,-0.8632334744695416,0.623601352534289,-2.2132297413327295,-0.40353460690170495,-0.4348444690773028,0.8067366571507615,0.8863356626005575,1.5120568770105591,-0.5570617614698838,-0.9095328373286727,0.8166934130384492
sample_743,-0.35236129919663167,1.2289097461205938,1.2284554521856226,-1.7057588700071133,-1.0201444358841132,0.3414705859150843,0.2143438385745484,0.267366569650807,-0.9424731599269061,-0.07912577806321669,-0.3860089993661994,-1.122692325447608,-0.12592342667946108,-2.3302963263148966,0.25438053434529223,-0.2623945303679952,0.28939600571522317,0.1489053921786624,-0.15895382523105522,0.6882893412827196,-1.3645926333679819,-0.3606948167255745,0.4230003441641233,1.2819532471149957,1.7696307104371032,1.2086837330512046,0.8509517887008514,-0.047074949701797736,-0.7170680968159,-1.4761923747507524,-0.26865206708641964,-1.980179732255229,-0.6474910602875107,-0.3647558167956163,0.8010921893090457,0.47405678602822265,0.11270691352635284,0.3182548999256096,1.0270073364079861,0.7376327956032785,-1.6769693922773516,-0.26762240751096444,-1.3907355354352562,-1.7724251345028932,0.17256344090840647,-0.8070619133132712,1.4246628568944486,-1.3278565594245904,0.21313740431872033,-0.6386338739360505
sample_744,1.18977131895162,0.8956622859983475,-0.3320351731447314,-0.8380697595638065,1.1034053610554198,0.05670811018044016,-1.8187440067257445,1.0799285823552571,-0.21674766275476354,-1.2240397823984852,0.843281609740337,-0.2439761321041464,0.4547736776489572,-0.2460704112331512,0.4174199902494491,-0.4990309931349316,1.581898283975396,0.15345073261147962,0.7715333419992386,0.18884110407036406,-0.22898219941615833,-2.754373531549859,-0.32823538180202116,0.7340250283025962,1.1937925479512645,-0.020009953372347823,-0.3337853081577397,-0.5615443720705277,1.7482325473614597,1.4754342960602609,-2.146567846725786,-1.4820875806073615,-0.1424504561142969,-1.3595864162358822,-0.2896756928676742,1.1425198723954757,0.3500600728894035,0.4240398765917236,-1.6443979459196016,-1.1899708397019102,0.2013650682977483,-1.142525427279465,-0.9929417990432017,-0.5600224724186724,-2.117465214659869,0.6582994292282051,-1.0401748530466868,-0.8622379178471423,-0.9442277654303151,-0.668577660219842
sample_745,-0.4715638446219244,0.14831263478379436,-1.31752128261978,-0.17085456805704866,1.3460905650651114,1.0673365301806614,2.1543293215974377,-0.5072383810753179,0.3129353203286883,0.8521722381497302,-1.291420341381985,0.38899940813111766,-0.3458742394124286,1.0538452698478553,1.685878193081813,1.3687244969322598,0.48259190889148884,-0.7841739627586255,-1.068004552472985,0.6441260335203441,-1.2315988056271154,-0.06120377552355392,0.14026716634410355,2.4608382269477014,1.0150302256547645,-0.712065220062082,-0.08537273136164704,0.7139029110513365,-1.5039378578441969,1.4362289026652866,-0.17593052285243196,-0.0709116507502346,1.4068993847512323,-0.28236972353131723,1.7809147398379106,0.20818640154903667,0.57451491591708,0.7711562299687612,-1.388641757597001,0.858208974483229,-0.3899451280534173,0.49958623597336627,-0.5060847315537143,-0.38121773124665786,0.05373515906903451,-1.0394854686911739,-0.3372710121325001,1.5831236806350597,0.722890854207988,-0.48388584276801716
sample_746,1.3623647179531242,1.2100711911859094,1.3944047722804547,-0.04419349648620967,-0.732852111174354,-0.9321042297644274,2.738827587327544,0.3807081434104209,-0.5264540119034953,0.2194475144376415,-0.7679485921988428,2.382524414131522,0.8168579624166133,-0.9906305930417586,2.9676026451661057,-0.8005290249138352,0.016653016180005576,2.0265553125184184,0.06005351118106527,-0.5099194241753947,0.6339632859035976,-0.10319987150225576,-1.178707940225055,0.4175121931963937,-0.9807978579641301,0.2300056872098539,0.9239054941395165,-0.20526250662365167,-1.6207873264665098,-1.137378545671839,-0.13948926091446168,0.8020486628677408,0.9442514556236093,0.8303571231326184,-2.3040635508464677,-1.7322932256480015,-0.5418035892650598,-0.8701542637902879,-0.9005389452100808,-0.6167732909902943,0.5590373587745232,0.7005987142282697,-2.010287090778234,-1.1141229960389585,1.0783693946174455,0.6737136376877664,-0.021839989795524997,1.713611193024493,0.03611528474036677,1.6146816306624594
sample_747,0.20413323816963672,0.15807007861373265,1.3423785500315821,1.0244977011121479,2.8065127335635367,-0.4145828698450105,-0.4669435019997636,0.7063225862219646,-0.4558478549293762,-0.836223198887202,2.081311113071644,-0.7937311375344719,-0.40183074313735584,0.09136379183875691,-0.49113643575345933,0.4192176300680256,1.0634784174754655,0.39155067532842913,1.8355985136938224,0.4102202898203716,-1.9560958328558389,-0.7562434677711563,-1.3171233817888544,-0.28787827532537763,-0.9290222605246233,-0.34147878158433975,-0.2584790155611601,0.5247604938252288,-0.08710504028045594,-0.5022679504698168,-0.1797061067467921,0.30887142751693886,-0.2958636824814519,-1.4978160593863639,-2.7061827178036433,0.8253644018247149,0.4552504379382251,0.19881208382592563,-0.053415400318574426,2.0197684124248445,0.1963524258382313,-0.09159345416794946,0.88781425936868,-1.479877612936138,-0.25037508191029056,-0.8171148773394281,-1.282768299544167,0.4573832423845758,-1.3754066328583026,0.5362160111502394
sample_748,0.5582303124001049,-0.3130511900646554,-0.6611322743185707,1.287479099912824,1.36232681149874,0.9716078157123847,-1.4275732403844947,-1.1007881441096186,0.7392408100806606,-1.0343514181628166,-0.5831805969107982,0.07103184133058645,0.6828357706216114,0.9890835874999389,0.6386525860449845,-0.08932939877740355,0.2788650038819019,-0.7327503883551877,0.8578525856953005,1.146340083139906,-2.010092959447072,0.8122107851273485,-0.2681593686107235,0.5808513887304291,0.13816399172807972,0.3992095289047864,0.6046770765388859,1.137457095138187,-0.8717741627464136,1.2001068152627021,-0.1567367524959877,-0.49964036191642797,0.30557341766595963,1.3968769946545836,-0.11115414709299144,1.6362548320463384,1.2626831195990358,-2.181502839532038,-1.3975429360167113,1.0062761428850036,-0.3405938538320862,0.24271029033431327,0.25858474988095426,0.05722002255156613,-1.3032856689697059,0.44590914497757195,0.03266671872969722,-0.5818447931854981,-0.33934005566702374,-0.7842307970992304
sample_749,0.23095656741818868,1.238281263714636,0.4528797021624453,0.5574941612368234,-0.11903172036251827,-0.15974975785363388,-0.19586566737770505,-0.1947627695685367,1.3949312524483493,-1.0735315831879608,1.8242937055856225,-0.3102068135960554,-0.018433170878951004,1.1707100463930404,-1.6621295417060218,-2.0155460883618126,-1.4644685635496404,0.49514554315458276,-1.3062700765108617,-1.0807534136684303,-1.181265742485443,-0.6522011375146481,0.814349284648609,0.28228124560366175,-0.663848013120144,0.6352712703578212,-0.48392248640998536,-0.6787344122825446,-0.5628596551577919,1.950382044192723,-0.9403935414779876,2.0257156363927273,-1.4499820743276235,-1.2513427471128604,-0.4304002275943896,0.8056169462821412,-0.7997779045138712,-0.34523339174940676,-0.8550260018874168,0.476331578050146,1.4866215880582494,-1.39488320999032,-0.5844232273079049,1.7009328253992961,-0.46849914246664565,1.6131603400659604,-1.5658553656677219,0.5516488795731096,1.3365235317231472,0.2346759559685287
sample_750,-0.45740320764406117,0.6259705462289724,-0.09370188704364847,1.904958251538624,0.01773158722064521,-2.08925125253071,-0.5569858118725272,-0.8919346141914662,0.0022378076363195024,0.3996938823793126,-0.06345294589506834,-0.32405230928440454,-1.1249547303781717,1.0287880051917717,0.3643102754695523,0.5378204467739912,-1.3557686818330095,-1.873440112590076,0.059363772110930586,-0.5845972608575096,-0.9668298756175291,0.6596502045149402,-0.1222989760479656,-0.46881090004439174,1.7314464329893993,0.10837550413250159,-0.4518850009450254,1.1118528592540942,-1.504129808487241,-1.3509265405878568,-0.17110516506453066,-0.6475711588586427,-0.24102255704584305,0.7597238116225999,-0.41026868506650843,-0.6625708890398326,0.4621708179780983,0.6164922814984206,-0.46270000817475926,0.9781742198002791,1.124438442170567,-0.6381348393339596,-1.5550553064638977,1.0275084625427777,-0.056731156296044305,-0.9051159705126294,-0.06883477182659303,0.6337923900845145,-0.468442370600044,-0.4196095737492989
sample_751,-1.0585394493307339,0.6477258985382205,-0.19575105855507488,0.10266027448290038,-1.0414169822902914,0.23584990111415316,0.3022330661009373,0.4020428046055386,0.015043560358499,2.3089697018911024,-1.1830609316737404,-1.1559246899902926,-3.154042430158918,0.6918732394603956,-1.476399985877594,0.2489624399740635,0.5729791242046584,-1.8955503929646669,-0.21509258652876878,-0.627906856850213,-1.6717568917703987,0.7126710557907252,1.8951672142711675,0.5336125286433478,1.1185600995016147,-0.07125706348907344,0.3157394007815496,0.3458809418524699,0.6822581513519299,0.9635180217510112,0.7925733361821821,-1.6871236971421781,-1.8137230014540866,-1.8739679351843568,-0.05377425435280041,-0.36918010261499845,-0.7914301278408548,-0.23591667939285518,1.6371959596976828,0.6635091699188052,-0.6020573856237312,0.860597863924235,-0.8686212598543288,-0.8811806609273148,0.7218272405821681,-1.49337513951256,1.4781505445528302,-0.22833416148435604,0.49573982656075627,1.4279931588078285
sample_752,-0.7372569063933927,-0.9603238734391027,-1.8287282446066828,-0.1453958475880056,-0.11824035498416773,-0.41276300082182693,-0.3286591439267692,-1.3376870281434252,-0.20931268109284742,-1.1803052734113773,-1.4783524005278113,-0.12624249976222698,1.0381246997582074,0.671755371495975,-2.369596900210057,0.7472263615292889,1.3422216115200054,-1.8819047867264231,2.1849747888198676,-0.15385885842772123,0.10473679859922823,0.8253764740098699,0.6730720300970795,-0.26069474705123397,0.06499105381640008,0.6112625502396756,0.2936553128557751,-0.13799763196956616,-1.185692810717476,-0.7172748604905052,0.9301201068573478,-0.7943500222676088,-1.2439785036654873,0.1237043586761299,-0.3115458645924214,-0.3119277597989474,1.3703629437487874,-0.38157047433607355,-0.5165282723496042,0.24657708772634357,0.8879265849204129,-2.877584298416118,-1.975272160092278,-0.5067451125506152,1.0518098985626554,-0.340443051912887,0.18262836565710058,-0.1573514806553809,-0.9078171999514827,-0.7873380065968477
sample_753,-0.1315074890527287,-0.2801181906976899,0.6771477811792184,0.03577122499314272,-0.3190585315506949,-1.1460101688221467,-1.1859164410189316,-0.20398748952871643,1.2778857467461449,1.1102054323231718,-0.5669102339005038,0.5356753383126467,0.14322890479008663,0.06748747749165834,-1.5410138191576421,-1.5119894500373932,1.6353453005113834,-0.634600940354861,1.7840083890496055,-0.5956314164699661,-0.19963492001974878,0.8607782308719502,-1.0601712983210814,-0.5993722526115737,-0.6540619418154986,0.1810601234299944,0.4208339289623865,1.455416459445887,-1.4254444902697423,-0.2875212024765096,0.8551981133055115,-0.435211183285066,1.5377742227583235,0.1855902308088883,-1.7864560140646955,-1.1461610750877567,0.8537887468600984,0.6165895827956581,-0.6086860328575352,-0.4342460844286863,-0.27632025253756853,-0.8928534293717866,-1.5310063448339237,0.25568634599174683,1.501114923161426,-0.1005062398070339,-0.7853685739523744,-0.08461208244825828,-0.045686336352408624,-0.05199643411625701
sample_754,-0.6487772804708717,-0.28689830925920623,-0.27700601311854667,0.47744377942878913,-0.40956533059999084,-0.7449618598496973,-1.3403137169430186,0.88786095513383,1.6299776600354186,-0.4040114140238666,0.13769834241878692,0.47196057117092755,-1.1240280713861872,1.3577938717086884,-0.6927895635525789,-0.25563398609638716,0.2584207130649998,-0.20954098893323422,-1.2093108812055797,0.6284217805398968,0.3734632751581659,0.8484895634134094,-0.9733820888087149,-0.27013982701449085,-0.991844956274973,0.6801366281081911,-0.43166470898209836,-1.3677487077156145,0.6499649702917306,-1.2768418244064486,-1.7636402049316329,-0.8331343801401823,0.32907838292174607,0.6652361065939161,0.9179023002003234,0.2004837839087086,-1.339831403761237,0.2554685895669583,-0.06292652316704875,0.020216015693631312,-1.0818511159258444,-0.01589060435865088,0.8090890875097577,1.0020964934633674,0.37839646410596983,0.03211376889727983,0.49797768024672845,0.06187907264172149,2.579384566181064,-2.0805555134767704
sample_755,0.49443431951922867,0.04524516046543487,0.47508161322440284,-1.323339161410826,0.6618286686371616,0.6914686668292936,2.1404409316432673,0.23763608051182944,0.4667583629914336,0.2945880049971316,0.31561574941684034,-0.24770134157220158,-2.7493428426226636,0.837161729047229,0.6024186343921815,-0.41215238419769595,-1.2025835298204333,1.0107761378582159,-0.210343600278407,0.8103408838803456,0.6803806328726264,-0.015561985655602163,-0.952874907210331,-0.3682941583167978,-0.8645787134847681,-0.9749073859067922,0.7866679928794864,0.8988686624238896,-1.0322522586079288,0.39856123876330346,-1.6007438387521313,-0.4597043462439901,-0.7603602953639352,-0.6746621238878712,-0.3101615098568016,0.3873676420531464,0.2524275490632707,0.6135941014522162,1.5632408098709034,1.847743876050218,1.6141285785449553,1.663513289033465,0.5777866579664023,-0.022178254733323237,0.35731008167032846,0.8196975113796349,-1.3272877579396711,-0.8182916976970568,-1.6509502097738291,-0.6105252136767677
sample_756,-0.38709240346868606,-1.259532097042909,2.235477290512454,-1.0217413305615222,-0.1616062296652842,-0.938281718204145,0.4877116129383388,0.3845036332646915,-0.1486550726169389,0.5749770560406176,-2.6750357664420594,-0.277360402979406,0.2828972976377643,0.42306732133597563,1.1164001370948926,-0.9707409672592151,-0.15500782812451194,1.0001604883019126,-0.5329275882447145,-0.21008748340487426,-1.1228173643399924,-0.04598760527578714,-1.7713463355664039,-0.5053029608556017,1.7610066804069722,1.212531298529905,-0.13905014573332888,0.19659764211070438,0.38664471007762174,2.0136992182849798,-0.3479345515080033,-0.688306189432256,-0.770615426286427,-0.18621256911006265,-0.2898028620147666,0.7257942773151365,0.15136242518925735,-0.04164851485769807,0.6229697455305631,0.06422124938357915,0.0021270561950930797,0.8196429772995509,-1.7534024909096726,1.4337687523713396,-0.6164799025741344,-0.4997336060652281,-1.076215859424261,1.2668351351361087,0.09349908010114755,0.2260472754515397
sample_757,0.5324699639796714,0.562943591895204,-0.03273540714322428,0.7768778348239223,-0.15600294074695442,0.6797973289442423,-0.24792862299422003,0.8460591092508545,0.11112137945813369,-0.5409688740096582,-0.5841826078131136,2.301112061390899,-0.46849662229713035,0.7537691793905351,-0.25901391478056196,1.130052676089979,-2.0430753504353345,0.0571329370397493,0.808543870829255,-1.4880173692668532,0.05963669609725118,-0.6960545962524873,-0.02693943322797647,0.14386830551916996,1.184236168089584,0.051218731144313016,0.6987719001703999,-0.6390804625644457,1.2903490390834582,-0.4399846840423313,0.8643327356696566,0.10370523726379326,0.7299510064228792,-0.5731597135872086,-1.0872523265590348,0.1301509383214447,0.23371832577572133,1.0155307757181864,2.235390186125611,0.8337739292188159,0.10743006650660494,0.8755255654509109,0.11669532595258468,-1.6483302731370395,0.41917383951438625,-0.16977461964002913,1.454381206167613,0.7802978195757806,0.09621148796493506,0.6659025753179474
sample_758,1.027387201917964,0.15152579117538573,0.2879930099590178,-0.8569751495445609,0.3013716448942707,-0.23636006207832252,0.07303170474209204,1.3230386589956822,-0.38096769901176963,-0.7937030007789534,-1.4981269166217637,0.04416516743423981,0.9724016107682921,0.09488168766591275,-2.161604260926604,-1.0878035826633503,-0.6673036247850759,0.3023324977042533,0.8385798350359545,-1.5332928139067201,0.8561984281703404,0.7052553539844075,1.3582815544223121,-0.20575470656722739,1.4660533818553507,-1.020932196750997,0.6599339644872226,0.30328974678391996,-0.10767917795254806,0.6904066354652668,-0.028968420748892804,1.413475229919569,0.8353734870952992,0.3420642028598262,0.8277073589032259,0.2194702865872739,-0.5407471158844047,-1.6079254582821356,-0.05458906193106763,-0.42935858490074974,-1.4576229067357551,1.3536198036253937,1.1959969081847304,-0.4987814160898396,-0.8564507490432759,1.3061210079306307,-0.2618661791099474,0.907926812371887,0.33120511780760487,-0.29998352916677756
sample_759,-0.6851205115665375,0.08635630098413312,-0.7754333303815426,1.531716787341845,1.2487502524570204,0.3050171885014306,0.14511321513104594,0.6143446475823329,1.2567978287072794,1.1461851277388586,-0.792505042926695,0.33282152933775927,-1.3866637416501701,-0.9897018302178271,1.0023246694238277,0.34239519630797505,-1.4275412376672867,-1.273480978258851,-0.3200171507925528,0.5036308125210588,0.2944421155686521,0.8197496466246512,0.11226084177662192,0.21085181282517204,1.8054530769248611,-3.260542539263559,-0.06277750426144696,1.3116298345538906,-1.0202020780101533,0.1317503352136296,2.1414570144869765,-0.365110938798746,-0.778365013688227,0.46692182949853933,-0.36029791883153883,1.607220962786424,-1.4294161100663636,1.3323993109800116,-1.6480238816205777,-0.5854943496233769,-1.2956219084645118,-0.07043017877237799,-0.4025628428849467,1.6193277653067073,0.26098439922086225,0.2764975729873678,-1.5348554047744631,0.5412926049503731,-0.5656524897133802,0.4280738682470667
sample_760,-0.36057682018131937,-1.0090712983072008,-1.0026645044400118,-1.0518366439797817,0.4532402400498701,-0.7966455468244626,0.40319755946369,-1.1503560248201619,-0.4820024598822241,-0.5302371667561491,1.3074282243305568,-0.6970639832778585,0.6181211060427304,0.4310984363737513,1.7052091146030237,-1.640762412951099,1.3152156845900556,-0.014212326078920798,-0.3586085973492714,-0.11500558611895846,-0.31402246546878476,-0.2438366005973375,-0.6104251463889941,-1.1033937717724953,0.13359965301848953,-0.7478603601504129,0.5238754971100161,-0.0953383289454431,0.7357965660291861,-0.5283094233699244,0.2951717635795246,0.2062079941669008,-0.549002970971726,0.48234600259126875,0.13937776994633289,0.4129061860028077,0.08953451484406816,-0.5654692068152907,-2.719817885489327,0.5535955747698756,0.1496127647273133,0.7085720457888276,1.1597432943776278,-0.6505080534304595,-1.798203838038131,-0.11506013033058878,-0.02559520227310451,1.5470519558496378,0.005305645512602729,-0.3316733860512473
sample_761,-1.2489546609028024,-0.43722461596837603,-0.21581605106333204,0.6543218942428642,-0.3936712710577313,1.7576023623734796,0.8121936806926703,-0.06417426467400499,-0.057786960366774165,0.39872326857188733,-0.21902952711540408,0.93969986088193,-1.7158667171016075,-1.324749211113057,-0.2646424821893409,0.2554058340182276,0.5870806197595096,-0.18406564282005802,0.8048320891600657,0.3116252015719143,1.040621082244347,1.873230434418191,0.8594609808124628,-1.2445144124804,-1.6681220993775059,0.5117101609165703,0.20451270615444192,-0.6989662624994083,0.08330214634492641,-1.7636229528128242,1.2065251774129573,-0.22048585219596212,0.24505785275560088,1.2887592090630176,0.9596570109217839,0.007286487718482329,2.49906558990299,-0.0039025643882653308,-1.2464808647955492,-0.4223872525294612,-1.1610360217004851,-1.1323076425195615,1.8530664274022959,1.3623241132584096,-0.18513263123583074,0.07026526252659132,0.2672318644279361,1.26561621948466,0.9727209320587977,0.28198716601538165
sample_762,-0.8611300234006546,-0.6291704154312986,-0.07460435052511134,-0.030950200870216125,0.07283771465921947,0.7245754829117022,2.8101031648551773,-0.4566928181883718,0.29174536746907836,-0.7729488065709226,-0.624667429769634,0.513314858174115,-0.15600519097407262,-0.38480718335195563,1.1663981821111995,0.0423853967802064,-1.465837742705218,-0.25239614945551064,-0.925238468244616,1.6661613803643192,-1.6935080697158806,-1.5076796251770896,0.39857215238563415,0.0149431457752427,-0.20035570980769227,0.04124519459095695,0.2890907617465642,-0.3627852052949679,1.6528748712693915,0.7238261901788661,-0.6304710140232219,-0.03882050917668855,0.05240770134739588,2.8009746609627695,-1.7302599136193924,0.8199131574295017,0.43643465314802704,-1.150713192472757,-2.0498316677308663,0.38086586611818807,-0.09665219423420546,-0.9000924882478016,0.2753748116318523,1.0492557729141934,0.07570198157694036,0.6272159336625315,0.6934309840072113,-0.49794648499658123,-0.6065182513943668,-0.005267594949436813
sample_763,-1.3639681675358015,-0.3440203372433267,0.30557834150691154,0.21079639477520618,-0.1058630340627387,0.3657519698926264,-1.0745240629122705,0.9983270968735295,-0.10928941352243665,0.11173043320508272,0.20321773686744968,-1.238244168883446,1.3046128726585282,-0.5898774777067444,0.354694610010427,0.2918315607894412,-0.12903341242802882,-1.1703458304753067,0.5279852505270622,-1.8429028046680391,0.9791327042493091,1.7090611649387846,-0.43466256892099225,1.1060332221194138,-0.4039379085226301,-0.8062027681775606,0.657759343640471,-0.473622404397752,-0.7619989884984167,0.6698756723407174,0.93669985026503,1.6042482827050641,0.3294310526022807,-0.4426313493040423,0.12223408607392,-0.9160373629060463,-0.09141318279408801,-0.3082623115146854,-0.03639461455675649,-0.7380505363213736,0.9807200666237977,-0.49903302377865383,1.9234222301552355,2.1842118512652298,0.04183800313231216,2.0727285534811046,-0.2150159211715698,-0.1612229621256265,-0.056821454806451975,0.5205102372770868
sample_764,-0.24353382406192575,-0.5599729129755684,0.2839436377653013,-0.7282541637401271,0.6001549416187916,0.20525445740076217,-0.62634095648755,1.3571587102837566,-0.840243001434057,0.05720451004671518,-0.5073536882945764,-0.5248016665684331,-0.12230983037731312,0.725066419856412,-0.47854736017927463,0.3400989827923806,0.5447315243061361,1.9573664144576923,-0.47737997260084125,0.861144114737224,1.5687649961324064,-0.3874316766245037,-0.516865537106835,0.6967316477293742,2.3181884873110774,-0.6512637030672684,-1.1679617497852723,-0.25559019756499257,-0.033026822087398176,-0.2952480377404209,-1.3968510553308446,-0.2591820974473667,-2.082907033222711,-1.3972907464569158,-0.013575474915702998,-1.31533093244866,1.2618531348967383,-0.6406223620017398,-0.1170238916239129,0.7842436462853081,0.11496040434329026,-1.5579662577387243,0.09483802278583538,-1.507135777632781,-0.19625678221540652,-0.8568511301021673,0.2510897606239385,-0.7718083318210652,0.8346570801457999,-0.8097356005144992
sample_765,0.8095616717852832,-0.08182887751644445,0.25125430487021,0.6647428441732465,-0.577633485225895,0.28624068071690373,0.15880138076616301,0.8135309280117574,0.3984963654056722,0.6504225087050529,0.3240465123384025,-0.32095466611944856,-0.7037595278409079,-0.35606483639498687,-0.6997868585567195,-0.13243155021799505,-0.7454348882815289,1.5894097392017787,-1.2549015849646776,-0.4797525767983393,-0.26954396107468204,-0.11576206654791597,-0.46200715150499816,0.5051166702089289,2.0526872189671628,-0.9641807661176279,0.7406900769584155,0.3412062117173663,0.6146121288082097,-0.1445734684469582,0.1059306411872429,0.30057191755680557,1.110203963579442,1.48417845081321,-0.11926988866283977,0.1006054535917458,-0.02317869245045487,-0.6544563550860606,1.307036607887299,2.309104975828822,1.5603931061068774,0.8425141758877743,0.020932876464971432,1.7296538341231267,0.22145127167905937,0.602830425471323,0.1412933555398963,0.6738739948815193,-1.4461664004839963,0.17185420563643738
sample_766,-0.9275630066829613,0.04605710869473784,-0.10126895121934422,0.22649376782199918,0.5078835445586017,0.2932199367614667,-0.371052960044135,-0.9874477528540913,-0.2319480933008148,0.09058469482552294,1.4019898359600393,0.916233333670789,1.0748538358101434,-0.1616179985888893,0.09887935206049055,-0.35964515373892786,0.9468280335234012,1.326632064341915,-1.4115025838595694,-0.19477180410059974,-0.08322241403606884,0.4416780284145243,-0.45573203837256043,1.36676737163559,0.7503553554821498,-0.8483189558343495,-1.6452325808459658,0.7702357783531872,-0.850393711272016,1.625752550596998,-0.38694692185341506,0.19850190011649776,-0.6616501742760545,-0.4916293098963782,-0.5628549165576583,-0.9993786770707055,-0.4474954513215735,-0.0793651368303905,-0.10169056150562146,0.3464585302972744,-1.58458586845402,0.4585058177269663,-0.9978531403584381,0.13186880900710632,-1.0753168827597288,0.8695890195910954,-0.2169637655514027,3.0707325222093895,-0.27714792614659156,-0.32479970911465883
sample_767,0.39482371458145354,-1.8766994617760375,0.5063344994584219,0.2628882160498777,0.20347443983278235,0.19205872340099026,0.5267047977158938,0.27182668457881354,-1.9113231743538592,1.1938523369354002,0.5525856341746307,0.9743944541650823,-0.5402623803784817,-1.0088392406428808,2.5841309987756977,1.4096251734992173,-0.9693955751741418,0.09565423612072796,2.137809650002404,-0.6696144509143256,-0.7568794729294313,0.026924472448549425,0.8786621914773749,1.3655179120562229,-0.1179204723659527,-1.1291316573095487,-0.17325236145253115,0.17393197252743328,1.305594841215691,-0.8315375036502651,0.2536353560665486,-1.2405850897801307,0.00546900153620113,-0.7773328660885825,-0.17522320408474293,-0.2945068391610899,0.8424183183586227,0.9956418395606832,0.2202556218003307,-0.2407155716704705,1.443548730415494,-0.9785874532551816,0.45413336096637347,0.1089987748585832,-0.13396628854295953,-0.5992440750347112,1.1253079413310532,-0.04648573613424904,-0.6418263720985172,-1.503257382804001
sample_768,0.14423259157586943,-0.4757825566710361,-0.1457940413018502,-0.47211365915305403,-0.41185533471797486,1.240047675786238,0.4734558332640795,0.2247712399767273,-0.6932262625424322,-1.6761477933846274,1.5319896268715145,2.2428931533302583,-2.2544902888626375,-0.478930350090591,-0.29055764630690145,-1.7880945448098158,-0.8789533227338064,0.2891350822159374,0.0012796711572134333,-0.48106671557863173,1.454704963954566,-1.6209685479083336,0.8914028661809904,-1.693410372997119,-0.700021671537636,0.3669034713393945,-0.2432847770340206,0.3370933419331468,-0.2724842694481496,0.22206195907603327,-0.8219394522478143,-1.1677796217307705,-0.979835461497296,0.6572811717827748,-0.899493790532369,-0.8299232875935637,0.7477387357934796,-0.39019226865080464,-1.005040058364095,0.413655631099128,-0.887486094955084,0.7035111549147794,0.6733807014691617,-0.2775418982363137,-2.4588679590021476,0.39604466956076806,-0.3566286544325689,0.45996135138532157,-0.5267455012598063,-1.1589441047004772
sample_769,1.1814217282592645,-0.3181952286572844,0.3390398133840016,-0.474422151586354,-1.0491644121987875,-0.5436458737497992,0.08106627686559684,-0.42324150825716816,-0.42925868335653933,0.5242711654374322,0.1628084399509438,-1.0737779898266515,1.572983851521181,1.7545100217937788,1.1432384576463293,-0.08879704949441189,-1.5390101684094066,0.6404773883320897,-1.5526032413901303,1.0184165818204585,-0.5884775043336696,-2.270140634792956,-1.3320826408627147,0.10666094543718428,-1.1255645200862294,0.8062366094866775,0.196933801439085,-1.2178285168172673,-0.528131007341978,-0.09242507519092055,-1.506929618398566,0.23872771270722842,0.4530397731922149,-0.3313729694283954,-0.3558283441912316,0.805382950035039,0.13207797972435004,0.832315625908088,2.0044853272169068,0.14519579871204097,-0.3065822201529134,-0.35337766973211215,-0.5584034962722969,0.10573541433602823,1.3979707019680696,1.5354440540517662,1.0048511472718462,0.1290192214939451,0.9510953446849174,0.8723973203514752
sample_770,1.1523173204045942,1.7614242952777164,-0.3078581050583339,0.9158440177920649,-1.233945304227412,-0.6254728459922484,0.11257899827344742,1.7308398173081998,1.3784084064024744,-0.5873550355543781,0.4810044599592549,-0.11192505296929928,-0.04571860272558641,1.2254703464038277,0.3589922250015043,-1.8215862562643157,0.9161130594681695,1.1901022929353422,1.8848307359328125,0.5089242395983142,-1.7090741380695362,-2.106484095963296,0.12622630501351076,1.0389421331488011,-0.10634023899591025,0.8394154848324562,-0.4708241297464748,-0.9243323736336871,-0.49116914092194863,0.5412031586424264,-0.6272810871042304,-0.09534591544827228,-0.01939650381203813,-1.710526807567666,1.1884269037977577,1.1161774860726164,-0.7874965510445296,1.6340935659183986,0.8924268081695147,-1.0665544264339235,1.0164219860106667,-0.626046343683718,0.1045424552062905,-0.2781438784338095,-0.18140219727155713,0.026654762560279748,-0.9350771395277011,-1.4526327703679538,-0.1695033435046872,1.9601758994815328
sample_771,-0.7387317899210712,-0.33249837438852076,-0.7672781333908077,1.2359940506078833,0.04449245299352899,0.24015230986945202,0.9780939797841438,1.6134487198624028,-1.0853446349377758,-2.203936483732135,1.8330653376286605,-0.008185668068637865,0.12927547571342488,-0.3157578092396766,0.10709289938026562,1.7583169554040103,-1.0301515345539374,0.29741080582052437,1.3637608114232698,-2.3456610458626734,-1.5469000099446204,-2.346915213374616,-0.13064570967001013,-0.6815583385291066,1.5385188051673597,-0.528153968476788,-0.5199607130151652,-0.8377933120231051,0.9038334881303298,-0.3727323859781066,0.4661067781530849,0.13217616952735448,0.3125741062829924,0.4481995587140708,-0.6034709238103203,-0.15112033359634128,1.3006305810645102,1.167239828768254,0.974132767096196,1.6460071470062936,-1.5822040080886262,0.5301132469769898,1.1622361945645163,0.9667406495977823,0.8172699467248107,0.708690387588477,-0.0072885972791220666,1.2074142500662202,0.4790414722854547,0.8231534557815979
sample_772,1.608296564775845,-0.22852250243385264,0.6724778470778433,0.020538123061369384,0.8603954437977319,-0.0649480746694888,1.588057048113971,0.10086375997270602,-1.6533024291480785,0.4383304464871045,3.0415390690641466,0.760817590058865,-1.4650528829247593,-1.4318322200007447,-0.2744307975125593,-0.7052185911076605,-0.09749645450654909,-0.5627725800423901,-0.5248736381807434,0.18677239140071009,1.0166760384856366,-0.3099928737887833,-2.98781404763875,0.5398486440896524,-2.1705156924295825,-0.9373172586529469,-0.3156566286302911,-0.1339287852215024,-0.5697539563264816,-0.6796025459741152,-0.3244089765723185,1.9669033334538923,-1.0931955772427109,-0.13397235592920637,0.032945584293929006,-0.942934648067321,-0.34479164227994824,0.07661250864272837,1.4303830658137089,-0.16621908111057287,0.6045756927645451,1.2335318790594243,-0.43358461633978795,0.8314053366498024,-0.02671575301536875,0.05559260268454938,0.297568117184525,-0.309763469074929,-0.8712930488756712,0.5334838608211335
sample_773,0.41258438415390236,0.20372894657169455,0.14143509875670537,0.8230030554800585,-1.4854088276745672,0.7296415531529035,-1.407117296017394,-0.9195498817492568,0.8783354227717142,0.7127446384659696,-0.011353134969875932,-1.7295979194774824,-1.3211444887882895,1.0517220109888923,0.5696089545885576,-0.2291829064934304,2.758416644026067,1.0597892379149179,-0.18220444098757274,-0.6575675050215901,-3.2841187941928784,-0.004010504388911971,0.4629213706940946,-0.5538031124872942,0.642889249120604,1.2404004872519068,-0.5279149869628528,0.37431500662591377,-0.16482414853926988,-0.31403502473494815,0.9209093615156227,-0.41557768760360814,-0.5181248446440846,-1.570058708175787,-0.15263826423453206,-0.12036592121272448,1.2078242748546897,-0.4732974915727777,-2.390029087610766,-1.5729204411814228,-2.08703979050031,-0.015694325337376722,-0.6030594933641364,-0.3404183271159686,-0.39470151008277304,0.6369491331131835,1.0120885688219905,-0.46207146991357256,0.12147894662338157,0.3976986422010228
sample_774,-0.061535769380402935,0.31100448474357834,0.8405749127288308,0.2901743089469265,0.07483895150840018,-0.9385738895067656,-1.6869291629508987,-0.5937860498279149,0.8667611559298208,-0.515448262124178,-1.6791873675822344,-1.680393629780284,1.5770285619479338,0.2074337382372698,-0.7587585067166697,0.014705660964065722,-1.199578956487278,0.9580467239851764,1.0000441181854747,-0.1791898069376703,0.1635574073717276,0.4243055998132085,0.2636081053213799,0.9136790241382027,-0.3404776977280551,0.5767395675861948,0.8692868503335938,0.3246214615811499,-1.4372891451203256,0.08150624311029615,-0.06287486941758953,-0.1056195278982361,0.5941542290361744,2.280250210271962,-0.7813007458734876,-1.1780841723617679,0.6379684059390577,0.7940694966060272,-1.2142536451277,-0.257130629837656,0.1204037619919241,-1.9540537445736277,-1.8336342327485784,-1.2241391363067942,1.3607162371924109,1.1441057132295116,-0.20737358297402164,1.203305431094076,-0.049659353012315645,-0.11659309557070476
sample_775,-0.3659325988085544,-0.2031605213323862,-0.6097850285254839,0.007108666934567317,-0.20618657164475065,0.16969264030063172,0.69372126022407,1.9843466831683712,-1.6675006798717742,-0.360480284219697,0.8195808499619996,-0.08239974580618872,0.43970168057898257,-2.025201659452545,-0.07417487827463264,-0.14045494986601717,0.8854185776388848,-0.66000554141084,0.5821981649206321,-0.4857175625794883,-3.007140437721425,-1.6896900181063796,0.6458389901644377,0.27567550701524157,0.861044845793743,2.3305980251309446,0.928592432938772,-1.0364976611832828,-0.6188679015670819,0.44832014825484817,0.8199034582446906,-0.5356505437257412,1.4511376196989145,3.1345263056739996,0.9436776159675858,1.7448892233146929,2.8491666789172725,0.588994144130668,-1.5156193870595982,-1.5071656173643067,-0.4167775815888031,-0.4524303057447968,0.44706266954820145,0.2477805546264113,0.1285011948534162,1.2738457478903336,-0.48168472261487155,0.3693079281157447,0.3816670989295688,-2.917981703374564
sample_776,0.9103507985086621,-2.4856843708792877,0.0304523757836121,-0.4967364543740162,0.5062762900022849,0.39679942364093723,0.742974730339414,0.18024627864642867,-0.8320193062967304,0.44788198726619244,-0.6501215940693672,-0.9668348458869687,0.5994023547432585,-1.0416137514832755,0.6528943208028479,0.9146853196866225,0.1808960415908767,0.711653636546031,0.2720101357405627,-1.5041191192153245,-0.6832915916914416,-0.9989649765666141,0.809393122567217,1.1151049065061445,-1.1704711253229902,-1.1946860628256537,0.9072829770370616,-1.0242672413276088,0.5901800944328751,0.7889955602353678,0.7499976724033076,0.32429402481127617,1.445198585643859,0.09115967471472072,0.2342687285956619,0.37760124420473096,-0.48062074632990426,0.02991035100776144,0.5568140457287547,1.6940043195837045,0.7805093030274329,-0.6791607685331346,0.9912199934471089,-1.7954266919261774,0.3721343744156253,0.5762886346807881,0.6893595256821138,0.3444333744466437,-1.2011973698246872,1.562507077092271
sample_777,-0.4138214676567067,-1.2947775676954865,2.30032870327137,1.590617999343373,-0.9552287373510757,0.5504599752861392,-0.9905917965929234,0.6484072088229099,1.4509839887124385,-1.3138272765199048,-2.0638510179101224,1.2354072248960015,0.18530870415702097,-1.1579514169111773,0.4030066748416212,0.7482326813122631,1.6017839873061501,-0.6811625229607862,-2.1465680039612716,-0.8596292855933152,-0.2912902466239042,-0.09268256935611478,-1.0216580805750506,-2.0023481859371826,-1.5869914386510466,0.12822020282005667,0.7615024876129206,-0.9188744043933411,0.7933056196748076,-0.008729168952367045,-1.1600176050319153,1.0014656290115782,0.3906807999360124,-0.3264394457137673,0.558791309527698,0.46387210919672883,-0.9980501934911893,-1.009189942376709,-0.7944723588488534,0.8717666001956196,-0.9238825812132014,-0.015306113030440027,0.3514598833300311,0.663651952395096,-0.8997343235673003,0.2131314606997989,0.36646455405774225,-1.784792045248751,1.1479690158707776,0.057166330269730094
sample_778,1.98947118326351,-1.2271507713495282,0.21331894169452634,-0.3846940260467679,0.5835103666886978,1.1712189867331366,-0.5467416947196014,-1.4029295242061501,-1.6438909950918255,0.42719308639899395,1.4004799884063504,-0.23990541340486585,0.6796646070962831,1.5268326679215523,-0.7618943812842255,-1.2669652535699953,0.37424530139113427,-0.2526139588776832,-0.4037173371334137,1.0872213174103833,-1.112915153910406,-2.1543241129128647,1.2130366938649342,-1.2923384823687292,-0.5454906957645903,-0.6041775132162446,0.04579028237495733,-1.226243154251545,0.8739154644664614,0.32921349604804473,-0.7166345523448215,0.33508683840801035,0.49939632388924704,-0.7054484855041715,0.9229424668121249,1.6574757263218989,-0.17056964885396692,-1.019473613401466,1.2713558096228983,1.8601828122374777,0.12259850230717183,0.1501293285065606,-0.71972214391141,1.503983523682536,0.7429831177547064,1.7365847932087997,0.5869383908217458,-2.3215067855474127,0.01566287403875068,0.4372207690931703
sample_779,-0.9631446674570272,-0.4682332091672171,1.014370948018956,0.016138461308242282,-2.574098918227981,-1.347155629892135,-1.2206915816130528,0.39231315430146196,-0.4001244917956125,-0.24426814335872088,0.5899378489270495,-0.3152809665911264,0.44323873409112813,-0.3940232859193428,-1.1087038083085607,0.008917185886155607,1.041472630697027,0.9208703877212373,-0.9460650110511636,-2.3479425819895776,1.7817697474085339,1.4660009394293756,0.24001620769067294,0.4717907822843331,0.0773260575677071,-0.5485761760701247,1.7533589239428133,1.0464061557768487,1.249969513522664,-0.360289836579794,0.29068068612605186,-0.6287813046403029,-0.11519270013984373,1.0171383729181669,0.32617299869738225,-0.13087273525856122,-1.205676585173465,0.43013494557261844,-2.0483977805354354,0.06722442507031967,0.08936169598913021,-1.044877106648652,-0.18148537410783827,1.5142142358284862,1.5424742911365534,-1.3991610764945333,-0.08779387880664723,-0.0012031451178841745,0.16050757217936074,1.5938926170293244
sample_780,-1.1510843468503142,1.4187759533872695,-0.7431060610564311,0.18731851036702654,1.1536792863988856,-1.8197495130379513,0.14577913717314298,2.0519651724724954,-1.3233896353766306,-0.2526557394074552,0.46009310668071773,-0.6881184895234123,-0.5900518075041743,0.7181797735255079,0.4532505674021882,0.6947725336645566,0.09822390790250511,-0.4633136171348941,0.28196639837612664,-0.5349556284158568,-1.6383381657437062,-1.6738082776275787,1.528345307817123,-0.6636461528734819,1.0675051232444006,-0.5801700288910978,-0.5216241343935254,2.09947469349058,0.3956114192646129,0.660618529937297,-0.08868208551260988,-0.7696226232102945,2.631421003784711,-0.09332060382420096,0.6107464317222443,-0.8368417615216897,-0.5402694062244107,-2.479751262160241,-0.3939914683626079,2.087891816173789,0.11826638901434985,0.5663057940351178,1.4739685589642584,-0.08615009294528446,1.6831279491749254,-1.1315477187832592,-0.5205308771309167,-0.993482928966201,0.6128445096753962,-0.9245125371407961
sample_781,-0.2943871903443028,0.10819034667937633,0.402167919481001,-0.021214278858919567,-1.0025388982650751,-0.2715754721630729,-0.39808058294552573,0.1928268130171877,1.9270929713239824,-0.32402570970216965,0.3901677215289292,0.3569584899605791,-0.602250888375083,1.1029873436425572,1.063088942264264,0.9048224059001061,-0.802256587316033,0.4487806698003083,-0.0835816703479519,-0.4869300582973151,-0.32860999830733206,0.5456374111220953,-0.6349534450658761,-0.7906743539525802,1.3579911034249166,-0.919342846399792,0.4301424456194197,0.13609565831170134,-0.5583748959711269,0.4129020887564803,-0.1314144437764879,-0.32400894134548375,-0.07842142736205492,2.15360971910127,-0.7406535678916413,0.29064042183474975,0.2685521406771144,-1.5284723006719043,-1.3961717155569775,1.8494113937871708,-0.5148659498375616,-1.3434039180704174,-0.22938467385260602,-0.26641562743830466,0.27574008756437446,-2.016938601383818,-0.11574863155011712,-1.0485269716155363,0.335909462575817,0.0450023060151222
sample_782,-0.972309902494326,1.0220940370232676,0.9235176693835077,1.352915810780946,-2.2133114697841276,0.0791488065162385,-0.41797593539304906,-1.5859750579094176,0.9225540676324797,0.5400787187286953,-0.5297355474769317,0.0017995397634728025,0.9704760881249868,0.12483071162603163,0.11891485081050673,1.8932882488824494,0.8336309609778297,0.8363939094171564,0.6948843768376511,-0.38804413954549716,-1.0040095665671385,1.034682625001062,-0.8607669100138019,-0.17311274751418027,-1.2914009626842362,-0.3136427828177514,-1.8617314396280897,-0.02075596787803651,-0.9960024400330683,-0.2617265612589792,-0.05356304731176459,-1.8543331811806012,1.4606026475699336,-1.5433971615571391,1.2145732222161822,-2.588936053748597,0.5217946211296591,-0.3423736382445622,0.43289758725368693,-0.06689698288381224,1.9340373653233027,-1.0887411033091285,0.6133111196627286,0.3143385326033761,-1.1297429476149623,0.21498462114760625,-0.49965819546430784,-0.28209758724926454,-0.3696404535181785,1.169220611568223
sample_783,0.612995119245605,-0.6341377109778897,-0.8569447610080271,0.3772890207815845,0.37797595889011126,1.6851375054401758,-0.1540812370596511,-1.9548666400710155,3.3836925225651657,0.5185575856646306,-0.9824369120493833,0.6568403632757643,-0.5497427287062809,0.6536284027143696,0.3207537145665587,-0.09398101438498827,-1.9241450181932003,-0.2167207840888134,-1.2435519751796058,-1.451226619770941,-1.136182192410933,-2.4982818518112873,2.841667393596573,-0.7737830533791183,-0.056628835988004694,-0.3045850869605678,-0.21042929245783754,0.9475186911815816,0.12229368279290885,-1.069856681472493,1.1787337407989507,-0.9971199204809051,1.8481154088927987,-2.1962255506181347,0.5471694719495928,1.0498123086319064,-0.24420618013925008,-0.49645721317032954,1.2367957465944668,-1.1537815242052916,-1.0143319601932592,0.17256778903090722,0.8517603480079544,0.7524072285559122,1.0063139085172321,-0.8381115128804507,0.7380775743007213,1.677066733043669,1.0862901029033163,0.7274571131032813
sample_784,-0.8974439527741878,-0.11882282997891938,0.6391820317362369,-0.22419123827379245,0.6830929681104357,-1.2433613329744952,-1.4653150120968461,-1.1935967685125612,0.09506223527584558,-1.4021999739330169,1.274636293542631,0.040837901798045195,0.9949007682321386,1.05678767499151,0.8876409506368121,1.161504925832796,-0.26624420738780286,0.17866440646610057,0.13199223558151413,-1.4750964606744743,0.5804969034464511,-1.5337847094276973,-1.5093700219129642,0.007745153434708663,-0.07889295653435849,-1.1056641695292888,0.7900494890221879,2.508175682138438,-0.7813140472541292,1.6855379110484894,-0.9669686700561156,-0.0033495161824905095,1.3230786229111164,-1.580299907155515,-0.0022759633754924256,-1.246468475972455,1.2646274266466162,0.9549651599829427,0.5697272271172548,-0.6016026964068217,-1.7060114124489407,0.07994880269466122,-1.2109330642775051,-0.9780771192492043,0.12918855447741476,0.3710883566584648,1.6840600714185399,-0.6088537663005054,-0.3424422236460011,0.009006966242331247
sample_785,-0.4118637579604454,0.9018484827475577,0.9095402647171045,-1.2284616910318296,-1.3467591658170595,-1.3283858387817444,-0.3773118480010624,-0.18231804330976464,-0.7228890394766756,1.3242376434995065,0.30434907862169935,2.0659241946802847,-0.4148924450899296,-0.8077364889001857,-0.6939720306904367,-0.5960615375368913,1.4378327196347769,-0.05440484447676373,-0.18249274289573833,1.06669375736553,-2.9571156038619923,1.1934570308024037,0.011757613396649238,-0.9030840508199501,-0.8602897444645138,-1.3632291183735554,-0.6627124650220957,0.40253976169482747,-0.5037673413553406,-0.11984923685835873,-1.0193341676776613,0.645793765719243,-0.9155180462749767,0.9647755634094164,-1.1172021398974128,1.5412468229471017,0.33495445973968,-0.08073684411944947,-0.2376268635444288,0.4635152829432899,-1.8549138112061008,0.8944249176655802,0.02885852356209648,-0.33889689465978584,0.8081330782151838,-0.2778631410957233,0.6200388300629233,-0.8269863335018086,-2.0622280627045573,-0.40424595392104345
sample_786,-0.5042842394727141,0.6393946509036506,0.322163791421334,-1.020205285789528,-1.20611951306083,-0.8180088754700997,1.6369529424214677,1.4122499618400357,-0.15519383848616347,-0.0005444701539478518,0.44373692920792546,-0.5293361045674336,0.6291977052441561,-1.0095368411338121,0.06269658773355842,-0.6858010103977553,-0.3496434827749524,-1.3314064546833426,1.1602553600268477,-0.739480285263631,0.11899402500686886,0.6549098272374687,1.2213201387213584,0.10262087223884205,0.677071373042715,-0.0448663844487556,0.6383351702000309,-0.1977821700309393,-0.2976667100571997,-1.2752776199794518,-2.101994843062714,0.8777733169814577,0.3582300595920104,0.3927635752038145,-0.5805455648688371,-0.206694006559234,1.226709084885134,1.5213689998234396,1.1644998737743317,0.5892542902899626,-1.5041550151157759,1.482730011606527,1.155364464061417,-1.1754349788495264,-0.837021278843665,0.07825599328199502,-1.3781769317473676,-0.07020352392992664,-1.4114038100877657,-0.35732035672913004
sample_787,-0.24041633810192395,0.25400958108103733,0.1776653528003482,-0.7224814920419831,-0.5579866768660416,1.323269729436829,-0.6952503274909794,-0.4324057828507068,-0.34238127799160667,-0.4659125956473266,-1.0025572923764028,-1.0909533155803464,-0.3131669238170899,0.11065733489004659,-0.3681292271556434,1.0190928944000872,0.7534329083581156,-1.1100534167925271,-0.3073530897579771,1.5314190378027805,-0.3222981716835718,-0.5892916644034427,-0.31064329609682373,0.1995620812917832,0.6309915066613475,-1.5115186448951656,-0.16995567412960702,0.755421354222444,0.6481963050475212,-1.320079877250292,-0.005404256877293535,1.5448198750573594,-0.05329245605702106,-0.9338763367792655,0.3895308193130844,-1.3195252087755565,-0.7888890447829152,0.2836840028851903,-0.2985978875668916,-0.5756839618606835,-0.16358190252891405,-0.13246390291241297,-0.9178256334569915,-0.04322829948651246,0.4567448907970076,0.24869136701410688,1.7252872174333413,0.63642632643304,-0.05438460403563613,1.4191645330122336
sample_788,-0.23412846588540587,0.22629345018969424,1.7499550653790803,1.8029438757411984,-1.2302159050039556,0.004118882966540855,-1.9802939054866686,-1.8442654629966746,0.4522557070128713,0.2872950182253253,-0.6432094656032075,0.5871783272486426,-1.6123508384913272,0.18235570889625888,-0.38916658072422927,-0.031438235560244394,-1.3286052426849622,-0.18060278017448905,1.2698241617967654,1.0576697571404479,-1.0322499632707764,0.7976856486485269,1.233686886587286,0.2644263542069908,-1.0211640971137748,-2.364760061650281,1.445238096769368,0.7874074430210718,-0.1690226970676862,0.15930047548399195,-0.5402938565070361,1.264858705285766,0.408761702384646,-0.1262398763660636,0.8012706783997149,-0.6446886126267066,1.59367075829188,-0.944128742073201,0.5457172660043172,-1.5779010317691968,-1.5362338931016295,-0.3028626637728716,-0.3859247976514473,1.19725795952941,-0.0023319795567872353,0.397666724589177,1.5415013995483058,2.4335792360905892,-1.2659749860373017,0.1797612287084832
sample_789,0.1811294344375312,-0.9742235675616028,0.22191714159564493,-0.755540404758983,-0.22248689970120644,-0.4799766032973048,0.5998136789347872,1.79492686762431,2.7491871777217693,-0.8940637739954895,0.8442187267521394,-0.05655062214445929,0.7283689479327756,-0.879679509168223,1.0721094385456,1.1502107540197606,-0.446655883852383,-2.644352614908976,-0.1415059966904223,0.99137404858012,-0.513724770343612,0.2225350850836516,-0.8298939953856721,-0.5928848093999058,0.8448887708708319,-1.5181642744415305,0.8585582882986775,0.4333265890413573,-1.9956909491294332,0.7835774472230339,1.9398252983848938,0.8593760852711961,-1.6516926416037374,1.3192404684530914,-0.43735208622739374,0.1891575393212921,-1.4942659317462619,0.4162655889467055,1.945142375503411,0.14466038687796978,0.1298275347179379,2.0811689039332135,-0.828077372924055,-0.45308238708355475,-0.8727855243525119,0.5860122402389029,0.06972300923113085,0.18225025353213994,0.6773874763111115,-0.9637119318735692
sample_790,-1.7555854088144502,-0.7726757638513593,0.21301863216167252,1.802209765644113,0.1415259335819482,0.44397093626201106,0.3177433527688445,-1.2600165387037736,-1.086242947040416,-0.5467020145953492,0.7180408923498665,0.9930729000016137,2.3040092157516385,1.081343083386099,0.866794933601093,-1.4076532182770474,-0.5468057714012006,1.184836609890537,1.1314641589948338,0.5861323081967569,-2.4885779781183848,-0.33826008809468067,-0.27826421951956404,0.026872224092100494,0.7077779292730165,0.017371909540731804,0.47300567622241646,-0.2902367175019939,0.6180879138225587,0.5353435842070396,-1.907851600538902,2.0900024973732134,1.0703586811732622,2.306744474945239,0.8000770628480559,-0.5925945235886023,1.484126398455363,-0.10568853134142828,-1.104050117422719,0.7888406782438957,0.6053402725728106,0.3875748154914894,0.5305954299656053,-0.4318917999726087,-2.3478069404431117,-0.9298529383830558,-0.8514574321422461,-0.1113583853014403,-0.2317708045915819,0.4486580248399142
sample_791,-0.2138188507555424,0.1724249118439262,0.16510302310529437,0.9206041118542868,-0.39132857840203006,-1.5539306585251083,-0.19116462300598888,0.2641879576121498,-0.7862067193570179,1.2124211150143425,-1.951697498359645,1.1099631448067253,0.35003935221246496,0.19951603840502588,-2.38837515013472,-0.6739830647268424,-0.5459114150915141,0.5254389981640081,1.986526376045052,-1.0417485388921535,0.3809964898790327,-0.13292465196483516,0.053999748861817985,-2.0379691583892985,0.4577125738330209,1.6006037670058708,-0.04267807118765271,-1.4355401061097857,-0.6709454865065129,-1.8542477899849312,0.5343895728853019,-0.1253365108402409,1.5385263206791255,-0.9895783367786559,-0.7873483630791861,1.8559560754730315,1.1204380055627077,1.176871057022683,-0.7235105590250993,1.6143661487826486,-0.39189549479801283,1.5128665528553764,0.33993583900314395,0.7283587698159164,1.5682656378152606,-0.002331554436192477,-0.5147740576668174,-1.1949786792966552,0.27569632340985023,-0.6247152103508099
sample_792,-2.527544009193664,1.3547115206605769,0.777672151471026,0.22364164096424843,0.48057050144762,-2.2509662714587595,1.3919711598191604,-0.20199134285738973,-0.4078416275517487,0.4568687633667609,0.83506678494416,0.5537860164372314,0.7333050417860311,0.509717839808072,-0.9367754397223409,0.24184034362879187,1.009636122811602,-1.1576731228275974,0.924976353841011,0.6679420529167666,0.28110755509087326,2.1225560790258795,0.4604810819616642,-0.9972211506322466,0.16548739595000672,-0.3706826103424616,-1.1372969508638675,0.47819603177677095,-2.052023579567425,-0.7142751366515566,0.898262777036249,0.8547287667924887,-0.5071775892689663,-0.6752631067865507,0.28313598395806394,-0.27770090171883965,-0.2905061223360073,1.3846903973112616,-1.0040391359950287,-0.21378271693873813,0.05065405059573072,-1.491311234520856,-1.1228672914345466,0.03834887387086642,-0.6195093934504348,-0.6955197960793041,0.015262624055231832,0.973516047608722,0.15703483644180377,0.6994724576331712
sample_793,-0.21366169993826273,1.077744436272747,-0.5061168772304353,-0.42722066612907356,-1.4543701550888932,0.1204038096429409,-0.4322874712648564,1.552729787330817,-0.21359652640769092,-0.5500071130154308,1.3979909152331151,-1.1956649136562314,0.19028643952947033,0.8378717276495301,-0.8780893874173159,-0.6005455329903681,-0.4778675265899293,1.504342579374716,0.9720606597731578,1.0998997989585275,-1.9412652926743974,-0.4929354385204574,-1.131652439505317,-1.9625230824337103,-0.07425248373801308,0.22616042549622023,1.7366618484964451,0.8100533934299289,1.2021086970286547,-1.2260542947556972,2.760185341251153,-0.11346533875248885,-1.167068204423328,0.13096104411610562,1.5466688400171982,-1.1077912135830843,-0.5004390204525041,1.8088302835031893,0.9098627354512143,-0.19288345344886174,1.0475551290908398,0.041030518739488236,0.865875181004382,-0.3274141917823239,0.4476247003696409,1.16610764049929,0.6753791258327313,-0.08726443508155028,-0.18187240344143887,-0.9703960192437537
sample_794,0.6539100016096697,0.40106719433225946,1.029482945652296,-0.5762791904918096,0.1666457679035225,-0.02433858897642795,1.6891788667071639,-0.38966379507823573,-0.5763729730634068,2.5492805516411146,-1.5953311056361568,-1.84091914492225,0.8289800146199929,0.8048035432229138,0.2163513564899323,-1.2808382503084628,0.5584885312615294,0.19311940490277626,-1.6991867182511122,-1.384356465272875,-0.4527110683483276,-0.18316536111243717,-0.12533977234692079,-1.6676555465400322,-2.2310665222610377,-0.500585283383077,-1.6866047596537384,0.38160869918641266,-0.4342221946280253,0.8213267039425719,-0.17223646588187308,0.32814468829954774,-0.29248836894574654,-0.15410040004926734,-2.099182781564129,0.359864885749535,-1.7465752920288402,-2.3108938754151365,0.3340221569362134,1.1448532375230749,-1.428514658830153,-0.4933288535441623,-0.8845933083263234,0.21943870101127266,0.034200687876099804,-0.02856764542476353,1.8685100099133225,0.817004367165333,1.0012905826143497,0.6297894799075925
sample_795,1.0668311408937732,-1.8891907237696282,-0.4309303765488806,0.41745771347297356,0.43614710662647876,-0.09781657129361451,0.03624907437282261,0.6874651223325116,0.6272978768727633,0.5896150138365076,-0.34073823798713687,-0.4594696998334745,-0.47333197068679594,0.22831757255272336,0.5891719545699097,0.7751273241538751,1.2336418742515003,-0.07205263962725382,-0.004113765007914116,0.8740335312071064,0.5461739923148016,-1.3049031184122062,-0.20138465271940076,-0.11084883814062084,0.17498954599921088,0.4282098318941495,0.25814701233692755,1.9877974867871901,-0.9136794104919586,-0.6653466538004059,1.4801303128519212,1.6226310889017008,0.25247842070025,0.6835702292041068,-0.7066579490054378,-0.05509610272943898,1.218101577890435,-0.9557516087860741,1.0855973200218523,-0.541832862805186,0.19039755892872753,-0.05217413628359118,-0.47454989788169316,0.675133786491073,0.38756124625238464,1.4915172757733537,-0.026871378245492687,-1.8332323633272314,0.9646974154662605,-0.19764485538820883
sample_796,0.2523847630754987,-0.1620253246305108,1.256047163476102,-0.8846140507626226,-2.336440208864615,-0.36992151955476504,-0.7034598424108498,-0.5074967493037295,0.2776969050087461,-0.7328241259809508,-0.4438930540983064,0.623135463980946,-0.23892271350674463,-0.05270347398036981,-0.17142666763432451,0.9699391602984498,0.08094237519410731,-0.15551918492500036,0.24562729525364935,0.3035895734853224,-0.6574100837089234,-0.7836544713608858,-0.5152034930116794,-0.9654005638971731,-0.6068948121901484,-0.5775407487524205,-1.2486777587965852,0.18765436594168178,0.6628072288343646,-0.387007945032418,0.35001350292809175,-1.2132387169350265,1.0064794430557786,0.3104710255293835,2.0287369693423343,1.2988950243947532,-1.4725437248971303,1.9108062842222717,-0.07439174450816112,0.824934453091441,-0.769538595303141,-0.09137600530736763,-1.9855575192870805,-0.9903124706332993,0.31906748536665386,0.38268380752104997,-0.6436023410531577,-1.5244445309586312,-1.235485886419324,-0.4552529844512145
sample_797,0.30000027112642946,1.730584225738668,0.43433300559860316,-0.8821473588421755,-0.9236032886088767,0.22691385835701855,0.9193090956197131,0.6343775787993445,-0.4477631894006449,-0.49844972110150204,-1.1927603115540972,-1.2812236090606757,0.2840836110255983,0.24789268103017667,1.701054880499885,1.3280262217557368,-0.33255525105540756,0.5415200185440402,0.06887776138221789,-1.6864964690222581,-1.6674204446282552,-0.4749537501170211,0.2896565085511074,1.4960263103676599,-1.2530851857187149,0.2098891870573226,-1.2523247065755705,-0.13098216918342756,-0.6363228090830391,0.35798229970897916,0.3541762966110981,0.2889139857910289,2.099585901752461,-0.09032327939982714,-0.17332251296331075,0.476818891161687,0.6150962718298841,-0.6240057005926738,-0.24167226800591596,0.10641577238355227,2.410093173830363,-0.579388769976418,-0.6162856335997221,1.4593271133476653,1.446546827918092,-2.1866322376869647,1.4144002281780337,-0.1434285624963027,0.03662706893716854,0.10743188680519647
sample_798,0.9242570500222316,-1.1072990669774632,0.408744759058332,-1.0935666684967151,-0.43237690979980115,-0.9755933002162697,0.39785137869700654,2.21537449278907,1.0522767438942813,0.04734362426242047,0.0172954512254256,-1.2189039874392924,0.11620721980414245,1.2865115826466123,0.9514270488036938,-1.4594602142370618,-0.46740768228267904,-1.6138872768156138,0.9070469544157648,-0.13139800648175826,-0.4512114649110286,-1.8613473273163745,-0.9706012553438607,1.7414099523659619,-0.434825599976499,-1.1486067600780265,0.17809076443345115,-0.9531309961734116,2.054873757063546,-1.1802224311738654,0.09075891127142684,-0.18059404509774754,-0.47778573747661607,-0.6111033259386452,-0.5640910614261538,-1.302443991884788,0.2701633952644477,-0.8197602202805135,0.3786328067003808,0.2092509587227976,-0.4885710407008142,0.8364359202767054,-0.9030750984496208,0.3883574126056931,-1.2598690398518422,1.6910639565042351,0.7907814177648128,-1.493115527033174,-0.6319537301566199,0.2649887015342039
sample_799,-0.8691922146423281,-0.8179872111665392,-2.092832392036872,-0.4295188128775667,-0.9712819649387289,-0.5328704028424379,-0.7943075523825448,0.7774258045319054,-0.1580217992078579,-0.0602739157403056,1.3373331407302262,-0.132313716231591,0.8905504704361858,0.6692438947803583,0.8416437251480043,-0.5019210172096943,0.5822532014341822,-0.9827233649011732,-1.6917845503744002,1.1892947243534335,0.15521128904740586,-0.4094781942318204,-0.24645855170985817,0.19799119137228435,1.1399349261236535,-0.8297399205070943,-0.8009945490969841,0.19982105903079914,0.21829083222249818,-2.002288767433538,-1.9803497687919736,0.6610211107643988,-1.0811636073551494,-0.7054038451737912,-1.24232611512845,-0.5185105976498975,0.16566665273054754,-0.39127570486667623,-1.3516537530302368,-0.3754785053242409,0.7578254451407396,0.10540995868245978,-0.36697092519980545,-1.7690811611835386,0.4696082743518645,0.04441001217804104,-0.8271799031096548,0.1709673145919585,1.4273914321435877,-2.4112083684574843
sample_800,1.1976672627212823,-1.0269849395481752,-0.7580396386117644,1.0500337492752958,0.28276905611101844,-0.7840772956987654,0.1508357483920594,-1.131443804446192,-1.6455756625997886,0.7576167566082697,1.8619637641870306,0.5734595971412827,0.012135217997700818,-1.0643406075571034,-0.30635563632613366,-0.32537404601098974,-0.7947653838665862,-0.7930832045374142,0.9918003087599196,-1.0944514013812168,0.04879243434873404,1.340742944421287,0.2682974190817318,-0.09193842309397653,-0.7815388011645309,-1.1633207834483017,1.0785200768214571,0.2108201422612735,-0.9444517268247109,-1.4759137012322046,-1.5017500961312,-0.9263278367007247,1.718950600883882,0.4807765475893175,-0.2215941551214341,0.29958840972417555,0.053187091783811875,0.24450827368769246,0.35923689983173224,1.8263450289521168,-1.7118427398184968,0.2097475675019108,-2.7696661856488194,0.8246292172341629,-0.927994613513244,-0.8564934651979184,0.7064193774339264,-1.088294286365335,1.5610885999695507,-0.7098187298641376
sample_801,0.3228925853316816,0.2931268805245002,0.28923563474758684,-1.388674714038362,-0.3022799913487123,-0.3752240380799211,-0.8800074602891567,0.5841434475947425,0.27215483748260655,-0.04048352961070719,-0.7339527850588059,-0.08695934248895489,-0.988943437214087,-0.7263234551969644,-1.1120955793047076,0.5610474347589224,0.41922088126605506,-0.659560363368651,1.9166206140158417,0.045711523199252445,0.3631136295328733,-2.1308176340447615,1.29663509226959,0.16893227151230877,0.5066029606951247,-0.878927407201185,1.2455265515901712,-2.6278460583413,-0.4512974036570318,0.6847882835993356,-1.0578062014700207,-0.5086941893734032,1.0860900597239518,-0.6761383535361788,-0.36154943263856804,-1.6257108895706318,-0.28127852942926596,0.6854683045623083,-0.595595251736792,-0.08658107547952298,0.08558765820909209,1.3958328331698555,0.12550608701073604,0.3934206216801884,-1.1304511516815208,-0.500116390747282,0.08273004894539826,-0.10743947367811628,1.212910311369405,-0.035399636766153715
sample_802,0.8988394563460461,1.3784460341238025,-0.22359227548181893,-0.7044240583383401,-0.24639690445258866,-1.1872716718828937,1.4861939576460317,-0.1366473439041608,-0.028620249775168465,0.1913455852625897,3.0537199495000453,1.1111481229593883,-1.1433230692784475,1.6801059328160513,-0.619616939669591,-0.9214552583182115,0.49513184493183743,0.34421514416862,1.8440492387089988,2.2370831428122457,-0.3294308297920925,0.6912211457434677,0.17057793089312784,-0.501641266495959,-1.4917226386380196,-0.16668711777455386,-0.9219719725951676,-2.4335462187250854,0.6048637329088201,0.713567299811105,0.06568330334861003,-1.0826156706009527,-0.7886587847009517,1.2609712659132266,0.8291958065548714,0.12256957321958774,0.2938866040670321,0.5523235567053965,0.9888770944964322,1.4856989538797007,1.1675377956579136,1.0690973862555144,1.3097323847494575,0.0871358725393965,3.0867754330329906,0.39657761994306323,-0.27511978911710927,0.4665999563956788,1.3279592215702831,-0.4307759204651439
sample_803,-0.781081902238161,0.2921568377177804,0.28194790533871217,-1.9616735928775308,-0.1357204636239484,-0.46914343477389664,2.0112313763191505,0.8158962497801512,0.3140251684866479,-0.7637703416518408,-0.25641616153886815,-1.1294797264513448,-0.688731752043286,0.29821651904428825,0.18835928849906558,-0.016810851449050018,-1.3092211868732406,1.1484457596636442,0.9004347046804674,2.141132576099049,-0.11335537029251397,-1.9773919095198749,0.31408637370297143,0.629751288430697,0.8366103144672745,0.35847447792244175,-1.2278022725002942,-1.64879124347105,-1.5063794995718907,-1.5510656905670326,-1.5443293418528627,-0.13637077727617075,-1.1040853117073952,1.0804437599982086,1.1383016190054491,-0.1867975443717885,-0.6210136440880573,0.6600100443313346,-1.0896876041309447,0.03700607650748618,1.7998886146560011,-1.761446473282837,1.1791061564327174,1.0860004098810643,-0.48250729559880423,-0.8805453210377352,1.8175095816567515,-0.027308651714798318,1.3908483866838615,-0.4701515761127034
sample_804,-0.14031168518607903,0.1677179701855037,0.4950474051719099,-1.4891475172142459,0.9175060339905886,-0.0396740112809039,-0.05268065282544557,-1.4096635310624335,-0.24775655622568749,-1.4815180174328848,-0.7316033532825325,1.0081104470559812,0.2662623558011924,-0.32571433586809256,2.48455621412192,-1.452229702806391,0.9266368817385465,-1.3997021308531625,1.207621515047004,-0.48399154698833974,-1.0693449016934051,-1.2808442482465283,-0.3223383302633569,0.8623392539334611,0.15722521417641616,-0.46596058798528955,3.1394114126166306,0.11805299398129257,-1.539729169748628,-0.11793898693992248,-0.3478884387932399,-0.592081332928537,0.14372231969328889,-0.12931506479435198,-1.309063810974655,1.5442651954439608,-0.9066843302337325,-0.46234149461437846,0.021786083486583573,-0.2811947476357163,0.1307087061791134,0.3372334852661986,-1.0409946392325848,-0.8791444599437602,-1.082018763048368,0.35269916753559527,0.481811538658707,2.1369196652417406,0.3438713749964736,-0.4162275924186519
sample_805,-0.11948146138842357,-0.5433218955292727,0.783150607642987,-1.6020379419481068,-0.9457480992127513,-0.7431955670377334,-2.1277932499606167,-0.23281548858341733,0.8657874369182118,0.48934433876002986,1.4494532783419105,-0.6087376952167384,-1.0094830384240712,0.4374240884012976,-1.3010707424697796,1.5855280740639277,-0.4731209587221785,-0.8360552964785511,-0.2684420668487392,1.4270765497460156,-0.09553856062194256,-0.31274720289944796,-1.025298385683481,0.748503855308433,0.3505291828342362,-0.7221487189293351,0.8064206686704144,0.8001049409638699,-2.3637951854007904,0.5167759396526116,-0.845337257505583,-0.4596121039906057,-0.3955415332034167,1.128404863245744,-1.5918864481102404,-1.0978799192550914,-0.9417011486286172,1.1911856639206748,0.021883064225909785,0.1956144781142962,-0.9407360702101496,0.214553130338445,0.11255079579317222,-0.6991342646722568,-0.9566611140588863,0.882587944261938,-0.862161132100015,1.5340461868360706,-1.258397471494388,-0.3977244924892532
sample_806,0.7188457124145107,0.8651628975385806,0.44525737514867914,-0.9021602695181333,1.28505123994719,0.9635638805606597,0.555522640584142,0.34868363240072076,-0.7943764960394385,0.10956954786685176,-1.1010760298339468,0.12278045186133976,1.0124085858705882,0.44220269387963995,0.12906371879795248,-0.7517631129160622,1.2127382140008625,1.5356509463583596,1.8285683362322183,0.6368547357235205,0.8468110285932524,0.09104846186642593,2.1656706114615605,-0.3054935517678779,1.1344760744984894,0.6115785286775087,-0.5204970290774354,-1.2525570095404046,-0.2542129112831291,-1.5282890603166814,2.116586617081625,0.492753216209629,-0.6335560495345044,0.7885834552658734,0.3469232574452655,0.1907205237826021,0.09635144495571193,-0.333221984468714,1.6077910488589882,0.5430949759985659,1.3884669412112716,-0.5956524220744718,-0.7455626574914709,0.34734748517533476,1.7558581603185512,0.47175529517305265,1.769813162999237,-0.5959070455098207,-0.9359392960021079,-0.2583713342898954
sample_807,-0.32740955323023874,0.8274486031005241,-0.8475860673435055,-0.8205192372778921,0.536230051948829,2.026798025346298,-2.9541751462230224,-0.4589921652670441,0.14388218677079984,-1.2559188817337492,-0.017039303009940644,0.1375298624183055,-0.49255635203258896,0.16711092948106585,0.28996967355483216,0.04855776298274893,-0.5823422954766374,0.42346709073377986,-0.10173203861629186,0.02832156353647328,1.4264811313964896,0.055231158341526004,-2.383082450373406,-0.11313414091303617,-1.3620582130267649,0.4449589187413822,0.42942884033980594,0.5126474497255002,-1.826653224111736,0.030783945406720047,0.2544774473561363,-0.2997919946816774,2.96084677961282,0.6014988137906976,-1.5071128404981708,0.40699458134950295,1.16115701127692,-1.3738112205635589,0.00500473180167702,-0.9246328858291867,1.141189850362035,-0.8183317833357668,0.5556328358740087,-0.5747977111870295,-0.8209052108384665,1.6079219765743558,0.6756164775866571,-0.13356890874880845,-2.000095944996536,-0.2802144061961069
sample_808,-0.11322130342967072,-0.5075054496592221,1.5041385390391202,0.4085109141760298,-1.210852359820514,-0.31009719219408344,1.536509192447717,0.7086977901476962,-0.7389167761202614,1.706834953626639,-1.2388614709798438,-0.9938514856114363,-0.01652101095814094,2.1984485746874682,-1.1981233996740746,-0.5435096938848355,-0.31334626001210125,-1.6776952369148912,-1.8965219777183462,0.7901721105819541,0.997788765859943,0.14918124119340417,-1.0163361015479544,0.869888115587357,1.3777682197827912,-0.5937237293178452,1.0338661774190239,-2.354225706001204,-0.09490003922658319,-0.43502854423103826,1.068412759460849,0.1290818043884512,-0.9725586736664901,-1.01523360374678,-0.6350718411900854,0.7479226274956773,2.3114581066070543,0.8626500531476925,1.0418780690905851,-0.06455411416922975,0.8210844870748416,-0.4286455795873859,-1.1300523569018317,0.49232394071280816,1.8269975235421447,-0.3569452768756349,-0.511378463559863,1.5989235991305337,-0.77837351502674,-1.1720635661861163
sample_809,1.8019802751657217,-0.9988994083105209,-0.35269621958071223,1.4422344306335342,0.41149687526806267,-0.3529830076182429,-1.7005037234079017,-0.9894416550958257,-0.0703954817718339,-1.272854599661371,-0.3459188382550981,-0.03097536635584959,3.0466777874791635,-0.851620930397353,0.6428137186744146,-0.6025627183630133,-0.21413298022046756,-0.7373248397985296,0.34601829342970725,-1.215123975220208,1.1058049091507054,0.4987184279615895,1.79609104395834,-0.43057256526879917,0.8512669967277257,-1.9406039222542728,0.7318924272143247,1.7310445171854294,0.7018442620844227,0.1289343333101144,0.06533041882428073,1.3688086703275975,-0.5945729167913049,1.122702438942989,0.16710760446433473,-0.9541532714516316,1.3665026082207632,0.7931329595943111,-0.24444143979998995,-0.9877497963520802,0.5946902485993021,-0.43629975193130915,0.03421705621111105,-0.5780912129652757,0.9488156970642451,1.059328292468523,0.9149726679675639,-1.027425404184854,-0.08910020149280504,-0.8501103786137572
sample_810,0.06165789172492946,1.7697396437689799,-0.61070437725944,0.625832845128537,-2.0734655928147,-0.4986815400765796,-1.0883823691326222,0.015380931582058702,0.9078948770854025,1.8267161881443537,-1.8316499005578561,-1.49687852668502,-0.14169964307218916,2.2021286120686634,-2.7325568723754112,-0.13880996126809877,0.6024868976583321,-0.39224674045777935,-0.8658240543524056,-1.8580780656535365,-0.4858787105147368,-0.5479486135492526,0.6135592731333276,-0.5587207556422316,0.05189391886422086,0.4558389727380639,-2.0025971648374594,-0.676253258457262,1.5055854777418158,0.41498765214392197,0.5462325211673587,0.8547043750992309,-1.1816198992336187,1.9118525035760863,0.06396628141006185,0.21713150807063622,0.5783125061726545,-0.8426387104071891,-0.21287415540155386,1.9136210764234183,1.9249382924805432,-0.47253320738915444,-0.4026113861047205,0.3974570279198481,1.2980373268065153,1.130557876980792,0.4137775049424085,0.9405252597270365,-1.0152764890637085,0.573772685365769
sample_811,0.5866602446889547,-0.2968759075435885,0.21305259621000033,-0.23694799355646698,-0.03530561811232779,-0.5903070045131205,0.16997645815331566,-0.3702330968521204,0.6313977186826493,0.49140528276124884,-0.8612249213937231,-0.8984725790205852,0.728355638457434,0.46854056639837127,-0.22314893033648164,1.6207118039233872,0.7987983281665986,0.832094235897268,-0.14196513036086864,1.9818817119639915,0.7923557920989173,-0.10356934878758531,-0.4750332931154341,0.24722573336750167,-0.41405287047003725,1.3371183402756166,-0.0029978187983727717,-0.7322011137678648,-0.4674838405783734,-2.423524733455799,0.17111602243996912,-0.05056579720389557,-0.03156178037480272,-0.4146800643975568,1.7657421962247544,-0.4364942927107675,0.13771251659820324,0.21351115087191652,0.16661016493761163,-0.2212992545549374,-2.01739742004622,0.3836034939019676,0.19237277530170352,-1.3747821847337496,-1.3652999473858323,-0.7120436233469757,-1.8463791740747855,0.6000077304025819,0.8899920563359814,-1.1663303963807148
sample_812,0.5751249669510201,0.23131101410287427,-1.3438202161828243,0.8609917243212185,-0.6844628460697302,-2.110172557566445,-0.13495860111162505,-0.7905591404829645,0.01891617321240607,0.5543750136763881,0.7250641086600002,0.5551698076145294,-0.2030053300189046,-0.7479628786500933,-0.1657655466377724,-0.742319736546546,-0.547958241968585,-0.4875854037162776,0.711121460849905,0.20245910356901356,-0.5839368097161397,-0.8687834145903157,-0.24450232291896498,-0.6594650933226012,-0.04486580403748673,2.2601827343353382,0.572376980410546,0.7802277409711723,-0.6052717878841162,-0.6628066260163697,0.48255586756896546,1.5601887477417506,-0.13410717561768049,0.18244344493656003,-0.36317198917287785,0.06341585390414291,-2.5064040841380364,-1.72753476697392,-0.8618082690223022,-0.21715389786719616,-0.5383605190879659,0.6186992688861789,-0.7445956660431677,-0.16175880963331968,-1.3142923262866704,-1.5311791737135936,0.17916475042690044,0.21954516074367003,-1.0557958825951572,-0.5445283895251841
sample_813,0.11931040804522443,1.9680558118777136,0.17923238487680812,1.6521707075374046,1.248104750335189,0.42497872727954605,0.3421109001776061,0.7668946717698808,-1.1805272152520254,0.14643123535026217,-1.164757690832352,-0.7647763342960973,0.12324972134172772,1.7443502467760772,-0.07336039291412934,1.3750383872277852,-1.9189635714911637,0.8855830451994587,-0.05961964350692665,0.5282047999436899,-0.49510109182194567,0.49229910631729445,2.4153393522160767,0.378554713078159,-0.14818633262163663,0.8289967087108837,-0.4325147291036763,0.4703641336189579,-0.46916255473217594,-1.103038566975571,-0.13427690533034614,-0.4670384308593293,1.3651672700228077,-1.2966152589364122,0.7710080521307051,-1.135473959266996,-0.7603349789535822,-1.2921217058572858,-0.004533380543883346,1.4486091169893272,-0.5097286152560139,0.7719088754413966,0.05847106064446543,-0.7220607366903069,-0.6054469561693666,-0.2027746009041722,0.02049946833239944,-0.2723490288062089,0.046793533906998246,0.8965511046652087
sample_814,-1.541659418473069,0.8858471401609731,-0.020855504987576174,0.46282620597318785,0.23493800273974502,0.6033458404060941,-0.8820349038190448,0.682550412346063,1.9258849794994044,1.3625736458676225,-0.7252786077095169,0.8972525856376419,1.117419580254667,2.631642710002706,1.2997111866804205,1.2146232720228334,0.6777049806100653,-0.8139616366589986,-0.42052112422064997,0.5182002420436124,1.1523430644574606,-1.3996843942182648,0.2015900724715091,-1.326269304519068,-1.2419155846466812,0.4358101903658803,-0.5758243491892561,-1.117217468820937,-1.7053227393711252,-0.034924858796199415,-1.9811435140465636,-1.05497274643053,-0.5127353901029794,0.5493871723988405,1.4827288342765168,-0.7360785248068297,0.07247539115666625,-0.6103366876465655,-0.561866791807795,-0.38543216460053903,-0.7355101908982441,1.9117435602377837,-0.11879624468892068,1.5310528053395231,-0.5674103551378115,0.734970519733525,-0.030104876201700947,0.010877647605017148,-1.4248038109733026,0.48969379323889806
sample_815,-2.0607773242344054,-1.831971789387738,-0.08083256079369563,-1.4024907444193708,0.4768179213259183,-0.1601245141837652,1.0515325824976482,-1.6978180943484373,0.07930133825550237,-1.5383526869035087,-0.03001209921795719,0.5552754032159577,1.7302194322950022,2.736683257721362,0.3409017447048401,0.6557377031536261,0.41451989601707295,0.3659002511937602,0.6776162595376238,-0.28189338094529626,1.066838501855812,0.5905377196061428,-1.193610180909382,1.334283292479223,0.8605060562548525,-0.5391360505996682,-0.09692914161720988,-0.9926656266719086,0.8998770704418291,-0.9203834882571504,-0.23889905140923362,-2.6476100120845483,-0.599411154871594,-0.9687330145573765,-2.1201733001317087,-0.15113283971766603,-2.25265467318265,1.1008803123711275,0.018375748110605418,-1.577727927915567,0.8458966276895955,-0.7413665550363444,1.6847748584186277,1.2847065523501005,1.3491328166826033,0.2691481320007026,1.852273881348052,1.3043533406364036,0.5571847941111062,-2.465231683752836
sample_816,1.8334986626426042,-0.3900576542242019,0.989907256948123,-0.6769728428662711,0.4341219126112575,-0.6932195029620855,-0.06003620240132419,0.9615121313865638,1.0293354837812794,-0.3460336892595364,0.3649397757617047,-1.562925693401372,0.3729559493892892,-0.4927020815817235,-0.9650766417370799,0.27171287520994863,0.7462994099333153,-0.042920171786220825,2.0130285301508857,0.8339689495823692,0.9983288016630171,0.0302189812162365,-0.21082877453496007,1.2110999490556869,1.2764668580871337,0.7346403765222551,1.0989086774493815,1.158672599961878,-2.216613136302291,-1.5838724651008946,1.1590780386297452,-0.6690427126765488,1.3857345874831415,0.2205083511623308,1.3917703007041131,1.8122471218090443,0.24595434043859915,1.7199125067524548,-0.7794673852349142,-1.6964900140668433,1.1258963000271258,0.3001866007780536,-1.228598087188737,-1.509024434812745,-2.2324060474568315,-0.5866290786837086,-0.10208696801101193,0.14222929896558376,-0.9152147523456996,-0.6646874096167313
sample_817,-0.29094580019748695,-1.651071676228951,1.018474548191704,-0.11253875494166315,0.6324860825741451,-0.16383563404487209,-1.090546217631021,-0.03654268031813063,0.18158543603981583,-0.44673806419521267,-1.591034156144218,-0.30848767946895356,-1.6904464156635193,0.160360419660395,0.09920706209392412,-0.22336254927814894,-1.6899216858902988,1.222887211053192,0.7055237539848864,-1.494893560389149,-0.17680386285521552,1.358349143130268,0.6941275593428188,0.9331232968197668,0.9343823234738505,0.6767652467420655,1.0102825487003997,-0.12785962669578102,-1.990648139485926,-1.2417122054156462,-1.7016994823067262,-0.7040437915213473,-0.2177672815648442,-1.9569509781496208,0.32826553016987625,-0.6573660157837552,0.09479923377538439,0.721864195678461,0.9996341360538291,0.9326461397539886,-0.46365641672273633,-0.037989148144780355,0.7038089898919457,0.5710409490002297,1.5055468706725246,0.6525540047370464,0.9540318465712182,-1.6841387911913883,-0.08051637386172258,-0.4587193226442501
sample_818,-0.6575954061066701,-0.6349407275125396,1.5509811035435481,1.261484937720412,-0.22303786753236937,-0.927153178543449,0.08849607435658638,0.5109465806338169,-0.7822542645656898,-1.701190641490861,-1.4019342341295298,-1.1671146463893283,0.23179202612709562,-0.461529732003478,-0.44069603985796973,1.3122842005482689,-1.3796364632238596,-0.9016701776919059,0.6298215143749066,0.9230066015443186,0.46012835222500514,0.8028270458488466,1.1039181023268212,-0.350995634845174,-0.09026065428705841,-1.0275742857333705,0.11529551328547553,-0.4473606297223585,3.0493238147492248,-0.5236655732205894,-2.0911385434074674,-2.185814933428699,-0.853084862160969,1.6043287437873457,-0.17247433452445357,-0.43320023552973175,-0.8577923406698937,-0.4502512297570628,-0.697278814573288,0.18373661234200006,0.3757335502949935,0.11065052349397651,-0.3801603979192954,0.12266032037800453,1.0537934724831857,1.2169386696665492,-0.16440860879394648,-0.30818848437204405,0.616610003566891,-0.8903136393207622
sample_819,-0.5486417466229251,1.9170528603605859,1.119865743447732,1.8152415842261196,0.32546576650820264,0.5356592067324589,-1.7895119709247005,0.851126064986253,1.285694349737074,-1.735050157803896,0.10603137869069758,-2.0775934860879564,-0.36242151743490664,-0.6909232157725737,0.2683219497043745,-0.9089135260519428,-0.5050618508578484,0.29178170217400784,0.3222045629344868,1.1082620976614919,-2.4438338955169687,0.023977694410931616,0.8788773461324787,0.44033554560140525,-0.03980596711507897,-0.5616934338085479,-0.19951511028897853,-0.599282320764561,-0.1141133547437683,-0.1253345895625493,0.3263261440180062,1.334605374740065,1.5450543907447958,0.8978225109092391,-1.0018491717931204,-1.0638229343542085,0.021537431469220724,-0.5266434607381333,-0.26820604129951847,-1.2212280171326182,0.44966005614562315,-0.20592551331993791,-0.7323744719467694,0.508096907207481,1.9431231549460002,-0.18700561860791273,0.35914287819235197,-0.189520783488539,-0.01919081356728249,0.020340579048894917
sample_820,-0.838463495216447,-0.6074653699371976,1.344230624666075,1.1537045922546076,0.7123182241234166,-0.526394634670066,1.3845631155776876,-0.7249229197073772,-0.18383417829955603,1.0063552076202933,0.6455728933957207,0.47473913329762574,0.8914038003062257,1.874578811686073,0.902504179810326,-1.2330349474344937,0.6142696154073779,0.7423276687871428,-0.7182373133530925,-0.5091915697715815,1.2061385388640486,-0.3651626779594403,0.897649288135611,-0.9328497919569146,1.4456679413819717,0.4413044054392967,0.181480692616901,-1.1995458044923326,2.093968994865722,-0.43520571416664483,-0.3442574459931036,-1.3978105307212805,1.3628431687895384,-1.407848518175203,1.8438587917755054,-0.7163532906983076,-0.9885478945629174,-0.7093699611561107,-1.5393890790465197,1.1720734613794446,-0.46948389029108417,-0.3499290391867681,0.31642710632626814,-0.3897102712440054,0.7590504004939982,0.6355483962154619,-0.29035707805298516,0.4033280174157459,0.44929041884634,1.923894011926637
sample_821,0.20153783696632233,-0.9244815938488093,-2.9080480741007104,-0.1000258962441675,0.7480219370116934,-0.5188440546483786,0.909814955692342,-0.8787039675557398,-0.210128313441616,1.633664031860273,0.12405008451862277,0.3651555894398363,-1.055932497013999,0.2624935595316595,1.034744220769874,0.5413177902037062,-0.20086284388710868,-0.5904920943868712,0.4844473874155761,-1.4829750917852087,0.0541612256044806,0.32144062837588244,0.16694494113955521,-1.8304838509666534,0.9003737293358807,0.2723930903451975,0.5550503751883779,0.3413226815637026,0.012802604165564238,0.9526706981441075,-0.7147292677256913,-0.28461026836933667,-0.1823988795674904,0.3289363746790061,1.0039674499644589,-0.47823978676863393,0.21020554759313786,1.6455814365513286,0.6230799212975828,-0.4890964112588617,0.6490722832996717,0.3067212458455433,0.22844160726210033,0.9610340474412844,2.4039622149345607,0.6842823340395567,-1.4389379630151413,-0.6820156319611199,0.10456274455560402,2.152537627005498
sample_822,-0.3514758400365851,1.0218723511951022,-1.4673885307760146,1.458993019411571,-0.784952155984354,0.7368200968577937,0.9132144121922098,0.622790146678027,-0.44321012683825073,-0.5879162709853357,1.1090374926572772,-1.2080280307762776,-0.9733404717992469,0.16888778459235776,0.23858966760824107,0.6512803946994749,0.5611923310357587,0.667007637461809,1.5305552384175378,-0.2385588886830085,-0.13641716026952405,0.9088803546783246,-0.4342997654981185,1.8262681579433033,0.77647130748228,-1.528758554894352,-0.5858158863422245,-0.8695904527654259,-1.7248339768090575,0.27498414659443987,-1.1474460512668885,1.9757234544045321,0.4175090325480914,0.9953511748795824,0.3689216834985776,0.7947025673608747,-0.2019883751884694,2.374872509893254,0.9101179496140642,-0.11400027938824765,-0.2953147436928985,-0.45799690283378064,-0.8441225309069835,-1.3718984079629797,0.34430608600942175,1.1952044463159144,1.063329018161287,0.5889698223135595,0.32928593053594,0.5542163605134147
sample_823,-0.8171838880002569,1.1013622152128941,0.18556653498573103,1.8914638452248087,1.340632136007915,0.5369421049199493,-0.6823908446235321,-0.1489016417139859,0.28115041065072566,-1.2689652619205112,-1.1906305430670445,0.24820849785831733,-0.7955800033529237,-1.6500392740585696,1.3192159286837637,1.5002211459971788,-0.2555543061493682,0.33174976330079425,0.007608494100862608,-0.7179232621340156,0.76831618027399,-1.9148922608087593,1.1091376696283906,0.870762020684327,0.47797996357294875,-1.3914063550183033,-0.1386355710222834,-0.8827598790254484,0.8317309702148087,1.367695783928991,-0.21319576679217833,-0.9170129249256453,-0.8068093116385611,-0.8384520947183068,-0.9587811389670822,-0.5218034518298801,0.8840530174227474,-0.6497339408640317,0.6976522934263781,1.6917279001962378,0.23140490489188867,-0.2308605805832788,-0.4436092099428941,1.2225661565755597,1.1140500484243177,1.1549219643828663,-0.6277991991577889,-0.48768313307962724,-0.8285697097264372,0.11234308830958617
sample_824,0.3924098444819154,-0.2740161705036861,-0.6804379251616263,-0.9032087127895531,0.09275814965456106,-0.771340869129831,-0.21517061574589472,-0.7837826769071343,-1.0054437834551475,-0.07361280281854418,0.9387284144826529,0.002193638286240603,-0.6559952245898528,-0.564934732783937,0.9198103171151081,-0.42816550100462947,-0.3032072792432727,-0.00036565469354092676,-0.23264114798974736,-0.6866272696062481,-0.2710938527708348,0.6286137418698718,-0.052296732335493416,2.4535241213219816,-1.3506781236697563,0.8281748185836596,-1.037922622099108,-2.160705294858379,-0.8529361439075372,-0.861520168124939,-0.7749319571374033,-0.8128052562299903,2.0415883091823708,-0.10245208311883655,-0.7960852858377663,-0.11327025393518171,-0.3052459827028947,-0.1892502077972442,-0.5369722749294968,1.3957978096297883,-0.6638055591369795,1.3681000684486535,-0.05995806344312575,-1.08750332760191,-1.076142272585976,0.6684224631644259,0.5534871261044068,0.752001559459012,0.5181266175133417,-0.9642082385985543
sample_825,-1.1806167307707776,0.5012510009692526,-1.333618243384657,1.3586737725579532,1.2862641415274174,1.858799316645596,-0.4577533454710978,1.6434398206911331,1.118581928168308,0.9431480427769279,-0.5534736373964331,0.14916723003774476,-1.4032750885641219,-0.7128228753904581,0.23566805665655324,1.7608823747848157,0.04882473986442895,-0.5292334823272431,-0.9970386803931324,-0.42423425282308985,2.1160318889280596,0.07028366985880348,-0.5697500260343822,-0.4807170351079512,-1.0936964225836008,0.919894081270382,-0.24411107494455386,-0.24731073537212056,-1.104934481147156,-0.055447499544896445,-1.6789703227269581,-0.09557659930658592,-0.18846371080259106,-1.7850279238772062,0.05168559307343848,0.4414774599891826,0.10299592338877585,1.0047048663179856,0.8251510900653676,-0.05490196811245978,0.11473012766134401,-1.030828038300401,0.9803371799315213,0.2255861558754061,-0.5488032650065444,0.021641593483798696,-0.1583166764486065,-0.7568915755426805,-0.1191797322453729,-1.1379223954820377
sample_826,-0.41317613854050433,-1.2533184888891182,-0.32544753704996127,0.7621792328041714,0.9315141620220174,-0.05731957449957912,0.19847441056242252,0.44637554771959737,1.506571183710215,-2.74241652770768,1.6016759065045048,2.02860949821878,-0.5972599086665016,0.020478026999164397,0.8460007790371346,-1.1803557330148635,-0.4203203531038042,0.9258699500367354,1.3783050089903341,-1.1938323023340356,0.5372020211273474,1.96597401358446,0.5202398738541053,0.035208063948975445,0.5413518321199026,-1.087991383268475,0.22670427227967596,0.7074493430973819,1.6997356574569473,2.043801585925876,-0.15365466113917944,-0.1280562236736685,-0.34011550600451196,-1.686327463235997,0.0518368068212248,-2.028530669852092,0.7365531564279824,-0.9864755754137898,2.531650300683762,-0.3889355766878678,0.6109417618056519,1.7384881244637487,0.6904244658184505,0.001361951241360703,0.1082392795882741,0.6212770925116606,-0.6800920540191505,0.7305394920418448,-0.3746621041091323,-0.2854809685382769
sample_827,0.2407524695820877,-0.62326039850386,-1.8852435434230461,-0.25108561069242724,-0.026333257176611127,0.5566594974279314,0.48664057174790193,-1.162680949893857,1.3586717934211567,-0.34737584084767736,-0.9323061383037458,-2.3168969191051683,0.625361104839429,-0.16331002619988583,0.5085943560573566,0.04288955075033058,0.012936752625555388,-1.3232317443138706,0.1433355117680659,-2.1552429787783165,-0.6086909924649514,0.279480414475317,-0.8489706538246539,-0.2799005706958676,0.3574390190857182,0.6326801650689237,1.4466949951663486,-0.3626194512575912,0.44825793132878,0.3841349768396905,-1.5164376495933083,0.6000876405747321,-0.2775746045799675,-0.8596348951099984,2.439603336300704,0.9792780650832804,0.20100506576320057,0.4875688783973632,-1.1820412826926971,-0.049388638385281305,0.049605438547298104,0.26673013738895845,1.3547793456458999,0.20206260467831197,0.846127152423853,1.3433049581469896,0.5545684270155555,-0.07154133263019842,-0.784272018135775,0.5703908904178759
sample_828,0.6474249793986209,0.7073231423297437,-0.5319944237156259,-1.4070513292850275,-0.8399563338098279,1.4743374829424634,-0.24070887474405003,0.2286843351128819,-0.20575285843207114,-1.1833432421471497,-0.9630395836385898,0.750507677349023,-0.8187423717860296,0.7401018491475921,-0.42645962910192053,0.3350864113685754,0.3155156979752821,0.4003398085526013,-0.37578711294739336,1.1209059603770468,0.4241263878560722,0.18371040481969883,-0.6908805197232358,0.3726306343319788,-0.6962255328628163,0.1500750764069562,0.06766430170417054,0.3751017077135946,1.6536348676159698,-1.9204434252735072,-1.8312903211706866,0.25318298480150886,0.41100161301998167,-0.37101822471738066,1.0125478992957242,0.13387517504881258,-0.5307655817017436,1.5028746038549765,-0.5280105318211977,1.0711688786572693,-0.16117175742809792,-0.26796100819301627,-0.56157052664259,-0.05400960324758866,0.5273394523279219,-0.04303338511020122,-0.4403725654864599,-1.3602288577947441,0.07908312450444302,0.33128183472924266
sample_829,1.0225068197817877,1.315685056322195,0.225875663584778,0.12762952843545097,0.3857156092508034,0.06853165903244518,-1.0070112661919965,0.5593340822341245,-1.2668628195820362,-0.8349212209128485,0.7511038942824938,-1.261712499813977,-0.9835510926640482,-0.4696858969826521,-0.41152448035634714,0.2507796488053179,-1.5502927848928647,-0.6137578192220949,-0.2488643408138157,1.0074931534457932,-0.8901747738771134,0.6492073130121611,-0.22659077532148963,-0.15075337299452904,-0.30481555772516206,-0.1104338565535943,0.5904491768900095,0.6996314910934975,0.5951253955757435,-2.0085647867013274,-0.2629631941573535,-1.0838103200469122,-0.662529199294774,1.2751972052671623,-1.104459108353849,-1.9856801608014591,-1.5513978321015482,-0.5754073922656736,-1.141056839692205,-0.42152232559224123,0.5324590245031336,-0.0889952616668934,-0.2957746499219824,1.4579309717294453,-0.5366622844084806,1.1664242692427993,0.2500958814670388,0.6353563238864542,0.22215257142819883,-2.455195310549885
sample_830,0.07835323684077865,-0.4460913097779624,-0.3251373408297742,-0.721586520543154,0.16316279080483972,1.5466238648382418,1.0871338736379306,-1.288171950174638,1.4378278579845964,1.0986834519684487,0.025802239127342745,3.2498852847811737,0.9936896473070804,0.2669913475497327,0.23218381554457515,0.4152319138275652,-3.0418834601015363,0.41965005209739353,-0.061471570361226295,0.23330112649849902,1.0904848783754657,-0.43249078995402807,0.5212130103513783,0.6743361584865513,0.9948744007258211,0.42590257940279785,-1.1687039673586526,-0.6446378323272578,-1.3730575354163084,-0.35011094253820496,1.5664506896784494,0.34470497931043936,1.2942733109316182,1.8839714637396188,-0.9113136869675522,-1.3758474161657412,0.42490394546541727,-0.2508120761709848,0.06476359162047661,-0.9396403654102701,-0.4855661792571836,-0.6956270357210123,-0.39814785695427196,0.26283929087596686,0.09402782101521984,-0.31424083251655194,-2.251179739467122,-0.30747496170867006,1.3267333593378698,-1.3683111457626334
sample_831,-0.06154668766953955,-0.6157482563349944,-0.052152921987249225,0.27703206478859005,-1.5716343414004705,0.7413954302098054,0.7014253141868573,-0.7792599958557639,-0.005077424639466897,-0.632042634351322,0.5201106560976381,1.140724328354409,-1.473123357773503,-0.5044468698964185,-0.12201422045770703,0.266536252956272,0.17559976667248817,-1.083755023218281,-2.556428867900035,-1.7024967310412995,-0.4244615192083678,-0.6412073063883359,0.2876336236495753,1.5818401073884714,-1.4206910647775286,0.6493953067144715,1.4595360321925819,0.8735627121381726,-2.780223968202456,0.3542341466163278,-0.4991428976979062,0.15431706674312423,0.6835612021843965,0.4816509579093105,-0.39906629615916556,-0.02935511402061386,0.35797234754426216,1.3852444366162688,-1.7649728548782666,0.7388421622844699,-1.7407180385761,-0.19308658816892665,0.5501920646464623,0.9062645231642589,0.4436653522672584,-0.962665789337972,0.6447999946420669,-0.37346511991814496,0.22211645808971808,-1.5569732992854284
sample_832,-0.5445690601625202,0.9812299515913323,0.605690341207725,1.1840018869550535,-1.2909060663622693,0.4299090088721929,-0.7476070679552071,-0.4625362738764813,2.1142971827343104,-0.5394345656830919,-0.9494983266472244,0.4979072124390347,-1.709242160129563,-1.232165297585172,0.4632002805644903,0.8549267108511528,-0.98715068654827,1.1816415387731227,-0.3644010056905895,-0.2614178112302927,-0.7367236508002751,1.3030211656641748,0.4507545715507211,0.5721049305408243,-0.413087237243554,-1.660539178328195,-1.105776448253114,0.26089673354432197,-0.3719903972350037,-1.263637173009969,-1.5337023549228634,-0.5040668132689781,-1.3257163968633034,-0.7322225664519236,1.928128192580163,-1.5957720120584564,-0.6110907081760975,0.6263824951983962,-0.9967482528444287,-0.7402835175655658,1.1067853756576362,-0.03143406947070582,1.018911411826894,-0.44843020810510426,-0.9256750914372054,-1.3748865551805467,0.2898801700916225,0.7518298937846342,0.03336707468480522,1.2173450108940687
sample_833,-0.32868728871388153,-2.3707932279122903,0.54418937461799,2.705344991832063,-0.44813145510571406,-0.2777568071643266,0.21366906032050445,1.4173424805645953,0.5345229884378881,-0.6398886238676703,-0.05106371708447859,-0.32795922627718355,-0.5655877454238868,-0.31553789337568744,1.506867613997624,-0.31557126081758424,-0.29843626487765246,-1.22812757977028,-0.14830017020937922,-0.29682993067935176,0.885091232258781,0.6053579901834465,-0.09701419104479085,1.069417686324208,1.3353064824268435,0.6314239655960313,-0.06859963069369496,1.6177014676500092,0.2148528206470759,1.3600955611561507,0.7110083904891424,-0.5800941532768389,0.8028543783448188,1.9887916821167324,-1.2409904797770697,0.6536943310932647,-0.8762549451695876,1.3288344945914394,-1.0255962207583247,-0.03733930732983964,-0.5807353972424439,-0.014028548033012933,1.790138965867544,-1.2700483717480646,0.5163210972261294,0.5384735273551761,-1.096245922055505,-0.005042439887707582,-0.5146871793804195,2.57520101078154
sample_834,-0.34628213374255723,0.09425680046803413,-0.29340249027720816,-0.12163048369052534,0.9089153520215792,1.2059634990367791,-0.24412877054514473,1.4096359300242305,1.1273766061722217,0.13798545670924228,-0.9806645634727595,-0.08126740639047728,-0.4560247214568024,-0.450173566945047,0.012630991281014184,0.09175664276263552,0.4726091378863101,-0.41605900692208625,1.1611751024336776,-0.22763546364371465,0.9158802976743349,-0.7932275560226133,-0.6908199531394524,-1.7258870485482403,-0.6255375437262372,-1.0569308148109433,-0.6306203793019989,0.7072074689951019,0.2511442614080877,-0.38568639922786,-1.588361714574494,-0.6439055315545248,0.06060970330500619,0.36837942212169317,0.5562453664146958,0.8849723348497175,-0.5272300620722424,1.3746023662714852,1.3325198817328017,-1.7676390163743858,0.8576183601210811,-1.0279506260156848,-0.196644660644551,0.5174838517860927,0.6500700902129986,-0.5108181785138807,0.034875970516328056,1.9433084487938075,-1.8323027333297242,-0.05215888570677179
sample_835,-1.2003686143146555,0.5215738296905202,-1.6504356146292052,0.6479891567582863,0.17828320337108303,-1.322488508299772,0.8274983460537435,-0.3786714199855313,0.3500916254396309,1.1509055379156978,-0.5864756848101113,-0.5357478279958564,0.25831464730922,0.6795981385776068,0.12329119732679647,0.28209052111430044,2.3442877836396327,-0.17048929861574635,0.05249332861402807,-1.5879896826952709,-1.0301998710029165,0.23468224403856824,-1.5726110213352693,-1.567034893050859,-0.8713372063165437,-1.0537116318033124,1.917902232804572,0.4253718811405794,1.0857993368766206,0.16347595666332118,-1.4616075603085885,-1.7230811212861112,1.493079152830149,-1.165898638385306,-0.27985983835992906,-0.6610172136098598,1.1198686277832752,0.1175312606502235,0.1558644376734853,1.2285617777828612,-0.40756543238156845,-0.3492706162278829,0.6736559658655606,-0.305342501912825,-0.36237523040756703,0.5982725588520952,0.13125258992347927,-0.2497358706802239,1.3326206139421193,-0.17231391355003345
sample_836,0.7939276593479253,-0.5150588681782949,-0.22407181787944216,-0.16479500051065232,0.4379618822875741,-1.7724405869961277,-0.04503091018204224,0.9721071664606837,0.8195552086497692,0.4455152367689518,-0.20228254361452394,-0.8478695030578176,-0.056113483235665444,0.09287860158883583,0.7801464230979869,0.021194194979699297,-1.0923892366251429,-0.7410903448447088,-0.40872623369604105,0.654470203444685,0.9260376107705711,-3.380762198020899,-1.7601826106874572,0.45390036138554557,0.09509009125759055,-1.1611446416028404,-0.5014568948654256,-0.08304092447775184,0.35906974519738494,-0.025179210021695844,-1.2079804950998843,-1.1814127925589009,-0.4168029834164542,0.11822876991227396,-0.6392915003225103,-2.1378688151770393,-0.9474790503841019,0.4141423442675537,-0.043831102774846836,-0.5032717799476611,0.6462948273747704,-0.5437179821398671,-0.6554570849271089,-0.7884837464318026,0.9229454313103657,-1.460452413519688,1.0151618648349785,-0.8104360732424143,0.8188365171604819,-0.2557370575061293
sample_837,-0.35035522141023223,0.06317387424817957,0.15935686952815858,-0.13483812234081397,0.4878941896325368,1.4032151329698104,0.24807941209162146,0.7560253466926135,1.0081719934371467,0.15815630549746326,0.7224841886884735,1.2478868664055098,2.353500347886318,-0.9171252553954639,-1.6995977552417785,0.6585613593856434,0.6690897393553245,-1.5949700862187246,-0.9093405357122893,0.8614619574036004,-0.706930658062837,-0.6194740052349148,0.7491644859121075,-1.3789202055359997,-1.132580776146225,-0.35831006387742054,0.8176366447991206,1.1170973854764379,0.3536740023385139,-1.6329542604080098,-0.5276350110933182,0.3609038227097098,-1.3725101145455736,-0.8035580532213005,-0.29101911431527744,0.012595728427842625,1.1700579056292377,1.0092179405025432,-2.8518215825108157,-0.7266704767171283,-1.5299447022001917,1.1887863393248939,-0.031696714990019144,-0.17679693879670297,-0.983002885210159,-0.5280554198445999,-0.02637187890284819,0.42457532333321374,-0.312023369203255,0.2565318132698065
sample_838,-2.424862207355151,0.2499314495538515,-0.4363376560786053,0.4686133399649424,0.9441099261987087,0.24253543042665507,0.3982202621732626,1.2128289512928736,-0.8598153507878223,0.2973563311893736,-0.18534038521898652,-0.41123262682299916,0.33600121789430076,0.1051837588627054,-0.5472294774653538,0.17337955350287432,-0.4778915899160304,-0.7132944769895353,0.23458727599936496,0.614324024981969,1.1956485665979644,-0.40073785081590846,0.8407476973883549,-0.7589040369452611,-0.21143623135839992,0.9779477617033691,-1.8452808490383525,0.8833507330995202,0.6421881402780075,0.30040417237195727,0.49464503034992946,2.0667206990840943,-0.40625095894758667,0.8013197959440083,1.7136471020887327,-0.6205870064156249,-0.1105818836004015,0.45144651097234084,-0.36507693862702706,0.6840833819999658,-0.33847757900294884,-0.9270981655811786,0.04861486924408956,-0.3391504933035057,-0.7470923323972399,-2.5088189879328584,3.033239233171754,1.1414670595268934,-0.24763829581131191,1.0697715327153199
sample_839,0.9072029603369475,-0.41856325243153963,0.22149151726037566,-1.2004431278749867,-1.0149066486774405,-0.6789515688644389,1.4166308277350181,-0.12445680381527988,0.6757017271092839,-0.7731179754947579,-0.1965055287197743,-0.296298296690248,-0.5703867347460757,1.3630975696821035,0.0686038027474674,1.5892597467389982,-1.4911875819618459,0.43893344934342127,1.648312113506054,0.6828730612216275,1.0506532721056856,1.8803341292223987,-0.7417334379256681,-0.14506519294774603,0.7182083297083662,-2.0789707641792736,2.1199031702028353,-0.6697018070345693,1.0483863143413505,0.7486003733870825,0.6397263517069469,2.577544705174432,0.5381986257104903,2.3271176837915317,0.3842894514084918,-0.028918544770079633,-0.48579269645638473,1.0251930104590825,0.5963334307178878,-0.8241204851274875,1.7909293119688523,0.4984276820539155,1.2860961580607324,1.9470710322847475,2.1256031220309186,-1.1560115683962702,0.05746668187112329,1.160819837244003,-1.471294336314601,-0.590112210794814
sample_840,-0.6973338411094153,0.3280197470991315,0.8449517417998824,0.48081846627041214,1.0728395218706999,-1.4311633972605287,-0.3966543264510563,-0.8559033276125119,1.811419217470519,0.933766943012313,-0.7954795235667568,-1.0611873283788387,-0.7398657794843086,0.2195895610071424,1.7518724309473206,-2.3536226435502248,-0.2789747565455709,-0.7457336585976694,0.7583625110247038,1.0420457022333647,0.7496932998892872,1.1386341879052415,1.2790994671915572,1.0219919660787076,0.5824978053024307,1.5862412166089086,0.11549321660669234,-0.8442100714005726,0.71964244086355,1.5261527552524812,0.7310205806756768,-1.1690209285395103,-0.22768265344521027,1.1619285092021288,-0.9703067430738148,0.21789040583076366,0.2340663940620214,1.39450032765092,0.5083125355800574,0.32036165302094083,-1.9827529978827723,1.470955200666469,-1.574482155811566,-0.9341750974326749,-0.022409948149330394,1.003783787787755,0.4967027008419026,0.15342817503213024,-1.547964554076624,0.5651012964890115
sample_841,-0.4615981351787497,1.7999766590019308,0.22124014307538897,-0.22539118630594046,0.6967361294428583,-0.2683183795574618,1.2695649669447306,0.12741351685344285,1.90036835021129,1.6729413503985613,-0.6769071590665894,-1.0102304795309716,-1.4476647266848235,-1.1852939768470867,-0.34496131043189204,-0.983193496436333,1.89189620103302,0.09194483941766972,-0.8834106521637817,0.03559873936126498,-0.6639379691101341,-1.1643474009697703,0.5426447552787688,1.0426462972383441,1.3119315932281044,1.5088873402892198,-1.7724299688464114,-1.5760021742216255,-0.28292224084115825,-0.09286178037051612,-0.31634868154973206,0.6847132859637993,-0.4569333555861158,-0.7573357042364738,0.6766398670453598,-0.8289777485285548,-0.7531529533423672,-0.8276328601184445,-0.24869125762877242,-1.1610075654778524,-1.0455102671866672,-0.8571564695437157,-1.5025244348288131,0.9111162559201021,0.05515068803517112,-0.030745601274012747,-0.5412655477613334,0.5585235787730977,-0.046040966730239746,1.0364637619041466
sample_842,-0.26168073714487344,0.30487722628677616,-1.601587978909544,-0.42751108276048083,0.08785814337435337,0.7010040573217106,-0.5771502278997735,0.8301462192125992,-0.30876356584730674,-0.44688918305803016,-0.7665529935144841,0.48801321930836783,-0.9152388109465392,0.4878291744456596,0.45599545888249465,-0.5783232949394335,1.1304773829338488,-0.5520717643971736,0.4518118284764144,-2.6307429751061546,-0.21632275451061517,0.9261218705152537,0.14620994954704722,0.6136690824137155,-0.6724298633051023,-1.6659389429882532,0.8853210442592709,-0.046932323198115716,-0.9376048857715249,-0.0701052956320502,-2.332063145523723,-1.2095871697194003,-1.193614507073749,0.6228267688695878,-1.9934571304672803,1.967450918468956,-1.3117997617689552,0.08282932307484339,-0.6268258807122279,0.523641167142141,0.6328970380448267,-0.4550379907496603,-0.8353366957683652,-0.07104264781812825,-0.0769882534747533,-0.13800063022947728,-0.6277493974170588,2.2355271626467337,-0.7619660038229238,-1.2602935622459572
sample_843,0.5264686051192561,-1.531490037559494,-0.5392842533745856,0.418234048332959,0.322485730056224,-1.2337055940632058,-0.4637284496980261,-1.8381732888308255,-1.2988682233449564,-2.0276188054523425,-0.8596530295328266,1.3554371279274346,0.1785833554339676,0.3264287259427397,-0.5871646860644878,-0.24058635794701752,-0.20112326166013214,-0.08785824350857317,0.1197425957097347,-0.6011273381275205,1.59118923119533,0.9638307469823679,-1.0806198116056955,0.9301256440979684,0.9127145058904155,0.8546449797016727,-2.151557548665084,0.5042886601098046,0.8128142128907443,-0.5421614159572153,0.9043343427158345,0.5032749865130715,0.6618551737597201,-0.14738898166976705,1.3644391473192716,0.8014454684819226,-1.0799028407280373,1.1289311771198676,0.6708536201833081,-0.24241684137356712,0.2834961893145885,-0.8202966005741774,-1.9097644627458976,-1.4012461743570894,1.2301087524889909,0.07467427462318667,0.24247061060369746,0.5977987882702237,1.2032171554498357,0.3576203894875965
sample_844,0.032510054606022416,-0.4785296499581259,0.991346863788193,0.47793888569482884,-0.8263731744261805,-0.8301921556516139,-0.8790764225462441,-0.8008019105425683,-1.0126663793290072,-2.3486095990087033,0.05037743705055411,0.09911857071706909,0.054035227515820156,0.6483554541818176,-0.10073855690268191,-0.04206587173558102,1.7022675991499998,-1.9570680694526585,0.3732032457177318,-0.006523628510662319,-0.6272461172765535,-0.5369791800199234,-0.2682368674715482,0.7104114282521693,-0.796859219196925,-0.7387721183279031,0.22616791961330848,-1.1119897170040476,1.9376264138376562,-0.41644877073783676,1.5438731163152035,-0.21455324589475325,0.5525281308895288,0.18901825676946268,-0.47407312660329315,0.49175938385123463,-0.5814560250062185,1.1542771627816943,0.40842596088145533,-0.4838873665039836,1.5032178064087065,0.796946203658618,0.2763671315918791,0.013856902625815574,0.952892182081175,-0.3498622743340926,-0.15134299308808677,1.982928418288862,-1.0827447829049097,0.8339555245486964
sample_845,1.7718076210948766,-1.9019042325473574,0.38094001810593797,-1.6487276635379395,1.227146221581979,0.8048553091986962,0.898596306941341,0.8158133738384364,-0.011726577319516327,1.3762941684715397,0.3969273043967434,2.0502874305884053,-0.25036283910477564,-2.8181943593092282,0.24670192479916034,0.0706812821436814,0.32133271016468423,0.28852873961281306,-0.1893196411838133,1.0685612321088924,-2.445773179254361,-0.5918160987681457,0.690624033916896,-2.171869519367303,2.280966155048592,-0.9538666133168299,-0.5752239077552346,-0.23862919964392168,-1.0765324140518335,1.4121237937322488,0.3777075689025338,-1.5307330273919835,-1.5496120578031276,0.23259258835795313,1.584005791239865,1.0314032153124058,-0.005798214871059637,-1.488735679199518,3.2790630260843394,1.2692496955014168,0.3506836478603729,-2.311669640496405,-0.31418236100838354,0.7515004529023682,-0.5718739893547202,-0.8841444941219717,-0.4680152403798181,0.44008041146018156,0.10526488627557655,-0.6009420225652234
sample_846,0.38104381551682254,-0.3747256930704461,0.47843089174767933,0.3006093876221831,-1.6832647763704345,-0.6637595928733331,0.08013938515612484,2.083342613475781,-0.7961863775802366,0.9738250279373969,0.25868864467218344,-0.4823653443296155,1.3595659544899459,0.4545025855001306,-1.3792523031109287,-1.6788678037777756,-0.4320951251043418,0.8006472857471311,-0.8337126631450172,1.1344771825876634,-0.9786262415490434,-1.3632045134139248,1.4492940922558084,0.86922302907428,-0.1865322364348604,-1.9667095665629328,-1.0196279565622584,-0.9800055941612281,-0.9917348314886595,0.6763110933412124,0.664017581194874,-0.23187486034918905,0.935683146168756,0.7024682500662572,-1.1418556220592742,0.9912061142865617,0.026253889734098226,-1.277746295206679,0.6915625655163581,-2.8100072908755562,-0.8732171955491731,-0.8552258897109896,-0.1052659155794121,-0.738060780284041,-0.3727856975604219,0.03219804473661452,0.5830663824834461,-2.3570198086871565,0.32964466728629843,0.868004594140504
sample_847,0.3281947370335976,-0.5294374006892841,-1.6673132139311633,0.1731651234556081,0.19830874814053798,0.3179906292198256,0.20084816169287795,-0.9348375005500325,-0.6893683223196033,0.07657113323981529,-0.11897207734109595,-0.5816617210486112,0.7512347826928288,-0.660276073464866,1.8527641378342459,1.2476070090974587,-1.4909068995116934,0.77412705013555,0.7198521902766378,0.8230059524257276,-0.8164082473627268,-0.20685967253336307,0.6262573259377685,1.276017400168288,0.6684454784195553,-0.12691717109547035,-1.7620938203094716,-1.2921678668740617,-0.6581467438422459,-0.3539978390277948,1.1701825978573568,-0.5481695873439967,2.0683749551151256,1.0669069299663811,0.9237333560844352,-1.1504789844744117,-0.20454176438434288,-2.0075382506055646,0.9406105939392974,-1.1968932502677638,-0.5196569473582645,0.24366259258485132,0.5048703246886762,-0.7127863601848622,-0.8119425564866215,1.5538270225994057,-0.7346138596769224,-1.6679722241894317,0.24379532526273195,0.8175274264374471
sample_848,0.5421744169904815,0.19068198784934037,-0.19225097740976604,0.5557242574695231,0.45818484020581013,-0.30314218964990575,0.1511681416461735,0.7798985123194357,-0.011604555688145047,-0.7210681467480061,0.8509723524903634,-1.0230687691744462,2.479765678918174,1.5495408663884902,-1.5533163175194045,0.8373030219533909,-0.12276051656099007,-1.6264339298746824,-0.2048974895989585,-0.09538493442766258,0.05148897454106223,0.037798863812119325,0.7425843298392818,1.4929280757103391,-0.34806646869336894,1.3320844557971914,0.8710155880394778,1.9409911409306717,-2.1331487015942434,-0.24698070092696214,1.481703057441049,0.8223224367850898,-0.5144277069274613,-1.1214553881636937,1.233060504931574,-0.5272335979847232,-1.301653169172652,-1.2685561893899093,-1.4767337123802906,0.6961601642764425,-0.3503433560723876,-0.20478048018297976,-1.345778555519713,0.5317463515336852,0.5913803569528121,-0.5819685555002998,-0.579207044617002,0.3117783885431041,0.08040918078514889,-1.7781470657070682
sample_849,-0.21020477712412494,0.27990315899205087,-0.2266198682679915,-0.29870957582717134,0.920631428945695,-0.528690368140777,1.6218964417747586,-1.0198473369145349,-0.13100355355558782,-1.1662148831291534,-0.6242957408810511,-1.6639000487958449,0.48934325656737054,-0.3353602743137066,-0.23865229210554825,0.4281514306163113,-0.9389490887976318,-0.5101542397068628,-0.1537918621556491,0.3494518363452254,-0.2975265091073679,1.4608271154012593,1.417669148548135,-0.4934939662018518,0.3680720798034683,-1.1627527102132442,-0.7333299978121486,1.030852197494092,0.03083292319806539,-2.0295626501689092,-0.6110493141402457,0.18949634764101186,0.5659950861668771,0.42048534727692854,1.0281966116064931,1.582618879971615,0.8759624454338839,-0.1365330533991228,-0.04802928871346027,1.8601652111798304,-0.8815337804067442,-1.2209508132215867,1.8383739580245653,0.06005157373265228,-0.9089092101312833,0.22962381022014483,-1.6004483203953903,-1.1194970843659777,0.8556917772750284,1.1707756572395318
sample_850,-1.888440934531283,1.115823724202469,0.29339403760470956,-0.0830432632209327,0.5092605127956882,0.20093600731168312,0.2260682809483984,1.693130265798933,0.5008918684464223,-0.06119666680244357,-0.42208458210514543,-0.7638352126627502,0.024712759896425716,1.2580686646726893,-1.3989944433523407,-0.6951425539459307,0.6957564648181985,-0.7881349144623457,0.09138863852363259,1.765614314512208,0.2798989812571704,-1.0422623864647915,0.23656137230424132,0.7359242464368896,-0.9824602480090858,0.6663316522893191,0.7828427780034473,1.4219410293756263,-0.20947085747167493,0.014322666022785235,1.1652004257443445,-1.0300938074425923,0.45400776787914815,0.16892924265218623,-0.10504357617278416,0.02732706455729464,-0.47038509771412357,-0.5285765293825928,2.045649839250902,-0.5755386962767755,0.6231188381938528,-0.5761036888856358,-1.8738237685175498,1.2418887640562055,0.30164363692302093,0.5141879885204322,-0.6705942047417247,-1.3488102286162567,0.32234173027493174,-0.620959991354363
sample_851,-1.7699645826340875,3.673000074461302,-0.9736549735563284,-0.4544209318602715,-1.2205696078939323,0.8850393114856715,-0.12443976025689998,0.49845839025767064,0.5334987464097839,0.10552145463648475,-0.6481401347658143,-0.48175854111792865,-0.12570355486081838,0.6696082017626523,-1.006587228819144,-0.13531577684911153,-0.6152029141896644,-0.8194188748776883,1.3557803338086256,-1.202188837364072,-0.07263605432104488,0.1702067987323109,-0.49298468758590774,0.25676106093955686,0.9180953705404865,-1.2197915208944772,0.8032235792942345,0.7345829438497602,0.05689717246531067,0.01648827975525437,-0.732492890891009,0.1373068458308902,-0.07600120389288686,0.3408792738647587,-0.7964540625946352,1.1304128098376192,-1.0493230582421196,1.0948024853800755,0.5163446055059476,1.4336344215820283,-0.4867130354362265,0.7895659331151469,1.1211145474810023,-0.389127278145297,0.6838350791324326,-0.055826495067203066,0.6381412733584715,-0.105654462399813,-0.29881976672679694,-0.5770986484647849
sample_852,-0.27373538752427606,0.40453881899038385,-0.9850040754766061,-0.6313410542127516,1.20144661377848,0.7053407267507765,-0.5784669351032995,1.2524589261455694,1.2607148753521669,-1.525760986707661,0.11655447213728384,1.6811462491829277,0.6576827859434515,-1.0150138964683535,-1.220741381974457,-0.5143951363581586,1.6670500444361702,-0.9958967901274273,-0.8286908300581264,-1.254315077016995,0.2657486768535548,0.8438676613336183,-1.8014341740100308,0.9996088804882237,-0.7888124424642892,-0.8038214580276725,0.8397897438705089,-1.6961971486358545,-0.8116565020720011,1.0553331127771575,0.7114657285758189,2.3205664225665226,1.3186000612531366,1.263319442498427,0.4189163850373783,1.4160755636055704,0.14204338478291634,-0.897431545470344,-1.0449399620418922,-0.8566981265379872,0.15385374300975466,0.4609430929401585,0.3080485174801451,0.205297121731368,-0.1783323757184432,-0.16281884994129925,0.21941452394434596,0.3082462765363592,-2.1685660796624653,0.7823224892898136
sample_853,0.3836704071391977,0.21464537521982652,-1.5394210149328307,0.26752078292043086,-0.0534685857808127,-0.9631634220794488,0.017276829100277752,-0.49174110141084304,-0.4134100334188334,1.7568139848768987,1.2316168904239675,-0.7348409562266999,-0.6239610692897806,0.5952517560886851,0.1614690778896787,0.9230480330933348,-0.16272907813471482,0.18531129008863978,-1.3934640404404712,0.37505017800517887,1.4826163617367387,-0.1865401508178633,-0.6906039823954232,0.7685499552764244,0.002702156945576602,0.6221698863258668,0.6370018741209643,0.19496864547756337,0.028109128138346432,-0.4025579742887301,-0.127873593508431,-0.5479647712510806,0.8354762333220851,-0.9071501904687492,-0.23528596860546105,-2.333574925346223,1.425363986705424,0.7160595673527538,-0.02169840070733124,-0.570903425313513,1.408328352007013,-0.9262236189121706,-1.6177070951384713,0.10743660674266332,0.078348151751405,0.7785963691523747,1.9939184353981394,0.3886223094084444,-0.4813211273700701,1.4715576062885365
sample_854,-0.9096907382571698,0.3200596057550622,-0.2623477168224981,-1.0274773369405914,0.16496734299483268,-0.08564354396301939,-0.32584954854878695,0.3152081289457509,-0.19206660239098372,-0.5930207987097827,-1.5915025883495493,0.5473048431778418,0.4056603828925984,0.2617828397068208,-1.0134945993437223,0.7567403662541908,-0.7554824769430805,1.0715711508933814,-0.48819816025877966,0.687171181533813,-0.19798149007844962,-0.2818483068224397,-0.4467035851415504,-0.2837704699181278,0.22966641640494193,-0.32090934438896884,-0.0964226196111042,1.2272966966415453,-0.9529233955979013,-1.1684315279781867,0.4575881774514317,0.6400125806305208,-0.33781523894164994,-1.1449116398889638,0.5188870609793417,-1.6691079561821096,0.900470942490882,0.35072303316246456,0.7948152256484843,-1.618348157958124,-0.45844579124842194,-0.9870525663996826,1.1237858434913266,0.13754268805520314,0.8151182071321772,2.1982135898444777,-0.6913413910242829,1.8295085609607091,0.9933323635177934,-2.5332130655410943
sample_855,-0.8086591091295718,-1.2576285667952927,0.12176556299292757,-1.3946064381653558,-0.055691585190734194,-0.2634122816128001,0.21078137798718566,-0.19349832880970674,1.6068822528781899,-0.8121387449864776,-0.17236247122570716,-0.31474381407169555,-0.3878594418383201,-2.026441592255217,-0.5478002918713133,1.0136046863166726,0.4073189278718162,-0.17898605725093514,-0.8917457020263325,1.2910440203608484,0.16033303296827975,-0.1496259647281642,-0.8082932853746353,0.08158937432926268,1.4036640990980458,0.04209404532259404,-1.3675028494168069,-1.4687616084742945,1.6530630729292959,0.8656849247814187,-1.9169387165255205,1.3934297273369638,1.0980129669999805,-1.2715808376144198,0.6427228601663799,0.08199649360002283,1.0906918671711738,-0.39552713380068844,-0.8614185082346008,-0.4818840569598407,-0.16570719546490134,-0.6795578837529774,2.566204530351514,1.2562908411187232,0.13348385978356075,-0.16588637997188488,-0.5102551777488038,-1.084269315093427,1.4820375141705884,-1.186627307008641
sample_856,1.3460592194571226,0.8588308277597935,1.221637985603543,0.19773193094187186,1.3085914583803189,0.01692202511643735,0.027414638905318887,-1.1835687160433832,-1.120587811126995,-0.2698309897534824,0.3890067071789365,-1.34330762991291,0.011574399934889117,0.004751629622694805,-1.2680705799283094,1.7158831251031217,-1.6174214038043286,-1.327360128057757,-1.3141441774160267,0.7111165934388936,0.6408159060322757,0.7260664081030095,-0.2166140238020047,-1.1055033408283903,0.5754463658532202,-0.41931934938737553,0.9545773300059703,-0.9344689698032091,-0.3635961184594991,0.191769524230197,0.6868653150380397,0.7362082414881922,0.5695440169785156,-0.15045510990702585,-0.034613095496212616,-0.9364794282759739,2.024156286343543,-0.0598922697356148,0.6300326238260797,0.8048404075581348,0.15054606991725203,-0.485657376866003,-1.4497579876210704,-0.6507659383214793,-0.868048322299434,0.7142563930638632,-0.4121070932387596,0.13097804760579734,-0.41576767739110626,-1.0508531745187808
sample_857,0.12568880455397916,0.29504267838453463,-0.13004101623194297,0.7870080799175502,-0.38934121345085376,0.26326258307520223,0.50558664104637,0.04622913292719232,-1.2586867633025018,-0.059001244928465035,0.22712755646868255,-0.799220060410351,-0.564329058106755,0.06844043049032227,1.1939917225082086,0.9008584069953499,-1.8188166434500006,-0.6525604730593638,0.007941241421688975,-0.501548848675951,-0.2210899953096325,-1.489140341296553,0.9262178687285768,-0.3423170205083054,-0.7957408712618024,0.8946206230795519,-0.6856815566218878,-0.3644451845759406,0.664526529424428,0.8271329596668928,0.8686341434508792,2.5092238251913783,0.2411493409051736,1.887736484096896,-1.2651232351736126,-0.37527089365117183,-0.24810386253985375,-0.5260839058973887,-1.103193285256308,0.090879255498667,-0.9713516372717964,0.3501112450858921,-1.3224891410421629,1.94087685229241,1.2650926084734369,1.044018299849765,-0.769552422916032,0.057621781116521616,-2.8542241898565917,0.21444692281459413
sample_858,-2.673878984713075,-0.5889818666560599,1.857958790335501,-1.0166036322943592,0.8487479061676749,-1.0621273911256164,-0.22850470532519626,0.3300152683614679,-1.3637668275238766,-0.04951211514026003,-2.307517432149281,1.0071300442661528,-0.9108499190183122,-1.0425998618233312,0.362852622133683,-1.221202931562334,-0.11300000662510139,-0.47678595580220573,0.42789065266978,1.2618622122426806,1.892661831719513,-0.4614191553387692,-1.604023960827703,0.2972365690088049,0.9007205821986225,0.43630810381737195,-0.9143335161668514,-0.014265966839588131,1.2964031722170148,1.187984007382783,1.5699444321165403,-0.9857399446037837,1.0439092425928655,0.6733548300121389,-1.2914712212516146,-0.05545815057412826,0.4789232657628882,-1.1679628723961826,0.4787890133982559,-1.1349429863044402,-0.19677428726616253,-0.5638284670116295,-0.057105288298475144,-0.46565670550237337,-1.2097882636028483,0.42370293371508905,-2.3799291335643216,-0.0017389874732841924,0.2479351239312409,-0.31030226754454154
sample_859,0.9977214372034986,-0.7121491003831681,1.1806723869901437,-0.22913326949757074,0.6440964764898339,-0.3412128087179897,-0.8953371619907664,-0.26252315398957643,0.7458577498540474,-0.5588027909242155,0.6053893947385223,1.3665537726937858,0.33864360644210434,1.0340889789718815,-0.5080655627908124,-0.7745431090018129,-0.12607427660649365,-1.5543496983711507,-1.7767799910222943,0.475547830478236,-0.6857451755763159,-1.080140590793121,0.05216885733744178,2.0730142125875863,-0.5080874469267778,-1.161584035983465,0.11589142010716057,-0.29975920899413183,0.23762071234208734,0.6216493536088055,-1.4550189012182444,0.9271035385296952,0.49510068618509107,0.9945407599429371,2.262567206209565,-0.8421972032015631,1.511630627193301,0.9677384371151055,-2.54218783354122,0.04969744144249205,0.10378406245950232,-1.5272459626367565,0.47295580460342673,1.2352887621239883,-2.0217427111612203,-0.9794708571025983,0.704878811603969,-1.4908159806418106,1.067849750556541,0.9803487792723504
sample_860,0.39939525544472554,-0.8252436652758894,-0.4905716711021689,1.9394453601777508,0.9189847416885533,-0.19251425001222106,0.4918048877172182,-1.2722074172200548,0.10371650802056005,1.3247189305730689,-0.0710848950074648,0.9469651123901223,-0.643793278732728,1.4725140472741232,0.12185824991874852,1.05514430670474,-0.5270810120477731,0.21508495550100432,-0.7783813259570765,-1.7250992230218152,0.02730514031691119,-0.24600089098173208,-0.8808461113696416,-0.3335299602155428,-1.0056894427944727,-1.2451086938972498,-0.6447487521483531,-0.09009931847426339,0.9390653884228028,1.123337252445245,0.2117410700159843,0.05196836230020033,-0.6805659529804148,0.21622927814236292,1.4990195624707137,-1.687145929993496,0.2677153501308989,1.9911320351453898,0.8570380403295078,-1.050752827511932,0.31270989987929704,0.8787452937167795,0.10688673973463308,-1.870433232589336,-1.455840435567976,0.30627396954993286,-1.3092145585761117,0.1791087900602739,1.0601637143790754,0.04139299589571981
sample_861,-0.3470448013172801,-0.8704738451981976,1.286592321445705,0.6685156577587983,-1.0086802718451215,-0.203156882229116,0.5294916208533301,-0.12151764810499437,-1.1273663405535153,-1.4227502643648335,-1.1734466531987864,-1.9016258384390283,-0.8970060427033394,-0.23184951881646496,1.3169084929886208,0.10682580324047411,-0.9188056253929933,-0.3931049233117158,0.4093938693331249,0.21636491908629235,1.2265131085072656,-0.13477763300677664,-1.725740082915434,0.5312438705899565,-0.9508577445472419,2.573511698152639,-0.12289265524251111,-0.11650360245215831,-0.09744180010784995,-0.2022067338117501,-0.11955485150072245,0.706161730451551,1.666004354060595,-0.15534628714745313,-0.5399997020437037,-1.0113492108141255,1.6099652114561456,-2.752953686007001,0.14914025702950826,-0.7036715541937384,-1.059418092347712,-0.9492761173100469,0.2692538283060699,-0.06292848187538488,-0.9374626500390055,-0.22532699963140257,-0.11571921737426114,1.2996627725313483,-1.9077603965078582,0.19428804821605888
sample_862,0.03543352714975576,0.7158882018115569,0.11155345164000319,-0.28388357998950686,-1.28405016132834,0.6208834389394773,1.7893860491653792,-0.2204238157749555,0.62223458238035,0.7729397791760076,0.08615142492114412,1.567426952605543,2.13100262882921,0.9600936928678453,0.4495294532425965,0.2812404463251914,-0.07765839554942942,1.3805409244803648,-0.6859996850183173,-0.6248233366987487,0.3546063318344363,-0.21999255881134713,0.0024864412640151034,1.124776352417964,-0.5643848865345832,1.168793573464423,-1.1351901601738261,0.12010022759059405,0.36518640424770765,0.9591019896164288,0.3347010688739816,0.7947313215784235,0.7330692259994288,0.9453370320832101,-0.19687730666787087,0.8782057649030343,0.9903130364842235,1.0449801811681818,-2.8970745200618095,1.6889476202594857,-0.6537978699565451,1.058244744204448,1.8355524651562756,0.9755642073709899,-0.16945879884333223,-1.9655448911555675,0.6717984018805004,0.02667148771978058,1.3718010473043454,-1.2147204651184447
sample_863,-0.38423977499855755,0.5408930285395905,2.620840885331715,0.669089236212649,-0.22761852308866853,-1.6245827256985725,-0.12700988630812976,-0.14817288307148482,-0.9875965632791694,1.4715790270104203,-0.47011467096680754,-1.1015254848778468,-1.176005911693565,0.2973207025986611,0.41983457756552844,0.22793189384496668,-0.09472582083221108,-1.236517086732287,-0.25524099762753577,0.7215747420519294,-0.5941176923985785,-0.33901699617587994,0.9237730250393923,0.9154915464664727,1.1155645436797976,-0.6534926312750349,-0.9048306446422112,0.8239513974246782,-2.31477595905728,0.03185980561336957,-0.40035918225824535,-1.5002188566190504,-1.3605964118111058,-0.7327786078037133,-0.23537480487581336,-0.9693531235941838,-0.3952663131354142,0.6806728374754849,2.49477680365484,2.2021548896165033,1.6128372241216336,0.5131238342025043,0.8743428066346282,-0.38254419853548904,0.21694955764036622,0.16196438210872038,-0.6254074612873202,0.5486368367662762,-2.2960580784837883,-1.6492358985054205
sample_864,1.8980005094550887,1.9858839925402425,-0.6284599554842515,-0.6316035941400285,1.2648264719229723,-0.493167921755352,2.098856148225856,2.001198761126276,-0.7590263020558313,0.2209805439735432,0.3845917249151699,-0.16884631414533124,-1.8005034801867352,0.2712224036909571,-0.7960549024825943,-0.5649785829295727,-1.5925359763667832,-0.18962918927882472,-0.6616266986793252,-0.35928032778937563,1.0414875976629954,1.1516641025370462,0.8506337078823549,0.8091458927937994,-2.8857698819644497,-0.5721151566985505,-0.3051625172472256,-1.2045065638164763,0.9462245100163454,-0.5837693720533067,1.3416607610408613,-0.46040805086369385,0.08763529851068716,-1.5576284314768667,-0.6568923825590118,0.6458090673423265,0.13209971493313785,-0.8560511846302782,0.5878669781432105,-0.7449751313147309,-0.6866140496511969,-0.9071957683431422,-0.7889396379918876,-1.0102160700901162,-0.08721087491803056,-0.5530434314133701,-0.5293703459079944,1.8468193501584178,-0.12143176495208775,0.5084501318660716
sample_865,-0.5388750045425997,0.7458604102646973,-0.04911633867283459,-0.06693817695378713,0.07255933367251304,0.13686100399247414,-1.8242534618491761,1.8068922921993422,1.2011547811417114,0.6807499246209562,0.47234998253929167,0.42484878055254877,-0.4802216957742562,0.19904035154096805,-0.28432230299679784,0.9860042887658423,0.9851983533671987,0.5819146779066021,1.5189987609485125,1.2837201948236776,2.0889710746389385,0.18067241239510948,1.0024829990726412,-0.11352545676770824,-0.038721542790004414,-0.11300085701523153,0.8685542246043971,-2.615453507169373,-0.2399317887952601,-1.1612503830098495,0.7613173049121084,-0.17472388072323833,-0.41739953853672385,-0.14645776410225514,-0.29240510274597203,-0.6851566157713934,1.4249434529988565,-0.9239249319289872,0.1374908384210578,1.1283927666177773,-1.1364635097848301,-0.5444975203145199,-0.3681154545573621,-0.5505382785869809,1.1183584710896044,-0.037879684858097805,-0.39655131495630297,-0.15970761177805468,0.6163373691791945,-0.8145969897765971
sample_866,0.3201922497994031,0.597903812816902,0.22979816911749565,2.5059152028606704,-2.29617566408877,-0.8252922803306642,-0.928481969175011,-0.39646010412808314,1.4611415052349253,0.19132951273099455,-0.3961466582805252,0.41391774305896833,0.2916311855712446,0.8746238908475986,0.21184869532516512,1.4677612055029863,-0.4589259390893742,-0.474715039545072,-0.2445204821515057,0.7871697373997891,0.4928359814575343,0.813442310972734,-1.0497519523176444,-1.0712761424442012,-0.14591124673659614,-0.4572052445942976,0.6216227214315901,-0.6907304448728736,-0.8848943134158007,1.2710608998740662,-0.18923877167661576,-0.1616982292321668,-0.6522308529805071,-0.564028564484314,-0.0681999509738571,-0.5257278844480902,-0.7378292921539533,-0.7594242804047545,-1.5008202657029033,0.4009530244017315,-1.8244733344055224,-0.5236347951662096,1.457491754818731,0.7876713047427795,-0.8724363130474355,0.5610562606311348,2.1835434324216045,-0.0550215151479417,0.5665137922352333,0.020563819517753823
sample_867,0.5327641166300988,0.6659812430079911,0.8850560241705498,0.5269978863351337,-0.3894505470375892,-0.1975338999339586,1.8878938615630307,0.5093867677672834,0.40340744957057206,-1.3970366810017059,-0.26545940800074136,1.3646133421071973,0.5074758298346048,0.7031744517292878,1.5362981474131359,0.12809387518611143,0.7830030452559913,-1.1686096851461911,-0.021748030431782316,0.6593429823075255,-0.6983775219483069,0.5525036015655106,-0.09462748640380272,1.067907306921605,0.03249626654984864,-0.18562438230020542,-0.40725819642800376,0.5141899271502279,1.3268769889188292,0.7180871732751707,1.1420273092396043,-0.4991240853083646,0.10110030178587054,-0.958330867642806,-0.14485071241494224,0.1069667648914841,-1.00345078766018,-0.47589333195474504,1.0860389347525896,1.3648839611910875,-1.80325640374567,-1.383349365885205,-1.7857527681015162,0.3898196313643471,-0.07115800328676808,0.2899753999929248,0.5149028010507928,-0.5181127389943804,-0.1567810216146382,0.5147028306916002
sample_868,1.412491430441377,-1.099871184292619,0.6448955322234392,-0.2550193904174877,1.7194811243194332,-0.06261637591526173,-1.5311289488302289,2.5847591570951396,-0.2875574913210899,1.5123799535096571,0.19209307648071375,-1.3563022202105008,-1.4691795783425152,-0.9111468107763706,0.15249797863200096,1.321252036637857,1.6335838968565553,0.07030649369619743,-0.5486142718209213,-0.1328627722454931,-0.870478623237155,0.012736968807514893,0.7328051743413877,-1.3337065132469255,-1.8099711593024082,0.7250981227908027,-0.38558856893095333,-2.264291400793197,0.16649477738827528,0.5086541990165668,0.5203852957155647,-0.625152177287986,0.1387486292145889,0.10289473699499152,-0.39197868703450267,0.23243830959670989,1.8720635838295359,-0.8129910919988527,0.7941863193116216,-0.14916464412409622,1.5907235049867448,-0.5185449592582619,-0.06951061385706563,-0.44046113851264024,0.8807875862620063,0.479455530106957,-1.5182947643926081,1.0913927766298803,0.4919554327378575,-0.9796005344713534
sample_869,-2.681502746760585,0.5144436274328781,-0.9441837235121113,0.08967737163322928,-0.29547526752994335,-0.37696696704762217,-0.7109581445469955,-0.2611832673535367,1.4068090340700725,-1.508726752160396,0.43240186837067734,-0.23092424445943213,1.2978890308132083,1.0753716779024227,0.473902970274512,0.7340189460452659,0.935205514904517,-0.12071201214054077,0.931370501350498,-1.6532213276481003,-0.3902997671466153,0.61674376203965,-0.32313588936113785,0.3792833518110395,-0.8730375923515968,-0.8831377973862881,1.213905802067621,0.9038091009340025,0.9045457720746135,0.38053420480160577,-0.23029361230041573,-1.6572557806230368,0.5074472941349508,0.7876804004946253,-1.1429847520880494,0.08452013081227401,1.2030047319481312,0.8565871802974705,-0.1931385550731988,2.447055082466703,-0.4048684350294972,-0.3610923427722452,0.8898452896376383,-0.4253531338858568,-0.6407036356603982,1.5731195730287724,-1.2098342123204282,-0.6328829683435646,-0.18890449921013638,0.029953115521625554
sample_870,-0.8548727806922494,-1.1667459420113466,-1.9515036193586628,0.45452640023979607,0.034015084940462285,-0.887340923083561,-0.9192620821965803,-0.4471574168089756,-0.16912810368598408,0.28959304149613274,-0.7962659995791028,0.4096319829935003,0.3283139657379811,0.17579880797984226,1.1322185226154562,-0.21489048604396901,-0.7245999215515588,-0.13787902856931342,-0.33317256733160194,-0.07499566673320157,0.541770180182496,0.9058856171149264,-0.7399009749830064,-0.849206170793544,-0.646614790606626,-0.5105374810355741,0.7348635838769902,-0.17595069140242903,-0.22054249061423611,-1.9050032965844204,0.7675349244890656,-2.4381479578034027,3.62714493281699,1.3513848870828808,-0.9766091294925084,0.8077050610791097,0.8534495532045311,0.08665321205883232,0.2692906075569951,0.22065850797427858,-0.17981490296046193,-1.2006917348089337,0.08800627037437213,1.004370932265422,0.7809866672314534,0.6282907884645211,-0.23801003147058225,-1.4425827972751835,0.4581785550096152,2.739911184328567
sample_871,0.189573487945802,0.5728234652629945,0.9931096321439881,0.013610412965982794,0.12420275990015679,0.9817641586807464,-0.31400328906339064,1.280931943818131,0.3963694674563077,-1.1463715023540495,-0.023594124181413594,0.9301030065734823,0.7454920844742039,0.33870863708571725,-0.2721405838708415,0.8289129474160883,-0.5099356856006609,-0.6616208337460224,-2.316728463519748,0.9478763888359535,-0.5961945692117232,0.19312066612072515,0.9614593125694909,0.31152647542019224,-0.3032268351352576,0.5674152405836679,0.767538642051907,0.009593561259280724,0.9049252870798897,-0.38827063462873607,0.14106168970371896,-0.36934932230777007,0.9472724461026548,1.6846879852792913,0.2594755743579242,-0.42874832853066164,0.6246371962699265,0.8508768333143198,1.524968698795444,-1.6509729551671186,-1.092114584191529,-0.8388977261433996,0.18900896779323287,1.089548739704228,-0.9553048326274759,-1.5729514748520714,-0.07519441770836734,2.541707283730599,-0.4227064821114473,0.49916056936821906
sample_872,-0.49522129591666403,-0.5275500212888412,-1.8882059500362587,0.4479109555629265,-1.1085250952177164,0.4434057775540401,-3.550144781820615,1.8470455301903754,0.3740850419846182,-0.8002515607822926,1.3478647280296354,-1.260742618721305,-0.33839357103571427,-1.0706225733273176,-1.1397323956380256,-0.4095377712931637,0.5624649671726437,0.11502011659935679,-0.7723762094886826,0.15660387880346024,-0.6524656922346274,-0.15178448916349802,0.23117443385731196,-1.7192197438159125,1.3217817678633108,-0.45149991926731187,1.0116769227607736,-1.0680642796502984,-0.9591143345663736,-0.6152457308662878,-0.6129766812109331,-0.9497929478822625,-0.04223915880395737,-0.38728302613868476,0.7663298190576238,-1.0694030395649305,0.9276892466156503,0.8484122305408117,0.7708948586350701,-0.0054348798092370325,-1.7300867993691025,-0.3078504479164083,-0.7379634008182443,-1.0294474116295864,1.0228589526309433,-0.23446656652552694,0.8121964090569717,1.7674806884045386,3.0039567571544254,-0.8645124960348963
sample_873,-0.3167540488393572,-0.19305343493867133,-0.7098169835183935,-1.1904665950739468,0.06448125363519255,1.4199183114429255,0.27576510757447625,0.16866117003541428,0.9087757541459563,-0.8550953369425729,-0.17974447241375885,0.18970211645862076,-0.5630897312690395,-0.6225740553057117,-0.9155985994191354,0.2646053783469018,-0.6055813298454313,1.1181858752497027,1.0432824100383198,-0.042330101411379675,-0.6112421164756946,-1.0909082031776363,0.011913166939386965,-0.4714899945554568,0.5051746382931432,-1.1098143373026137,-1.2573240476339305,0.15605509193211617,0.6791455804637979,0.028993625633807904,-0.6517989852514559,0.24338565732533238,1.3441168809502213,1.561682955667377,-0.14659290685795603,1.6976223015936946,0.18588149883951857,1.8545153103010503,-0.012268804756706997,0.8534237290464782,-0.9091741106871014,0.2170071458635453,-0.36808693196110226,-0.5857196615792056,-1.6447816836950857,-0.3430652397281596,-0.6138195723933568,-0.5509321816989308,-0.9596174237012313,-0.3857342773782153
sample_874,-1.2950709002877987,-1.1836097211590604,-0.7796503096414287,-0.716263986912439,-1.044742126248801,2.0153556204709244,0.9446978579422111,0.5403003727542387,-0.5733649125844187,0.13784615638029615,0.17067181979511425,1.4164049414398503,0.7500835841892534,-0.5080440293866545,0.6724609047429778,0.4283337685482887,-1.0359277849760702,0.2791973578055741,0.36557222551230983,0.3813313318548053,-0.05292854240948451,-1.2334880456419226,-0.12720402240222747,1.0254130321474197,1.858641919277492,1.2350245284783827,0.13759710886798357,1.4472478421039818,-3.119326360673006,1.2725951634476136,-0.42009871057319886,0.5736140094192207,-0.4130506586108791,0.25688999883805813,-0.9601335160667395,0.27455940195278977,0.24542514554366732,-0.2880376898293697,0.6265378885742859,1.1388414294700417,-0.624635578067594,-1.4019190719224934,0.1124166177877916,1.051771280672079,0.39208542066584867,0.3116167123634375,-0.08634873347255738,0.7143465930773645,-0.046226813032622,0.7349543351970026
sample_875,-1.7535760799088114,-1.078184113957133,0.22576819983649526,-0.9085851518837756,-1.3611072290794857,1.1306312176474211,-0.21453984077936786,-0.2830353959338404,-0.27396931207517977,-3.644091900385903,-1.1036289679487288,2.3966873586957664,0.28168273440483504,0.9161318402308178,0.3270217222730675,0.7490938642839228,-0.3026787711054817,0.8388211552658033,1.3450332349435024,-1.1933025693980972,0.10863872677000085,-1.5478592135866076,0.9263373764690401,1.0546524441658667,-0.27391340362527755,-0.8151114241533423,0.13136574888339103,-0.3685471556234514,0.28602051408857077,1.3193038114244873,0.5334600178235605,0.801687310407872,-0.7680966356485347,0.08029165428849333,-0.7103506516365515,-0.38208105887171956,-0.1861814743429901,-0.9607051181182794,0.2236986601192582,0.6574504133887192,0.3384274114712843,0.38220228072796847,-0.4109464035590333,1.0950339065332904,-0.37712525397766694,-0.08801248364303982,0.6637046321457114,0.25837960995094555,-0.5279012677321966,-0.41853163916453784
sample_876,-1.5470114687101997,-0.8130545308696432,-0.9177462630074618,-1.0229966555350698,-0.4189161976051312,-1.3462629092760239,-1.6531713774720687,0.29064802699567527,-0.8738127056278051,0.9330958393528377,-0.47779961168045054,-1.077327268386449,-0.6061215138024716,-1.3167051403800814,0.5448349664468773,0.8232902828612295,2.283829126827608,-0.39433977438275036,-0.24194707143036417,-0.5993892440529855,-0.4087961974162718,-1.0955849067620538,0.6707148158797096,-0.10627885202454523,-0.04572570031156654,-0.22337507928416483,1.3373536688298708,0.620496848147185,2.4069520285835737,0.48214578798445384,0.40209483897543735,-0.17832461066351046,0.8096577032796392,0.228332009139212,0.06756583502320104,-1.3016272161578946,-0.5828673159600646,-0.8412701678989227,-0.7462545239156252,-0.9009124834526391,0.9041516578725342,0.8694561238465375,0.3933870498972296,-0.689553897504938,1.499977483871163,0.9238960914365822,-0.7816641973659738,-0.1644567536021722,1.3344837747015101,-2.368374706462035
sample_877,-0.20214868753232157,0.9628381334604998,-0.0021303765088371684,-0.5900905569470097,-0.4755362502852402,-0.6470470067067823,-1.8747576502149976,2.105758553175478,-1.3763115647460558,0.5133235090502848,0.5146868215981855,1.5647247062024547,1.1947255835016841,-0.20479520382632818,1.0700265709359185,0.6630793689781685,-0.1656755191922565,-0.847858135852164,-1.0888925218492131,0.039801090201008076,1.113990639212763,0.46325723265310986,2.16730710532778,0.3294506563761586,-0.05252088550479623,0.21193645338281436,1.4690320921733155,-0.38398506371815955,-1.8240039286700798,0.35477109969411624,1.1460098678331725,1.0968074386097684,-0.7770119706397176,0.5389570618288398,1.8961095743122132,-1.1939613771147795,-1.4528281405562542,0.5941860192059344,-0.9913760499165167,0.4001801097642989,-1.8342176401350931,1.466376766451613,-0.508468892054103,0.20174329568693275,0.5408310232968916,0.643441054971327,-1.048928979513972,0.3616729028284456,0.06351484116476463,1.407992014607018
sample_878,0.7891700132888552,-0.01907323978622877,2.362915006569801,0.4406344802420801,0.8521542278517619,0.44667440614469506,-1.2911407553866128,2.57393019755888,-3.1978274585780504,-1.2747286758850294,1.3593212317304235,-0.8188136903209743,0.5190974607037961,-0.734090575954102,-0.9823415879859928,0.4938736642907705,0.511963020755828,0.7132188221273539,-0.5121030797771311,0.5186507619110893,-1.1391804484785089,-0.5302357547502164,0.03164340456939181,-0.03562128799669508,-1.0279287408852449,1.4318352686173197,1.675499761485713,0.7717992023087034,0.8499882349170497,2.8780798785250776,0.245364842867549,-0.031811228264803953,0.24601072393648485,0.122868348862722,-0.6684765810467546,0.42271987931681915,1.0095668145964622,-0.8221757492684838,0.9741331462417953,-0.29855992832495876,-1.3787456121731163,0.6474489246773634,1.208839644530744,2.529927685480648,0.8677827453424131,-0.17439640181801597,-0.9046917065637038,1.2999156098786546,0.12265635161163464,-0.09276007988806426
sample_879,-0.004345755313781451,-0.1776602530743675,-1.8571664937806254,-1.4369849063244338,0.782432654244987,-0.3280983645626302,0.17457643370329473,-0.35803482963721667,-0.24871586434599904,-1.2870270520137108,1.1076166104272545,-1.0010664021135571,0.044681615693584226,0.8554846897296376,-1.7038193417770109,1.0509819765211723,-1.3844992275976944,-0.510592411603253,2.8115455566292256,-0.015494609801559782,1.5997021385244197,0.1702335249289187,-2.402426600202008,-0.11654371475649683,-0.8163869047095393,1.1598516193049455,1.4312376991982574,0.7293547178668796,-1.472834884438432,-0.5790968582337578,-0.8162661205902014,1.2874635395181888,-1.927842985943413,0.8864035079729019,0.33897745351770275,0.14562586445356274,-0.42383551361342536,0.06349166951496638,-0.5030647163015195,-0.9283073930819599,1.0413070817270724,-0.08281717180556518,-1.1884990434418425,-1.5745211968113195,-0.28562495991920456,0.573395114007249,-0.8132795916471105,1.2494749944730925,-0.012209021880025333,1.4021606864854854
sample_880,-1.3842953032928966,1.1641896476998592,0.3525753198424809,0.6647539716776644,0.33234848979390363,-1.226173814271272,1.2029161939637267,0.26689378666063157,0.9466064008632775,-1.5300207124857852,0.7847454617555394,-0.486646168792631,0.0072439374835247625,-0.2636463581422291,0.1776833114977614,1.0013324655078037,0.7001311226282513,0.15632232653240355,-0.964426940003111,0.4097624587905896,0.246413111306924,-0.5488248837190901,0.27663944104735166,0.5799015147177281,1.8720628359312368,0.3959627715527578,-0.680374042511353,-2.633593722664101e-05,-1.6921546606420308,0.8122256480091562,1.8915609405805556,1.6478269610219642,1.3900457885148128,-0.3635867637034406,0.39502369538686055,0.7188611171846647,-0.7406593906302292,-0.46720867504363994,2.787970950270989,0.6974723915992024,-0.7361714768114273,-0.8302937902903491,-1.4835794575634837,1.6468848826608957,-1.1759386879491798,0.7139335557174958,-1.3775441110909734,0.22021183183473292,0.43357024879204964,-1.1717067858025185
sample_881,0.29210883704294965,-0.6976864375531372,1.1239130893176872,-0.42943153110065413,-2.667810411950351,-0.643323514505282,-1.2691567308921827,0.010138103836966875,0.8531421681417384,-0.978083532521376,-1.0360489211098787,0.359120515044198,1.2886474796616594,-0.6612883674272857,2.346494029059868,-1.420312743926029,-1.8438359444103956,0.4838938749789575,-0.12574627358964252,1.2366694819049242,0.3700140579888592,-1.1946273287495845,1.4384140434431079,0.13851300389992724,0.7475795282983543,-1.0960133849937932,0.6418184367750429,-0.5119763286785732,-1.4784704339955785,1.5363931388162197,0.408880534079821,2.384342053652332,0.2892822490009516,-1.6550954339721449,0.7159619910281838,-0.10972635898910123,1.8878447443321222,-0.8308995222905627,-1.0144372450147268,1.2421495816663295,0.04474343840272869,-0.572823455312796,2.0880023012204787,0.18950621769537207,0.07579559275845002,-1.3587904867887963,-0.6070363020163377,-0.9398530757568367,-1.3217072512952115,1.9473133188064493
sample_882,-0.008128227983678175,-1.569359111542857,0.6481813842896073,1.3233944437826146,0.27668725078404827,-1.3950842106260846,1.082737570619271,0.4331383244094808,0.604077580553037,-0.6342333967046835,1.1591265955119128,-0.9628063927114618,-0.36273721813459514,-0.9122057265326796,1.3490289354508231,1.9266356076370557,1.6139344659803834,0.0818083519294152,0.42591694709015027,-0.3671647830084395,1.0379885159856888,1.0783993689633609,-1.8365477669322914,-0.44760254525541643,0.44588534824154563,2.26734955226103,-1.8684764071729254,0.15445517281628818,-0.261546181719146,-0.18318284063267856,-0.7145474650116322,1.3796658025492017,-1.1573315588248758,0.5249553879080877,0.6698583383970493,-1.2006664270153846,-0.25199748105914216,0.03169746374118349,-0.7174046219442697,0.5123370305422255,-0.05481807458765134,-0.49938586436908255,-1.9498957789004114,1.495177623870825,-0.2821048171287881,0.12012834923365681,1.05658682673354,1.4260215562095553,0.1281200717959744,-1.4899805315077492
sample_883,0.31043798872747763,-1.1140184488462948,1.9425645071772848,-1.5628890809014884,1.484376947023478,0.5645548642656353,-0.7347874292188077,2.205818565669939,0.08993897795756134,0.67823738271222,-0.4092106312353973,0.3706203871925863,0.2127119438411419,0.6376476894357664,1.032618676406323,0.36484126304674797,1.0629580815880988,1.7610798810468231,-0.014117900895065252,-0.9072837282973781,-0.3417707656756599,1.0288239583337175,1.7698934723625745,-1.0296313206387406,-1.6891678286329153,-0.4852830117684802,-0.0136198002351163,2.033135527238333,1.7536913198778667,0.5483321094169809,0.23327010508489399,-0.7418084758456975,0.6476499754648002,1.9750238092072612,0.4800782315306945,0.6121554012827005,1.2834683770189659,0.8783809606778462,0.4435504666594378,-0.5323504899204664,-1.43224085684394,1.1031156273250098,0.48294176010152157,-1.0146926307775053,-0.51205839447587,0.6490167015913527,0.01019328037682219,-1.011608706089099,0.9738122408853725,-2.177281190490035
sample_884,-0.33230848066801255,1.1295595518344541,-0.5752935581179784,0.4820498602860379,0.05938834536522507,-0.26799136583269334,-0.17233787019836533,1.302243877236491,-0.8532582410937466,1.9858561401395158,-1.5237028896820453,0.68771290840481,0.7112146536849662,-0.5015716640933393,-1.7945704880450961,0.8311075977829635,-0.3995374501947535,-0.4240244122000969,0.22455425508366772,1.4525909431196415,-0.20124607489904084,-1.6877209541143683,0.12846410522021226,1.0259504045617818,1.1118258690218583,-1.783283630894129,0.1659383327932968,0.051454593930755486,0.8205916844519889,-0.7957736939133269,0.3180317099371577,-1.1904080725533945,-0.25116565423599513,0.6371440785255407,-0.6353312921622021,1.0750094600763804,0.8032010521672759,1.0611849822944655,0.8318139209260249,0.7147996186276298,-0.3928461626524627,-0.44360550466542725,0.5242171793577667,1.5854502580979528,0.00735430815156876,-1.6848631434366592,0.610611666370113,0.06423419809668746,0.3859396366505554,0.39946982743644055
sample_885,-0.8396033382920555,-1.4395069610488542,-0.9598187395625579,-0.6832800690261646,-0.16008560867733773,2.25165709701663,0.5305364393670157,-0.918860013642569,-0.8192144889471299,1.5380097839091353,0.7918974131993807,0.011793908032897434,1.5749475587676445,0.822003048088373,0.5377848534504314,-0.2971396015312032,0.7296620933497439,0.578581262264375,0.011430470850037455,-1.079815207833797,1.3024473806728087,0.47151505091235363,-1.41922807734926,0.019379840856561314,1.3008603513712402,-0.08196227168041678,-0.5096272994893416,1.070070829691493,-2.3634524398695445,1.058659413756481,-0.32461490833231155,0.9338666788481139,0.5050015176751873,-0.672808316169255,1.0600088177058615,-1.5231692334163256,1.9750676875009863,0.7199838197605128,-0.33905774792103743,0.5046264305558406,1.2286581517031305,-1.1527478043664163,-0.061288543938483854,-1.4369769464411357,0.24348239079408493,-1.4127613210141885,-0.45389600095262556,-0.33938708060917877,-0.30362458880252546,-0.7516592584792401
sample_886,0.5553605031099315,0.10180276451076954,-0.11738596901866759,0.8425971460814964,0.6969063288777985,-1.0410104451816904,0.8322761801953145,-1.9589817045479658,-1.0058815563466725,1.1333698469990057,1.5212497301817303,0.5235149919178265,0.01547282742841545,1.763555913333316,-1.1135418648183932,0.10384524296729997,-0.3021186278429892,0.24935953674911124,-0.6162206119764678,0.040768924430908834,-0.868439292841698,-0.9998682882004447,0.08599098154356136,-1.33403199295585,-0.23144502983172083,0.002221190059125559,-0.6533805590956288,0.1968959259728423,-0.20557369663321665,0.4402406998257704,-0.23627291520460575,0.7885488228820396,-0.2724782456290464,-0.34915927014112647,0.0980287679366942,0.2486884664023544,-1.078292089700547,-0.608742476743593,-0.11444618487519156,-1.8553529564584599,0.18481412406421568,0.9565204445967274,-2.2689918799132163,1.5684201056598792,-0.1937327733933648,0.5377648415103112,0.5522675768444347,0.22466745893670553,-0.7561379501757424,1.8311308176081937
sample_887,-1.1651900857898128,0.8678964431363876,0.3679884087143658,1.0587945571104813,-1.1313240885973759,-1.304764546884507,-0.033359956862346093,0.7416256769563381,0.1537773660177853,-1.1874781909697718,0.22260195400263122,1.2957465536373118,0.15838277185345917,0.5831011669040557,-2.2297480247960686,0.007286525348334773,-0.6886681139879705,0.23883500015592987,-0.019627557035644234,1.937881045710649,-1.0894054882527118,1.3602260684394643,0.7500802797913441,-1.5185964642412464,0.22788949090021188,-0.1129444005189101,1.267350942411009,-0.9777547806954351,-0.04771848900521414,1.3489828640401458,-1.2159980323564614,1.2778219372929123,-1.3530743169605786,0.060839856472393705,-0.6490732634738513,0.3923322492720794,0.2227158446602716,-1.184215556697772,0.514294094740573,1.1421558226485997,-1.3643611423082616,-1.2426840259444543,1.0232305461886055,0.7656324149237134,0.8491807602232824,-1.458522818509595,-0.34103830934242757,0.10210174363036569,0.6201888147646196,-0.7855030048354148
sample_888,-0.6439377388535731,-0.8785597459127111,-1.6141643981717337,-0.2349819747370549,1.83531795368455,-0.3667167815562356,-0.7761035231211318,0.4411900026461535,1.9985337523846372,0.9277790696919342,0.058683973102539075,0.6120755363131799,-1.0355397726053335,0.5625216697741259,0.1637025696450824,1.2537282729445844,-1.5908509828948763,1.8159856057357104,0.6211104851958882,1.6847627347669167,1.3506878088576941,1.318417630382289,-0.09059810610354004,-0.18606308214208866,-0.2470458706983203,1.3291427195455523,-0.5010935183626748,3.34092328272291,-0.5192776185351579,-0.825226774014452,0.39582930447593023,0.17476421564268568,0.8158112712553877,-1.7951782190996604,0.8128872427105361,-0.1261477729401293,-0.8426872239708804,-0.6160971569502356,-0.38476798584118227,1.3956231823405123,-0.848246797742696,0.015770903157229642,-0.5563552524840429,-0.4522143653529432,0.7211628771918167,-1.471876526518776,1.4039202801371502,-0.9315954917111346,1.7191576281296181,-0.19614396758968572
sample_889,-0.0645373116062764,0.1004353994288912,1.4917367083895186,-0.5583103757234896,0.7743629616102072,0.633012326301112,1.769126187044697,-1.1034440313127056,-0.5759974917810894,-0.02004236075383346,-0.43582809234937087,-2.518943530667661,1.3833485898531244,0.6366784442826441,0.7279967358255285,-1.0750787379071856,0.26580657144094044,-1.4323130808466158,0.7965504679594586,0.03528735042385227,-1.0813306274249541,0.3725300546061593,-1.1195345102643197,-1.3009888104838119,-0.6916118941940231,0.6782749725841238,-0.1836192912695506,0.4671207721377374,0.028605177275058517,1.220063159946655,-0.8990410085564126,-0.31109992313640905,0.5976567756268563,-0.4885465072449292,0.39165555667673657,-0.10646361772698364,-0.8943864309275773,-2.084072483999536,-2.121095233624114,0.08110021182876732,-1.0220374204022673,-0.017567694359521192,1.3753006910374554,0.7860046877051183,-0.4443060445203446,-1.2815760934995675,-1.0715447785054233,0.7992738273802327,-0.35059015630274665,-0.29723467561624084
sample_890,3.8128921442413843,-0.053350763080069794,-1.6205456897682355,-0.22757675244916376,0.007743262078232491,-0.11303764215472321,-0.845304505534306,0.5358593395916343,1.0781045748803666,-0.15447360176581781,-0.5584421407062368,-1.0598854542685057,-0.599310504549615,-1.1587435635354346,0.6797435789958348,0.6894950213402418,-1.541108498387379,0.15200947385798408,0.005380634469267937,0.25707060196241693,0.6185603052832626,-0.3104475621339611,1.6284331330172168,-1.0088817535575216,0.38328192697664415,-0.03198478073661361,1.5349448114458588,1.6915260114545487,-0.850840567420924,0.12418215797713697,0.3958078072492188,0.6417024816036754,1.3306618994443762,-0.4233600891784089,-1.4155965556933503,-0.3033005830696565,1.0024539127378853,-0.9956668877002123,-1.2547929555484099,0.6137716632677535,0.4875012328709438,-0.03973088254974533,0.06257677355174468,-3.0091123991587785,0.5447723548943415,-0.8732985097895405,0.750773230339066,0.09107521111772462,0.2541160121497663,-0.08952421968602682
sample_891,-0.920641275883052,-0.8021281839894867,-1.1579443567005643,0.1240076585313962,0.7649115299832304,-0.5155127190704424,1.0791355130246292,-1.0846262659697916,1.041352987602544,-0.6602354530618795,0.8788758229116456,-0.08009176270487955,-0.27530366707594256,1.061318706846329,-1.2327216974085082,0.46909839671582493,-0.19176591016069247,0.07091777638846768,-2.1466136508969713,2.1883837343865973,1.1687058731480153,-1.8589078284467133,1.734841224626936,1.3482176999784514,1.218882217601934,0.4305904425191811,1.13644296924437,0.35641558184535216,0.3672564983096037,0.4573567949206942,-0.010026256983516588,1.5514033048251088,-0.0011842979938542213,1.0762071505151378,0.7799703825352322,0.39227953292030765,0.11249066184515558,-0.6423643866184684,-0.6254515417856686,-1.21780573276261,1.3119615907518065,0.04228204236030868,-0.7901329692276018,0.937143557793128,0.9558740189278565,1.41549988470122,0.6016943260537988,-0.3488471025398497,-0.9781891267185582,-0.42527495441489216
sample_892,0.28611897527635843,-0.40692243517923443,0.40650841063263604,0.37052434809796436,0.5322350933469835,0.2797391291759006,-0.5773773777693575,0.4550848945272747,1.128288044373478,1.462784110543056,0.11035192529916125,-0.2582112721992688,-0.19125302286450444,-1.8121576113294733,-0.8883273820540913,-0.8734303341510783,-0.5287909234951339,-1.5617108225921674,-0.312042329412217,-1.2195543166815161,1.3993579135210679,-0.8547705987694214,-0.4110372682119258,1.8984622109250402,-0.5411478437245985,-1.6375205642202222,0.8522404008117426,0.6107981770846943,0.18994302066566152,1.0836219289712874,0.5788978957379531,-1.5742437964271152,0.9344607172325387,-0.4875505112570984,1.3041176613300218,-0.7360313386080432,-0.9730672145754582,0.9138375154995434,-2.060008939739486,-0.8140038300805276,-0.8582633566329061,-0.47778644662016234,-0.9911236043860148,0.193118531262973,-0.04776371126852009,-0.6694430335006261,-0.2695940458551544,-0.36426504813354543,-0.19225892264164676,1.0045979498939297
sample_893,1.3644932800615013,-0.28653802679023677,-0.8444739393039111,-0.6925952122561305,-1.2286646501867082,-0.22083943340442064,-0.4153686006741836,-2.072215027058184,2.1528125997474463,-0.9827108380357064,-0.6827329988519294,-0.17657293045919162,-2.224821728517852,-1.7182911883247796,1.4501321086406256,0.07194827320324378,1.6631214209104583,2.1926325704487604,1.8132083316127148,-0.6568222651283104,0.8629718883462413,0.1470288572866183,-1.4097891711618964,1.1257806870259401,-1.047407154640895,-0.5465419068054449,0.03969909836222242,-1.426235767782996,-0.24750228828875634,-0.2718106053798075,-0.17400425778157583,0.5522980002562954,-0.31297118743194247,1.175491217184272,0.6455063794272836,-0.5824611002525836,0.9674204973093583,-0.17819684396054475,0.9046560060801724,-1.1416952983184134,-0.11212104951525416,0.8804747393726832,0.2816915183118052,1.0529231012180675,-0.5741602757412777,0.1447501789199359,-0.5294578238630488,1.5885824696133208,-0.13883459211322358,-0.2967781675665288
sample_894,1.1072313887998586,0.7375466907130902,0.26931635944011295,-0.6198723130002757,1.1805891716190926,-0.8358791826088876,-1.5686507375250551,0.04348564027674498,-0.3744993325435372,-0.1007157449233046,-1.4455716773559522,0.6636317557644826,1.466717992804016,0.5133075888161298,-0.3679054001186955,0.22123073588606024,-0.7834247303797939,0.7480062600671685,0.5261690669763419,0.9905254045529093,0.04538156776807216,-0.13682081122716278,1.20271622462187,0.20232116119919535,0.12435120938020187,1.4605491463862372,-0.7115430310878723,-0.36273935757686804,0.8786119491946246,0.11003908879818332,0.44308644582295126,0.17812591131722963,-2.8408285039972223,0.7639797096211206,0.8626284729373036,1.2391100684147778,-0.3641508845880512,-1.2769017561665594,-1.1988987309191355,-0.6204900972514676,0.9902538487921507,1.9976757373251632,0.6633386593637947,1.0960211204744525,0.6873042301931889,-2.4610983099150374,-0.3692019326272193,-0.5553302519257127,-0.46332408455556034,0.46926824393702327
sample_895,0.507648714325955,-2.1349340283634506,-1.0068279600891916,0.579845103651836,0.579019204896614,-0.2518147067581905,-1.2243538124500022,-0.8262929282069,-0.16196111132871163,-0.3323177090520455,-0.5444216786477188,0.5232802687049006,2.5033465594765243,0.10903913845976944,1.2518328611097351,-0.45229480517893217,0.48273959451331666,0.9031880857095798,0.3662638391062311,0.19456937591810058,-1.3727359936038186,1.0154640349652126,-0.4096721407965662,1.05274605842002,0.3665455090933826,1.6547817495451176,-0.6871877181281847,0.7415329019976036,-0.48214404871618477,0.23542032449159947,-0.16896729106738867,1.2816853294506931,-0.1584618571512912,1.8574472233413082,1.7531564627513083,0.5024646956956149,-1.273120969922077,2.1667849388406717,0.8651794947524186,0.7380045425022981,-0.018245328990171884,-1.0596018409014476,1.939885336746656,-1.339021859280728,0.04007162126849986,-1.6186510368185123,0.1756284020221331,-1.9311297718303255,-0.4594443841473998,0.7273301729865631
sample_896,1.242351063772546,1.0773115799239537,0.31779190859017786,0.8856247798336568,-0.37160837654432394,-1.1836093464135,1.3558928131150279,-2.0420254979818138,-1.3649216273407523,-0.2932389609464124,0.12708884383592534,0.11988366669366102,-1.6290523017708685,0.5350756106294673,1.2693917442725111,-0.34625205698968026,0.8475293307597569,0.9723767151449663,0.44329036108415987,0.2860747925195903,-1.335799604833461,2.16408067560772,0.5757116591948599,-0.1835792736391238,0.616350565261776,0.35134963579318584,0.08005410323949526,-0.8629670162529786,-1.3886265158013293,-2.1042440815472525,0.2729702221917765,-0.07248016783537818,0.41352871077371073,0.7802665590855472,0.27308451722143684,-0.25913744386489584,1.9073545609857658,-0.3245129808252025,0.8936730986269497,-0.04667257787519413,-0.16797891695437597,0.45668030579742264,1.2016732749549084,-1.2437380642634555,-0.45740415647846167,2.1404198122266656,1.198917086614697,-1.4779836454644704,1.2064499717685455,-0.1505557892364595
sample_897,-2.4153631425820077,-0.049720504955079306,0.054390777105042296,-1.5709550227643012,-0.13096681519233977,-1.1976100240254426,1.8061505770633874,-0.44287753366649596,0.812307945967699,-1.6439319648861395,0.3117478775270653,-1.2543477710657378,1.4302108394359,1.3175005103957271,0.008580011976366757,0.41796305730928396,0.12703740073789482,-0.6320561830134845,1.9580177811209791,-0.4467558850661992,0.2536637372482447,0.48877275083599336,-1.7231728790868295,-0.026288290836508903,-0.02793455584614615,0.31001632477105856,0.6764945428317423,0.6129154495896058,-0.5745161775326812,0.6735160347576927,-1.9425411237536994,1.3616499718049802,-0.5797371077807825,0.6036791176268305,1.6098641957746762,0.11294952573974008,0.6722929936567137,-1.1776295210269179,-1.6991696890012449,1.203458106959812,1.4954041002707363,-0.46867760490389676,-0.12129266837423677,2.139615411725641,-0.24734205314735458,1.3234720758918397,0.6322719393515417,-0.9632603853569157,-0.7330801323034635,-1.7964999513166908
sample_898,0.6869018668515331,-0.6918127191258289,0.7086730763074117,0.23210594659446168,-0.7424596224883588,-1.4492760113371306,0.10156770292067609,0.33552464520998426,-0.37691361008380075,-1.0577969563076646,0.01566853250707127,-0.4926180376508638,0.198508334122878,0.9833022652320816,-0.672917542340048,-0.3382435606923774,-0.8246898143834968,0.6471634393404968,0.27475352758413013,1.6866326092728752,0.41452347968753156,-0.5588199978355517,0.021798732437885292,0.23162391259427254,0.759275486144456,1.2670255449304213,0.6390881431176982,-0.748920234236215,0.676929411697629,0.9338526304095577,-0.45916749263999784,0.37312286818652035,-0.7821617022479531,-0.8515854199866234,0.9255559485477525,-1.4002561794444583,-0.26476512286258475,-0.08927257115502148,-1.4405329851679682,0.7674473469609593,-0.02992221461257683,0.7610360242796355,0.7364897209366743,0.15644456935836995,2.300380533306496,-2.542316372103302,0.15920623044118334,-0.16361666692448423,2.6828940359464193,0.14820678961865205
sample_899,-0.8755782906373091,0.8196336481372253,-1.1276565779358763,-0.5978124253639255,-0.3642352206032566,-0.522517989749049,0.37780951416349345,-0.19317517909008516,-0.0869995561392295,-1.7971209204479155,0.3017704866108108,-0.2099179608370936,-0.8294353423038185,-1.4982294619597956,0.42349230391124526,-0.7619621632557749,-0.10258746280402162,-0.4769350323411528,-0.6429581386432995,-0.2922753862912297,-0.9467057305095314,-0.9377224418951136,-0.7319175164382734,1.1097191589565898,-0.7819501961529752,-0.5653183898063706,-0.9034406352678087,-0.2014176497261638,-0.18131555864323795,2.0764481300776114,-0.7680399160598228,1.4809207595490146,0.10341431162929468,-1.0112553885763182,-0.38725008548482653,-0.4852027565897766,0.6202452142749986,-0.9430655089552558,1.0256915695704762,1.025057974329265,0.9650173108480291,-0.7483059666241303,-1.9030356858100952,-0.017458955133247998,-0.10106602026906876,1.1362356744879378,0.7246010852140963,-0.05028090598519961,0.14891811468583635,1.4929023777978616
sample_900,-0.8405493093815393,1.0235443978851657,0.9877234545971277,-2.2854453790240212,0.9336770268053805,0.8436306905760522,-0.06616892544323896,0.5333851609242795,1.21153460942457,1.1307914000732049,-0.8822568144507985,1.1456534667923457,1.103443762461908,-0.5369233996473693,0.5368352062485782,-0.9197573222463772,0.5475336508814692,0.3834862579200195,0.9976358933034244,0.7029059441495324,0.2191245273345608,0.5962830693639829,0.6389297478432988,0.5152049404724206,0.14237457772498566,-0.25153612199761105,0.5059993662640311,-0.7923390678499871,0.7938553551598482,-0.7487449017343644,-0.4886072138788718,-0.24809633427950475,-0.8925811750365239,1.3453535052766408,0.1499251493783354,-0.07246736073354851,0.6870944436727505,-0.7491051937360865,1.5014777114847662,1.7306830535341176,0.39941062399987953,-0.34481317882197327,0.2087604158088667,0.031695625146620936,-0.8212051009635826,0.8908312367771588,-0.27555156118937957,-0.23172950340717846,0.34719772183434777,-1.0349030569428324
sample_901,-0.5254445690367662,2.0539551003998118,-1.0922425766943862,-1.0892905458464925,-0.13690280497344126,-0.6559650926370517,-0.6630109197000766,0.037821207191054175,0.22421068019467943,-0.18226031877799823,-0.24446370809429877,-1.7127464534983565,-0.29385010389970717,2.2544089791269912,-0.7463084376510354,-1.4022923105738099,-1.3559507143829872,-0.6951480607399674,0.43716405578002354,-0.1667624270328204,0.007406296260027094,0.15371859212790795,0.19308711674669632,-0.6133671468354468,-0.5069604902330977,-0.6518571801623454,-0.05564723011680882,0.04029106192936072,0.7042861661039699,-0.540547268275118,0.271796318526499,1.1228960936436216,-0.8862910011224934,-1.4287979893077956,-0.32690029091661466,-0.1528418026611087,-0.27279103119081693,0.8954261738539483,0.6111409736675393,0.2373204323331984,-0.21019525798894487,0.23347243705962295,1.05684400696258,-0.24646981957860092,0.8274003477599386,-0.22078033330169647,1.3321012144552744,-1.4608261656755501,-0.09603582142694424,-0.15678236581237331
sample_902,1.3458367636815654,-0.8830072923641294,0.09807028352818854,-0.6531501412582122,0.7228922429011513,0.6896959393185599,0.2064197751047843,1.102903862425346,-0.38941858903534543,-1.4636126365736237,-0.892891964140361,-1.5000530150740217,0.8550793001849881,-0.006049943155671064,-0.8486717322322576,1.6310670778669394,-0.2540117222667479,1.2368640194478402,-0.23531980540140016,-1.9097275076822762,-0.8880623183469926,-2.2057606926254567,-0.6618434862851228,-0.15887594502035046,1.1472990511175052,0.05123103486287121,-0.5337197270092554,-2.1061591826449586,0.17220813405579916,0.048592630658953244,0.10502181353641339,0.4037526596478719,0.036410371095093624,-0.34471780329174806,0.04655340022996534,0.6372084870061554,0.49895103866459595,0.7728396077674864,-0.19741391825254206,0.29576162039926085,-0.4542879577669274,0.7580982497971431,0.9177711349364379,1.4765541863792024,0.33325650382455424,-0.3874155181165851,-1.3159695608423803,-0.42812848232299683,-1.2512304507519012,-0.2157724902315334
sample_903,-1.044915908454465,1.2026948810560067,1.3609560065778394,-0.0962804321843098,-0.35283364484356416,0.7806808059743917,-2.1567832833813205,1.0167756032134838,1.641158091781336,-1.1942361411605737,0.35874365938374814,-0.8906778941666778,-1.2661468545305017,0.4047771741033343,-1.416297181683173,0.054443344548001454,1.0200513349435187,0.7676326735023911,0.5018035588023053,0.14639000034682698,-0.5880637299248627,-0.5129066318115817,1.5617909364425697,-0.45636316203911276,-0.635081127395968,-0.3979061545428371,-0.1254124408469073,-0.7542493880590279,-0.2588157409865143,1.8388393488399355,-0.5556425881827469,1.0257439378536939,-0.5687807499377794,-0.4089046754738013,-1.0428485504574563,0.6009993271925441,0.04343932226415534,-0.6987304017330903,-1.1846892298416065,0.22799717292822874,0.041977794086896385,0.30077274128627957,-0.3149542071381049,0.01598845059702355,-0.17723938616775486,-0.41018698911878665,-0.48230809061051444,-0.2935443380717308,2.100461659783994,-0.9812958294698932
sample_904,-1.0021365140055947,1.3913370395622076,0.09908871935426572,-0.8760007891782204,-0.13410315091016636,-0.2779277914760289,0.021737923772864275,-0.9344591897851815,-1.306927252966978,-0.10362582269013511,-0.04036763973782948,1.0095614942020161,-0.8299545981896778,-0.16149190289458606,-1.3579025950559631,1.055209969872299,0.8836927355549169,-0.3858985943457689,-2.581681759691987,-0.8346256539675345,-0.7458782308157168,-0.9999810018194358,0.974869064508042,0.9886306485526056,0.0767095381650946,-1.8036115478595858,-0.6006571908757495,0.2878554366830237,-0.46324558815284583,0.04328002583361367,-1.9359772100588095,1.444996155680616,0.6639558654162309,1.6586592172418217,-0.31293116614263616,0.8580061219552028,-1.1664590765798675,0.7289150721923524,0.2576603049796668,0.14157782993343482,-0.8861956303346674,1.0066621115096273,0.20173117662885542,0.4752247591044996,1.7599091377311782,0.4323941020856256,-0.8999417830642404,-0.6130746245261084,-0.004275348817632159,-1.6796522442234831
sample_905,-0.0636803460118529,-0.9650329929944285,1.059164440623673,-0.30070637705929115,0.25074920862054445,-0.7149262173278117,-2.46820441767731,1.122780258507723,1.2518528270570728,-0.40338195505529867,-0.7546554579154048,1.0161398429776145,0.37450037059619184,-0.4788314461867801,-0.11708545349593569,-0.9476879294152175,0.277263897560646,1.0805648474280372,0.7927532442951526,-0.009620812071197304,0.56822559476324,1.4487765665988133,-0.24234655019442478,-0.17452491802859504,0.7329568886680067,1.6668626962839814,-1.5882878889307934,-1.0376901668729903,-0.350886131399783,-1.1568406842600774,0.2907043564055613,0.2727096596522298,1.4321717764542232,1.0756149710387666,-1.4369326654246524,-0.7425535638496257,1.0435040763787808,0.867990442537387,-0.17896686205370652,0.31427991596273613,2.679747865584508,-0.8930276227742473,1.0611669496243517,0.9096729105229786,-0.3495233364699047,2.1897742861991705,1.2006753794616036,0.15449493444297868,-0.052006127192006014,-0.4986204486593324
sample_906,1.4632125921883725,-0.4951692625039879,-0.21745354030840786,0.23319452423898582,-1.799889253161197,1.1918186990278186,1.1360208741863504,-0.20691450136197637,-0.524898161975997,1.9399901184072652,1.178770513982855,0.8048553978702414,-0.9518179204543399,1.2507960826305649,0.5932858428062177,1.1910795123533213,0.06431702128711637,-0.06008773456100917,-1.1607784385436535,0.5754550497801115,0.6407010677585228,-0.3786541787881989,1.1257899654643422,1.2916895688868866,-0.33081817845835704,0.3909351432875857,0.5861378338718567,-1.7116045418218693,0.2412088131444093,0.586076997248874,1.6086279200132787,-2.0854409807219128,-0.8011584356277303,-0.8753759887658882,0.3799936015880622,-0.33322299967998187,0.8973652542226462,-0.3117857511269605,0.1729024551474035,-2.2624249441217392,0.19684845979325533,0.3307213434411048,-1.5410177318691842,0.41070737344210245,-0.8156294958768878,0.7741960102401408,0.31736869613686497,-1.0173220244487406,1.6493056523921272,1.7463677638290152
sample_907,-0.0286539268952816,-0.8834116253656205,-1.5554931090437238,1.6172688384997171,0.860667387276064,0.6268456261625548,-0.25530382895595743,1.1039758771420234,0.35274076281762234,-0.34233381695846393,1.2037605416126362,1.054976442454218,0.8994991395064914,-0.7170698728281723,-0.09812126835513912,-1.613141424045271,1.778761577090545,0.5762782208890482,-0.3625343428350264,0.6434841833671383,0.7744154182076467,-1.0000061463070031,-0.745051356797578,-0.6837916886199448,0.5692488731832658,-0.6325504819472547,-0.9881364599013095,0.02447655513036097,-0.8349420108952521,1.6529330482508562,0.634802952945998,1.7852743506449749,-1.7716958036427903,0.06400482461016964,1.0751076394412515,0.37445418411039183,1.2886015129748818,1.197674366398499,-2.326082893278071,0.17985216153364517,-1.0861219162984366,-0.21436812799956334,1.570823582263045,-1.185049143398414,-0.059087712539650096,-0.22521044025202328,0.36767461216331937,-0.7703023562338628,0.3753869517728557,-0.6677356488601895
sample_908,0.6368268639265574,-0.07398423048917321,-0.040422833122985516,-0.5217767057748274,0.17776202848323722,-1.0815012581249945,-1.588345700263905,-1.6546347647804724,-0.1493210860857049,1.2754131055542954,0.8241712073170674,0.48198780062918783,0.5334634344697233,0.2493404624879433,-0.22692984516740716,-1.3263883946085042,0.6534301711398262,-1.379460760692864,-1.0115007231672744,1.239580497017995,0.24991530443527774,-0.08599874176795196,-1.2348545168893312,0.7052983252760124,1.1567039783432658,2.3241642106060327,-0.05890567936711496,-1.3099114345496516,0.029331322166348896,2.4129909802165357,1.0433751540993652,1.134118857678177,0.015236627294507976,0.001620142973658053,-1.1426677749151093,0.17441045866306135,0.4191356464389462,-1.8918653402211325,-1.7956065111181114,-2.274308613975,-1.9018071698157961,-0.1304018105025231,-1.3373078211125944,0.3104377715679684,0.37936305869484027,0.40950823522163654,-0.7908309849056695,-0.7336083859955063,-0.3878938702793832,1.3652162180318936
sample_909,-0.5061233667437893,-0.28948656192386935,-0.7820996585452956,0.14890269933199504,0.2752478193861707,0.196646151030685,1.1397497841557933,-0.9463763601600415,-1.3176755659458135,-0.2313547234123107,0.39906814247987366,-0.1551445465999016,1.4237593081661069,-0.7462494888375353,0.7025351865634225,-0.13399966825392687,-0.6558662405344394,-0.21698884533406124,0.5640312841180689,-0.5671280652330215,0.6565461397477147,-1.805593374206454,-1.0677126581225518,-0.7527364633087836,-0.12142576816163944,-0.7205130951155821,-0.18914665537679443,1.4107193229557031,1.3416443464704673,-0.5615439068053946,-0.3312058084304441,-0.42180655392851896,-0.9833952826177378,-0.8962528247159609,-0.15609842716762784,-2.359686231175572,-0.5885607058831654,1.693932520520458,0.8402497199802343,-0.2336953121176529,-0.0667489874309329,1.23737631155019,0.091262219135187,-0.022546808044871677,0.5449502021927226,-0.37369299116095883,-0.02771378321402646,-1.113426646844321,-1.8135915874879087,0.6413209806457332
sample_910,-0.1878749689213397,-0.7275899756400562,-0.015461774589271777,0.018412500877020645,0.31341878294430353,0.9900479123017509,-0.015015824666844615,1.0535878291602796,-2.6138942410157986,-0.8144102813943508,-1.2918347210494958,0.7642867569463346,-1.5074058065617437,-0.021414058584589536,-0.32010635532532844,-0.9683547189727744,1.665481807003335,1.3131631234307302,0.3307859779834868,-0.7396869130212872,-0.02543074734389091,0.08598659340592303,-2.498115936609579,0.16778305334411345,-0.024592991275964635,0.1062120597366182,1.2718920299178953,0.06074618366420997,-0.14022124883894188,-0.7569683264473355,0.25612235854695903,0.6746568974964698,0.06986127555607674,-0.4513146275723022,0.855027460983294,-0.18240847159991389,0.023197433604689364,-1.2134180730732964,-0.7955515871335397,0.6273397411371221,0.04662739149199696,0.4803177119245882,-2.1949345193961527,1.2141385773068014,1.7097237717241207,-0.5492068343049868,1.2493047449435224,2.425042323736882,0.3629004463224038,-0.6461206239734822
sample_911,-0.5146392807896583,-0.7990493242411997,-1.0929468975621657,0.22475175514260634,-0.7020383747266328,-0.38432317351841055,2.0470748317718237,0.8737256934062011,-1.4420968793245752,0.3388497731097295,-1.1207671183251937,-0.47503045307208686,-0.9938001191078044,-1.138288482200895,-1.9402142172365184,0.45037474939144717,-0.0032726339813003423,1.3849900438715579,-1.719107326283131,0.8598181810456592,0.14923787045258252,-0.35568856255629694,0.1225269941561252,-0.645580865992589,1.9708982124491345,0.060967024199988396,-0.9042051164815573,1.2269098763565656,-1.7635070904102745,-1.537521548625333,0.662717648912567,0.2676693199622274,-1.2560195997610046,-0.9723427448617672,0.10770383609462575,0.6117922954448375,1.1954927944187281,1.2576592308870282,-0.4858793114196188,-1.1615854054395252,-1.0701343336098172,0.3086880943396007,0.9382549146959612,-0.6954518272900908,-2.1745007868903237,-0.7753814288434391,-0.15310741992396126,-0.030185895780876073,-1.3210064887901294,-0.30061437377254685
sample_912,-2.2211747246303615,0.11408487074378959,-0.303988245351429,1.7078352671141328,0.613502660327028,-1.2603952603455448,-2.029418117660692,1.6648925019734622,1.4230614423083716,0.6065008337337598,0.13797491909605591,-0.14871572819738343,-2.097008236799523,1.3422868378910415,0.8094109359931437,0.37421912655621936,-1.041407084614005,-0.5833387711382463,-0.8552017349061445,-0.6769046636620246,-1.0635115690259371,-1.9151615806801328,-1.5588376352754663,0.8369723699985481,0.149161115037487,0.6020646585502911,-3.0183511881616334,1.4544554604614353,0.10963305793539832,-0.24453149398832538,-0.5011959372181997,1.0531170911536205,-0.6836392717026687,0.08709059946630239,-0.3173077818956454,1.1344327992339152,0.23900929741737395,-1.0490325150631357,0.042028043328641136,-1.0557163864089683,-0.5213108196827376,-0.569214531214734,0.10636956398929515,-0.6156287361420609,0.665554226171807,1.1408723916995316,-0.9020151951145247,1.7689346538908401,0.7549446177126642,-1.2046121365077729
sample_913,-0.13248437208113212,-0.12428034285261223,-1.6630520505814606,2.061860994153754,0.7692479440182092,0.6845852485051401,-0.9826500512025408,-0.1104885125536056,-0.23612186702925914,1.3315855854295662,-0.4887524949713302,0.34674605960918736,1.2810487245714994,-1.3926616881946843,-0.5810028626025615,-0.21692015409207477,0.07425010646340173,-0.3658933675324196,-0.2769328696253254,-1.3311337510926529,-0.2073132893966742,1.5426635671275697,0.6079069876078492,1.0418796669044788,0.14343244664506913,-0.18507373404802038,1.2265606551706443,0.850812742989803,-1.1762798407922392,-1.6662573506761431,-0.0426156055213464,-0.24185317292073383,-1.0135711564176335,1.1656479946353437,0.8043543196724509,2.101900627940304,-0.14719097530101408,-0.38904156011005614,0.064692716956167,-0.03216818175000198,-0.5924671385668412,0.5780668858281366,0.33815632388128747,1.0627468631832997,-1.0362834701942127,-1.1141150993794786,1.3132198614357415,-1.652592866605549,2.3042378096349356,0.05358784925417515
sample_914,-0.09403546901155257,0.5270015779733743,0.23423305930739538,-0.07766253752624809,-1.6452946247334976,0.3121750361428559,0.4175522862790541,-0.14914134290862618,-1.495823190574083,-0.5310648273660585,-0.6140846111392886,1.2890000909046864,0.8066432729337236,0.9030781428305189,0.3497116490138885,-0.2619635896842804,-0.2787111228271132,-2.429847210470585,-0.20638333774227988,-1.1741687252646025,-0.41351742378395295,0.9814062956098635,0.003275169866394162,0.6560561753892955,-0.14201647035856418,1.654665105311072,-1.1094804337468345,-0.32003670919741706,-0.7793216688600008,-0.1274310730053291,0.7727267290328935,-1.0310034273299677,-0.3628109660646205,0.7607140700097412,0.8252473026974593,0.15116707216557446,0.8704942230682512,0.5390415312686562,-2.392136881181269,1.9425237559099413,0.3302127591338498,-2.000663239142625,1.0846207071686285,0.43109684000241005,-1.0418566352900571,0.09103484759940661,-2.2635835794510943,0.2709196982333748,-0.4546576616432575,0.14759754966891994
sample_915,0.3088900586685286,-0.02311826022257001,-0.25115431382766873,1.596545177777929,0.6098339483764098,-1.5114750017923926,-0.2841957546460575,-0.8361549179281698,0.9777970384444734,0.6871900792442369,1.0031559516252426,-0.44803775971983806,-1.4918408963894825,0.5896816429860086,0.41094276680828484,0.7435446489677281,0.11368580115207813,-0.04707010293411613,1.3470676516458597,-0.618567627216271,1.067789465562324,-2.4191095412673973,0.27717826833465004,-1.755550535950177,1.4710260272431348,-1.0723563530945375,-0.35645845214934657,0.8091118745676533,-0.5304312560707106,-0.5127600596574883,0.6490869147642129,-1.0673809104458387,2.1574481721567675,-1.338988888953559,2.2482026631418996,-0.006436927822408572,-0.8044178344218812,1.14732321994763,-0.05606143036062248,-0.7405736644863746,-0.6997241720472669,0.5208320411374127,-0.1270750030529217,0.11739609251009686,-0.3682976539631936,0.21231996253984886,-0.10239509054125898,-1.0304267407371581,-0.5675810875860668,0.18973487153855165
sample_916,1.8131843396942335,0.5182678532260521,2.226110817829067,-0.8725354342261906,1.1373879247036478,0.6051787692325872,2.884859632750127,-0.2471777433529024,0.16003382687801815,-1.4531619806903358,-1.2257234620692465,0.18317892559883853,0.35403675622523123,-2.312787048668625,-0.32271586855595474,0.8045757968198762,0.3692653282315477,0.9389650178301209,-0.03770186384739158,1.4150815204490594,0.1669149152783716,0.0811758867022944,-0.1537483143016872,-0.02218741676818904,0.9382795498888676,1.4125187661860554,0.5985767505193764,0.3003647927337468,0.1574142676018278,1.204661436512252,-0.3272553189324467,1.8403005749747123,-1.018214350746411,0.6756459601288214,0.6893709840590073,0.5160303368202216,1.056923208330375,-0.35132609618911254,0.3469222958676249,-1.8387214229177735,1.2988539763304559,0.360280239831092,0.015186235620813627,-0.4597654041832902,1.1246687588183906,0.18475541501642365,0.392075446304619,-0.11527399205024863,0.1065404115303113,0.9751284895625942
sample_917,-0.003536533220201697,-0.4843850040950935,0.7708281467261765,-0.41760987163355745,-0.2595608788229436,1.2960769733292525,-0.5794637138859073,-0.6441445554595118,-0.2546613762545266,2.6553759400182435,-1.1736403583003112,1.0799067886185592,-0.2863694035969592,-0.6461349140880781,-1.6417167451050596,-1.4592150129019905,0.0805202447095416,-0.5560253231754344,0.6289944679839905,-0.1306383860292027,0.05131567406445622,1.473211969739121,-1.851436439168921,0.03415480569477122,-0.3479750989343435,-0.22157165906877144,0.010817880362195123,0.22566188181242156,-1.5818904158151792,0.07889059408096297,-0.7436988321447601,-0.04613183445547998,1.228691835527802,-0.6386443294491355,0.5760756077420083,0.3064808317978009,-0.7652592458350617,-0.1074487489093552,-1.21841306988938,1.398695657758459,1.0481150472693694,0.8371261655612371,-0.4591323222340393,0.06885409616452787,-0.8919880483204121,1.6617427042421704,-1.568071545380408,-1.2204866133199967,-0.3222131298066836,-0.08281085834933377
sample_918,-0.6960248199129152,-0.32783861795568037,0.3917718019983461,0.07298246216709953,0.8614027675626976,0.21656313330931062,1.9499303743371157,0.08863054518885652,-1.6546687300075527,-0.7111880712553277,-1.003417582186004,1.3656510617404545,-0.185278238636268,-1.95557808147918,-0.8980859019148484,-0.2497268029878116,-0.7119788835914875,1.6972336234791359,0.039623839787212706,0.22688481692151696,-0.5367813531362738,1.8600615657370179,-1.4412279852926404,-0.9260306621087059,-0.9201996602739957,-0.35870677043060656,1.357265217084138,1.0124956638238063,-0.6412623675868401,-0.3947249840191509,-0.09033349739708263,-0.5815743533563654,-0.9246904413735411,-0.5192972070403772,-0.803053607975908,-0.5613238958868538,0.7965431590140611,0.3268883374984787,-0.11570707548199248,1.6334259689404032,-0.8506407666484628,-0.6231428668863336,-1.5077997813465758,1.9924158578672286,-0.8575174981611546,1.3220696067399558,2.5232208756569445,-0.9667345744922597,1.72069235488915,0.8144401136874121
sample_919,1.5111682710691654,-0.6261648487118207,-1.0630112135452476,0.7983506868046006,0.18207648801164308,1.2176543252051157,0.2460821274335977,0.15085138548679802,-0.3328103286789866,-1.6225085229334757,-0.7408590005994546,-2.2605933915513514,-0.8049333593576852,0.4374901723932808,0.7913557048324319,-0.7258852695718537,0.17219054471026807,1.071393806615026,-1.3915321734287585,-1.2791624267899533,1.7199344094854143,1.677343147427442,0.5924949364418046,-1.0135797079179583,0.04954344007934242,0.24729481205942785,-0.8046171127075714,1.5915876012967882,0.254074798001893,-1.2720116376818298,-0.08095300978455691,-0.3887392066445891,-0.9526426424955103,-0.22125805638080484,-2.2886813284903997,0.6707413298483461,-1.981352008438358,-0.2823400605172599,-1.2095587165820854,0.7818581033609505,-0.662032958366819,-0.21819392686613476,1.2335398352531162,-0.761729909313324,-0.741625691702398,-0.9777635811369899,-2.584848475348391,-0.15127307725556235,0.01262084550395777,0.6295349212694067
sample_920,-0.9567839663921097,-0.04221455470123514,0.3175829219163071,-1.3154679095169757,-0.4430200327224618,0.4672266578697436,0.03590428264688294,1.327398722578118,0.705871772846452,0.6053767277998132,-0.15147468134104172,-1.4856329507601198,0.8004093271889079,0.4418142627080442,0.18271026477572175,-1.3427685220659558,0.01397149875203535,0.28768056849563556,-1.214668504448843,-0.5727399638646667,0.9285515713579848,-0.7789857494926564,0.8848617952563422,-0.3763127255742409,0.8954926513802405,0.03427806155647471,1.7161993859059446,-0.23341399736261892,0.7273731102057643,-2.4240942785126927,0.24468200648363406,0.09330867762264171,-0.28728786236931503,-2.005624351265728,1.0340235124259018,-0.34448254293713215,-0.1814218900141605,0.71000042255168,-0.5938185728342263,-1.706708500585852,-0.3776279146103009,0.42469852322718643,0.8804605035570222,1.0968009198649804,1.558383835008015,1.3934207189546828,0.41958985157806544,-1.5538114486129353,-1.2900020474887663,0.6543857447096577
sample_921,-0.9500630016855505,0.756133274134861,-0.8588551753409587,-0.3684587533311916,-0.5640883811229677,-0.39304531245970803,-2.1395502114093046,0.5892001680043932,-1.1097704014716998,0.7765460108456743,-0.5697582282163346,0.2707647020995941,0.032601836920052134,0.19793642702361672,-0.30260815664021384,0.3316624289071766,-1.1258019094095582,1.52022773211621,1.2707198991191715,-0.7204193052333603,0.09106112435736657,-0.6007090545835556,-1.107224510091406,0.6195173230100818,0.5324412642350203,-1.8542521829029175,0.7513370820017156,-0.6987854891699853,-0.2968496583392702,-1.222427190588794,-0.11027948436402385,-0.5392726654616479,-1.0392034464404176,-0.8363007195275302,-0.8315184641128892,-0.6236176788219837,-0.9721913742911721,-2.701989192128005,-0.3340671800558807,-0.013709095657396305,0.7974219003383919,1.9811617678078095,-0.5157233101549984,-0.03189549068707112,0.5915637144297325,-0.9256931538482372,-1.087827788384303,0.6229659810281777,-0.2095645898346896,-1.2737258421275537
sample_922,-0.06298180311599186,0.9145853199655615,-0.3063722905589014,0.6768773824364429,-0.5384353858036243,0.4668971773876218,1.6620197500144667,0.14274272003029315,1.7359839707854012,0.7531570369798659,0.9922613367987425,1.1028696562306726,1.2097463641880917,-0.8088546845993843,-0.3732360721308882,-1.3221488344979746,-0.46609264198777095,-1.200130237878243,1.1611919334351541,-0.3647584925490807,-1.8026449438537346,0.23419166568798486,-0.7903700371195878,0.23883541973346484,-0.00046720928677878416,1.0320514218496029,2.262225322781534,1.0385075597780078,-0.023371543270314012,-0.354740226261801,0.2250550763256103,0.13158556568903831,0.906308526995957,-0.6636493985179094,0.40594009731190883,0.673127841385513,0.370267298488962,-1.305864567740574,-1.0834648685105575,0.4582962488235584,-1.1053450766295445,-1.161461443324918,0.15379773144640246,0.23005980038233745,-0.620826535222039,1.1667837010058473,-1.2549386849202098,-0.6257736378686409,-1.5804053167982735,-0.9186793690936291
sample_923,0.19410275530560162,-1.286582518997295,0.08749473558208104,1.3556810080299502,-0.21504945484152918,0.2910234453513959,-0.4634993105744525,-1.1492222918605084,-1.0410889255476927,-0.20901646624255482,-0.8571617244794787,-0.9662523577701153,-1.0376192921117182,-0.22923582441500612,0.0448529344939082,-0.5338033448392989,-0.20176855862748377,0.1420543555235861,-0.4664140798145244,0.3490467771043329,0.6636809718558555,-0.13186370201976017,0.41280365732887914,0.05622001944714532,3.2390052841131602,-0.15471142968714408,1.1636206499283095,-0.6320690972768608,-0.9515964306953367,1.5423565512241468,0.36885451054564106,-0.8178343435339634,-1.0242292681333147,-0.18660042714390188,1.3432301800704485,0.8313731057468849,0.1148461587735415,-1.1672254835724993,0.24086326405981925,-0.17646286854956297,1.1796891167003838,-1.9707063928581348,-0.3140542033164433,1.2660851586768058,-0.277103687660749,-0.04056970965091807,-0.37387893746748574,0.40491420168677383,0.6858025360208324,-0.9155563839998406
sample_924,0.5405810127677001,0.9161163619213003,0.2474083397494632,-1.5483359650196071,-1.4798887424380431,-0.07067266137177262,-2.4521701903742152,-0.5918240278142293,-1.6428820670302777,0.3219462921139033,0.2213215524849191,0.5005863078721057,-0.19546386909991156,-1.2528160788314135,0.3062626513421913,0.51079835152572,0.08485661227007305,1.1177025472667004,-0.5128337847769544,0.20886099689585813,-1.559048142019994,-0.4474832769359248,0.08831180816418724,1.1862643132551804,-0.5337700952722546,0.8979921443140422,0.2832507223282609,-1.9630006370438258,-2.35752414784881,0.2848594245492299,0.6632842887116261,-2.1509971987854537,1.0439679789899583,-1.2456669896648118,0.8551169743444168,1.928357120931164,-0.634929468595676,-1.5427710056909134,-0.2025391742361571,0.37591600353597127,-0.9476597758307602,-0.8670228432805032,-0.5623292473567455,1.8778098278647966,-0.3898652285148737,0.9336602055478197,0.4773255757352855,-0.33443581245754916,-1.5875926210787272,-0.6503990689734479
sample_925,-0.10496149455594093,0.4592331412411657,0.29147982648751547,0.8189298673164603,1.0123048812657924,-0.26273762611584295,-0.7639746788449764,-0.04408112884009994,0.7690466100108444,0.6469698413211152,-0.6242083902287305,-0.9614696930567458,1.4195209608005446,-0.5224347251608716,0.6253215030181108,1.6761658852830248,-0.4582466279723023,0.28170976924239644,0.47743061306556633,-0.80260101488835,0.16432455925245099,-0.20334163700006652,0.0027519203044824186,-0.7843441478964867,0.464839781878637,1.4158083509236508,-0.24372705949248472,-0.42790893548606157,1.6388549785999016,2.3844150523922965,-1.168262475404004,-0.9909900669416202,0.17106486581331504,1.850607525675903,-1.359061224385273,-0.5563059465779584,-1.4478280583813414,0.3856261779314033,-1.0425597674016067,0.7785147780521249,1.281024204764481,0.446358726231267,0.809636818611026,1.8850781293102625,-1.3294675305716677,-1.4313567126312712,-0.5686451955122387,1.0925530207448382,0.015960693833060566,-0.16892824954867205
sample_926,0.6528513471120044,0.05462922484970156,1.1873240917277064,-0.39105921410768135,-0.1497911558867878,0.3263383894130327,0.11397228989630272,1.4669742719832175,-0.38320806210967645,0.030704273452755115,-1.1245204082768274,0.4154526192820713,0.33229629813161726,2.0109133385074367,-0.15244408360980427,-0.1391082192988394,-0.35926767357644296,0.4777116653286978,0.44621969587894555,0.7557478568839826,-0.13400292712244116,1.3090432550836728,-0.022320788861252168,0.46095311252884663,-1.018800320925881,-2.422301008980277,-0.4585492186448579,1.1205365017324014,1.1038491767960406,-1.378658770296751,-0.5680650459384917,-0.3656362124646011,0.9587603755952792,-0.17267848771613614,-0.04999273570112003,-0.2698822874111554,0.8780941353736129,0.3515505821655442,0.40704291667537984,-0.7881991363860219,0.3625774027526164,-0.750235137690586,1.0710408910082294,-0.022480168269181124,-0.7055950917142704,-0.35794632349283667,-0.07883987085338796,-0.7373317034017438,-1.1692714058036566,0.9684942016501926
sample_927,-0.8129367579030906,0.39169087401399627,-0.08235947339995765,0.35034865570394175,0.25903259607863305,-0.54278906904212,0.8289916994299724,1.2431573715998854,0.2971007368047443,0.22131639003634063,-0.6946566364868639,0.1254070575767139,0.6853514122317673,-0.8534387172462148,-1.1956611555334524,-0.47630046408653753,0.434014293525125,-1.5002786492736828,1.1938233194053633,-1.066118603287787,0.28875707206641044,2.0688549314657947,-1.5914870085530701,-0.8409992157231392,-1.5389998987817235,-0.6798797024149285,-0.6288110361739135,0.59030127122127,-0.00826667480081509,0.2590199205055004,0.048035232881648494,-0.8815994089192611,0.027527577625762172,-0.28795669728351503,0.733734531808198,1.2999461863658746,0.4326180928579306,0.7185320915587439,-0.6127887822200933,1.0329292474332965,-1.003932715578659,-0.3835041076702459,0.32239302101866263,0.9791769662825497,-1.3023303634593089,0.6985126979205155,-0.14372283222763355,0.7360142174223059,0.292874532281869,-1.9781354921932433
sample_928,1.5176887872458502,-0.6779640296050531,0.5702762865991261,0.42839677007757443,0.6897318327964082,0.32624070940146643,1.9843512842780198,0.9429574225942599,-1.6686633722415385,0.2729735415529108,-2.0117145003009895,1.71203257542379,-0.3173811473512969,1.3948437179378554,-0.8976014159217632,0.7609096185767829,0.3667635424076857,0.7346581489518779,0.23558688053081867,-0.8610858005297299,-0.6766350947667951,0.4039326637689906,-2.561583526306985,-1.0562436733305756,1.540946940163443,0.3882001973632628,-0.7110943309818655,1.068464189579535,-0.38676491187068684,1.0183215039702358,-0.15909288074101893,-0.3808824092552838,2.105304723485103,-2.038597345587324,-1.6787332730287765,-0.2521341234230107,0.2033022606466343,0.15736615115609917,-0.9552672024497875,-0.7036956326223104,-0.22271941379316254,0.7652088343580254,0.7395374403480204,-0.07876804861556636,0.5242535044845978,0.7253260382528527,0.9040215497826001,-1.0403342037478596,-0.8585257553635987,-0.6560758376810202
sample_929,-0.04782916364036963,1.1541634976225976,0.855147008561624,1.2114720057820603,0.5036267217036017,0.7502551361804746,0.8750910818357253,-1.0120580118114313,0.3476535019674136,-0.20242067116301518,1.7478445341514552,0.9688593791717169,0.38722332792113645,1.5890298934777636,0.8033528091812446,0.7597697582863233,0.20909985611878906,-0.7111869388243178,0.7225913024915589,0.47604069302548085,-0.10155410490349001,-1.0390690974317442,2.555085062835167,0.546219403923832,-1.3219089812380953,0.7171685902075844,0.5618258558343409,1.5382152666622544,0.09093252928567938,-0.13652069409104978,1.6829863189325336,0.6294114439035707,0.08817995671935254,1.1628658598206152,-0.8116242016242283,0.09365384855329176,0.714126344229259,0.762400951414805,-0.29535895645804694,-0.35838982930691027,-2.298865503293384,1.256925652283627,-0.17794992898049342,0.5972527215187992,-1.0551502299205011,-0.5670988089276412,1.303907271754427,0.6483499087805389,-0.996649331209826,0.8336105569964868
sample_930,-1.6024290047727259,-2.267788111671131,-0.02008269050831366,-0.13266692625995208,-0.8274513297943379,-1.4816544036227401,-0.8818157373952957,-0.35711318078884396,-0.26021836291223066,0.05902559139262119,1.3439700308717615,0.8117074951333555,0.01527744530951224,-0.8541292237130875,-0.7058275989937461,-0.8715404649975412,0.28378506184317154,0.6804848774962098,-2.033411563241945,-1.1389014642329187,0.17568479456523603,0.43022385851307854,-0.4548128838629725,0.2210184257319839,-1.2760042318610063,0.20059226055690854,-0.6917885731773878,0.73002931105178,-0.07365359261729498,-0.010098237438163245,-1.5149969400617853,0.9257329281134976,-0.041554044828090615,-0.20125677905623598,0.10014987821806179,-0.49471516814045735,0.1733520827646039,1.257125944928747,-0.5248157388712688,-0.4598226010081469,-0.07762687270282193,0.04725332377488086,-0.5771795335009715,0.531675096908774,-1.0000968675252884,0.9927490972781674,0.09245999687988478,-0.8581954322643585,2.5354792445788523,-0.45934453752899845
sample_931,-0.26190737148760135,-1.3294081891295082,-0.820732467052769,-0.8128547243734128,0.3966719863064684,0.7495813865761501,-0.33229095041564993,-0.02120977019699312,0.22709729424956415,0.6675766198553525,-1.2133252585512482,-0.24717992927714405,-0.5101580666929436,-0.8789584206723046,1.577609030817839,-0.17117664195253007,-0.9167011697777543,-1.316317527977937,-1.9949002838032432,-0.524677289709654,1.845013931899449,-1.2754696695529788,-0.9915230698753816,-0.30814428423619084,0.3234973692949351,0.3607773118351815,-0.6793000309780725,1.3328470338814231,-0.01570621277652629,-1.4788972083343643,0.06227945154935016,-0.6895113109785315,-0.8736790052219897,-1.216212708649081,1.0717603241345084,-2.191834336084609,0.120825964216254,0.39100819677226367,0.08624616251731825,0.021240963376124168,-1.7339159403001794,-0.11530002606156746,0.28702888586804637,1.7153313849164356,-1.0441068104425932,-1.027567526976914,-0.3403470228547058,2.129599294067346,0.13597057542801408,-0.5127321799305579
sample_932,-0.9593246550525902,-0.5282954748792981,0.23785533606268564,-0.8395364010905689,0.6294282764126414,-0.4603043727775223,0.003916728043542263,-0.5967202134797783,-0.6927915283986787,0.2511537119035921,1.3586767875659815,-0.5751074902875652,0.8905945706744937,-0.017626304762891967,-1.2747791796322367,1.66494011078225,0.6766505979761823,-0.22655452830454625,-0.10598588720325504,-1.0348988970353443,-1.3857610885096634,-1.999391068725762,-0.8933633311707966,1.2618408870560807,0.2814810475281575,1.1590319919802319,-0.8664156591380997,0.05878197859948839,-0.5488059312877829,0.9051133097313594,-0.8115890307798623,-0.05550657135475901,-0.3755388239507657,-1.206308042783634,-0.918759369968743,0.0898064176136792,-0.690611590491012,0.012315563174381601,1.3135813116101742,2.4122352954941872,-0.9785381256294856,-1.250417582990864,1.456411836337186,-1.5680719427778684,-1.144548788393255,0.9581104903303292,0.023442394414224667,0.9444773187164487,0.5242784480205378,-0.02486460396887915
sample_933,-0.2673462198246941,-1.9246723062263602,-0.09869952878660466,1.5445587366859277,-0.8425227007163083,0.10640390890713186,0.868719971351463,-0.8816330283999686,1.4116534696226066,0.07628689342684901,-2.7258638983730012,1.2517155766802286,-0.7284679458349699,0.48257154408726954,-0.9165315868015919,0.8887716914444481,0.5035309540059885,-0.3864916233983229,-1.7800576219181121,0.19895384248733275,-0.006470381780258162,-0.6455403402260341,-0.5019323009950882,-0.8357830991463314,0.7258743197055935,0.6886157141241068,1.1683157084693838,2.135107597293655,1.1007895587079153,-0.6000666823853552,0.7112393897212217,1.1092548984339228,0.6761762025584939,1.5842400007766906,-1.2148035902259686,0.44439928272930973,1.2510967766333,-0.17109644785325348,0.16602630534750096,-0.6743153379365621,1.450844188364235,-0.08188505249684644,-0.7725601306692966,1.2420177180408043,-0.7903646102666869,2.2046668744729354,-0.3083648607122028,0.3954480629377534,0.29821413578569633,-1.1242651674211466
sample_934,-0.9336514894243203,-2.271111188796058,1.5868638454466588,-0.6723889236795578,-1.9190680228473391,0.4606750415232555,-0.6447607649245845,-1.644626954592192,0.6433466632338904,-0.010914755130978877,-0.910263012148686,-1.8557935523075808,0.059041091786650256,-0.07897767521935484,-0.3004283567606549,1.0307032799597955,-0.3281165184231122,0.004291457527281228,0.32485797922994136,0.47624246146975147,-1.1227251692465192,0.2577904188435998,-0.15692197845412562,0.501317120730444,0.13797088737189625,0.12987740231329126,0.17994396068243607,-0.49918307870159145,-0.6946925243442551,-0.6376551114926235,-0.604767614051664,-1.3050908436393656,-0.7232251237657976,0.6856948108550931,-0.5247612948041966,0.3146439639120191,-0.9843368177291055,-0.032222168340862126,-2.1839900540067005,-0.6769822550503007,-0.09711160276947622,-2.688034524040176,0.6025688624265976,0.24144895605274797,-0.7125680015969142,0.18178350343739144,0.2997095719680353,0.9839746992141221,-1.3057904124469335,-0.7364003142954147
sample_935,0.5267940088215841,-0.12810206068444113,-0.28604136416214726,-1.4122166535323843,-0.5611210756271044,-0.28815668185932175,-0.43613863058676344,0.06968996010315089,-0.33626420773930127,0.4973401388055544,0.19493574174824202,1.3588375685449838,0.004712234027214289,-0.09513122151449295,1.4088290247256696,-1.062883868502965,-0.6866076211726627,1.0741948493637672,0.8873790807957657,2.000103332591947,-0.7358370952720932,0.9252005956476995,0.07233618608307574,-0.23188260459758578,1.304118422091864,2.348254857786665,0.6703368058679492,-0.4153556405993548,1.5718586374527275,-0.3676513914592776,-0.4806100482055162,0.1656602817213634,-0.8210847831888956,-0.7904540728493028,-0.4754616798476278,0.2221912352010387,1.9518524090920295,1.7830252742570232,-1.375867530374949,-0.9505058966175812,-0.11498786292385894,1.241338343174274,1.904577460258349,0.32778610970920025,-1.5583238231173215,-0.49108395773236757,-0.8171630104016141,-1.7202191394160835,-1.9646363383146934,0.028990320195981287
sample_936,0.39562091429323637,0.4574164647060577,0.40878137166984346,1.3568302938806172,-0.1495987708644265,-1.7585362003769163,-0.651580719405462,0.570025874632484,1.1175866991139485,0.0852325207683777,-0.9366229723595944,-0.8298771037938003,0.6905168001834046,1.5017436799597819,-1.9157599826974503,1.3875321927090216,0.33698907884881313,0.7929613957632025,-0.7778981444618912,-0.1633066762935786,2.3160054879145853,1.6426060028832872,1.15948164179488,1.4908386330951207,-1.4739916581277126,-0.8575288038137227,0.03170429675824194,0.37176165036718,0.2934469098023395,-0.06425144189585602,-0.9335694236370167,0.8202422339676977,-0.1596508138656944,-1.8980466796798812,-1.97039163179374,-0.3727093530218081,0.3494112969693599,0.001723174568766737,-0.9900753804639242,-0.9872209773241356,-0.08423340392740725,-0.25165962365805655,0.12035000903949533,0.7707462272087628,-2.5040554869054543,0.3847177456982571,1.532407013121192,0.7818579329109994,-0.6895855444792289,0.7194204039591785
sample_937,-0.032432800541908786,0.6150982752173896,-0.08165613923404028,-0.8005873532329918,-0.8640667665839851,1.2821164611733185,0.4409439648196655,-0.31222021767235464,-0.632605042758299,-0.4519635797195133,-1.0151453287849537,2.23380323239506,0.47002281019935743,0.21740513871768102,-1.3468905048003446,-0.7302587928267783,-0.1183422061006276,1.8226295040195395,0.2079676932040664,0.2018943827821812,0.8395122806122679,-0.7834817679934636,0.48944456221779703,-0.9864166686170266,0.13843829621945625,1.0701103424455995,-2.2564952351948633,1.3488184909576852,-0.7762761186587851,-0.264338112909958,-0.8494140322999171,0.047034170981846514,0.6907151268351768,-0.8190790461135757,-0.6387049932502917,-0.7808034037551935,-0.22120166611890701,-1.1794962315240376,-0.24764238629580623,-0.7183464387616717,-2.1081986008802356,-1.372882657648414,-0.7068281970726004,-0.07724780517262365,0.07905343340216976,-0.4001180406700695,-0.19241170602774874,0.05196113442592272,-0.5673010386462527,-1.2288834950364218
sample_938,0.5262168752756211,-1.4914892759139928,-0.4430663317619094,1.136560037313766,-0.4431629305486799,-0.6313159901906779,0.37223130613756195,0.7147009919271499,1.1519897833896082,-0.317137346913966,-0.2565457046996457,-1.0230660483606082,0.22929829544843675,0.6335825757681169,-0.8336083785294401,0.4037651659313195,-0.7818897198287843,-0.503587989035359,-0.3195929152757213,0.6839917557001687,0.14638867920577187,0.7480633518374564,1.2683715170086305,-0.622947783359011,-0.8243837637225523,-0.7102083236932335,0.21199847557869644,0.9415459154886227,-0.3814372616516325,0.16481896587125236,1.1416562171348728,0.3205687069789514,0.1434202789536937,-0.10229146145818409,1.0812871691092147,0.8646003455391514,1.2100549123511841,-0.4088142321466371,-1.828986750364682,-1.6744718476645686,0.9450533988277365,-0.2655047708335031,0.5342867438694494,-0.8042763005020911,0.05765758092941629,1.6323911915814864,-0.6525181505020397,-0.37761203821217365,-1.5400122293254737,-1.1352794515810334
sample_939,-0.633043926111228,-0.9384120687335131,0.10121678554939754,-1.0423186413853882,0.446512979892817,0.829622564967147,0.025768695443729964,0.09415587384962516,0.5273216557955279,0.9012891301932454,-0.4192133191834778,0.7410055509117359,-0.19875198594287177,-1.3344251140121601,-0.4309743956491951,-0.5385843227881653,-0.2418873222636468,2.2542146285948266,2.1351300276675156,0.9774908255104247,-0.32750817269904836,0.32836828825930325,2.9002539644243917,-0.27974538524711995,-1.6165586034381538,-1.1036576673792167,0.8737078088180454,1.480519360386798,-0.07844498066096171,-0.14688865254325637,1.2610789507553999,1.1918206871983068,-0.19015951277432924,-0.8038299171034372,0.8919883569249782,0.856065854852662,-0.11293471547686006,0.11745437577163977,-1.0700511519457891,-0.223696744262953,1.08689447830659,1.2610754489486753,0.3148803425383846,1.1257147543101145,-0.43858095691556515,1.523822402862716,-0.21146454592550976,-0.908247852142596,-0.7779883296997301,1.3403079577206023
sample_940,0.8961102089101173,0.5871133044199255,-1.357136244758213,0.21576656795120797,0.6245785053601826,-1.3114847612340337,0.5805628993362293,-0.33462757152685185,-0.35727181134521413,-0.938894129520026,0.6502838484569726,-0.8890380579401631,-0.18617578374778118,-1.7153768342203626,0.8761036042570908,0.1753207386708175,1.6165177292130533,-0.4630196735888527,-0.2713385069873574,1.7053819710346059,-2.2653161979837404,0.0001927824022831661,0.3291589533966681,-0.4576881125284448,-0.43921299608789016,-0.861610939824044,-1.9346083412372828,1.6058728335289534,0.5822431498946564,-0.2761278271501707,-1.1504739188180209,0.14506831102485948,-0.9542476074623425,0.1522125558414467,-0.9862288788199278,-1.1347392648082442,-0.00346317702018877,-0.5881694112571775,0.3184325100663679,-0.9038047703571195,1.125315468823653,-1.736577718963254,-0.8888246177079128,0.13368476864942555,-0.5124142982139707,0.09924267749412459,0.5260464777603734,0.6341640396212401,-1.0141619128453399,-0.09443977995397779
sample_941,-1.428888772535804,0.18283649899366206,-2.237143717524681,0.7280123112353185,-0.9372658318347149,0.8106841810193851,0.6831067676653735,1.1625346258745535,-0.1824559738547974,-0.22842837932044932,0.08913263226246916,0.07637220451596954,0.8484901530702097,0.7566669768665647,0.6927351886135439,0.6625323931825858,0.26332855623944984,2.104690849278621,-1.4723824964215768,-1.0768810908640059,-0.7896306286301403,0.19638872073798788,-0.17798011717542675,-0.13123563452793308,-1.0801956346954775,1.8661809870765957,-0.9525526018887577,0.45694186133555353,0.9674991862545961,-1.1016967290159074,0.9702977049352683,2.577885799678841,0.10541446111825123,1.5003314103118517,0.3951501857052422,0.06768442262665923,-0.6377368480861065,-1.6120770944514486,-0.4114806161961525,0.6177857653614062,-1.101089512213359,1.2130737221310655,-1.9747223292922922,-1.0547048909354912,-0.6842285113504755,-0.035745090490708106,0.5813200374453488,1.110203899332466,0.07636216474130735,0.4322215349794116
sample_942,-0.7336428846530596,0.05258881012230537,-0.107177455221215,0.7127732590771403,1.6234408446400184,0.7799297683064913,1.043306892608411,-1.4772273009110282,2.1058024748043804,0.1926156000975887,-0.8057326905997426,1.743102260786676,-0.5722965854423698,1.290056528359001,1.0267661543803017,0.3376651957851442,-1.236177130248014,0.17510264027921862,-0.09130108225284382,1.067569772825986,1.233897941619733,-1.6118695319041159,-0.17632326884139912,-0.5691605479562337,-0.808435754259277,1.2154090967873443,2.213634292716209,-0.6151339092583339,-2.035543622218099,-0.35573592086071726,-0.11712339380825071,-1.771293641586923,-2.4370858863081275,0.10462908215895383,-0.7940149590152283,-0.9648345256567856,0.7104048389358082,-0.22604005270985206,-1.6219675433105534,0.8844578531517826,0.7499949415040468,0.307902910124591,-0.18948299947122663,0.5238610189624441,1.06066702883079,-1.096442390998397,-0.968537198274051,0.5578464159434492,0.11411893081673412,-0.7213736949907583
sample_943,-0.6217653867897276,1.3362447611133672,2.068974729624577,0.0726709866259595,0.21213514140237152,0.3504611462568592,0.0918853125996156,-1.4897706189973752,0.49779693813116116,0.2765443057433206,-2.215985006638385,-0.8498633452971991,-1.6166775802060736,0.07152246658172232,0.10590410494457309,1.5269686085544125,0.6334071458387337,0.9140905581673979,-0.4629683738438054,-0.849794136622914,1.2051314119686471,0.13670910295245267,-1.1293766210405174,-0.118978671787048,-1.783123136048384,1.805023516326133,1.0061035626492079,0.5138789230591335,-1.2622876018251838,0.13434142486855843,0.020725937953561587,-1.3207242688804064,-0.7861690076618799,0.34723963199322394,0.24367921783349378,-1.7347877518609756,0.2088079704424869,-0.5909406511251168,-1.208448216325531,0.5442523578734766,0.08254238101138178,0.11036678926741578,0.07711165202739073,0.06710952786779718,0.14218024897515075,-1.0943801482950382,2.290953869399047,2.07373517959785,0.14009990877692652,1.598601511904588
sample_944,0.3653411419718664,-1.7227301851954173,0.7330559608388689,1.097915600350743,-0.806118891129315,1.5899410808065015,0.47963847483360333,0.064914195246222,1.2242463832442239,-0.8949603629758432,0.9157477183136095,-0.6341300545977888,-1.5149763984944364,-1.8239119150253795,1.5514535367288047,1.4217956721614202,0.46800505649784185,-0.4723697997059714,1.7780066282468001,0.5430687799166088,-0.9405288785482763,-0.11158180450529383,0.11124542617411869,1.5878448157843217,-0.10830620120503763,-1.1429861445687333,0.4646905661537801,-0.28990427051760886,-0.3500307941821042,-0.672878358747357,-1.128843553945594,-0.8707697204501336,1.5564100370479235,-1.4274288407400004,1.0655062149934103,0.5146953279754501,1.0575581418488342,-1.2988967296463085,0.11585446652863145,0.020498787585349548,-1.2472611819064143,0.8190914129136526,-1.0103227614423107,0.7701793649064752,0.161547248329328,0.07314316998265337,-0.9143758101865763,-0.0073340667571929865,1.3698361920804203,-0.3247456119445761
sample_945,-0.3742883357053759,-0.4418062890259532,-0.1485946297626463,-0.06976224411589994,-0.7436809734006655,-0.7959415709415456,1.1357225510124644,0.024377374726133057,-0.10900439926920576,-0.48801348113626053,-0.04192080663978681,0.5348329629587008,0.9059214042458283,-0.21134138266233662,1.413491533804686,-1.5090060356816837,-0.5065838025813948,-0.4575141931885319,0.24381316208287648,0.3913972219218693,0.4709112175041331,-0.35408871544617787,-0.7471534503563518,2.1964529057296924,-0.034610674156058945,0.7472037403691977,0.915599441250839,-1.3507152292193456,0.4741933239171889,-0.6354739972718231,-0.7986476465805417,0.6767838606660496,0.7690602740501753,0.5776353477095761,0.816977737793698,-0.1720689785511749,-0.18725086906620098,-1.4746070669704763,-1.8264396146014024,-1.7058214895093755,0.5439646238391721,-0.8600544134575655,-1.6076369021016323,-1.8162202372470035,1.4671950979615096,0.009606606142629957,-2.2706181736430744,-0.9864178520919396,0.6345148513075803,0.22166581821831363
sample_946,-1.4495604849577959,-1.1465325408079667,-0.4728550786279399,0.2688567606251395,-0.6854679598977554,0.257529298136291,1.0210029015356057,-1.0965440353172369,-0.904976237901421,-0.7812661650635088,-1.5272929349621691,1.3078350673002161,-1.1390494571415701,-2.89676582976707,-0.5922629084977882,-0.226337547657243,0.7647792063413561,-0.545042920775103,0.4694257281674753,-1.313559519695099,-0.6363181272435149,0.1544463349942303,-1.0696399896799782,0.5270755834906344,-0.5670701809597537,-0.026622383735871204,2.0924957913773055,0.9952746891863471,-0.8031490942147823,1.216063650758786,0.17470233798128934,3.224827914262318,0.6503502436789439,-0.9645427081166674,0.855151604403959,0.3502717565241854,2.930193223515783,0.6640692275674739,2.234710969071549,-1.3757916217189876,0.28591815737523285,-0.9974598569463403,-1.495647537581805,1.1607377269420822,-0.004446158372004429,-1.4432355175020506,-0.1655172370507741,0.9542206024493081,-0.6664972252778535,-0.29804066117505
sample_947,0.7351392623856607,0.11749866904479538,0.2821795201419809,0.26748070213181596,0.4347753405243304,2.447687423308901,-0.4854301872902582,-0.1379600343698441,0.9411954751035995,0.8541127788119409,-0.4889999089357692,0.621562316514825,-0.7725608060465875,2.20017573335686,0.9702689276732345,-0.059828035708403476,2.473836284557484,0.0405793955518115,1.283278865619349,0.8069285430404474,1.2182581397635819,0.2059138528426156,0.6458917897073231,-0.49958255849960176,0.7341320479335728,-1.7205167497377323,-0.5199880621881858,-0.17451450239263389,0.6758871091391809,0.6170009338142436,-0.23069461391295265,0.7353275664330079,1.4690569226302874,2.2640867478259885,-0.8639774964082361,-0.031193881408203002,-0.06648036869809727,-0.6534968045953499,-0.9415404162044662,1.6059333536768363,1.060223769081638,-0.7448878207317554,0.2714940791391976,-0.6999357677437256,-0.770864781067793,0.44484864822434084,0.5719926984657889,-0.8608500905587553,-1.1077187335937564,1.5157822944744197
sample_948,-0.2128745278793552,-1.6473770257226348,0.7860887495685619,0.3656471195250907,0.9358098329471676,-0.7509910365019288,0.3444310580035711,-0.31156087751506856,-0.6874556568691186,-0.1539176257737981,0.693222650047144,-0.06688145709262176,-0.9546334727172736,1.3640992065056454,0.6695890078848261,0.4697175813294265,1.8371576105962732,1.220711746132209,0.7594343881501628,0.772237739025532,-3.536514279879022,0.7098497284234635,-0.7205060521836127,0.35211261783794634,-0.7535105407734081,-0.8117841997449153,0.10149149219049042,1.606935186761492,-0.6271447405264035,-1.2071383425850004,1.2491878930656857,0.8785083423993039,-1.9410680864334764,0.21662341468439164,-0.9789856700697137,0.618532852371355,0.9704088387019976,0.6328911848458671,0.9606185067538332,-0.4624933405046722,-0.3305567031034894,-2.43663024099012,-0.9509684182045279,-0.9599061756354266,0.6381996054925015,-0.30841676062588375,0.2131867281998441,-0.0753732066788645,0.8120292620593426,-0.9163593554569877
sample_949,-1.3151243447923358,0.013352937650202632,-0.1659951457441403,0.4825249221175802,0.76875076773483,-0.2276709297868657,0.13114828766299486,2.4807207727020577,1.1265676681467602,-1.6860037120017612,-0.9667863703028577,0.5554346686810597,0.06804163201906407,0.8698388817889012,0.5515419142259307,0.5238093440880938,0.9054208921400955,0.49632286769849143,-1.2581952194107386,-1.2539467616366082,1.0668712007485264,0.5389280890582666,0.0174100398139071,0.3760830361771424,1.2882645379358075,0.033443680749044066,-0.393083534949037,1.2679452815691625,0.21783866539276975,-1.3549568329371542,-2.5674365351191537,-0.2021789861430602,-0.11331531215009416,1.1825431245197466,-0.46025202825124045,1.2350889962782796,-0.0350029036871443,0.24585083026299495,0.009963102363730793,1.2093519642223534,0.3124833341760286,0.537829278430603,-0.6965020421810022,0.10180687453485969,0.3287396615496503,0.7752861105527229,-0.5393106785788573,-1.257081118458709,-2.088607685996719,-1.4893904433301626
sample_950,-1.7881368222843832,1.5190024492558367,0.7595706101517771,0.03439736955898865,-0.597754935829201,-0.6151796380470292,-0.5592719300598514,-0.8059253371815643,-1.0857617385850111,-0.6658962479495073,-1.3572087249509968,1.4444750293883315,0.3559466198137356,-0.5339317161261563,-0.08317916541152692,-0.8738275147469686,1.129621633889001,2.315177114808559,0.7607868863632854,-0.057566582672445285,0.5083247497224206,-0.17599138599737174,0.7931140993622444,-1.204183480811228,1.1680170613651053,-0.5933841807759055,-0.2243706721659867,0.5348845678905166,-0.08059616474741166,0.06262918569501358,0.5516387076525435,-0.30932249634331493,0.45338991383129446,0.1905087347436133,-1.050752268152723,-0.6249140519345553,-3.1080981453884724,-0.18264386011816064,1.1925919073354636,-0.23564702580769792,1.695702967892958,-1.4658166385624845,0.5685054967391466,-0.09808923966129177,0.663062147383797,-1.4503485547247612,-0.8824968605216834,0.6381715222790343,1.2447901953657934,0.47661622213119365
sample_951,-0.49743843780715086,0.9324805789191462,0.3522768775967654,-1.5229250398060048,0.2572952206820024,1.2836581549696071,1.227868870099277,1.841040941952719,1.2525452338617842,0.02669594155306512,-0.3688255988825544,-0.27885231031557656,0.3752226446259611,0.12379867834111924,-1.6960175460787874,-0.7767132849855533,1.799182718017234,0.6689431576431979,-0.024527877549587403,0.7050802759395975,0.5119235277553383,-1.4150955989381973,1.5336132968880083,0.5677588392096454,-0.4431567786668297,0.8292047827466037,0.27552084953716993,-0.30217016386916556,1.0951577498884812,0.5244496014125722,-2.292863543208076,-0.227883135966104,-0.567777042581118,-1.6065938695111146,-0.7482190947338577,-1.3516983170503543,1.2955101329578147,-0.6779022040963026,0.02430354542260523,-0.7251253834542425,1.453167893183,1.786766909572718,1.0111037206062983,-0.3751339235789081,-0.18141199753111015,-0.943752881250717,0.9778550921282045,0.5895976177181146,0.25902986752172613,-1.1442076715634346
sample_952,-1.4670274793265574,-0.025157725823981607,1.3893502003950124,-0.7645282196333383,1.8551178730388658,-0.3427984558635468,-0.8795947698814606,-1.4208342967875105,0.32711094654672984,-1.1076928683020992,1.3553340217532135,1.8068098881251804,-1.3394413414799804,-0.5820843992230329,-0.24646909079017415,-0.28427057951117984,1.009504471016556,0.21420448313100338,-0.21676707027867226,0.2795801540326418,-1.9220836272335922,0.11488524142355659,-1.1691516236123622,-1.271502472155397,1.312739576998327,0.3056418883494986,-1.0003625904940308,0.19279253814840122,0.628722346492157,0.3914829140776292,-0.016579567160077847,0.9162858591256997,0.9625275924367466,0.4697924528512027,-1.008045797989748,-0.5249139873363646,0.5982194171892843,1.186070420363445,-0.7540463957729117,0.4409338421962792,-0.3312746272149244,3.6148112684847127,0.8150640310181381,0.43225751606706503,1.4822253792744762,0.36202598266758673,0.3111361720097678,-0.22345401120405559,1.5004054708928698,-0.4824955158162989
sample_953,1.0980948023764314,1.1658756396561099,-0.4521773235689169,1.560905372156727,-0.10516131040151741,-1.1088035792875561,0.5994625668373881,1.8381927940899956,0.09231658027006427,0.47526260814011506,-0.9148389383279819,-1.0699199386214517,1.898582600168318,-0.004208530260654642,0.16668294639312878,0.6614942120875404,-0.8632866058624794,1.2217138595897732,-0.659561053608677,-0.9532695137786563,1.1281986667151356,-2.025676154482005,0.0684231283553627,1.4785790046815768,-0.79397200851213,0.3201366958071423,-2.508010117963562,2.4055306788212074,-0.0519744979306075,1.2174015879042932,-0.20304720212609942,1.007005162032712,-0.49233525225457897,1.597498623088135,-0.5625291922920312,-1.4864162828398622,0.40184812961175836,-2.0896424166741436,0.9680691930255888,-1.6965189721117695,0.2308519897713538,0.3921499995355168,0.8931291973109902,0.15542720513325983,1.2434402282157493,2.0072397069619416,0.20955287411109877,-0.5558134049300271,1.3859911066023338,-1.069236387540102
sample_954,0.5299273575640772,0.541494157211324,0.11813965385202195,0.5804871895537217,1.0874022766939595,0.7122217037855181,1.7109941294230941,-1.482614795903986,0.3234035645633612,-0.21268429263346245,-1.522931147932403,0.46082922897305356,0.11351384835275054,0.2514544224609008,0.27965256877445627,0.2557838617586585,2.2547922325157757,0.6023580832600938,0.6928301634757569,-1.446214614231338,1.1802198244849362,-0.12624450674934098,0.027126072459599613,-1.4898309670920538,1.2588679559852463,0.7122658227874404,1.8115440247038384,-1.5113381388720557,0.8741063944449725,-0.03624858876488413,0.9417329264248747,0.16341911628917835,0.7960187897727861,-1.9156760474117052,-0.5345049827998277,-0.056804376275315246,2.4451592022649473,0.2792243286695739,-0.04713883534950735,-2.61453967938165,-1.0993538756795584,2.3217974898576363,-1.8189258931154142,-1.1153758866814274,0.47656363091165793,0.07106966601203109,-0.9927594198077536,-0.9191458995739179,0.021659988806056952,-0.8607602954525616
sample_955,0.6502635815837985,1.9305782472686586,0.753577655045287,0.9619570433260373,1.09860238479113,-0.7991344563324502,0.9145204339067824,0.38753234549562204,1.1500091456460557,-1.2413818115608386,-1.1442618229356623,1.043265958375812,1.3019227234752322,0.22404854938220758,1.3636612220081639,1.1532461807947698,-0.9450962990849959,2.257735332021623,2.017447709775936,-1.2653038029206582,-0.3182466736686866,-0.13923247686933238,-0.16691657952124792,0.23772051629291885,0.27271564236100143,-1.5600842057030455,-0.5816381413343579,-0.3488964165735482,-0.5982783012892576,-0.4818117755883391,0.37894826625084876,-0.39999255494420183,-0.8790479152168063,0.3173797821099572,-0.49298757092030293,0.6939707188033717,0.9569957695629463,-0.49919524468699433,-1.9925346893924156,-0.7224198292980745,0.2465864284944522,1.0374184687530197,-0.12791432892511942,-0.9979839724314526,2.882702891886311,-0.5115334941837001,0.8805395582679495,-0.40248429210326375,0.7912290764077382,-1.5485071126003207
sample_956,0.15786590235015724,1.6041187937530716,-0.04217179901905024,-0.8164695483830793,-0.7043530423556899,0.49022810446829423,-1.3388682144698099,-0.7108585080654976,0.6448058081192369,-1.1816324955947333,-0.7723509672314756,1.5451434117548404,-1.5573288439311022,-0.29281917705797855,0.8619045813580141,-0.4969103512877416,-0.48364803713094096,0.4877354604003661,0.026067636480347753,-1.5281674399404037,-0.19056793889782567,-1.2780051890611597,1.1858545027803196,-0.08151090597370306,0.8371265543431445,-1.2161796251307642,-0.3338307243999071,-0.5659737226014433,0.5674854809390163,-1.63214677565399,1.0745943360189982,-0.690468340298533,0.7492070002925756,-1.2385810312295147,-1.9521535238684462,0.8762232844809387,1.0728882561579494,0.32250930575505354,0.09621880584752726,-1.433289584872509,-0.4388787390269061,-1.040956703825896,-0.6033876152372949,0.09186319346934259,0.12054534300227181,-0.3922997727332761,0.9940111248059933,-0.27727186516421587,1.0881756346991496,-0.30111101769353926
sample_957,-0.9507869335216207,0.5559743124518179,-0.5399714619084434,0.42273921866205577,0.23358569685313527,-0.6831873102832284,2.196643908719269,0.25041037198193933,-0.5327489486982588,-0.263375312283775,0.19641314422614553,-1.57487966218279,0.28321898548749513,-1.3772800178536853,0.4885548918964318,-0.08933190195868254,-0.04843949920269129,-0.7499655642829998,0.058380409915459855,-0.5422786991916748,-1.4993339546177995,-0.5511340245672451,0.03687484183882486,0.6943539774642802,-1.579866487244753,1.4159045599404614,-0.02535790269340077,-0.7370029039506827,-1.6728623550489674,0.06604568814439143,-1.631521038175762,-0.5094855642527196,0.6569819802733489,-0.2496858771093185,0.3658643937828223,2.2190670194558324,0.6277495736107658,0.8679805902383908,-1.0309302815959795,-1.0413682522663112,1.1319891026173867,-0.3791112777157822,-1.4233326703188856,-0.4825470115809394,-2.529505197621122,1.5582417736128955,-0.7712435528134657,-0.5140880027526019,0.14389935705155824,0.28597306383461146
sample_958,-0.8891905346874875,1.096186250875629,-0.016344334360213663,-1.1758256987590234,-1.0436507548924143,-0.506323924548267,0.5741399343851724,0.3834199886108081,-0.924132092336537,-0.8282680668252115,0.2534730830576122,0.2312729846106495,-0.7832604279659888,1.1759208332570747,0.8687185010803284,1.0077138873481166,-0.04812230066725218,0.19528403565394434,-0.3258458660811903,0.06782777642164055,0.8049824195521157,-0.14612714179825115,-0.17302393068408864,0.10571758402994277,1.0328574326213158,-0.7623429932422207,-2.351892756976498,-0.4566750726216127,-1.402012967785911,-1.0666455830291581,0.1952729081558815,-0.38650774815268285,-0.5494125520652908,1.072600012551011,-0.6078285086145017,-1.064899025421325,0.5211279149616393,-1.7381595672570935,0.3473557404239794,0.5580541114011951,0.7641958428021273,2.28789945479243,-0.09332860133530717,-0.584104157438003,1.1933829016992812,0.37927606814245945,-0.9530160118842643,0.06430059236898984,0.39566620993780577,-1.244443820029062
sample_959,1.602050169239751,-0.17795422797773439,0.06895374574170184,-1.1343617463228948,1.0943100421694814,1.4080476516497964,0.6706287923219075,-0.0905524845028578,-0.01474889162572256,-1.0880944931380991,1.7771724740546553,1.1092002169012782,-0.6333403671627211,0.27069160735771397,-1.0633955260087713,1.9073241279128959,0.8336551800109201,-0.9649062383241964,-0.4371141068201665,0.837954999550906,-0.4143877140584606,-0.7461834615553623,-0.3629968496615183,-0.8740984933014762,-1.9253530035916107,1.5633696129514878,0.056556566166492656,-1.0249741338528782,0.42412794349896116,-0.40791445450848657,-1.1502161356018887,0.35933870575094196,-1.035947556893713,1.356045443541839,-0.06403213105326581,0.00785344673732103,0.28610655312721306,-0.15676658455723605,1.1506507645259167,-0.27014120695982274,1.837297334621233,0.9401423013198869,0.12154806186759555,1.6886154844131462,0.8920350841488827,0.29205614322200096,-0.8749469448985501,2.0301037167073845,-0.08165400305057079,0.38260302152985365
sample_960,1.161381055921518,-0.7524048723114259,1.4456819832307832,-0.10707110541242913,-0.2601634946032941,0.6999850526035714,-0.05349126725678714,-0.3530614019416414,1.4199749879429069,0.5371164418522457,-0.8185316474141973,-0.1914718019589722,-0.7300234532018709,-0.8146537863292878,-0.22878040643769743,-1.777925934963219,0.46165957183939765,1.5134941053369464,-1.9500918882483051,1.176608447761218,1.2160720764834005,1.1038228414221325,0.20664734876680563,-0.7527476058455012,-0.6452960661203143,0.5104138914264907,0.7046823027181376,1.1864152059511082,0.2833132230664359,-2.644960440133481,0.4226555989858142,-1.3471178785224336,-1.4978778496558327,-0.49852207872843557,0.7187783237356632,0.09721668271978134,-1.35695665267115,1.1260023922177462,-0.6156389892273079,-0.07494746264394993,0.9936451337190361,1.922833886104668,0.6784736816222702,0.3997683467158154,-1.1173926135525956,-1.824524611277201,0.26900027701444185,0.3897357138126542,-1.8591430916023208,-0.914258457768411
sample_961,0.405795941653947,-1.595799377941808,1.354712811402054,-1.800208499278106,0.5557101408119334,-2.2431398661267345,-1.0454645522732076,-0.17743174044735643,-0.26425538591946884,0.5159749740456764,0.16868370325678594,0.06335979129673977,0.091224706131407,-0.2097355211254087,0.2984238264902722,-1.4238329758057882,-1.4768945115257206,0.6138784207418849,-1.1732047744411778,-1.1482629918608245,0.630049408014667,-0.2527770665957208,-0.9178741534274713,-1.6286976359230858,0.28038839773712926,0.7513082100162417,-0.2240371055035512,-0.07981894270795543,0.3974400568264861,-0.97129274857026,-0.7392934849751852,0.21826190095933978,0.3496313150621839,-1.0552806774377896,-0.1007713909683772,0.1890671232501667,-0.5266809956642358,-1.58636756129305,0.9144609710654599,-0.22406097455052246,1.492839816742342,-1.6101873898777501,-0.6049148082353395,1.580979177479745,2.6672104450797733,0.4291245230354722,0.13340106426522566,1.2608150022315106,0.11471382009930149,-0.9176773213009387
sample_962,-0.1031746449064693,-0.5004716071940292,-0.28754463084585413,-0.9310900624254765,-1.081971324295078,-1.5203190715813863,1.1635597687807284,0.5036786572902584,-0.8659667462352476,-0.9454610259694094,-2.343750957401782,0.39702957497725555,0.20951690176480273,-1.9748051403639058,0.48068497655098597,-2.8005710312481646,-0.5440789096378712,-1.2953823730384229,0.26432367258300604,0.7164374823733429,1.6643237751660465,1.1690757948845543,0.20846048813551038,-0.9854089734930949,1.216265603864261,-1.122399422733784,0.1654866809837541,0.3122432127092164,0.9284187720912958,0.6228521808428547,0.711818985379231,-1.2399552764671864,-0.1600055915264627,0.9867744448747161,0.3609392914483347,0.3570423563279691,-2.008479033735926,-0.32324746292069934,0.2519157748845695,0.9449058777715265,-0.06628065937194437,-0.25987746802416006,0.9916563700682165,-1.006839602721626,-1.0265248797799804,-0.06013498916996025,0.36410633356681055,1.1427876963976962,-0.17515437583497628,1.1402988105925354
sample_963,2.405656404697341,-1.5437313408448483,1.2635350853156413,-0.04263347209831189,0.8335054267293291,1.4709672309621935,-0.5702192077415297,-1.4377413447204361,-0.30544845658589487,-0.0018162074535026048,0.42258521993113796,-1.8514795544912026,-0.8841278812093305,-0.7918851660337247,1.2443671569440717,-0.5020064474641005,0.7371743256387686,-1.8048874965989434,-1.1402731186816966,-0.07660532090336067,-0.5634729442179487,-0.757225138777469,0.1522950254589106,0.5946356885727878,0.770527658560588,-1.9106033687233008,0.09258702997970135,1.4564344706208068,-0.44437058849839056,0.29328298658724505,1.7948318828218692,-1.0447704201691934,0.9742539396438904,-0.9846370716023092,0.49293354450494653,-0.8926531945669282,-0.9746928541407183,-1.2026096177225234,-0.8600790537179746,-0.6589171830914169,1.0214561343586208,1.5392681910073553,0.18946735803650266,0.28310585487013834,0.636556778154566,-0.4660461545049282,-0.8635446144452467,-1.7181190013695318,0.7385241046979992,0.8913775628245753
sample_964,-0.515543124618919,-0.7861913301183351,-0.5789206896350692,2.059894071244473,-0.03798567511842013,1.0117556536994936,0.6872687332934546,-0.21064059998669604,0.8954878052812355,-0.72453911522598,-0.14501385515137896,0.017319903888193725,-1.265473575247914,-0.44658529967678595,-0.04045597151749387,0.7025688944513647,0.5771569576279916,1.5917139702951524,-0.3758518242120811,-1.1962101074813063,-0.09200429011227236,2.629078501284765,-0.08678312505434485,-0.006007327848871957,0.44430273885011057,0.5524066565305069,0.501640185298316,-0.47130323959789094,-0.5164679190819444,-0.4904147125840002,-0.5407879950680142,-0.6584524786516566,-1.2433797598215055,-0.04862687642169009,0.3377110888732964,0.34396859544805586,-1.2002654499068452,-0.48800001277690347,-0.501509574078515,-0.07525685604661221,2.488586031458116,1.1544875054828176,0.9070823136338746,-0.6833266101913696,-1.271873520375366,-1.0039467279970946,2.3339761694210863,0.07048327434260432,0.4997481504972366,-0.8540610299152611
sample_965,0.6253954463710532,-1.1971457421622376,0.04504361396062968,1.710144285448158,0.027058843791142734,-0.18744809693690906,1.3068079041769245,-0.4179009473756889,-1.1255226101332025,2.4098469716177386,0.09647014672756776,-0.21450155526903655,-1.4738773737792872,-0.01463481785561302,1.7051233079861212,0.8694167713453725,-0.5989215681857146,0.8047790497221212,-0.32055221894863756,1.5658776381722812,-0.6216917494089099,-0.02797017796908238,0.00033289800081952775,-2.181463510131262,-0.9088658983421655,-1.1563263377657342,-0.07185839984000864,0.3002855930808144,0.8787568747460255,-0.4024186078173199,0.23212598013317418,-0.7227453772568377,-1.8764088880369705,-0.5391621069997098,-1.1631856479873077,0.06937066224064224,2.21389786820742,-1.6085150493608027,0.2322872243395782,-1.6599378787171906,-0.26937561511761626,-0.12120164957153745,0.7039681378242665,-0.28359737256059725,-1.0345587454659864,-1.1791759800856734,-0.670567225338845,-0.3126771792004557,-0.6385597567483963,-0.5042507848469445
sample_966,1.3656955487825513,0.6348438033274969,1.8213089440790857,1.2714322873727018,-1.0187564234839368,0.5162526499035189,0.45264694574962144,0.36357483139431185,0.8381481958099136,0.16941173529911946,-0.2157273498603915,0.5583640721351659,-0.375912835059024,0.30224363631863116,0.7338651608493804,1.021791624185303,-1.2586363873398503,1.7819078195072968,-0.4046430678866368,-0.8259957536655327,-0.7883391714077461,0.47501086335984005,-0.29432440558529216,1.0407798849146936,0.673136961595656,-0.7855327327905934,1.2894868172713576,0.9456202280125761,-1.7331435838657017,-0.8217686927972777,0.2491892592164881,0.1702589644416247,1.4466531769782518,1.5847075109003934,-1.5158891064602567,0.633789487598637,0.434960615416704,-0.6289875211287976,-0.3675266969313907,1.038399326582699,-0.035177806654436546,1.7140910675517627,0.03600715608866708,0.6430051013737073,0.2858377709690641,0.8631979835771555,-1.6440350628176426,-0.7896428174601909,1.1180657667405773,0.367291631279926
sample_967,-0.7112187682137521,-1.2139164785672214,0.12231032220961958,-0.2818271363710044,-0.3397818841326585,1.6923934716691191,0.4880534541416183,-0.04336047797032538,0.31414958016836825,-0.09252257111844667,-0.9149615144365191,0.09387774377473776,0.8826686000343947,0.7487955523878828,-0.9518869875923277,0.1744671715341834,-0.42701745155861814,0.38119653225319916,1.0948074696224117,-0.22511718713721982,-0.29107202694286377,0.657330315962843,0.036574246977779105,-1.2260947090596674,-0.4773231216841043,0.43900251870204043,-1.395514402725542,-2.1736988644612123,0.21710225385366488,0.29391750249965026,0.8587922699356588,0.8714586256962278,-1.5110080395885521,-0.2972818675068186,-0.024440060006297365,0.5205474146991731,-1.9194737553132952,1.467609888203131,0.643378059565629,0.718309870392901,1.2518442475894922,0.4802043492439086,0.29362144786301714,1.2309509746439362,0.9209503942666989,-0.4899142202346524,0.8588879161734015,1.0537036714324977,0.7206414814114847,-0.17988226202112745
sample_968,0.8434052166601999,1.495928535820647,-0.5157117452585187,0.1671649809639776,-0.03556524685147614,-0.9869383379073127,0.5107171967743612,1.1746840157756586,-0.4688094165795008,0.36915606579075705,-0.7989046460162538,0.0023872106369380616,-0.727289698431994,-1.2798804747230006,1.38994327027697,0.4374852680842063,-0.2851250566147169,-0.10057034384646059,-0.29221481430437674,0.4955109953060601,-0.7814501613186876,-1.4575292577035723,0.740196754416031,-0.9545629577656212,-1.555500663908473,-0.05166159655570978,0.3697802931981728,0.9803975243541505,-1.0513475876484584,0.38696301766701996,-1.049078072168592,-0.519788916402604,1.0326696823959327,-0.4321905140877585,2.385618090013581,1.4521755851924987,-0.9154293184498082,-1.2077708193743062,-0.2090590268558892,-1.0345763687490284,-0.25936242547619986,0.2253551805476867,1.087133565198222,0.004867470257069767,-1.4415236440003094,0.6663599996798478,0.33985397802146144,-0.3811821394969931,0.8686760395016054,0.934526408294788
sample_969,0.08305830279647478,-2.4032742280969672,-0.10475153902386147,0.07095050170840071,-0.5344563422675371,-1.1623549605917358,-0.21389196296956897,0.30234994696877054,-0.18946550775548981,0.20519315665095753,-1.0762080302998969,-0.46786860934589836,0.2734106570528668,0.018152310679724372,-0.15503394791848799,-0.8342800897706525,-1.9048266638511437,0.947223618022641,-0.12557324369301584,-0.07063460791487162,0.8313291484491063,0.5617888839603429,-0.24458320038423254,0.341224394700121,0.8609932884451907,-1.617001683724643,-0.43450773413812743,-0.9020086406498441,-2.103929287176176,0.3162891264413394,0.9829723239673367,-0.22957148379352166,-1.0406303032710642,-2.5588722096766845,0.28832108399701667,-0.5973613025118885,3.106370492780695,-1.170781195153482,-1.6816742875197352,-0.5735018177093542,0.1794603413260868,-0.9755603188470158,-0.8233988796847417,2.5596674658095,-0.5320607972610633,0.6527878250640293,1.7854750883483128,-0.11097964098312554,0.11458924137965602,0.557461846855585
sample_970,0.43915791307216345,0.023741960517831385,-0.7698483682861578,0.5761430852656823,-0.9687548092462445,-1.3746548578625417,0.7342113689916789,1.1958205496440097,-0.13021387065647966,0.06840378365061377,-0.19729787972478266,-1.8135231690260307,1.2068098975920278,2.111085042962049,1.248281251007701,0.20077730543026584,-1.7631338389274918,0.20543948671671985,-1.9629061373883285,0.8494071986953151,-0.16321669206845973,0.44888552635678297,-1.4823165552337243,-0.6990062446617543,-0.9066224962884333,-2.091687828433052,0.3048212564128556,0.09163792321344287,-0.19166835247484537,-0.22289727886883073,0.6490064531726513,0.6023495620392676,1.1127208981018222,1.4443919130244902,0.43878914888984377,-1.5972402959545864,0.29621941546148756,-1.3708625159966497,-1.1295355963300457,-0.1114551431941889,0.0992680533328431,0.5348155105970438,-0.2226975816589809,-0.009753832077553745,-0.8108612030841871,1.1483818322227537,-0.5407928551119269,1.3907406138327474,0.7374637921645526,-0.775907297984581
sample_971,0.19542697750840007,0.7235661280142238,0.3094724086820294,0.741724672347424,0.6256699872125469,0.5221768214988209,0.49087109543819857,0.07275750594834207,0.6985687671811439,-0.5597110226003591,2.209422738894802,-0.5847223332427041,0.18527761230049997,-1.4494112342966097,0.9415145541616227,0.16599879142498108,0.9420799923421959,-0.8497510500597828,-0.24111643197058846,-0.39126533181536316,0.3298089906859139,0.09757956579667305,0.7438853463112215,0.4020879133567325,0.9164628319648344,-0.3660013164471203,0.5807108267689093,0.4975933188945553,1.0919343459935897,-0.5608903433281726,-0.8399266716190459,0.08815320551252048,-0.12317231773663205,-0.8442382506091426,-1.3037380572229078,-0.21066219475374415,-1.9596305475333653,-0.2692280120393738,1.9229628605579476,-0.497426670688415,1.3907064006917333,0.3103904513547105,-0.7992457426382636,-1.2150578510534105,0.2557365497372282,0.599583033436762,0.3984868396190225,0.7822087863004936,0.20506818463808182,-1.068070455817327
sample_972,-0.6639637356182108,-0.3586663690545879,0.8049461527055954,0.7573049189517895,-0.4088154902161826,-1.1074500543941619,1.500766280064678,1.7533849052568122,1.0934869487853045,-0.36160612931918773,2.9149197230465176,-0.9995689072684584,0.21483873094006642,0.8436399166643207,0.9846398669894895,0.5195356743205005,-1.2643649921243663,-0.4543684464339855,1.590269006082875,-0.1077432240358998,1.1291474246064737,-0.9372794282051679,-2.05372176178136,2.2315761882509033,-1.4131313075870018,-0.07706337113022592,-0.2581680993896386,-0.08848928883278102,0.8293240013002093,1.1590136398324835,0.9340614662777088,-0.9467903172098602,0.0830376518869543,1.9075470518225224,0.024891097326377593,0.03316610374154982,-0.4681866458241525,0.7328481656785215,-0.17238252995294273,0.25802045713200406,-1.4285371789678478,0.321054199018039,0.7320859857019664,-0.6976681225990594,-0.3473252698421841,1.3144682463027946,-1.976985311650046,0.42110636434978493,-0.12820476724795765,1.3616001886168534
sample_973,0.506576270259726,-0.20805794686339293,-0.23636916556450682,-0.27622666643781657,0.8853690904983227,-2.4984985639986865,0.8800516906228466,-2.0470098748888006,0.6184274737644787,-0.8999963663976089,-0.05352508753009655,1.0573804785168566,1.1546348581605959,-1.1446533831190886,1.833893317769255,0.7745007468316354,-1.2277369148655581,0.40554921832244234,1.0972461679844256,0.17883764291495488,0.14552509661166138,-0.37937743864949547,0.3111154090796515,1.4779044226596045,-0.36913768786159995,-1.2156258742728914,-0.13563693956625844,-1.9673416636464038,-0.38259629064173967,0.590894282073013,-0.303641457676914,-0.9511274224860728,0.552410509841673,-0.022897677031252228,0.05721831313255866,0.7606655291065486,1.4591871599238826,0.09590056768141174,1.1204167524267825,0.9683074992935058,1.090873897308471,-0.16408940028030455,0.9603738124959471,-0.43780169252955997,-0.5553713992123431,1.6104129761124661,-1.3260846773912656,0.8684265541072985,-0.9310489129370854,-0.5662444871281713
sample_974,0.6425703249252285,0.34233905807162546,-1.263699367081641,0.7126344186085399,0.2132464748170188,-0.06073667448280718,-1.2616942405201987,-0.19121180517822967,-0.34348572491801505,0.04764189068348951,-0.34300693593156467,0.06602932392702648,-0.4625099355212097,0.7315314859052775,1.6591470773869836,0.3302476594206671,0.7514954531452827,0.9565800479943798,1.0688880142898651,0.016839867031356877,-1.478515066168727,1.82697249090111,-1.5986840920484815,0.40372284928554253,-1.4515262345284985,0.006944726627851095,1.1033162963612864,0.6164013714208653,1.2663125978064123,0.2858954083877959,-1.0688613410693397,-1.8360856639547676,0.6556399432824901,0.9871955677849474,2.6239519125878146,-1.8844864329978477,-1.0197146092060045,-0.866232160462352,0.01630610599034958,-0.117531928708286,0.4198855815033388,0.08123817735059218,0.8987522881572453,-0.44887778555722524,0.1906952957017781,-1.6954910300213784,-0.5115165066282059,0.5742147023287953,0.9854410294292366,-1.1232637134000794
sample_975,-0.5399422144414883,0.2710644624398505,2.020787837157669,-0.289146351757968,1.7898894341302483,0.7492036056105809,0.627043763440267,-1.5747490564991438,-0.32277754640843787,0.5469066393374582,-0.5187862052192311,-0.4614331019139458,1.9858263103338583,-0.8019308684732823,-1.517044702090766,0.0691718072905967,-0.16527527373787504,0.8101968074393835,0.03616706231792297,-0.6457331848398995,0.03668027988128893,0.4175203821020382,-1.2735508202835912,-0.07877163755441839,2.5057697649654873,1.8771981868417627,-0.5468373427939013,0.18171249739934353,1.0789572956015703,-0.2620773434749614,1.5726922780439843,0.2794626365542067,-0.8467829371501409,-0.7445251257620199,1.643312110168259,-1.115216375087271,-0.609122295107718,-0.7017312122670056,0.36941665340068797,-0.3068624983459074,0.15080642122905413,1.7551446197661686,0.6358381237962863,0.5919235681643708,3.0045141617966076,0.13895957677191334,-0.08170814345487602,0.07023418948857955,0.5082572273905204,-1.6918343290375806
sample_976,-1.3929174952355636,1.1694902728287746,-0.6432020508197304,-0.4280732827120654,-0.3859627345208941,0.05428879773273757,1.6560051285085358,0.7643488039121309,-0.7523358319937447,-2.3091695846932496,-1.075903912235803,-0.7650210205119599,0.13269960282238608,1.3054328951772938,0.9634937422104213,-1.725580478307384,0.9458477497383021,-0.05262616380694075,-1.0167961918263442,0.4978831368093372,-0.818066700076536,-0.35671080614668327,0.7688059249511253,-0.7297755541240358,0.17875115177165365,0.5915649926179951,0.4810953175873719,0.795572909373334,1.7194118639005878,0.330463242185342,0.9762161897091316,1.4116277428607582,-0.7166681859607165,0.6405865934321796,0.23893790809230472,-0.10461829449869617,-0.04302972196169886,0.09553097029729071,-0.6821020287770917,-0.3472255736905564,0.053636902272971514,1.745873214229635,-0.9980164507927448,-0.6405238011733512,-1.794379577205895,-0.8624361533622854,0.7180917594958697,-0.45571657666199916,0.1922314465691077,-0.9717844387951354
sample_977,-1.0921074492189218,-0.6053617097294551,1.072334310603392,0.1822045270818517,1.4214829828342708,1.123540518268441,0.5294582833821244,0.6911019136086922,-0.5808960368617139,0.050691424745563034,-0.3983324904196948,-0.5189064109446677,-0.6855429270035848,1.4720873694528738,0.09880089363985453,-1.5316333597103318,-0.8230323035772658,1.321548442800989,0.34065471050471746,-1.6086314547955607,0.03030972583782589,0.0021675882854617244,0.27024296610579157,-0.660909900813605,-0.2917539973530369,-0.24576143166959394,-0.35282262074791587,-0.10355085404538424,-0.9479804764747517,0.10202045051699564,-0.3217805148656128,-0.4616672986555485,-0.2336510975771746,0.5617273044587793,-0.8405859127458142,0.732213059979097,-0.6521834227665533,-0.8802908032886502,-0.7397200374845657,-0.9011463147712175,0.5437059266850198,-0.2802155782512657,1.1353808057765524,0.2718224295420263,1.1261948050389365,0.5256519203837837,1.1755295985514649,-1.2797576306413738,0.217598576772541,1.7462015128853494
sample_978,2.544368487963816,-0.9086518414831933,0.6665045461530663,1.4548232139977395,-1.1952480495887472,-0.30574482490594307,1.5626641000397077,-0.9222948347372228,-2.1520912316099245,-0.7779616174355355,-0.25586005292918035,-0.038080481248956535,-0.27639091551795614,0.12753308923744425,-0.4878468329862473,-0.663958285311949,0.8024489267176306,1.522346673830117,0.34251745947372136,-0.911565791596485,-0.11826801008940846,1.1529393517633868,-1.1588976205399752,-0.5467737556857004,0.10217448606901905,0.12275345025059524,0.6538627525309864,-0.6862002055327859,-0.10318038930108793,1.6518737953637181,-0.12288328038914108,0.06076136263996561,-1.6166407432416028,-0.10092172031441368,-0.8410801045727461,-1.4673134286507807,-0.05475015647408143,-0.012718084392879773,-1.0553511859319964,-0.42625756088880296,-0.8993117704793938,0.8424596069916788,1.7113926732228173,-1.0804915727071107,-0.44655701893665123,-0.5489213385203487,-1.1688913737010789,-1.9424922016913018,0.6535800292155772,0.9840442876703401
sample_979,-0.4499322905868854,-1.1864084408077176,1.8582635108759888,-0.7567428693341799,-1.1428208875754635,0.4707737243172491,0.5361731723869078,-2.6361307683008177,1.2790583451309379,0.2682562923177663,-1.2002928382020106,-1.327985611269771,0.5042317122680956,0.5208630538854013,-0.5702242335507367,-0.6075277757582224,2.5561910691289196,-0.32182985306617035,-0.9910108946906694,0.4196249676606344,1.3830860176563589,-0.3038077196458383,0.8167490443605862,1.4807763156642284,-2.101731007083814,-1.1092182472722707,-2.125535451830967,-0.5252334534764145,1.2098328902567235,0.7760272019720148,0.6983137142266979,0.022252007782861075,-1.0482872387463964,0.1187598352990087,0.5348067256905836,-0.651294808751176,-1.4468430408116846,-1.0960098648695424,-1.2992433337765756,0.8136624671803472,0.104986153392418,-0.4291320280127456,-0.31567134388556073,-1.2168063183313809,0.570225906879462,-0.577460002663413,-1.2454127782552018,0.04838374391815091,0.06531435981900673,-2.4867459491799457
sample_980,-0.2912881985939233,0.36560684047106834,-1.4641346001338167,-0.15426858387083323,0.6472300547184149,0.5395065274276422,-1.301023593440755,0.2514398895054163,0.9818624775190764,0.05657678427339307,-0.6588520949773973,0.20335734936362626,0.8168630918429557,1.58106230730436,-0.739753226099966,-0.11625199347236798,-0.2946865188028559,1.367344366800096,0.7294504563506421,-0.15160562000747352,0.03402345392429546,-0.4245192970028665,0.5182381669493066,-0.20861936625606511,-0.325433488179037,0.4442093398121582,-0.35822766363061087,-0.1547590254186106,0.3334358416332832,0.43712669586356917,-0.8989721753632699,-0.7722710854890138,0.5588404708298768,-0.9536711513987501,1.0022263374024747,-0.659417349080539,0.27407677980366485,1.073008586472744,-0.6598632296508897,-1.4232247045338984,-0.6836511860034926,1.4018126963323574,0.44889272936037994,2.059258172886244,0.16136290535890221,1.568829586474638,0.751476497932854,0.8461880011281337,0.8601816193039233,-1.2342184959146365
sample_981,1.1085111486132189,-0.7093715280729137,0.304666863688516,-1.0408927818264313,-0.9522322994436647,0.4767634705627589,0.6201412503906567,-0.6226657888201509,0.17842692759463477,1.1815874323367506,-1.0507128354081392,-0.6760828402266887,0.4632486497297115,0.43965694434438674,0.4891108426903883,0.0435753146244962,0.5913607445804852,-0.8055928837432069,-0.3250947153603544,1.4245424329861849,-0.18927803303847188,-0.8354758300384163,-0.1872681561850906,-0.46005525844287465,0.9828080520744513,-0.41198415978561076,1.0834008834572462,-2.058250739298947,0.889941940780922,0.5445200419331215,-0.19063179728197446,0.15344287446319976,-0.09337304238240487,-0.10730666833410779,-0.6020499559210779,-2.0176680532907256,1.0154297180431529,-0.8534616873307362,-0.7024002187471844,-0.7241828360458217,-0.28903043544653373,-0.7974936645231389,-1.2434717420987222,-1.4840013992357224,0.43556521106277224,-2.026833876259478,0.7349005728368438,-0.5638050819859021,1.2461840470385543,-0.3481016739080727
sample_982,1.5797203140275167,-1.1641553869378858,-0.9067166399908642,-0.9670895381519738,0.9827332636325918,0.92024805122745,0.27024703763035657,-1.4168624330359119,0.448568496399598,-0.30625817280307804,-0.7975746854942711,0.4077702399727607,0.7059684788121263,1.0051646706660609,-0.7588584164323626,1.6026171244017986,0.5660318577744,-0.17886742431245223,2.015034349884162,0.3157093051355421,0.4685057507116621,0.06601456841914728,-0.22062462644597275,-0.6891291032130452,1.3300578664086278,-2.7462547444951424,0.12924135112928006,-0.5970029255732767,-0.25034399503652743,1.6570886318727347,-0.02580907017609468,0.12964424785878048,-0.7063647830976676,1.5269734461787017,0.020159992802382617,-0.799780498872058,0.625960997108517,-1.1807725391876622,-0.6647041103543129,0.17459770388194618,-0.615072729046678,2.826943930399184,0.31487081248888943,-0.8014912233102454,1.2660623986766548,-0.3058708467077083,-0.198090201733303,-0.503983163713036,-1.840847558902649,0.6846180522377601
sample_983,1.2941443327775142,0.2125892567896409,0.42332712043816895,0.4608712386129793,-0.010399373856472372,0.6205578342422687,1.029513683201289,1.2095549555606437,0.07252623802182809,0.4207602467057839,-0.9981099810429863,1.7844869303797182,-0.14256791890932752,-0.06743931987067278,-0.4750786440809757,-0.5473950012234535,-0.9097501569047922,-0.8124276884310215,-0.008627101433255485,-2.2251941605677747,-0.291327377071159,-1.7645886514756108,-0.5235119610296106,1.9000930587934786,-0.19514493300338664,2.3090601023743944,0.13082828073965624,-0.3830485515489596,-0.24033697840295584,0.4028214157339793,-0.15578754103921913,-0.8526404745012058,-0.583390415857184,0.2977464635250799,-1.0394659643325295,0.005349353415937192,0.8152802922160219,-0.5214560524453735,-0.7501097031161355,0.05582672749436826,-1.3930206841773727,-1.5344255606916564,1.8923853184020165,-0.36653762223104236,0.272108759222299,0.10114424391610514,-0.8969455707454701,0.8632174087146784,0.29393528223546284,2.4667154998307685
sample_984,1.357981682818146,-1.503950145344575,-0.9749386270068907,-0.4581970738452782,-2.8414190153302132,1.1446274748725942,-1.8412704484326852,1.446565486630092,0.6807572637727102,-1.206611386405908,0.8455837257382326,-0.20189563239903507,0.1136528981753962,3.2288832982886193,-2.3574950687205245,0.4356136312581161,1.523266335763211,0.6140777226554348,-0.2696524516248682,-0.3153610878848317,0.5653956629300179,1.1097481581449329,0.6636549397098676,0.7660426339046271,-1.8635223904821108,-0.7568983480771754,0.15343341878888148,0.3469384188761021,-0.9266043425068606,1.2973400813440983,-0.6891981261337278,0.00876773043885393,-0.7158299373523352,0.5907567167560793,0.8918378992745241,-0.4670221245191686,0.945514905510011,-0.9789710177832555,0.559222125148275,-1.5349739509711826,-0.31273683493734744,-1.1057706608887692,0.3203579675113073,1.6642957075323743,0.0037781834224456215,-0.7284264678259349,0.11398729008101915,-0.36582219181480885,1.7265923782003199,0.52520336008521
sample_985,-1.8249745194456735,-1.1525567750122578,-1.0316814200231355,-2.0712016354389324,-0.13665065369058038,-1.1806558123363735,-0.7816476111447124,0.517117952658559,-0.6750010828461999,1.4305108495136092,-0.02729840514564314,-0.3983597488257561,-0.5074384128459294,0.5262289263969953,0.20355234388087723,-1.0423594303178574,-0.35448575122232734,-1.1898321795901112,0.004984525580010713,0.16417301322060632,-0.4099724413651967,0.5952603402866322,0.22465848802680183,-0.10098578978604097,0.797173816141338,0.420052001619616,-0.2111846685973594,2.0134981471974367,0.9684395123876767,-0.9181403395218035,0.2418811638640097,-0.31971744376938926,0.37275036970689235,-0.46890582735515773,-2.3895078484307204,-0.45451768252415825,1.6812665362222072,-0.31067133826805204,0.35424618812706193,-1.7800849532133394,1.7923053214020568,-0.9446773508307867,-1.1172228782217684,-1.9369872762327558,-0.2112149325568718,-0.6114411171828995,0.5001117181642373,0.9658052868386467,-0.57199881062309,-0.664415451622366
sample_986,1.2762630952949285,-0.7726852403737872,-0.8092234190392879,0.7034653198530565,-1.1203391822402933,0.09483273405466595,0.6701316613443044,0.7522078275349218,-0.9552822321091979,0.09541877020901077,-0.9318536732863,-0.03336863644063754,0.040824283844997686,1.1632100567813881,1.9515967576799507,-1.418595850158417,-0.19446445561054043,-1.822371057568955,1.8337900907572164,0.6835839314887575,-0.676353312005224,-0.3928105039078344,-1.6023217222512667,0.509876483982331,0.8002100175867471,-2.5744849801669445,1.605945238270342,0.5877973509379651,-0.06166874013122598,-1.4384022159394192,-0.2695401796517335,0.6813523213214475,-2.8096895676822693,0.6364261744985704,1.3246812573758702,0.9723428389432224,0.3817032460544961,-0.25997143072764334,-0.9467450176125207,-0.2630126643642618,1.0637367322160074,0.8564604196450594,-0.6200208557297961,1.3419281725037493,-1.2344734048353159,0.3443784265876252,-0.9591537529135769,-0.4197024905560296,0.9065250797175021,-0.031115876772315025
sample_987,1.5914264708604566,0.2180135108195379,0.28787650803470893,-0.9492376919211071,0.10355306879974949,0.1302660682811309,0.26714784631229876,1.1790957900131518,1.002730175780665,1.5289099753404052,1.2761385481445446,0.6143541137626336,-1.325420310974043,-0.24143303845170358,1.6689822897122304,0.7167654030782127,0.3176556746830033,-0.032250968698472854,1.907721438839112,0.5153382605436891,-0.19842135629917954,0.19382554949037828,-0.8836193151807227,1.4111816923123246,1.7837789364326284,0.9623926942469058,-0.5242188355237336,0.10050401422629603,-0.5168903793624526,-0.21229234411224682,0.5771751641513391,-0.14848198775252927,1.0897259778764565,0.6685654776393621,-1.5074529204613405,0.06711583798330771,-0.9728957458190014,1.7701902217321566,-0.4565600866473994,-0.06917407806388765,1.0309539397373346,0.04042895159608449,0.08366826430839737,-0.21508357029901543,-1.0935429622046098,-1.3711793580501936,-0.5886294262654683,-1.7572937415310208,1.0660855256362174,-1.4839091644208966
sample_988,1.288809188542221,0.890797147597822,-1.096965679032258,-0.6307928214192305,-0.12288266901248028,1.790887323195036,-0.10720002514134154,-0.8399366766479942,-1.1498461585970081,-0.16816821506152763,-0.5435211804751006,0.10410836982298445,0.105630770754343,-2.019399654676472,-0.22264790947029195,-0.26804968381624195,-0.09746878433521182,-1.8715344809982715,1.0441179656638693,0.18702370898262105,1.6251602005132555,0.6018218877831,-1.2281280523927622,-1.0357317864280566,0.31947236270789214,1.0435517313349016,0.15071060146623672,1.2158815493485906,0.8088183519085055,-0.2515952731882715,0.3778753742415539,-1.1933520264134667,0.21694122093677407,0.5988049997557204,-1.0135927471027746,-0.5349147793815542,-1.8787554916068545,-1.8148171361551904,0.4344811136346977,-0.4020181209017584,1.2759294400938346,-0.11862549986221203,0.8724414227633879,0.3755062588416033,-0.06466035822489781,0.4805425811956505,0.3305882848263554,-1.4278966017841737,1.9788852568879474,-0.8495006211219798
sample_989,-0.24589104648676946,-1.6151807568583372,0.9029046110708049,0.7982948036447816,-0.4577932405442471,0.6562965985436323,0.24907264289988573,0.7251612077152242,0.28779450529525596,-1.3372691518378437,1.367806102265497,0.3803911970337194,-0.24413131800042254,0.46320466102437524,-1.6363769356597977,0.3026561763524517,0.3598266160834768,1.6533120112835447,0.22223484847109692,2.8810216323692264,1.0282506974759302,0.528385139399161,1.2383810297396385,-1.5757808880899378,-1.0525163711916599,-0.9183235824751617,-1.0125586875411254,1.3536130426547373,-0.8507560039181009,-0.4243925314186256,-0.4296530720546305,-0.07642246371393505,0.13569632950433141,1.5275634247204144,0.5471753871979325,-0.035620641482653446,-0.1375177498132861,-0.6654638568535945,-0.5290092104976555,0.6106182665755945,-1.7668285009831513,0.7618745017354293,-1.8091144099688639,-0.2287145237439165,-0.37311358187799265,0.03520813500230644,-0.9703769561656144,-0.34343193506515646,0.30270122317737425,0.688033540832426
sample_990,-0.7121175579094389,-2.9003184030840057,-0.9546190643953664,1.495445716073476,0.19037647929410914,0.35562639952638986,-0.1634663531496916,-0.8079236954703308,0.6371965667638764,0.946635390300265,1.0392064131355552,-0.24476205416240246,1.4611377031672574,-0.449448949252243,-0.4839824482587394,1.538536470160412,0.29042058433482104,1.384035560573084,1.0455860512860327,0.463948263445398,-1.5257927532555704,-1.2160523326405108,0.7103907431129083,-0.4213756117845163,-0.477980636688952,0.9492766923501041,-1.1786631187777876,0.36235637636780094,0.8782046303969537,-1.190788684713093,-0.918884066796287,-0.4312034971142359,0.6527255398297025,-0.6868970948693812,-0.6982429521834488,0.4768643250408781,-2.258994078300309,0.013997799996281823,0.2782754305731164,0.1205653880695539,1.3853586717185697,-2.0023091405658335,-0.9522980107748137,1.5857365177793263,-0.11409831184705291,-1.1198625025662572,0.11412348162140917,-0.48743809451507075,0.4102806094299487,-0.8088468018483564
sample_991,-1.1445910225975169,0.008195248708694444,-0.005440975955970808,0.9085254652858552,-0.3447973567137637,-0.18762065827439395,-0.7649563139221944,-1.3959599974650072,-0.17910269877768234,-0.766306351143281,1.29119932000651,1.381080390980456,1.9479939480569641,0.27526169472119016,-0.1087618412318057,-0.35614035491573653,-1.00893311935431,0.011992892996262786,-1.241980011311126,-0.6724656730446242,0.15504376155871058,0.11713643644616632,0.24505775795388252,1.0659454343228068,0.4808742324584977,0.6776208546502915,0.38935457949784474,-0.07350520904941371,0.15391772467253312,0.048749715416529095,-0.08542381357956656,0.9535111445480475,1.361154078187809,1.3833145424483717,-0.4292338023294986,-0.9580120024133016,1.0210554707029706,0.9801101873384034,-1.2238638056585982,0.33966152201878896,-0.680782227259573,-0.9434450766297378,-1.2812856213348538,1.4009739304583333,0.3252332179133515,0.43934856232221453,0.9475985694973393,0.43145822872449596,0.985848546386134,0.28724455796930826
sample_992,2.0696582462728963,-0.616186830270421,-1.8148100887212502,0.99747685934993,0.331193847240249,-1.2481306668149494,1.435715767432405,0.2928376999949505,-1.7221211751166738,-0.6743373823814777,-0.3572261300823772,-0.42712719835400254,0.08512620282315238,-0.15347238700938629,-0.9169393415004903,0.30156745869273055,-1.8215155896671882,0.7129066607323088,-2.3233849135752114,-0.49623549165753356,-0.21197315568704897,0.139800863925737,-1.2116795494126964,-2.317119600016411,-1.5493435320923898,0.16773266615108182,-0.0849119946353496,0.9951623189979975,1.2207079343837437,-0.5703132308284107,0.04893166414120874,-0.2643121083156226,-0.42333363152198883,-0.32113808951721334,0.15617324215995682,1.1624434073854553,-0.7810880377920126,-0.6675301226075243,0.36044448429597503,0.8334338556130853,-0.9431226318355117,0.8350953831182958,1.1393246942834372,1.1474310148725964,0.54204160303696,0.8172854585374529,-0.5535048743415657,-0.5529066048375012,3.3443769984867604,1.2161945078645253
sample_993,-0.4372049216836986,0.2962030688076958,2.107454571673125,0.7392094729243388,-1.0357590672692472,0.7484626538379521,1.275496947636215,0.33477678916305764,-0.49789129069753496,-0.9110929786944998,-0.37177605905338174,0.2373394371249921,-1.969495594403047,0.6666060118612274,-0.4596887739522244,1.0636827862262608,0.4575959000259706,0.8709021551783903,0.0009870392382691242,0.6357326446438739,1.489996422779346,0.5383908468899586,1.3243784115233805,-0.02004581390879362,0.7110884160766124,-1.8151549262870263,1.323694577186164,0.3457158568840431,0.5108467105403569,-2.3237177011780115,0.07684581818054365,1.7111758743962167,-0.7378737915529258,0.3767609421850294,0.07472342834204994,-0.9417653614161772,1.2560437967805886,-1.4101983093169441,0.03232521157647117,0.5318255733526561,-0.46605421892452886,-0.9054515297334838,0.4722838152145619,0.3209994825041228,0.17554204912139512,0.2575726002442863,0.15686460145845116,1.3381099896180164,0.43257298849919235,-1.338017489915323
sample_994,-0.49855200417883555,-1.9725223370970735,0.30533341751413035,0.1125274334665605,-0.17715120796720502,2.7022780335746477,-0.3548772132398025,-0.24617454900371702,-1.0837675261398874,0.2510558974610039,-0.14725338263607027,1.2769715482579589,-0.7418435175440571,0.2327226756328931,-1.3230152651586822,-0.38430003328970036,-0.10012709419948491,0.14800272313847734,-0.34333421561546923,0.012397918069995413,-1.44465820213621,-0.06785568216278554,0.662015587478742,-0.8207944246413116,0.09452284267842705,0.12653074228756492,-1.0879477238105517,1.0151457947789981,0.7025181258695062,-0.03456455665404901,0.8590864823941612,-0.023319168122495855,-0.3473374965233635,-0.2677016169575799,0.6354324885523144,0.1515587598141554,1.643313080967637,2.5014915838110143,-0.1615621419471916,0.747054774144723,0.1903808118840288,0.016972416256137865,-0.8584897008904739,0.21871225879192485,-0.38443954097309097,-1.799962205543585,1.279448371382049,-0.6631395340509795,0.2860524121981017,-0.915140638115089
sample_995,-0.0973597294969815,-1.1227606913478645,-0.8238150402721393,-0.6684931773200461,1.5454124148888455,1.542742815147646,-0.23941293828964855,-0.9964077743938631,-1.6076242222507744,-0.6788416566149068,-0.34816500220554186,-0.39654340351171335,0.20975128195953865,-0.6500152353603892,-2.350068048354006,0.02244919669169998,0.0068277715389536125,1.5732251595683742,1.6612323449000257,1.1755493803582107,-1.3929947098294992,1.0800355372852104,1.141935767180499,-0.2572746475956538,-1.4775527147982872,0.8219077428843462,-0.9613536698019064,-1.640584085715083,0.2559081453027137,-1.7691394379431833,-1.4466896344269184,2.450900504732059,-0.18601731756741524,0.7271861287770255,-0.08289662589316786,0.2709142135055309,0.49455285444512626,-0.5620946302696357,0.1821029158348616,0.7875329875178856,-0.4298603656374454,-0.2556538680491511,-1.112501165340522,-0.20102778106210195,-0.6129524578160565,-0.789319972138047,0.3256601369868025,-1.0769730155019557,1.5224797580852698,-0.20029285236417296
sample_996,0.1502184067231827,-2.2944367161161745,3.1141614232684853,-0.9345673912536856,-0.5814729581487932,1.4812135892238347,0.21147570370408206,1.0008061824129697,-0.5571474118295479,-0.5018645915176965,2.0837814340821152,-0.8144413817314711,-0.45644763661879706,0.4336340308736652,-1.0123717836112107,0.48742022878219204,1.9852208390112163,-0.6497073082757571,0.5254484295643886,-1.135502745231092,0.44468845548728536,0.06501869343138633,0.27829832556301615,0.8016611082542522,1.2743546763098272,0.5006109420040201,-1.1249748105689983,-0.5506689459002672,-0.6753920692738433,0.5924524718206651,0.33081033005656446,-1.5440648955787506,0.14399395445316568,-0.4058842895257538,0.782997113792339,-1.5088417556883253,-2.1100825289662932,-0.3149857594059414,-2.299649643617522,0.0070704933703851355,0.7097592719654008,1.1012152268076296,0.9127769521653918,0.3638895111912419,0.11303304542418952,0.8392615741281301,1.154393636198248,-0.5012760013323744,-0.977105105427347,-1.002771705790784
sample_997,0.1829153267701403,0.21936494061894954,0.4011448612629114,-0.42114483661811886,-1.5429714572835254,-0.8262617270362008,-0.13760149415690945,0.11145470331560094,-0.3044550933061919,0.48216206204512263,-0.22817778993814047,1.649498462993274,-0.33237748394833116,-0.48862732440734924,0.7238004964768945,-1.101245081529759,1.6081575825104317,1.384132727712446,-0.7650005082369483,-0.13315291900053094,2.1999336361117012,-0.5071824292184381,0.9061232291712467,0.22243598244537463,-2.8510170649450814,-0.4632823854964782,-0.2640140821967922,-0.3239013082799857,-0.47173343824968617,0.17899056327748247,-0.8523779184333776,0.8844228921344064,-0.36890006907082634,-2.2332087875622784,0.2696516210894665,0.9311680561512534,0.7272424895504983,0.35676750034748217,0.10788755027510857,0.09648180421351629,0.13661806812301022,0.5390279066596401,-0.7096939309642738,0.4846983306048096,-0.39728117686771974,-0.20314733479514782,0.9043156721686243,-1.1222963373777013,1.0924921539782606,-0.07566758512853614
sample_998,-0.8193539868203347,-0.3171220210678527,-1.408921617471172,-0.803372214094361,0.45551389367196155,0.5065460499508674,-1.2442512362205789,-0.910898835865143,-1.7843326658306775,0.8260788169797397,-0.7531048072310852,-0.4893790823616889,0.3944966383504005,-1.1965510820522742,-0.12602538162202928,0.119113124913024,0.8576192366191185,1.1167500744656824,-2.1596074601091764,-0.03380766547545267,-0.05969144279696497,0.5191812220396932,0.5323416815383285,2.286404070058654,0.6479707624799074,-0.9643460721457284,0.8708073448728674,0.07891901576150231,0.9596915464763702,0.24279237858820485,-0.6103104951844439,-0.7391136766321942,1.1980489502420015,-0.008617799454375196,0.512258874430458,1.2922885286772168,2.086160036150966,-0.5924564806469365,-1.000742552332474,-0.318411696710372,0.18444596506700744,0.013940191844645233,-0.10680506118846031,0.500860162079792,-1.276592180511559,-0.7877430573518164,-1.2662044113853217,-0.4579334683041686,-0.8122938265255755,-0.08085828528893478
sample_999,0.49369428165594853,0.31950826963265144,0.32489452648769135,0.47358906627665137,0.7554136698289016,0.7774945165688165,-0.37070289519763255,0.6702361843286053,1.356143071086932,0.45531366040195176,0.25514576129098177,-0.1550848391877083,0.5216756601010892,1.2612998701152205,-0.39035814332311936,0.31576599675916134,-0.5321727193464151,0.779719280345342,-1.0797350215542396,1.2459510375258624,-1.4069049569243246,-1.4386656320934483,-0.0023892166008022938,1.9245058157387653,-0.20860080927322766,0.8073964311191727,0.712635127427401,2.9032817053679234,0.4523865133691968,1.2339866585798454,1.0160218814237503,-1.2500585996078721,-0.31752273453214047,1.0687259059418945,1.0231176430980127,0.863310854253134,-2.147787719560603,-1.0017744992333857,0.830713829917383,-0.555306401865341,1.5006101662275695,-0.029032052592787832,-0.6116823832667895,-1.2111219649773166,-1.0435332536429547,-0.2990097566451554,-0.36236485394171947,0.6288434353371273,-0.14624873127061225,-0.25818107562888776
sample_1000,0.5846140800792935,-1.1130934616763202,0.20309530533698972,0.4165057660877744,-0.6920386763936653,-1.0700782511532774,0.3829779164359106,2.184044214167757,0.36822224597970166,0.195347125812567,-0.7479913818761657,-1.014380689146124,0.05177128173253524,0.43071071712007036,0.35719156934821306,0.183045236161397,1.451866199368186,-1.7327751842843748,-1.8561934068360024,1.1947141724198262,1.039617548702466,0.7088520675194181,0.7474871883337617,0.32018617734490457,0.53742999475758,0.04243446304736048,1.873250093005469,-0.4397599605039947,1.3691328507800855,-0.21323769013821495,-1.5278972121574108,0.9775781634947576,1.9466318458055223,-1.059333259857741,-0.6557568731917789,-0.41636840897070587,-1.0450453788452307,-1.3509972312001628,0.005861275882569831,-1.6613331155635114,1.1107633315099747,0.36738536682389544,0.9399155956187342,-0.42861396993661477,-0.8726499869589797,-1.1128714740043952,-0.08117012621847339,-0.6008716090336154,1.2040083126676249,-1.0593952219864202
