id,prot_0001,prot_0002,prot_0003,prot_0004,prot_0005,prot_0006,prot_0007,prot_0008,prot_0009,prot_0010,prot_0011,prot_0012,prot_0013,prot_0014,prot_0015,prot_0016,prot_0017,prot_0018,prot_0019,prot_0020,prot_0021,prot_0022,prot_0023,prot_0024,prot_0025,prot_0026,prot_0027,prot_0028,prot_0029,prot_0030,prot_0031,prot_0032,prot_0033,prot_0034,prot_0035,prot_0036,prot_0037,prot_0038,prot_0039,prot_0040,prot_0041,prot_0042,prot_0043,prot_0044,prot_0045,prot_0046,prot_0047,prot_0048,prot_0049,prot_0050
sample_001,1.5405695550869638,2.0600952230331426,-0.04102637951832129,0.12305040964140546,-0.4765784927274902,0.1158740542034065,-0.20023622376011022,0.41122923073549256,-0.2931489330190483,1.0428429884144879,-1.1209257061170637,-1.6354237709581743,0.8097110255534948,0.5605968126278432,-0.5571957422409702,1.156986957678991,0.8060415211207033,0.08058012434056204,-1.183902664977107,-2.244867063021365,1.6187595642342942,-1.570766557306453,-0.8768957607502487,0.14824536734811575,-0.7500012606885104,0.7645496931737811,1.0928201675380302,-2.0395419628831917,1.5238727669899341,0.011074585376617046,0.6651547493313613,0.955111722825252,-1.2371715492552786,-0.14674764977132912,1.2592622958444877,-0.8956000261202905,-1.064615447210416,1.0316239009053354,-1.0070435638969077,1.0887107337714546,1.3931502812197378,0.032283688477208375,0.8489760655179955,-0.5887591723844524,-1.7612645510458644,-0.11318944011715586,-0.6627828007854284,0.5202036833250405,1.3566629492550957,0.6383971685051328
sample_002,0.0791110703111209,1.8018812426807793,0.7965402022562241,1.3462540577168451,0.10252772868598534,-0.07673986087271785,-0.4727742167727213,0.6925164545168043,0.21564261026221987,-0.15398661787009557,-1.1783783112602297,0.41310682842271657,1.092676069503585,0.9353584963838484,2.0305489085977833,1.0138807732435753,0.915319593577876,0.2717834331878973,0.7346173438509818,-1.1797432828367953,0.297969344160636,-0.5024168899938664,0.4754666115186466,-1.8253417474184253,-0.9469585722358597,-1.1491623236404491,-0.28765291316274527,0.04468541420358644,0.23447980787494094,-0.2542210494776627,-0.3591294667640194,-1.6334989390211256,0.14498999586060707,-0.29913620024607634,2.028790215289923,1.3944921068735892,0.32878045823448987,-1.1192908607622745,-1.0355464427579784,1.188769439196329,1.4705072877910632,1.5161120202366098,-1.711339531350799,-1.4459255098828432,0.4229171960630557,-0.9584155305069924,-1.0849151914346866,0.5661934498656415,0.39249282061143353,1.5928373050579478
sample_003,0.12326477677449738,0.8783835856240242,-0.20037947745787346,-1.791802415669126,0.281005515074639,-0.9950208270992342,0.2532449222348989,-0.49931668427067244,0.8000445238931451,-1.8247761074865103,0.003498469205866023,-0.5449308372291385,-0.36615180567386196,-0.9285192232931491,0.6187798749274137,0.4563775343111375,1.2803756865822622,0.12760996683962153,-1.8028617985420368,-1.1593261047142307,1.0002115396180726,0.22224396570019161,-1.5478573001801395,-0.6025619205469441,-0.7372556265896293,-2.0566452013924983,0.5431021444493904,0.19120877913005774,-0.814442509195731,1.387119935462668,0.4868754402532442,0.1977218801172831,2.192095830335695,2.1820038754832476,0.6847407080820948,-0.5909647121067225,0.9347645077757877,-0.12681981201339565,0.3091569583144805,2.311722320081537,-0.5006656726126961,1.2368317278987788,1.5259433475103317,-0.08140716482513612,-0.622272963079961,0.7208348265881828,-1.1570786892156708,0.897093315260304,0.06011344435283494,1.0617982336528768
sample_004,-0.47008342553167426,-0.23358159286620847,0.872098645845169,0.29085560816154793,-0.401752727014249,-0.25526698920316915,0.2548247402436896,0.2354001864952109,-0.4099105864756965,-2.0962864439902797,1.3827352231783931,-0.4948766790780401,1.3728342223612537,-0.09312639110403571,-0.1416102174017159,0.29831783145903135,-0.7135340189489154,-0.6925951167411432,-0.30132814278245,0.0804941084072245,0.9713926032344049,1.825703133105858,-0.2780031146779271,-0.9617809176853146,-0.6399182476740405,-0.3624427383526966,-0.7889210754062836,-0.8758702176953432,-0.743527380993416,-0.4480466060110512,-0.5305596896550409,-0.13088984754360986,1.2627346256880183,0.3314836899053001,-0.18357563748218844,1.2091185185286106,-0.4997879881887505,0.560410013137126,1.4834298342485448,0.6137403648719759,1.05283227953907,0.2218733750457389,1.1668875289505918,1.470908003247995,0.19909515617776694,-0.36723345630251353,0.25409306568603607,-1.3289984542808204,1.251027279596394,-1.5361481024973405
sample_005,0.31319020948456683,2.112044251004548,-0.9346278841215859,2.476377320190504,0.4118074567941442,-0.8497400686839142,-1.1457551162583703,0.6343475632573284,-0.3020873617900318,0.2524823470517042,0.529006532846049,2.7924135970327155,-0.6113344434022612,0.27149261538298297,-1.4331105215560604,-0.3515842561463256,-1.0636516788876753,1.5702789808465403,-0.532550533851375,-0.60337170834992,0.5026718620180122,0.7709282312503791,-0.4545848193008975,0.689320658721495,0.655676672313366,1.2265903782909773,-0.4655295494616711,1.8845374583472827,-0.2694873169343557,1.1268287120114215,0.23430072036552052,-0.8237032812226017,0.017399664567590036,0.672359884137573,0.14990247838030699,0.5052644004328601,-0.5016779970952652,-0.8226107311762262,-0.26432506952015633,1.3139519453716924,-0.027384438499337613,1.1992585396828401,-0.4090678479618406,-0.6267414258803763,0.6442941324966681,0.26460715864586637,0.46814141132354814,-0.38746298770717275,-0.7537765476311684,-1.2086240167304498
sample_006,0.8107627979628881,1.2306952614946027,0.6198730139797233,0.5862545407869449,-1.0646681890150032,1.746735407992837,-0.27737342387399466,-1.7690690872980246,0.04754734476368201,0.7504481400318374,0.5598705617995957,0.9619066514994828,-1.2205617295466313,0.651935264985391,1.8124255932638318,-0.6881313061343995,-0.42909015092764996,-0.6712431229899894,0.9142837133662965,-0.40595837775793314,-0.29256826516211587,1.8153908939476722,0.9547574051712758,-0.05058011932022869,-0.6575945771529986,-0.33827330378396775,-1.419142340928694,0.8056724002269822,0.7737112534908825,-1.7407274731415376,0.03826891705323956,-0.6496042500620196,-2.0091145166358384,0.4333099608054958,1.4920051844824331,1.148383967099377,-0.6134198221799962,0.12043687478437808,-0.5404865982877012,-0.9958558896781601,1.191090672480604,0.674804878813817,-0.3657229301644928,-0.8237301587855026,0.7137081270857568,0.18877716534925543,-0.7798421012883613,-2.2262710027906993,1.1099737219642751,0.19078484524467682
sample_007,0.20662320505947473,-0.6144552846268199,-1.264804175063017,1.0302882449042,-1.9034651017176611,0.8898415698595792,0.4499040284708575,-0.10276071237130896,-1.4395469463451898,-0.5726037095579855,0.25849275860460624,-1.3943660439307406,0.4924073587385141,0.013023194219504439,0.19534865944866242,0.5357864325716063,0.9563425076952019,-1.2780638091366818,1.1161617867792244,-0.6443258274148015,-1.3272596946697306,0.2680874932178613,0.14851517479875867,0.23603146014084486,-0.47163270241689453,-3.61506013772216,0.03372635973631871,-1.0059660486720414,-2.5611657544753297,0.22100149932790625,-1.3308118756133442,1.6355544595473959,-0.9688608927049037,0.12234900797814376,0.3541480118944075,0.23631210990393964,-0.9676851353044534,1.4026962008975097,0.167843704260951,0.08470639693919048,-0.5635529905248093,-0.553162995615526,-1.1038387924294735,-1.1052640878500433,0.6443160731488038,-0.9275685649114135,-1.2179415523422326,-0.25204598871395967,2.4477149976570827,-1.028119767281523
sample_008,-0.7066892453633714,-0.2526946606613067,0.327401347746492,0.08379565869104279,-1.2232745514182206,-0.8631747023352162,0.46441372917298895,-1.6331083134383222,-0.0429551421827062,1.2616140824972812,0.6522729085099673,-0.5595785219966916,-0.9713084069172899,-1.2820308577589723,-0.8264096434183218,1.2412875508646168,-1.289973650259322,-0.670580792013847,0.6601447274810218,0.8815472334592033,-1.9251198229595792,1.0631910338355663,0.3446194037846264,0.07119255552050735,0.4329964258178154,1.2632017437977463,1.16187561671725,-0.07274368519963793,0.6590399781182295,-1.5844378130205767,-0.3802243364667014,0.20702378649517483,-0.831182713561623,0.5362163931830473,-1.228381055924192,-0.08875962954572349,1.252228101472658,-0.3694841835286799,0.9772053713965835,0.2431732074822756,-0.31960505176960513,0.2013041798107867,-1.1823822462948557,-0.45504956500609983,0.5442568994146394,-0.8817910518109786,-0.9054277750740916,-2.6108829855727906,1.232243390340973,2.0404741197646157
sample_009,1.107532810964821,0.38944149977147885,0.34026024000707517,-0.4583014146086555,-0.23509078249226656,-1.2918274019483194,-0.2715918027148327,-0.20207610521400612,-0.26213880795817557,0.36256369794435045,-0.7200114519541843,-0.7826188403772801,-1.3613032012065105,-1.0642880324235628,0.9461821831459487,0.6860136006200556,1.2696925857505523,-0.1893405029675797,-0.7107522396707738,-0.1939708421743105,-0.2895404998871195,-0.3799560409954428,0.6917717236466129,-0.6509037304664522,0.9112658138341723,1.2900353421961366,1.926549071208364,-0.3461198644839987,-0.0132038325650359,-0.0005203723817420068,-0.2688783593195504,0.06767797525928854,-0.288950424819091,1.2257766387543856,-1.8885496598314846,-1.088196216375824,0.3157530707632081,-0.3858375954315862,1.2595785197712233,0.4339191957745488,0.35741622901762854,0.04582724717407554,-0.22686286866775954,-0.533748502058668,-0.3466343047926251,0.835276506005572,0.008369480716714537,-1.5332601961314314,-0.1337441006132568,-0.38070415286962933
sample_010,-0.35542912382311725,0.02617153827991851,-1.262414168807568,-0.7257234947802034,-1.0867695227850316,-1.617208694877125,0.9130355945429522,-2.2267969218192705,-0.637732469508167,-0.00885303185908426,0.5192714962467389,1.191800370667704,1.4226062802956754,-0.4108928828589616,1.0181740467655673,-0.965940185370672,0.10798185746696658,-1.4493177186734663,-0.38735891430766084,-0.8192796708367811,-0.22492307661782746,-1.0963693759027084,0.5508551352408968,1.6715672984450403,-0.18993896223239895,1.105908515868003,-0.36709760919871093,-0.6445600899750304,-0.10120299582224412,-0.1868086446332737,0.15260377798759647,-0.966258727204599,-1.7450984591197831,1.553670883494705,0.5819928363663761,0.3168888840517221,-0.007393171471132465,0.31512482019947363,-1.1691334720579647,-0.14991282741075673,-1.9116012419043098,-0.6290564930454196,-0.2789251929696303,-0.3645833475502072,0.6001395053746014,0.7350328499846188,0.006596598989686568,0.10004711888210994,0.9020989237129402,-0.035295852738068956
sample_011,0.20921443698428202,-0.4352369562084243,1.2875954307853614,0.45622328774700815,-0.8934968618768072,0.5901771961354755,0.6493813544551775,1.0972201978185552,-1.7075311864603862,1.5702095516430679,0.41682671862122245,0.25850446249953335,1.6880049034014375,-1.4274650098817794,1.473789847449136,-2.5214716532295993,-0.3415664112763731,-0.16117073072535962,1.057133480903577,-0.661701666847061,1.206702942359553,-0.8298962390391866,1.4757281944411509,-0.2592870675415765,-0.3211395972620403,0.8420852609645803,-0.4161407369171956,-0.47316888225400444,-1.0471239613562846,-1.5173838149713674,-0.4103048092340883,-0.1480710733962059,0.9342263173552072,0.19792108021438182,0.4978195802999745,1.5144252063474875,-1.1856246275914841,-0.12103576282862376,-0.36245689508047885,0.7252544544440979,0.7252286952560824,-0.9710989914230009,0.7180662412485258,0.6063673572945462,-0.6788072189274326,-0.715646880093512,-0.002034311352121281,0.38473501565315193,-2.9035391514469624,1.104407158569747
sample_012,-0.08381052714621687,-0.09909365092345664,1.196558262011237,0.634985315427071,-0.0359051911954137,0.6452826805540325,0.7033795848449008,-0.20584197420087422,-0.4587881318194199,-0.35866406282983193,1.062778068815457,0.29533660753368735,1.7757598295676666,0.21019680603401308,-0.25254049710470805,0.2284351210994027,-0.37597127231486804,0.3251365421347613,0.5660733059436417,1.5588136350987243,-1.5464448563089228,0.6817677539957391,0.9075934420386073,1.233243331323317,0.9140455433488773,0.3675167239607953,0.03643798469495213,1.0699483195827602,-0.4565440900036621,-0.5729772592272417,0.17256394389976648,-1.2798030302589503,1.0930474638311503,1.2581485250305853,-0.32356320318996484,-0.5088031469970697,-0.9035603392738937,0.7902637081730186,0.6426822051608627,-0.015237656375084159,0.3441188521088648,-0.5013173229898823,0.9513293583870471,-0.09737371226295283,-0.5295587326275786,-0.02327736952226036,0.39405017388240243,0.3407936444556165,0.26332354074192615,1.0452400503785868
sample_013,0.6365480149682646,-0.20545956881582983,-1.7259773690100242,0.7628631768014736,0.6619504520636458,1.737225034846743,-0.45191732548528546,1.004222327195097,0.6604024954464802,-2.4055982050908575,-0.700398092031037,0.7616861696664444,1.9897090975245537,0.8235194355262793,1.6687973932688591,-0.4352282516586139,-0.8331149944454573,-0.8883671451917986,1.2637809589853708,-0.11834611047451733,2.1994273371999897,0.3005441663184751,-2.692167141788321,-1.498739684106134,0.5698257579531584,0.0483621421239166,-1.2123488959497652,0.04181204546338222,-1.4563084996290283,0.5325755017950315,0.014981979722525176,1.0932239484541306,-0.43016413351485355,-0.1345019232871762,-1.391849682765293,1.1858658758879244,-0.12668518393694422,0.3146117374896869,0.572225025800278,1.501502013654913,-1.161332496642631,-0.6180280581488165,-0.06763789403708984,-0.6255339453784862,0.7296565815020772,-1.1116505655652478,-0.7984261532214574,-0.5607561320481208,-0.6528314345621326,2.0178225495619557
sample_014,-0.7622833769929095,-0.2878510403378942,-0.9906423267124833,-0.006399479780920968,-0.2409645618903167,-1.08760924698023,0.822596001291774,-1.2400952697130634,-1.4013843289350942,-0.04828555638887494,-0.09132696962670758,-0.9456087345898453,0.2654967497939703,-0.8043841801725766,-0.652372640579421,1.0157605485066217,0.7833616095865776,-0.4353868502791778,-0.2127748949990797,1.1608520213508464,0.917754515956093,-0.9831854350549467,-0.4113373129468316,2.131419888375145,-0.3629721904686499,0.5058415430463723,-0.16133998876096,-0.2759799271173646,-0.9586771692857393,1.4793530587671533,0.4309705997905006,1.4460168351554805,-0.018914274605596547,-1.210500844585401,0.5145033537931378,0.4066935841572598,0.3511689585023773,-0.7140180469795285,-1.979683328953418,-0.7631372448896133,0.5307308516337423,0.5559529412063443,0.9103044003947096,-0.4210958205224522,1.4087807844866063,0.755394641757748,1.0409772917210967,-0.2600465443067435,0.866175922391847,0.2603301368900585
sample_015,0.3005375675212474,-0.9685167907242519,1.1887922676399243,0.5417951492152121,1.0327507752016616,0.9786354608795089,-1.5831707029269373,-0.680886055574027,-1.4139906386295333,0.6563767736014584,0.9117962301522405,-1.2589553389628565,0.616789901255464,0.5113244489119849,-0.8383805562195652,0.25619709599505336,-0.1451745612483862,-1.2261816805845598,1.1903951679660094,-1.8841344960284416,-1.4048196207898143,1.2004896701170058,0.6679671313288059,0.06094718828623143,0.38037819834858133,-0.9183940515536413,-1.4269902790428777,0.48444074242978014,-0.4142512069977215,-0.824402723927796,1.0573525002024693,-0.6140746963757616,0.5522617137489736,1.4594655753005374,-0.19194707522508744,2.2075673258775725,1.304699197318594,1.716757730674669,-0.44296033799980994,1.0597360687588455,0.735117808856225,0.04037812759843001,-0.44006958572825483,1.9819910308769741,-0.6208284963598673,1.3276079094086168,-0.7083454156745105,0.22108431949129154,0.08904501708594717,0.498535653180727
sample_016,0.4151899919372347,-0.3427580843713144,-0.8890186857339962,1.2533594591198605,0.23886315090179627,0.1879230964422401,0.7877986534427374,0.8548371770151106,-0.5454716459593697,-1.8429803305783539,-0.5225049167327944,-1.552350989783401,-1.2701197782129374,-0.013970429629297936,0.47557832823288715,2.6112925730264904,1.193551607096972,-1.5906379238997217,-1.1997131235430507,-0.7447888421632437,-1.9224277608121545,-0.4954790110799095,-0.09409225601775682,-0.6402761928392299,0.8807322527109653,-0.32230603563074856,-0.9739915110707538,0.5166995176342286,-0.6426945226831905,0.25781665195202574,0.9884333358169285,0.48663943531307446,0.16153104835018497,1.1257437105081083,0.4536002113857737,0.9906793575384729,0.3984875896743721,-0.9462832296746904,-0.590414287888996,1.7798408498826908,0.05342945949346585,0.9050786385389242,0.5511265743058628,-0.8955048939903631,0.6002819622958793,-1.1039281244900434,0.21631873112309274,0.47035439252163996,-0.48575661633581235,-0.31416506779532394
sample_017,-1.136055669593419,1.151589393194823,0.3889762929493595,1.5363416381334745,-1.0008830554689279,-0.36075576089091693,-0.04679172342838952,0.6077701767940167,-1.3796723389270538,0.8560639649635821,0.37707527787799044,0.16095832373704264,1.072654636113486,-2.4803638186230645,0.6994492524666696,-0.18275901416156826,-0.9298210772117862,-1.0724307578003929,1.0104689847900803,0.46850081978281327,-0.2676321047061377,0.1568674776884873,1.4339982778575935,-0.07117921407667972,1.5472094329131543,0.24280302761876027,0.39355364685963784,-1.9883651751013114,0.04600893860876825,0.4118918304087311,0.6697743371092068,-0.4947765625777681,-0.3562390593277466,0.5073087424693582,-0.18868654941617471,0.07007085755047415,0.17918732699330256,-0.8573594151117547,-0.9427014438279557,-0.6065007283569441,-0.43739204842565327,-0.5496366670606483,-0.7056908210266856,0.5382684056029401,-0.9513514691982372,0.0947474192934633,-0.9298714377223546,-0.4417489420596995,-0.6676793914684002,-1.2369597265117014
sample_018,-0.2771703324694044,-0.8643153593500671,-0.9443238719222536,0.9802141209864325,-0.8784847491266614,1.1394332225602195,0.9848717943943754,0.31610687465684467,-0.47301072376264486,-0.5503093205082277,-0.91577501044831,-0.3114918355605831,0.024316541438410864,-0.39118250281193584,0.2970010256252119,-1.3727024907156558,0.36933255778139396,1.3510953495412892,-1.8478405962215392,-1.8723142690427124,-0.28939052420739125,0.2720582567092612,-0.47532334863669823,0.06929926757819725,-1.3696157680324317,-1.007166667764812,-1.3888614300341426,-1.6250608149193357,0.2312936604807295,-0.5314607477977275,1.9480742526174186,0.7612367164469463,-0.8413029003893711,-0.1696214408334446,-0.2631514651374052,-0.6825446400982371,-0.7052688276571153,-0.4059157081608959,-1.6066515680419002,0.5236550771555532,-0.26469139744250414,0.31028246832601364,-1.7430338833335612,1.7013295268451019,0.4923811395191366,0.9256620446335465,1.6305223778906972,0.4224297904349955,0.5142962278082496,-0.07801789549302984
sample_019,0.641744059177548,-0.039862890540402374,-0.6348283028527404,-1.3690133457670153,-1.0109020155295507,0.389501487163121,0.5614447287626757,-1.4301497705859008,-1.5023567282053667,-1.1515353213892958,0.582508579537977,-0.7092827499575346,0.18263333724411587,1.1031625243457022,0.9265120431301769,-1.1755532705377434,-0.6611136363901742,0.9354719535611521,-1.6479651176488617,0.3495031985109139,-0.16061539747223907,0.1411951935973013,-0.31113734357446154,1.4882790022405843,-0.45538063066599654,-0.2179942434043195,-0.31822260264501906,2.4533118911225515,-0.4413664312496166,-0.44087973162740085,0.6809330971715553,-0.4076051408886625,-0.24187735787477063,1.2466964134291163,-0.4639028102334539,-0.9793324286632007,-2.1859881975277586,-0.4822159651220857,0.08870978130614626,-0.4142138166271501,2.7110118247963952,0.16521887698222162,-0.23884085847078163,-0.5199038598321167,1.154298114059249,0.07299583563057845,0.6674624921259377,-0.32479807040008707,-0.005311154175611325,-0.6235426558707267
sample_020,-1.4995270152952926,-0.8528263841596082,1.3961225109306146,1.0349487937564972,-0.6653970336424763,-0.7554672424391169,-0.3062781027735539,1.145589756732209,0.06901402526816808,-0.497715201519808,0.9217203292766295,0.6826165993909086,0.257720133269561,-1.7996778597404055,-0.6888762653818519,-0.6567572648428753,0.09761452342588242,0.8391690989435534,-0.01610372056339328,1.964680538983307,-0.5581912076333035,-0.08393096037831398,0.4139865329301857,1.367420415266256,-0.3204010055485747,-0.5871988143946183,0.351730274472586,-1.5047170076404408,0.34012732317762406,-1.7452462525667938,1.5389601971142484,-1.2765349281364704,0.6416450513899477,0.019533485071118836,1.0990866155476922,-0.3543705600108743,-0.17956313513294003,-1.6149709211031056,-0.14317045578690635,2.508690140104891,0.8347683546299799,-0.6705717195626963,2.6006421059726503,0.5867259984604745,2.6890638733987697,-1.023126063107049,0.21962274694914863,-0.06630510415225672,-1.0465946559927015,-0.015850546822104263
sample_021,0.8325803942510313,-0.022305444031139956,0.8805271727910917,0.8572227575931297,-0.45058294629345175,-0.2617357046132701,0.2722890559721448,-0.568322000971259,-0.8272676259473666,0.1417203789899494,-0.18812276634126468,-0.733447793945731,-0.7899251589240595,0.6270477305751334,0.35151277664845676,0.42283551016166104,0.3713050636527184,0.0017731515175191854,0.6581317228612347,1.9216050044529103,-1.6637886262740673,0.3851012085489333,-0.7712447474513842,0.12127172957011378,-0.03700467724827954,-0.5728414746878056,0.7577714554102115,0.0528462146632056,1.101819710780298,0.5021107340033274,-1.643821775654091,1.0447385866454229,-1.00333938583434,-0.29235153509334944,1.409057266456584,0.5575187106895025,0.1585495869984535,0.7316353622915455,0.04164714310233652,-0.38199732608927023,-1.8297626057238123,0.853789386718281,0.3810248928822845,-0.06012062995701093,-1.370253216150497,-0.16839736610396774,-0.34047978678474694,0.7396632259607893,1.8748522712295712,0.07402996332650714
sample_022,-2.373727883691417,-0.4567967839377509,-0.17317443708547628,0.9771418834234993,0.7854331621838263,0.9913247506102917,1.8908777516257627,-1.1740261553170412,-0.20011541229577004,0.32065532355362975,-0.09196706247544272,-0.9510747427884031,0.7203758738525163,0.24712991063201273,0.0439379609249427,-2.6240614626475947,-1.972852844172559,-1.1427912084777452,-1.900872638372083,0.9954085596566074,0.5645625626270806,-0.9871388058334067,1.078355011742602,-1.0122560159166607,-0.6653734705380019,1.6941941994063965,0.0010186365174712604,-1.3393547986345518,-0.2186200036300451,0.447947992711396,1.116701596583817,0.6434703571234047,0.5049857172431714,-0.6046818046981708,0.7881070028390328,-1.1459705157226443,0.9968913444655386,1.1476838958915907,-0.17758880827208004,-0.019534756728811428,-0.3224735506876996,-0.7103471721348802,-0.3631266982856927,0.9393930351566783,1.1395841298972842,-0.30698083472157306,0.8770196593090137,-0.4615176716760572,0.4922139800875748,-1.1546489383312095
sample_023,0.3692568679139255,1.3382020678231763,1.2656347799459777,0.7254512494959868,-0.7169412539803509,0.8243798701033462,0.3936677923644787,-0.6285759951753502,-1.4133091811614915,1.1907595839141978,0.27845357911138374,0.7742870404055664,1.3201010863736082,1.2235071599841216,1.7481831263880405,0.10090840491019248,-0.6822736021387952,1.0442200643943609,1.755046094001024,-0.8432163991974662,1.3788237224740059,-0.3921519374742312,0.06910079131424339,-0.5526135964167168,-0.2784457134006902,1.5686432995221566,2.560357486146967,-1.3657457466096983,-0.2816563999092677,-0.9570224934036639,-0.6158048510938762,0.8512588081244931,-0.28174294326949967,1.0005165550467878,0.3196567643546306,0.5278413178735812,2.769016101746462,-0.949708228780701,0.17228623496129733,-0.08944215580563686,0.8236288661796058,0.021346183078549394,1.5248551533773944,-0.1665208477602483,-0.5282569349259806,0.4457161507114936,-0.606962856741735,-0.7248043458180121,0.6868153955037736,2.341295674441138
sample_024,0.2259004512075823,-1.1490178851703015,-0.4250957585193518,-0.5160823543714521,-1.5372767676800383,1.2112852487341539,-0.23217222008611313,1.0770525356044,0.7768354496741922,-0.24421327265875234,0.9794582488162624,-1.0245283128553595,-0.7028517255751011,-0.07929150204236235,-0.44006147097639864,0.0010751149333956395,-0.25305218631741033,0.1956437007267141,-2.0384592097581993,-0.36774133561537514,-0.30084698344638144,0.593833828709987,-1.4471125191986045,0.6977620359346275,1.6247424857844688,1.1545751513370566,0.507218030945655,-1.4674024467253484,-0.37964886672838166,0.5831632983816557,-1.8167116597737272,-1.260194905171168,-0.44059885475318145,-0.5154337374475592,-0.42388463623753675,-1.3936763438832334,1.4234416378244148,-3.4120297679354676,-0.31004873096282426,0.9743565396231445,0.0336486641474412,-0.2795161175897433,-2.674589924081244,1.3973480931458175,-0.5645516629615711,0.5317949227574837,-1.0099672100087005,-0.5353036410055733,-0.6596902067006832,-0.06513428373989466
sample_025,-0.5842704906509065,0.2731584732400458,0.9887638694471576,-0.0823846387942262,-0.34851405399795016,-1.4421121394330194,1.2418934207365973,0.16842553326670628,-0.24768327351505326,-0.10453544073289757,-0.8959231616782001,-0.08447922982672523,-0.7830850868344633,0.1968851993346615,-0.6651061720225805,-0.08720338713426085,0.5796137343972133,-3.09524115658688,0.9688787624086744,1.0752210461578147,1.790541584742212,1.66963767807908,-1.541565321801551,2.6045584826093036,0.086608195977495,-0.23208892395634304,-1.0222854868330717,0.6818123649088733,-0.07378694718165421,-0.5477824176443039,-1.1150536995700988,-1.5011322260610487,-1.139841918257038,-0.1723423195160245,-0.11292871063788733,-0.5167931545036178,1.0075846139452773,-0.7340417951791501,-0.5183276886870959,1.4782953135957062,-0.13348561890173624,0.9375002559496766,-1.6395591594757284,1.2559501119918035,0.19377674855652752,-0.3782058755963674,-0.21720584361367254,0.7649778284544382,0.5793185845580395,-2.643597775993584
sample_026,1.9421481174730586,1.3650932277107228,0.4555076141006717,-0.7858524623148297,1.1918094552520524,1.1682928169002618,1.7911620598175626,0.9409912481018772,-0.23077827263296766,-0.5608183425533295,-1.6558542829860154,-0.1602473088795602,-1.7561718605229084,-0.5272488629357771,-0.30550323796207735,1.158935819454988,-0.2302412402112931,0.6590812048903204,0.6304841244272484,2.7154673123778634,0.4532576014938185,-1.5317170203097452,-1.3338707254054003,0.724626027076529,0.9597590652177495,-0.25370102143997225,0.8206407804038444,1.4047427318189354,2.548114144576315,1.985329537196831,-0.19149068983745263,-0.6508140378915762,-0.9613437388207107,-0.27969490440810096,0.06176169224930084,-0.04561319941325621,-0.6970673474950195,0.34188787829861156,-0.45469671805323864,0.31130948687308097,2.2683038522805523,-1.3973323437561875,-1.9320878454038264,1.1451082571097668,-1.9967433782519757,1.491304271151143,0.01120858454857579,-2.4466097211901268,1.2239430809549827,0.9895828067771499
sample_027,-0.34168216094974196,0.2060467356434442,0.8694427181362431,0.6429241413216628,-0.789116049853867,0.6989589993779729,0.3844363137136942,3.2132958902317363,-1.1853538555981686,1.5315827436712925,1.0489491455163709,-1.414608310817722,0.9191158123731994,0.45034551738676826,-1.3052354598038833,0.5812890025288094,-0.1277418210487248,1.5371848440008593,0.6476275487550793,0.7796069632187544,-1.0059021075764063,-1.8452354049136699,0.2689347009624277,0.16921872347337477,1.8851527434454407,0.40741946189465883,-0.5068163819079322,-0.6010532559472066,-1.2064046333021947,1.4861134340460551,2.1132649749256855,-0.28488144184688813,0.7474228472023354,-0.6260140156716788,-1.2296136844147154,0.5377731474816186,0.21577376946890234,-0.6416528553962983,1.44909646964048,-0.17234428151658343,0.12757266390442804,1.3483430633918447,-1.282575530119763,1.2014444490222138,1.1736839010472069,-0.05072740818465516,0.9546303556034611,-0.03495040781107896,0.6084926526991462,1.194600604481302
sample_028,-0.5435570056356732,0.5133841224588642,1.5283698598734063,-0.9267170019836444,1.0852527709773563,0.5689647016560391,0.7435793644182523,-0.2679677854383414,-1.395439562561859,0.30546214587656545,-0.5620258647281022,2.0469313529359594,0.5399146570441629,-0.18028480869077923,-0.9900202975317949,-0.5259057347468137,0.02564405930766562,0.034896112527046025,0.37569297528905826,0.43183505252004084,0.334096935966027,0.37336818761093143,-0.38002040761441763,-1.9912354401033483,-1.8899220287352267,0.39289370793707196,0.4755129370471091,0.4999880263676715,0.7089523094557691,-1.923445157450831,0.9450260927688328,0.28915606952081496,0.9664627838626989,-0.6412156313946211,-1.1029532108124738,2.0747709789326296,1.2133161886004673,-1.1713036473522085,-1.2628552495954044,1.4063597424321967,-1.1960921402937714,1.2211769386905973,0.7961129839249147,-0.4583729733790914,-0.1265055984956255,-0.7630237660871619,-0.1948408524067287,1.4796965878853046,-0.8771596545058042,-1.7725411936385411
sample_029,1.370503170666036,-0.16512792817808422,1.016461373716478,-0.7944115320312971,-0.09616086093359306,0.5154065574681242,-0.4526126356486424,0.03586483608181099,-0.30667974817357924,1.4522891961903497,0.3676476216098573,-1.5298034750961558,-1.6119202618060593,-0.8301930968924035,-1.1690318085077351,0.9288387503476221,1.5789057091153744,-1.0595285537850627,-0.05223941746256405,0.2747349661817299,-0.49689554016194637,0.5463474455185245,1.971011815868431,0.5464647487453949,1.7035859141767862,-1.4841394502523015,0.06182855244028808,-0.4045940947142001,-0.07340479660045503,0.11623102020829632,-0.6889847741291094,-0.4493014010808964,0.5719975033387316,-1.0416315199230288,-0.2890494684295882,-0.8947377972549241,0.40548799483571646,-1.692237627592433,-0.24840592374069878,0.9186758759520086,0.08909760071050758,1.3616028951478505,-1.4215047767027167,1.6076229130169004,-3.0892240475528556,-0.004614214870054347,0.7277123178972118,-0.10652782359156149,-0.25299976027714777,0.15702628390136433
sample_030,2.5610678913035683,-0.206082973149676,1.9437123864826653,-0.6714013818102093,-0.7100977853440188,0.6676087196595383,1.2102368722256054,0.4222642004246745,-0.7229097813254756,-2.624486436893495,-2.7338471840180287,-0.6005424772262133,-1.0243601910128965,-0.9450672318879625,0.6032209093966958,1.2070261893175032,-1.7926696394701314,0.623903317182318,-1.0567747280564987,1.2707665511236312,0.4901564073752794,-0.229322952978013,0.06184658489172015,-1.2307500164010858,0.11671230708268718,-0.36959051785331204,1.0477723829586825,-0.9475220976722831,1.1776827785426203,-0.5080238972912151,0.9036655540520702,0.2961542944336799,0.548664631315529,-1.646700562226055,-1.1143023192587054,-0.28538776948228134,-0.36335215462335907,-0.5440245352910743,0.24924266596259054,1.9441668082785628,1.5373217969026671,-1.1598743255451347,0.5203439428982383,0.25923512184887804,0.8060477037035693,-1.785760653389039,-0.20905877247121388,1.2233599686340138,0.7943855526298069,-0.8579558835312978
sample_031,-1.3272953752283734,0.20608460471131057,-0.38324971867761526,-0.9152945629370215,-0.5981709143419841,0.9331378379967992,-0.7626806483922913,-0.6552228512282153,0.8858000934881799,0.8330179422520624,0.49345690406040926,-0.494790907861673,-0.21743146346753223,1.5940878264331075,1.8700590395134595,-0.29519597872204895,-1.5098427034231,0.6849505614619313,-0.2771578298887356,0.4998099660694828,0.7750186987537075,-1.023410444282597,-2.3038436960672684,-0.13728680848548275,-0.5211078942159498,-0.5042100883818798,-0.8608918861513174,1.635773274289793,-1.171247871299078,-0.11425932034805357,0.2968346192489684,-0.04272048346057779,0.3684215571574134,0.5890319197234498,-0.46973905982912284,-0.7597955243152642,0.747808249582367,1.2638505700415796,0.9296489798377606,-0.8841556331890698,0.284406755969228,-0.4198354239754152,-0.11683093789062843,0.48570880073935857,0.723746159840341,-0.21874810939969086,-1.1350074052995722,-1.512655847006674,-0.34636694012031677,1.8067215274467825
sample_032,-0.8109639575043511,1.5079892890253113,1.3697736475962599,-1.1499309180110655,-0.6375577393095972,-0.4011284594053659,-0.11715520779609312,0.4301753563561196,-0.6634457347751994,0.13461333031331912,-0.03585855858255832,0.3976433346877979,1.3640186668852312,-1.4002927732856143,0.4075019827175501,0.7656646027651343,-1.026990534996392,-1.5002658102360935,0.2800920527878785,0.21021898805078346,0.44433538283165036,0.023311230493540835,-0.6322726980299996,-0.4651351776783106,-1.1617405996609946,0.8574239120821013,0.2625994446400865,0.3903862821765018,1.849339448212912,0.021827153538585754,-0.2014758502867778,-1.023817632565475,0.2610474381565461,0.8862965804269396,-0.41791204512831437,0.7423063317743406,-0.8200304287711826,0.4389594649994855,0.3657975529053058,0.44655172620734435,0.5403729951728063,1.49920714214566,0.9045399287764458,0.1396289435122515,0.12308497854119498,0.8024914451055835,-0.1380268422130554,-0.2409558083157283,-0.36307364784228324,-0.554669366666093
sample_033,0.2831529699263792,1.3707915116666887,-1.0544097497611375,0.04743188067688985,-2.1786023781087414,-0.3157617128153264,-1.450877001058267,1.147028469702377,-0.2278378018742163,2.2520997366504942,0.6222963128862481,0.6833088276190232,0.23306378599455863,-0.2746901243252348,-0.8197383939504351,0.7829623828791913,-1.1754308055050038,-0.10870463863937138,0.44381954059179785,-1.2744426755122096,-1.0401090650959242,-1.824465301185137,-0.3368810948080682,-1.2323538706605504,-1.1609892350955056,1.2292792769324008,0.8193917529339518,-2.6891208171208962,-1.8908983212585426,-0.18669441771127238,-0.04205079559472185,-0.8078330850294878,-2.2965521873295787,-1.677363016551429,0.5197940904795888,-1.189911966318088,-0.4441961535313464,0.0626512819324969,0.2381521048148304,0.714234858700808,1.265627392690249,-0.26619084880729216,1.1912478764917989,-1.2552409019666437,0.059392193747541996,0.13354322586008255,0.3994499672803556,1.8025979306326105,0.3207798508046173,-0.2967506907980239
sample_034,-1.216306859312482,0.7258111704005236,0.3875231545750502,0.022714915562291278,0.3522213595186958,-0.24976891147975833,-2.7794608157714107,-1.575121669532358,-0.4608609027878455,0.31887447465083735,-0.5527957629160503,0.27660035268811994,-1.9187032781738325,0.24150736442082807,-0.0019166456019013849,1.139036367123381,1.4958712538341061,0.7747843184107802,-1.0104491491814156,0.3104028420120577,2.224602925838722,0.09819212949388195,0.3324325415485128,0.15207889911191907,1.0995565023382987,-0.256701332241829,-0.3252432783080046,0.3128871309571622,-0.7344948341986569,3.0005128353915236,1.129423267188698,0.9311624132059675,0.17039675537249793,1.8516635388944505,0.44505738031987796,1.4663030089032913,-0.5047652581432112,1.047749875749437,-0.1188720662479339,1.1383517796196165,1.6640466352657,0.9337912494910529,-0.2958072823862999,0.9362148603418269,1.6156131543276828,1.4182420712024,-0.8385376510029332,0.5979350516228207,-0.6887629545959549,-0.5085106880173974
sample_035,-0.42275614358433417,0.9937273854129509,0.3816269880546657,-0.23377754072445744,2.2679555586068996,-0.49597016512195513,1.3997216634064424,0.4697792901321085,-0.9487554630248598,-0.4776323524372378,-0.6298851959361785,-0.256921834317755,2.028047804918418,-0.048194264741872925,0.24691082162726416,-0.47745650772508114,0.007934882426354246,-0.4974185884127326,-1.1275037949859985,0.32064678440634,0.32934947927224356,-0.935965742814392,-0.9350302422418018,1.4104098277640391,-0.5392148863159829,-0.0892805037988997,-0.5641031766510801,0.7357802629844563,-0.155171119743286,0.9739105220872277,0.2456504766692597,-1.0476301984613476,-0.0543513002667616,-1.6599178198362106,0.389385995097307,0.5314600298782185,0.10850637549551939,-0.27561765169116514,-1.3472600229099474,-0.4089711105502885,0.9669896922310288,0.8165607764104721,0.10342423649277684,-0.9972912994357852,-0.7191578242060959,0.1192887720334054,1.843051937682043,0.4188553938499467,1.008486530337907,-1.1240288702281114
sample_036,-0.1358546912478675,-0.5657566759248217,1.0000922628353712,0.866241557521981,-2.1157955199503355,0.4605463004882253,-0.5808998684869674,0.3147458305439274,1.7277326268537696,1.3660698156648554,0.18141149277633112,0.5669577538160587,-1.1254618107943406,0.2499042603060588,-0.3032061255476778,-0.15876764267349383,1.0540852636477083,0.5911060752839302,0.18231227926508492,-2.562071042436836,2.3323613989038887,-0.4599199684729883,-0.8896736449307935,2.8056850550595738,0.22713517875889774,0.13897522856244937,0.5949737535140796,-0.07348591444252171,-0.8834789556294885,-1.992787549569568,0.3357263735122676,3.0600841088157367,1.826174748066431,0.2865110646989695,0.7537560974953932,-0.910723843805286,0.4934657090406683,0.2887834509227555,1.4621861884669174,-0.7891314626606452,-0.6889473138293215,0.6310762400997851,-0.023117661917462718,-0.613759763906688,-0.007236918578330279,1.7596604394215734,-1.7902269739392618,1.4535131125880125,1.759742724768398,-1.7505939177981917
sample_037,-2.3828517512202634,0.927791592550457,-0.6642832481017812,-0.5325631519940931,0.9363429091091272,-0.5101813527797744,-0.06458804128309245,1.1416409579787687,0.6420595076834736,-0.020799134146863157,0.16055239808621186,-0.12819258722647897,0.16054574178099956,-1.6750975464136555,-0.822224005375361,-0.699202395446645,-0.23236815604079497,-1.8334815672084435,0.45715099389547514,-0.002773785602906299,-0.5611946600524165,-0.7260018249781356,0.12220360759869958,-1.226664821462588,0.9103235203635084,-2.5038667654675457,-1.4744373661028736,0.4218149088592348,1.3765212704385903,-0.14186893398966943,0.04561938825455814,0.7051116074540418,1.0034819006498032,-0.8418935800791678,-2.6042623125550746,-0.29218114290327957,-0.3113171748768776,-1.9916232451331677,0.2808518671813382,1.5368192981521076,1.6442867870049411,-0.03583652645272058,-1.6170449458778215,0.6905963880195778,0.07814873827690351,-0.683515827330387,0.05518034375246983,-0.3823158247244301,0.5989289586760755,0.7940059551820539
sample_038,-0.06130117801720711,-0.44000960478320866,0.6034103201339073,0.23479320196847747,-0.7365161653948208,1.0155056308666124,-2.9083255658943727,-0.6496620388403479,1.309258767492266,0.6118009466637715,-0.28760130912271537,0.7316339734335877,-0.022033421497617785,-0.7327767032143455,-0.3460435115416451,1.9099112371920381,-0.06816658031176774,-0.16534706365239973,-1.2362392545477696,0.5544713551065072,0.049792701535387306,0.6028072049593274,0.32427769281701807,0.7637875769452218,0.5203788802139673,-1.0204031404687586,-0.6991277900320317,1.4681573673333792,-0.6292175886103498,0.23244128509420098,0.3148977441797337,-0.014745862984086382,1.51819818911339,-0.3163722019769166,-0.3366858646772394,1.4613330073411817,0.2116657222347062,-1.0609899535913543,0.4300211360662784,0.13034345534315186,0.6465651502864295,-0.38725719844099216,0.6551975259038528,1.3930679219158757,-1.2331906072254826,-0.8027908987216378,0.37721805812684184,-0.31389786139540055,1.772699703822025,0.7261790672004332
sample_039,-0.30804500550786645,1.0948756363896983,-1.3271602284069883,0.4878089817948738,0.5321025407940023,-0.18627669547565617,-1.3188676402577246,-0.509731190908305,-0.13010867075194024,-1.3550024029198413,0.6747574361287736,-0.24873718030440442,-0.714353185373289,-0.9003997409757661,-0.554443180141379,0.35464804027192615,0.10012135294749382,-1.8767947663057345,-0.808489533351561,-0.4329513391422603,1.0262958736175793,0.1711466217754597,1.0070647506541008,-0.03206098842242314,-1.3424681335035071,0.8787057138883329,-1.121576052176049,-0.23956199581550983,-0.03701593098402974,-0.4782021949132215,-0.1504305174325965,-0.7923158930370172,-0.262572091274491,0.3227868998536302,0.28135800869101385,0.8340073212582516,0.7785671199771514,-1.2931830056004003,-0.45968653806666265,-0.5606573093714112,-1.160797069454948,-0.7693809077417897,0.7395881053718678,1.4688678573040168,-2.2492778748020457,0.8618629284783179,1.2069416186134145,1.6244198602621762,0.7299265112421206,0.4889946437489189
sample_040,0.629148914823419,0.3573069640943214,-0.09169375631750866,-2.827304506899933,-1.452782747983778,0.5996821507989454,0.37158933046516346,0.6254199297515703,-0.4657803384144364,-2.5355786544274967,-0.4297057974454985,-0.667410717923243,-1.7989561978106363,-1.03226263988477,-0.27600689805865813,-0.2916921086035472,0.6618916245250168,2.1174732384625847,-0.15227676730240727,-0.2441632682902422,0.9226012215913789,0.7244122815323466,-1.369484452105208,0.8475012177180519,1.0220193583175492,-0.714658416983807,1.2608069647025184,0.8522525611629471,0.6652585056343713,-0.3496444280518892,-0.564436382807596,-0.22166269397772492,-0.34590339926958014,-1.2112859255935018,-0.40157762324866636,-0.4979960718484559,-2.612686405869859,-1.3029280331317659,2.073252496327749,-1.208207531798905,-0.5507219097245885,1.9081818063543874,-0.21431254473646852,2.4551167105166036,-0.060126948151871466,-0.6344087378587361,-0.20698160866283205,-0.1670475610921981,1.925526354425455,0.8835203990999504
sample_041,0.8986039311037782,-0.2840234597077403,-0.6600114143703855,2.3992142254538855,0.08072325405466259,-0.28045906194410714,0.33012567169906826,0.7628506287869526,0.32647332095073156,2.1334994599081987,-0.6888311717751028,0.9226029285939001,0.525048013154647,0.48077215436107507,-0.5259899025640163,-1.6792172564573467,0.7648545573913422,-0.3944466816985581,-0.3322698793031697,-0.47716911307118387,-0.10808338049244758,0.3513329039204439,-1.3458810609448282,0.3227036057995007,1.9437898657711201,-1.4008409431668079,1.6958609864083827,-0.28749499560656105,0.49693626771935173,0.5784241265693594,0.3508305597946788,-0.04585543915103184,-0.12170739174228197,-0.8255955665145436,-0.40273494825674294,-0.042305815855300063,0.1769694194715974,0.37968698551403773,0.5538776095369464,0.6799854821117467,-0.27152220529521187,0.03619977479402523,-1.1270576717182381,-0.9612801811320687,-0.36550158865355975,0.8408457094442525,0.8311384602255766,0.10773404191339332,0.6068602443614047,-0.9930346292051577
sample_042,0.8310755895555726,-1.0396834859506643,-0.8183920532070068,0.4550477964172574,-0.7250383822850434,-1.214785493795234,0.17844004771558475,-0.5606610603294063,1.099423901669367,-0.7530359914700345,0.39264709152842237,0.5926558969334876,-0.005617613787329501,-0.8490614847016366,0.050843938763408876,0.034121507788826215,-0.10694804380380203,-0.5619344931524796,-0.4236395074970445,-0.049468700462306836,0.19528072453153278,-0.2886329136327171,-0.9533714004387365,-1.9862625973334371,1.2312038418077742,1.2583014303295743,0.24219865400550702,-1.228708740003946,-0.6975407236529926,0.6370481978512145,0.7373701024512829,-1.8547286028297176,0.0668223738256512,0.22854567207941898,1.089614519677048,-0.06334822529750357,0.05298289895620885,0.6151223978440556,2.0006061558064676,-0.03389771284242608,-0.4538790699718491,-0.5021002867905328,-0.40054175904798905,0.0534916831170227,-0.8776802243843069,-1.018552749840366,-1.062775844251838,-0.47518513879590585,-1.5675092392805667,-0.9962027867226613
sample_043,-1.1353784632422046,-0.801286139003781,0.054411840584175815,-0.01708247269117443,1.0549512629627058,1.7220559584089377,2.501055799673024,0.6358474271945157,0.1443345103918677,0.518520816790357,-0.6636705979045232,1.7656060497984227,-0.3729291768348641,-0.2773759456652631,-0.32028434801699796,-1.304011734432059,0.747939734644469,-1.6175113194264288,0.686602905757874,-0.5521263818422879,1.149394959642236,0.8937017871044206,0.04933368779770141,1.3349142528098794,1.9059115513626232,0.638405666875117,0.6414767234968911,0.33162358841067513,0.5076628882635811,-0.19799545880386465,0.012093695316361161,-0.24490133030533046,1.5083731286393331,0.1587137266303899,-0.7626919437512786,-0.8261331635235662,0.42538241064539956,-0.38074439724690123,1.3365896282962004,-0.006258814601318248,0.2683238142751571,0.5471131060534259,-0.912702161506294,0.5768689505442541,0.7474907797507201,1.1459102823709488,-0.6230757932730182,-1.46515117530623,1.564464952482435,-1.4219418614926371
sample_044,-0.847864884554536,-0.07237900462949876,1.1925569000319278,0.8688733128957297,-0.012509481634724796,0.5668327869532052,0.547952938892773,0.842821003188238,0.08794486699480344,-1.6426975872422462,0.5908672252675863,0.020121623237144802,0.13053823025610659,2.0199417751685766,-0.796173626121884,0.3690313766560236,-1.9526617024766182,1.2147422090823723,-0.12326075460262476,-1.487579543355537,0.004440475400812934,-0.4905504660459463,1.290761909261534,-0.1945980916321144,1.504215560418647,1.429694216201125,-1.7495030752570446,0.48238464126306413,1.3716960783945311,-1.2629467652732396,-0.4870463216787562,0.9743708006777947,-0.13159127405618612,1.8487136290485888,1.0147302525679642,0.19970128629764416,-0.019520901088947745,0.06528710928050685,-1.4525558958768763,-0.8397142321912946,0.9185434599142293,0.5817119041764928,1.5847356883730646,0.04613856750614679,-0.340567259924176,0.6307607065748462,2.4903533062643186,-0.07496436706254284,0.013987974461964932,-0.8327133603245899
sample_045,-0.4357174581711994,1.6652750576317528,-0.7155380691916822,-1.168770492605171,-0.620597940045346,0.8001171216572056,-1.4791939618580923,-0.8201783477000517,-0.020122571815443833,0.26606954149133105,-0.7333022849926839,-0.0974670139047999,0.25282032850714536,-1.9497500825290264,-0.7638108805722161,-0.452750028829448,-0.7229850459725875,0.5950256305127662,0.6093993080133155,-2.802816146865204,1.0682123460953095,1.60607977894572,0.17447521386776288,1.0196588333626295,-0.15557208135161393,0.14146270645271977,-0.015113325171257238,-1.2986274650074918,-0.8698333720106969,1.7560150791490583,-0.30124156599942525,-0.3554412961797345,-1.0688536601772771,1.4796924531689888,-0.40523668446989175,0.36939203213145844,1.6537877263429264,-3.1390592560081454,0.19741531647274074,-1.4915182865613732,-0.2577331449285553,-0.9496719270720192,0.7208651353790174,-0.3338147295910438,-0.35493898588301137,0.874957796979413,0.4194872991234403,-0.2758471097465793,-1.0278007807352367,2.6679692506725563
sample_046,-1.9299218001822986,-0.7756486761239243,-1.4789066221087281,-1.0035193139265464,-0.659535297661915,-1.4180902996508713,2.2110195998615567,0.5056060268414869,-1.4037275809015672,-1.1566778371788289,0.41081368712339555,1.3448433307314542,-0.179906136355161,-0.7040569867303054,1.3580619133782736,0.29810330736869384,0.6556495670015897,0.8590533205990725,1.0420767310674899,1.5463154815645297,0.08256469773809424,-0.11411512033270989,-0.36444165892830266,-0.0639494209764859,0.45416234995678695,0.020748685714550803,-0.057285869477753715,-0.9338612728651847,0.9416039514314934,1.4789747429803988,0.5875877408229325,0.19255000918150178,-0.18932252329556348,-0.1359914697931046,-0.5405972814169817,1.2385174066557467,-2.0363991642392434,0.2389348009335241,-0.30264127048189277,1.8157342330531314,-0.3043384460482484,-0.8257318095653133,0.1425905075428264,-1.26674823669353,0.7952770309202644,0.14325416782557326,0.9440646165656461,0.35794767173306086,1.086405435347955,-1.0768325049982765
sample_047,1.7930160178518229,0.9878848656470247,-0.9493937817727384,0.7145593433459255,0.3573351153374263,-1.032349792244432,-1.185230515629263,0.2187078703827493,-0.2306038308521968,-0.6533775473462551,-0.8148789603788039,0.0966772822662128,-1.5582313931593392,0.01822537524917675,1.2331480809779556,0.028709573296501752,-0.21418101146231072,-0.07133518885664361,1.1041459456572282,2.0219837457204033,-0.10028583920789712,-0.39085775284658764,0.5324605955564847,-1.042451082974158,-0.3755652461451444,2.3643556235772105,0.9180495571258298,1.2941253290247603,-0.8881657858835283,-0.21539716690230115,-0.40204864588152667,0.07144525023077009,0.47460649991435583,1.1488795678055053,-0.30720129461517254,2.17012861181391,-0.06333651596903105,0.04563559678957938,0.2322938867948279,-0.5294430472348812,-0.8362346111228666,0.026712800467769245,-0.2589926887233047,-0.9070759338098956,-1.1599475937672026,1.6813654780531464,-0.17286808937447065,0.8133781909097094,0.7398137529847327,0.06634146376189391
sample_048,1.5895533930626098,0.05783394246914339,1.0183825474302264,-0.8102798910941461,1.005566392855123,-0.4937576872148022,-0.8617785564363689,-1.6163902687985399,-1.0395089827226633,-1.1028497357449178,1.2485022674928263,-0.7469478071681765,-1.5890618568936217,-1.4755432246704276,-1.5841267865780184,-1.3198286324362591,-0.33437378455653116,0.5350558849981556,0.019972464764879707,-0.24166015463109147,-0.29535066905197505,0.3807436795787142,1.0794055012788943,2.02557550686299,1.1584485458492797,0.8667799248402797,-0.21933068436305878,0.0889527774596153,-1.1198303865994375,0.7369628383592324,0.6606406750423724,0.4219462620046818,1.2762408369973033,-0.8297697730996534,-0.4035309437037667,0.34615758112620076,-0.12342027976743451,-0.696223551551867,-0.14354049868816163,-0.4277791317338239,-2.9387659027743163,-0.7858148002015385,0.6408920096435732,1.0664305880081686,-0.9729436903017992,1.315108684505199,1.3886571771333658,-0.09063249605355948,-0.7203210722722426,-0.0893995921615322
sample_049,-0.4946412341842926,-0.5161995246555116,0.5979324700806259,-1.5368543564866226,-1.3967075595205356,0.37715945754138747,-0.3383732625555665,2.6124815753803965,0.5053625730158963,0.6012574825246888,-0.10140610702190513,0.3435944087889298,-0.053385426237772815,1.3608308929571584,0.9550737388725936,0.7137172109336429,0.5452465540669688,0.38749232847563325,0.7754990979324541,0.40605593610175267,0.3760810168410509,-0.01255854903605243,0.5110499796065123,-0.6615567689128359,0.5824832059562863,2.344608195468309,-0.6909227209313462,0.00040357194186921676,0.7880911627205854,0.6625233368720073,0.8027317870300591,-0.07188823439268018,-0.257477638724451,-1.2956991774007645,-1.5442846817817155,-0.2914818030152881,1.0503733916364557,0.6142294124304697,1.2693378379657583,0.2505980627985587,-0.17166149973573713,0.35548955940817195,0.5064114972107041,1.7095759511547404,1.5521520965841957,-2.0612834919899936,0.5988769431261075,-0.837114650410728,0.9188590620802176,-0.4406841355071533
sample_050,0.6286762916349065,-1.3391824178222307,0.14090079678389084,0.8848088283496609,-2.1410396768700077,-0.40432912010851974,-1.9466805574452777,0.07542603320771352,-1.1866902727447484,0.870828276291052,0.8808372392464621,1.7876140979502628,-0.3413284604337488,-0.4315848603677518,-2.4189405066659155,0.9367629387425347,-1.5905535093816183,-1.3122346495261712,-0.5746940932707864,0.6648570882525605,2.1093840255644705,-2.565523303661754,2.3851994255051947,0.5268953407429139,0.49301642054145695,-0.031872922434546175,0.2740065481242197,-1.1020061785494837,1.5231341227293507,-0.7184510940471462,0.1653563689981316,0.2506422040599605,1.1902494346370487,-0.494473456943233,-1.116698546360272,-0.4404195169731265,1.3154666294273922,-1.6611507867526552,-0.7186079992309468,-0.4327403486811187,0.437982456868229,-0.07416692549672961,0.648425350860655,0.9731336834194514,1.4524617806934292,0.35310143497261465,1.1806660391058528,0.33713563424923526,0.4246015255226052,-0.9167154143370546
sample_051,0.932771603419989,0.5661547486383335,-1.6565858513065432,0.7962723194859509,-1.1124531848954715,0.39765121700980544,0.9431001784463193,-0.40766833999616386,-0.48722576288801295,-0.6006809555262462,-0.4509656785138224,0.2172007451434782,1.5494275938591313,-0.1515030147365914,-0.13385854993718702,0.13845872930551836,0.9495848359077173,-0.23483730513342282,-1.5663215419038634,0.4057134255282244,-0.0738566658430662,-0.059419962000924365,-1.578356696211582,0.9264061069895337,-1.4721673220833709,-0.24691474502162852,-1.513117460393895,-0.8592798228409018,-0.4208923448976458,-0.41811566188642807,0.9645779699709165,-0.6937396049473491,-0.32151345611827437,-0.9741759657671636,0.8918255834358231,0.4399014578862942,0.3631303312466356,-0.5569235161767307,0.317135886795165,1.3924374581023875,0.4436040894462725,-0.6913191543069716,0.856641975725851,1.1932557982575203,0.6406033891694267,0.002079920288864145,-0.3397270925125807,1.8028099905169304,1.1985310185802078,-0.7511069313480359
sample_052,0.46741519613838095,1.2037106321742048,-0.45967170427454895,-0.4725442450271278,0.8769678608632117,1.012422814356701,-0.7738558362235627,-0.5837392510734885,0.127773002301634,-0.9627080150770715,1.5058487951332742,1.656675316817552,1.8499464430945458,-1.1757807827650089,0.04068977221366721,0.7519488854070226,-0.9305141247052849,-1.5992136483502164,0.31067576347670034,-0.045005054339916625,-0.3490024774106468,-0.1407592683491881,-1.3536857719714466,-0.06350223119334367,0.8303835162862155,1.3158564512784017,0.27519562247098023,-0.3736811880646912,-0.7552419833301179,0.07392549960146781,-0.05770065719998364,-0.4227794952756415,0.2727120811945102,-1.1888652031347122,-0.8688725412932833,-0.42161040649253484,-0.3707506504349457,1.292109054854686,0.021938547251811776,0.7873249340454583,0.7976056099721032,-2.546301748191198,-1.0314766781566354,-0.5627045026401613,0.6284611249404632,0.8039001526438773,0.5758588838533024,-2.094641105815573,1.2954789665209903,-0.6459978708667925
sample_053,0.011665441398759083,-1.2145495297306694,-0.4083168916388991,0.7726532904429101,-2.160645226547222,1.1146926229357583,-0.7175309635128353,0.5701396336759523,-1.0971938559538066,3.202957310654603,-1.1385358674399118,-0.06561467543025246,-0.2195944192671441,0.824945947316516,-1.0509203347731007,0.9182315601957113,1.123359862070879,-1.3557087419590315,-0.8604675248898619,0.9762722109757717,-0.7563692131259306,0.5847070508584983,1.3352215724902445,-1.20377024637914,1.230847748797257,0.4692600216739009,-0.8363026760483467,0.9218877040840148,-0.4325271594511271,0.9985564573008825,0.022224711056115433,-1.312482778156684,-1.0270967720234598,-1.9648491486547512,-0.5795896048257635,0.572885216216361,-0.04432151508374408,-0.49985144297487116,-1.05545960331316,0.4633094726012645,-0.5563517966848074,0.24429269543458706,0.261648990873455,0.9614042551708086,-0.14166224965245364,0.365951206760759,1.0033095098940963,0.3555558540886832,0.7478707908366347,-0.050132633640698594
sample_054,-0.4836289817374283,0.40518575164754284,-0.31243119815383347,0.27741139917982294,-0.056681850926161306,1.3042055374282915,0.5603594011346247,0.5312128045768179,0.4732809691378838,0.6465937223820442,1.9326058571408293,-0.8817047520033681,2.6901957437602824,0.324157771394778,-1.6465421783234129,-1.1021695209169942,-0.9273566126032103,-0.019188251012159496,-0.27487077108488955,0.32903264436487195,-0.13362780905510188,-0.9215291675910392,0.147254582507026,1.3010702372958929,1.5071996839849717,-0.482990863702778,-1.2889977180585055,-0.26232850837623894,0.4568274664795587,0.09440182063582098,-0.6610856602218991,-0.38798822905844027,-0.5917443204641769,-0.6387452973507644,-0.6673413307097015,1.5225873997703019,-0.731694524554366,0.5668102632222294,-1.744904565060074,0.14868162440701713,-2.095594920237635,-0.40365128929173466,-0.35396202294809354,-0.5814767508086719,-1.1423272806884317,-0.4837411220314989,-0.6901969545185727,0.6368945339897369,-0.9067869490105621,-1.1711775914719185
sample_055,-0.45011848573076396,0.12685026296359922,-0.18554198530834928,0.482249616560918,0.5646638609303736,0.21862329112051274,0.10191387485300937,-1.4375236470736168,-0.5032969930804926,0.04938560665548262,0.7605363224595815,0.8577860892814175,0.4814895458615756,-1.6358123465314605,-0.16348233966868242,1.164037680100467,-0.17747948775715983,-0.7140740394142722,-0.49009138763070853,-1.2569055662360529,-0.6880090825983456,-0.251836686366746,-0.00419760491603118,-0.505657766117755,-0.5513013073603273,-0.4905647665110625,0.32521861603933705,0.5903012108463077,0.6374013495764514,-0.5871541279955568,0.9304955660182227,-1.3578996130770187,-0.6371135194075316,0.43418282848895867,1.0698134170285427,1.2189075100970959,0.4307473953507114,-1.413759070643687,-0.24812252703120452,0.14558893274261325,-0.05907735937401813,1.0638260123119379,-1.3202004375941503,0.8205973162251265,1.564684461378471,-0.10823499624592708,-1.4348940539291877,1.1814562410533964,-1.0996828534537288,-1.5160104351408925
sample_056,-1.1776981079083375,-2.6867151222575507,0.6884246824425251,0.13403918572856477,1.5801663602490845,2.276607259239382,2.1302080439553537,-0.47815521544755063,1.4405435212286375,-1.2023712124734143,-1.0421212459703744,1.2924044423624552,-2.739876793276187,-1.8964703756493881,0.14801794175959238,-0.39024096425097216,1.742964162633391,0.2110441013881711,0.7128189551870572,1.0309098871267703,-1.516825222879463,0.966496429401992,0.6268180980469723,-0.5905351598841339,0.5564576501199442,0.31859762630759,2.2993276573961112,-0.13746857203422105,0.9840148932176421,0.6232736386488112,0.9649776960042477,0.2824103649948332,-0.21711162130382797,-0.4231791797632698,1.5503611111807436,0.27254047373965795,0.08233480162160607,-0.6098815105472315,0.4090784421287973,0.18387798334068076,0.8541733661947825,-0.3886649938772936,-0.18411433838901042,1.166319577357414,-0.04183142805990339,-0.27838966826821787,-0.7676184716345603,-0.33010994537876615,-0.860295524928337,0.2023578625773623
sample_057,-0.34675891550610394,-0.7960642524376979,1.1365719591224692,0.7906943254711861,-1.3806271518307456,-1.0345642141844305,-0.8798130417852804,0.26126969436168557,-2.626993818137049,-1.1282847102386577,0.8395087107935405,-0.4671915757049166,0.7918775067529251,1.3865672467756782,1.0515068051295422,-0.05010402328847616,0.34983033841428723,0.3392441487726308,0.6020703427522299,0.8143832446144385,-0.307038244082133,0.5848425333993433,2.0642906463282253,0.2985495163339174,-1.1662594456557032,-0.3469283773146115,1.0676646060661503,1.5416354233220093,0.5183048463866733,0.24603532536849754,2.7367902474050347,0.9016840356050106,-0.09838147893324382,1.1620955612035433,-1.1807532859360246,-0.2428027133797139,-0.6135128881420847,0.2943159978992542,0.26374334999267657,0.14644620975961228,0.5342179876716586,0.09407119980668742,1.6610716518445001,2.2592751807920872,-2.457665285720502,-0.07759513823018141,0.6178225271560259,-0.29956991273651595,0.053048687779861665,1.0508798945500446
sample_058,-0.6523808266408316,-0.7326039399534102,-1.5669478727600352,-0.6105234969122872,-0.23364853048294296,0.7543324670919406,0.3302490756743725,-0.7990806859066862,0.39332000347321,0.08451758729569661,0.5788068982296072,-0.6004108818985093,0.8277856138174646,0.8102094652230774,-1.6493506289025393,0.19135257386682522,-0.0019401761986715658,0.22049379371617156,0.5385078123576855,-0.824014481541615,0.3242573508114633,-0.9186110705046244,-0.6034485481529444,-2.1668780668453467,-0.4655938074388037,-0.5470795689802115,0.37750721439238144,0.2479084081787403,-0.46875791549558565,0.5466428187108388,0.7874222611349715,-0.19835399399984616,0.505340046637831,-2.080169223700478,-0.36565929542090253,-1.2330348468575352,-0.7142329133146895,0.44545256312122034,0.8762823796690566,-1.3601590128534498,0.18727433565851487,0.32735410528833403,-0.6054261569260342,-0.05950313600644924,-1.073598732365768,0.5355624677907349,-0.1651292241291513,-1.7520608095372192,1.4284427155910655,1.3335459479381293
sample_059,-1.5139587880724887,0.39767721935753175,0.139466353334378,-0.802674853363144,1.0594706655394834,-0.9022152984729858,0.992647730809582,-0.22093127084255537,1.0005355730439325,-1.2497329444587548,0.05705826939837396,0.12882177709806522,1.5465078063659479,2.188338554541424,0.532706761070885,-1.3473886853810755,-0.23280278380793012,1.7417082691224408,-0.28983965375726506,0.7620165229041184,0.41150361017527265,-1.1494238726746442,0.748204216888126,1.2148336481325577,-1.2457916389499892,-1.4998120866415119,1.2022744608612437,0.7857077139460428,-0.6699274724738019,1.0416750423140995,-0.47694857617450703,-0.20637989306898383,0.9046323224929944,1.284271808355553,-0.6232048970599974,1.210117821127698,-0.9061502506811229,-2.541431085506897,-0.950051809021903,0.01978319127544119,0.08953000388370504,-0.7911513208525502,-0.03650430638704964,-0.8901128273199547,0.9483983354361271,-1.3195474223603838,0.3776746487835081,0.5137481085294584,-0.5507714530449819,1.1759854897632251
sample_060,-0.8137048001747083,0.2384992764249013,-0.13650608365852676,1.0468385487708767,-0.01426047547363782,-0.4096593990395063,-0.6492262754414025,0.8711722156167607,-0.5697486753436193,-0.29821855577197276,-1.0924273266398437,0.7972400563007148,0.4006044130255787,-1.6425140802432923,-1.2303846100528872,0.3744579914137039,0.41243314669978104,0.5889101045054806,-0.7580170412605144,-0.19041744847844133,-0.013601887679355362,0.087898651814831,0.9308163362260523,-0.5494656156129631,-0.328394852841928,-0.8045874011449443,0.8312988713119684,0.6217156704553966,0.07448591482018141,0.44932195427099475,-1.6073952707860115,0.45681081882429975,0.2538106143653072,0.18627693939470025,1.645194976389543,1.0041838639019611,2.3116326579050988,-0.5105560074081144,0.6755784763621138,-0.8685683983235211,-0.10084733628540547,-0.8498124617511529,1.5645944641649479,0.3592764973245657,-0.4057515542884476,-0.26612256736427614,-1.2147312337440561,1.512923196828852,0.016722386259330032,-1.1522472957953716
sample_061,0.3211959516004412,-0.5428492180471716,1.338373007053797,0.8599900535374321,-0.4381836364845056,0.1621875707330916,-0.6285637440996877,0.2323397407397384,1.0908363674853263,2.3117584632514823,0.843708405245368,1.9725863350435267,-0.20417610123622468,0.15185721114366618,-0.1946635091911752,0.1117748379648156,0.6698161761835592,0.6367944700574452,-0.16935149936804647,1.104125823475867,0.8879174073174119,-0.36998731621875225,-0.8229977422800201,0.030691799131552438,0.46384462308592267,-0.23317486972802157,-1.5732812286570919,0.6419886980883102,-0.5042533108688428,1.2839171735921586,-1.6009935430657538,0.10651385660270159,-0.7369624530716333,1.5098499476323146,0.7692794138659824,0.5098433939061875,-0.18880815383488436,0.4721205556703971,-0.6777986949210435,-0.6985631211231735,-0.8493976278386742,0.7493422421870263,1.1025301359143818,-0.8189053683596028,-0.013833223798090866,-0.8521875886868323,0.38245658440939306,0.6457291522941178,0.2766823230614865,0.40169010453172577
sample_062,-1.2702498783090321,0.2758613265169316,-0.01089945506056529,-0.17647352802705663,-0.8119349213256372,0.45207429104088476,0.013707921628994835,1.0476310093087717,-1.5582651560395102,1.7235473319870316,-0.8203172564921422,0.20759013649726235,1.0774233171088048,0.8937022547652217,1.5337972501719015,-0.20903735003137733,1.6319052658808697,0.4895944279550706,-0.678132383006344,-0.5179372116116139,1.2234179422960405,1.0864208744316952,0.21034164063048133,-0.6777325726705199,0.5798438989158545,-0.5156546050768367,1.278387098205661,0.7963139762869061,0.9057690700817852,0.07996806240164117,-0.6656052719213492,-1.0428830562773668,-1.6855080766442043,-0.14513251940488248,-0.12545928556325528,-1.460852691081185,1.455270439246795,-0.3656832589669338,-0.2381428550786518,0.7279480274299672,2.0492805708849446,-0.8779363001654121,-0.21835123653869234,-1.590435434099782,-0.712718262572897,0.4726416596869524,-0.2953590640638669,-0.46386405087992166,0.3473305176317714,0.2006259009462953
sample_063,-2.3498106744257377,-0.4621321686403626,-1.2997405333828307,1.2010494700141798,-1.254298131723738,1.5708088733419157,-0.566929103945166,0.03671753424074069,-0.11162101737110758,0.6549499235955241,-1.5452681777642345,0.7334981467582181,2.0542018768237513,-0.8089105114076796,0.40968350280510474,-0.07764846669041435,0.22575216914742252,0.5240480918842884,-1.1131347539471383,0.727711102808009,0.8450117976556357,-0.012199743573624498,1.079974796347366,0.9900697002389341,-1.007207697792149,0.8454350193395901,1.270380244199749,-0.6545333735667102,0.8468688735733509,0.12933002708066643,1.235879413389001,0.8757497132520486,-1.4112075915651219,-0.12316928522412521,-1.3569071730190099,-0.5062255471702735,-0.29114192854775556,-0.06943633031954126,-1.7626142188486003,-0.9909029329941189,1.38295960433766,-0.9016136026064295,-0.12686170462649335,1.6149760325353448,0.3106494146421984,-1.188037686841863,0.3818908351977376,-0.28121688420213564,-1.007851910186891,0.1306758259871691
sample_064,-0.36631916226259187,-0.6473562673291402,0.87220585427999,0.030310432481461178,-1.8008913944845097,-0.30071047855002897,-0.17668192135961217,0.8719367196395581,-0.12540802092138348,-1.5390241694539333,-0.09520101712778645,0.6397369941013638,0.9977187891376865,-1.0375030182686147,-0.07449435309926151,-1.2141684095419405,-0.5479558061703749,0.011335927162127914,2.3277822677614233,-1.4488736584876458,-0.4555192429039132,-0.3871874193950742,0.2950912541411729,-0.21399997624518302,-2.0729900692586725,-0.6727256262201606,0.007761796891625921,0.12794330744875573,-0.010152402562522438,-0.6187082225940078,-0.6224006645465908,-0.6546168964424741,0.038714990911808425,0.44245379522532396,1.1423492736144683,1.2008788069914218,-0.9956744185751452,0.02699633137800866,0.18812936480305834,1.6530964144498554,-1.9615629151609169,0.5347954920703625,0.5415705813544018,-0.36240335776006816,-0.12163070421727393,-0.8104391364992848,1.1070050964335014,-0.578713210503519,-0.23194581569553302,1.2099409497468185
sample_065,-0.38041558963153216,-0.5334081491594902,1.458382705790862,-0.7928562824517036,1.1912045024371436,0.8083792345341348,-1.1990952164021136,-0.9890475017188022,-1.5240377978602075,-0.2150407726184365,2.0754184707671954,0.5358328972353887,-1.686112850413345,0.9985015184787761,-0.376079588067235,0.34234523537636147,-0.8607583880338895,-1.1233091708184606,1.4255234852480654,-1.7812070286267934,0.034068991698564935,0.9792181832026219,0.7735329055845599,-1.2231713944944689,0.36633221797855947,1.0660509399570302,-1.2664796127911064,1.2412842941209885,0.07403496153438643,-1.194745974054285,-1.0827952743258453,1.0477435943612685,-0.6103920099061567,1.7023124500531681,0.09418025189154056,-0.1693973923254121,0.8369414799564945,0.5490912771255225,0.6290431701518608,-1.4411665658293715,0.0782720517607759,-0.16838648906450457,0.22476978957347493,0.09737736014135008,-0.10547446989431711,0.14408244661836211,0.8794491331742345,-0.668685799790127,-0.27174713659121746,0.35710725341658006
sample_066,0.8807209444695674,-0.5313285192069185,0.003565404038539724,0.40335894520876375,0.4743417675835769,-0.07814178844350826,-0.419440087146251,0.8404726772623278,0.24330836590838628,1.5204001363404114,-0.32484336836081074,-0.016277871563324907,1.0413003686590916,-1.0642305748598355,-1.2987422303378446,-0.3954364809648861,-1.184469641475965,-1.963724254461809,1.0634105652389443,-1.4976355121905933,-0.9675193231294108,-0.9131139717938987,1.1544040182834703,0.9465777067375151,0.12621413258891626,0.46677929716700906,0.8102128194774579,-0.7931834742145129,-0.4467932580391294,-0.6566688773645103,-0.012961326063959352,1.9777668552681742,0.360192945154501,0.32856203203226225,1.0139001601308262,-1.0536768780206092,0.03879663391601459,1.008781093375996,-0.4295577132043778,-0.9622388436244568,-0.4716611335847177,-0.4353357665141701,0.4379356026675094,-1.206431036280949,0.27941406575863587,0.18623895261211973,0.6716598869600965,1.0610524612217007,0.01393272488948663,-0.1053059386194681
sample_067,0.7324790173617247,-1.6969289467425261,-0.8765839407508148,-0.7981598896963588,0.5133209558933624,-0.4480644698761002,0.4475395800598447,1.1920211464281327,-1.6044212698194582,1.4950851151008124,1.5237788268127335,-2.3805343810408637,1.458047343304522,0.6328098769764451,-0.35520485850744654,-0.30293471365798513,-1.7040283871341817,-1.0904702101072405,1.9956656380710784,-1.0355018586652691,0.5129224069489912,-1.5664633952172689,0.6496565425770539,0.24278189043417683,-0.7123650123162943,-0.18110797369794834,-0.3342963603204248,-2.449842299700112,0.19715454211553793,-0.4486938275282558,-0.25076341811130953,1.3903578887508152,-0.04874252489983335,-0.46861005505094416,0.47072493175052244,0.33509688918340713,-0.6173715159520601,-0.1852079385359975,-1.1971077003654664,-0.03549628568156986,0.6960678981610244,-0.27573696788320484,0.939041937430074,0.9324360467557533,0.7225144159308752,-0.16976727332858774,-0.15055267137916536,0.5362684709029673,-1.1574386851684004,-0.8622732046935112
sample_068,-0.7269063249095713,-2.016727714447525,-2.4023335538401227,-0.6360166104686532,1.8321842886472288,-1.1112886352861777,-0.7358328664883131,-0.23842515780267426,-1.427547477225221,-1.5585015243931057,0.13789096555418057,-0.6444740028524691,0.12528046855764646,-1.291661623038282,-0.4182961496212369,0.46859970793206546,-1.6371687094466525,0.11968204322896225,0.01381290554872312,-0.25866761501067614,-0.0963297326836383,-0.5182867439739078,1.4394883156907792,-1.1196140916400819,0.6201801197097702,-0.59020536214872,0.9659433077595316,-0.5981356360202189,-0.8824308197295171,0.6156594885924513,1.1388418974359342,2.0922164970329074,0.6719924211753567,0.6706069305058823,1.767885650699472,0.3684600928495945,-1.0842119596928363,-1.1050849368995286,-1.3691853576834454,1.207300883406115,-0.9928463941291733,0.0842377538788294,0.564460973834596,0.4751417449922578,-1.3245414530768187,-0.03473331483400076,0.5852671986285644,-1.5229533326726774,1.4916806596640138,-1.4955555326213
sample_069,-1.091643224857926,1.4507229391895242,-0.9447205482026145,-0.38469378115871633,-1.6027222565778192,-0.41261942994129636,-1.3632585960581842,1.0655126703288444,-0.01442929277456463,-0.7828418509595183,0.9058274402327301,0.028838082236510538,-0.3928982436062624,0.057270143324700463,-0.41014863793150613,0.5350540497771068,0.4477231249284619,-0.7882933134236516,1.7703465638718243,-0.6608584041730026,0.6432566610596353,-0.17148362171487128,-2.3317921527726213,-0.8560461542880505,-0.3029365851624626,-0.24741190171238564,-0.5954240361005387,0.7638015549621864,1.9860664387645333,0.7651426194660496,0.11329151011612212,-0.7987417436458991,0.8498919791822982,0.7297718218213186,0.7996655940484404,0.979308254337022,-0.4927417136044826,1.5844850102609151,-1.202723310787955,-1.2665755942041914,0.941850310907031,-0.12011560182688763,1.5734428388956967,-0.9898740068274411,-0.3523576101961211,1.2344299963427137,-0.25196764469542415,-0.4306980986448443,-0.497919129788647,0.2655352034134437
sample_070,0.9041722135047913,0.520437323839688,-0.6863894605170047,1.7103750745035593,0.40279624552994653,0.16143943476077685,-1.1933399523537336,0.663905282607979,0.9873428234460045,1.1999861351400096,-0.36784715328936934,0.7585424851214572,0.9750290615939738,-1.1127077862722408,1.0003504128999117,-1.7175503000931267,0.3172786660979372,-1.1964198501871652,-1.1770149473976514,-1.8475160792653509,-0.28625916330823414,-1.3702527723091174,-1.3606505591002507,0.8366135210731432,0.23417460090184206,-0.3403522407358363,-1.0984500384387546,1.059473643998106,-0.014541338778186925,0.6219018641984189,0.22489897056715794,-0.6746511036635602,1.846149739874958,-1.7793913991331352,0.751658421804995,0.8830839476976262,0.613274008722437,-0.03261854652736089,0.12246701726860242,-0.6078630495235572,0.8711908837031636,0.40287340698969465,-0.13305119458491538,1.4096776986845565,0.021790323104647864,0.09612644329531785,-2.1233047769990367,-2.4775622121249454,-0.02926630339653728,1.218740897402347
sample_071,0.9825698728204131,-0.6188990045480017,-0.2814640245665258,-0.4258029243160097,1.346308013743408,-0.11934853876527976,-0.551599353127613,-0.19455102963629162,-0.4933180988265976,-1.0650607679679425,-1.9413708406709587,0.4082702683887943,0.5999748163132489,-0.6171122149246261,-1.5800169638679973,-0.018828882631869416,0.6338695375844103,-0.4680099025096194,-0.08200737438717806,1.0299587166799902,0.31821704520240823,-0.4966963849603503,-0.5489272631205705,0.08968257938602665,-1.9635167078731623,1.0418344918353102,-0.5995592033309508,0.8515995077791134,-1.6233856815143464,0.45653000251284087,1.7021939564324389,1.4365966385814637,0.4329405042074277,0.7171244064070926,-1.28412515300105,-1.5050208921957997,0.7308900338338642,0.4340012208176873,-0.6775762305851476,-0.8368761989498243,0.15383856893882453,1.0234923781993501,0.1744347763024854,1.0993705874658675,-0.8927916216077152,-0.06287611814524031,2.4176972411920716,-0.30646827898545576,0.23158243286692468,0.2123108225838708
sample_072,0.14841242044796218,-0.7226694564775491,1.3142888981796563,0.9099582701684481,1.0237044725674105,0.9526849041935166,0.5951706332892928,-0.4446630684128103,-0.3164697752485782,1.4333736705170985,0.05911033195338078,0.3223286154976899,-0.721747543270573,-0.6444192390014913,-0.1707482610574483,0.5505956493171297,0.9766064280997288,-0.12684672803815616,-1.4071504769420669,-0.38972382399749533,-0.4222162486424981,1.6567976822285229,-0.48774721252866426,-1.8953548082286134,-1.90115580160126,0.7370809804628251,0.6666646114836479,1.7672980727122538,2.077744809345179,-0.15407721173749106,-1.0243165085351407,-0.22381255773862735,1.1172299953553435,0.09857053750342042,-0.2499268272813195,1.7673394923799217,-0.23460949150508872,2.404071273341045,-0.9247542655907742,1.577784938915646,3.5728686185419507,0.7675797297734562,-0.2992999554231246,2.7922879720656772,-0.11238896681332074,-1.9505860081957878,-1.0086056827250387,1.0250476207095152,-0.6515857642566082,1.134930488487424
sample_073,-0.4425977527565925,1.7026572557608743,0.11009822921545814,0.8398179100430536,0.9190532799969809,1.711101909443466,-1.1270032521725917,-0.927244961984153,-1.7383808666731226,0.355533241868025,0.7053015326851755,0.21143905874371763,0.3199664309835451,0.16528336821896775,0.6737747107384447,-0.8712633151587745,0.1572646328881546,-1.291395817409081,0.2275520822917595,-0.7655408354491796,0.09785956268814001,0.5410401846277336,-1.644201888438808,1.355231089071452,-0.1277995891227918,-0.980847099828047,-0.24516980383942877,0.2387101446078028,-1.6998856153794735,0.8601209858518947,0.7426001645752828,-0.9170763284269361,-0.7459207095194503,1.824995578525153,-0.21225999138577747,0.9767808307247591,1.48227402753905,1.4072308954086006,0.7762796346660854,-0.15772443363886027,-1.5736484404394655,-1.4316646382774079,0.7658648513037353,-0.8398653822288793,0.788584134884754,3.7909185789296465,1.3601792998467648,-1.009026344061269,-0.26973160260164203,-0.889520086475671
sample_074,-0.834185673398384,0.6400355492692824,0.4322751309338086,-1.615840008604775,0.18496124374435843,-0.3997601450764288,-0.9465766958663451,0.1865404168825114,-1.0000638061133706,0.6412093555995655,-0.7508341789099268,0.061075423258386,-0.048055909106130994,-0.29346479248782165,-1.1663333697399587,-0.44453970237123613,-0.33230996873184104,1.1538763364070428,-0.024887277573306554,-2.1903091460619493,0.9266937038131029,1.2106325963542979,0.304042117013665,-1.298975018072391,-0.003931760299878525,0.3637783484127044,-1.1658389003519825,-1.3094867453104613,-1.5163601674822693,-0.09921062344433451,1.1178308328563034,0.023646512126112556,-1.0453219654275487,0.35047351038752994,0.3416145647455897,1.0311284972274088,1.3592628127388369,1.4465767002080008,0.6666814539384647,-0.2894903659454337,0.5900044459091661,-1.3355931740397013,1.5369066394629887,1.8470127573526969,2.2882782171419227,-0.43122096453861336,-1.105638846919402,-2.0899147393924977,0.3007465944166294,-0.708231762596445
sample_075,1.0713493445562836,-1.0652869683757478,0.6769251653410613,0.8051202107649105,-0.8899721855150489,-1.0445423188043643,-0.2750820657291972,-0.8386928227693653,-1.0081398944545872,-0.0756686121734653,-1.1324212425212212,-0.0066327004115724585,0.1383872211168849,0.4569653467401722,0.016227953607614694,-1.1109207153006657,-0.8605759300238439,0.05466272785184961,0.1988462112355457,0.6232545924909332,0.5867263218790177,1.139598517015476,0.33680778409488765,-0.4325360494347446,-1.3001838008922917,0.5152942101865283,-2.126805918569759,-0.24554084071233068,0.7317475802056753,-1.562484340802106,0.8224484975317806,0.3684851863694834,0.9431213727685421,-0.6209706467357304,0.5194539879558128,-0.005626296783665236,2.1760337302579944,-0.6136155128319891,0.47742298687587365,-0.4192966093049575,0.5343249548607693,0.15014473987807767,-1.3636881220770283,-2.167984935537876,-1.1881435200808326,2.0028697439317895,-1.3706764933341264,-0.4903393902845607,-1.6990157690703902,0.46961192714521055
sample_076,0.7201997048911348,0.3776574332454761,-1.65840982100764,1.008099467733206,0.28510476652961203,0.015550785979308463,0.7914266736040418,0.07317807799360591,-0.8058667202044771,-0.38880079755858304,-1.2196459143892875,-0.45792155061560436,0.42438571916992107,1.1104930987075556,-0.5478668839117697,1.6335569892829924,-0.1279743225367964,-1.4349593584042422,0.5295908680163636,0.4601548048244222,1.5432489754923453,-0.6854426733245527,0.34727896036530065,-0.29869086470319817,-0.41136168071903123,-1.2611179272987736,-2.0322761364938624,-0.7474232191568188,-1.0338888987419403,-1.213506550239556,1.1515734548130834,-0.49060425359871235,-0.38695575668048,-0.724124525070415,-0.11454270913578662,-1.5120296697557705,-0.4705894386585549,1.1603838182048254,0.5510047154691115,-0.6644040995677527,0.8304584285456512,-1.6723298514961809,-1.272118311262596,0.19461435361294255,-0.016992132807043443,0.5232554495118644,-0.8845675931482498,-0.6488692256797609,-0.17757748454335245,-0.2739749938799083
sample_077,1.3293879497664136,1.7766450987241431,0.5843867250245031,-0.2519121752272494,-1.1839997664527684,-0.6652415998024138,0.3897717877389,0.19807295117446722,-1.2488005860443363,0.9539719485557976,-0.2978743629865883,-2.40225550571484,0.5042860771481207,-0.3494577780109952,0.34083722023147045,0.6283365904874003,1.3362920808104792,-0.3113711965538976,-0.19328990965128443,-1.4936000425257958,0.8749857255592481,0.11988654863717038,1.6575263604224124,-1.3429972841378495,1.0314974141944369,0.19993808472697544,0.2003255545976428,0.09607939916966897,0.48435608236906136,0.16984805914647583,-0.4952889410811999,0.7302484472719992,0.7569097456302353,-0.09018384479715925,-1.3475406248536292,0.8465877085447145,-1.182213578038475,-0.6500430629449836,0.3698550256512347,-0.4372235904418532,-2.6749373486653534,0.21874853644683312,-0.13660271300815932,-0.4695093135770808,0.10594458945766162,-0.991251915533571,-1.3399031552240885,0.8126830791789346,-0.6150063782430055,1.5456474965225662
sample_078,-1.3946693629229827,1.2057779954391243,1.1934338173245405,0.4779566249514797,-0.7055452117157598,-0.3698783408453147,0.09793213128557186,0.6981164659560259,-0.2066890863725173,0.4350792538528777,-0.08013316872516661,-0.020351838594739043,-1.6222632724853712,-0.022801874724973678,-1.1252393427189835,0.5528511998326029,0.060176502333606684,0.1260556195482803,-0.4585216931767724,0.5923535505743022,-1.0676501794981978,0.4262750801706319,-1.311321148720772,-0.17520775660527013,0.6326366966927568,-0.8329434453558483,-1.9125442713370306,0.29237913173946484,0.4220731728035959,0.34368233348313637,0.015190441234640459,-0.9696756845275465,-1.5504173917551947,0.45022180461105693,0.5382374933064786,-0.915981075884609,-1.4767959338897974,-0.04069897807700548,0.07955403321600218,-1.0486972117351674,-0.6061717092796931,-0.11177804787405611,-0.1994989580282878,0.4534657527984426,-0.9630912453605845,-0.19499356248921362,0.02897717102400867,2.224220403226596,0.7353477519490355,0.20845725615615454
sample_079,1.9151333915553277,2.418275881018338,-2.0416766223745006,-0.5116331004185585,0.5634423095498006,1.2402682381323602,1.0023808367017186,-0.17444939549157648,-1.6360758898076109,-0.7035567927567581,-0.9363891987145753,-0.07253636264729149,-0.5267157733651391,0.924569942265523,1.0618546166123182,2.7410681271123387,0.020072435881209553,-0.20140660043340447,-0.3469046472925163,-0.6645229561958427,2.283347463140711,1.3260062762807647,0.40921639675487176,0.4263445859153441,-0.1813355484147792,-0.0013531294661336423,-1.1314737526008871,-1.2928481526700275,0.19706850875036006,0.017463288585130975,-0.829649618443076,0.12781703597164948,1.0698609111747794,-0.08523272646317732,-0.634495729655685,-1.0012261804039557,-1.763903653254005,0.5133728068872662,-0.6719549821763681,-0.44752679486660374,-0.3150086703141299,-0.8647872209321505,0.08919124494071229,0.27918362256509954,0.598465502470805,-2.9926157482006706,-0.7231324017003086,-2.164598772133708,1.6765223479176248,-0.9787330688023691
sample_080,0.04790619875366243,-0.45435974640311166,0.64958848681575,-0.7079580767410437,0.8083313526717341,1.704928112093052,-0.12999241118733948,0.17711595505195227,1.347082491199122,-1.3362640528559055,-0.6519481217860859,-0.43804666732878494,0.13819289384218902,0.024751573588193906,0.9990716776966123,0.0759796698917554,0.32192011533088116,-0.12981249048452087,1.7398215089166358,-0.4173824383763102,-0.751236262515276,0.26895483533547904,-0.21085489098977586,0.9580568475173861,0.7964473735201909,0.44988966624414434,-0.9235404983718976,-0.5576420082548881,0.6248611976248967,0.44089924988897805,-0.4988867137455448,1.4579793076730738,0.32241708738652686,1.2159862174196605,0.56144186546665,-1.3305126266995115,-0.5623974900220153,0.9739133277305062,1.5601440103754645,-0.18385446177156972,0.31235931703279324,0.7902887944613805,0.7559626124042965,1.5019965096044743,0.6169209656680623,1.1788291365736387,-0.3454952043751836,-0.022954857460210844,-0.8462021860308626,0.8845777667335898
sample_081,0.7893796884394682,0.257780319320956,0.01974785912152277,-0.03288932994526203,-0.027932747672474244,-0.4419315279219953,-0.8313166428745277,-1.505609383233279,1.1416604084840505,-0.5448405499707667,-0.9614090547895712,0.47386943156485184,-1.8444080188199126,-0.1725475360378825,-0.33828379856251223,0.10721213400978762,0.20408091084840316,0.9022350849699129,-0.17235838389033808,-0.5072137756455152,-0.1692715186679903,0.8219004035563837,0.04836881143909529,-0.14800278163347105,1.4672276890381062,-0.2926820202791108,-1.217446687557535,-1.0089425968787493,0.8297893920062207,-0.29064861446798806,0.899887067338802,-0.7129703958816848,0.6155047163623415,1.2555350393960891,0.9351922752818257,0.2460971695364102,-0.19519436443150728,0.02973718798287562,-0.6776300023289775,0.11593978290001923,0.49423524635044647,1.0686670299436116,0.4228022684335504,-0.3049335113149264,0.0798329726403437,0.6244486409643756,-0.836774488596695,-0.4848201488004677,0.6425968863672492,1.0572001871557173
sample_082,0.18105212480606497,0.6579089086128004,1.1817392667515778,-0.1610084668749179,1.3973546071261516,-0.04871259468924884,0.4859245974830709,0.671973636118408,0.2766163239892081,-0.5749691908642597,-0.993071836911481,-0.15426331149812855,-0.34943387711719953,0.3635239641447607,3.3962615695939835,-0.5488522222927765,0.2357629413310942,0.31053763007822793,-0.8996620974764852,0.7339386290066363,-0.3563842741622561,0.06059793856245512,1.3092667872960564,1.148335045795342,-0.5959467540723612,-2.011411644941366,-1.164028644675671,-1.4387802814100148,1.3297992452846357,-1.4721626999983377,0.10719216033302105,1.572031096794246,-1.4039907867110986,1.4717755083847757,-1.1002886673689576,-1.8152427257478039,0.45920316214628426,0.18864981749525606,-0.27758552968976064,-1.5707408398760332,-0.10251424270082667,-1.0044966272249503,-0.28079664773166946,-1.07855264687615,-1.8049556342166089,0.5920230653125903,1.6181190406882264,-0.3649659383833704,-0.6133761719637834,-0.9395746401249565
sample_083,1.0723271276647837,1.0186131223124344,0.5715118999554898,1.185204764698778,-1.917011145489812,-1.187014011753482,-2.0936875503738896,0.4861332397029743,-2.0973442216453346,0.5283320547009235,2.041285139378769,-1.8303812529088528,1.2771307507246001,0.12365569376501974,-0.0934360058437664,-0.2910591719488712,-2.304402678929911,-0.2658708851905547,-0.2865397243724922,-0.4387260454843249,-0.6294137665887146,0.3643883035463192,-1.0190881350615544,0.661470338342501,-0.9695907905285747,0.7900782844568162,-1.2294301673795653,1.270523300145191,0.5228251536400306,0.18413476688675395,1.6646869676330383,-0.8759443832712054,1.3046529600870918,-2.632918673244953,0.5660192719781978,-1.1993526234128906,-0.20362232452833692,-0.14067608487763475,-0.24684027835418906,-2.049858152981373,-0.03137581799495063,-1.7975063085045724,0.6872367610518744,-0.7460466741851167,-0.27796554031296183,-2.3722249548803593,0.8657579965461969,0.23901406119666044,-0.01427143159430039,1.6567032138912285
sample_084,2.529255381031245,-0.8727921929447034,0.2924687482517025,1.0566829512500793,0.4265196638823706,0.8952375053104137,0.22608148136654346,0.2078747509553103,-0.621159907909379,0.0014887709316729711,0.34829665049858965,-1.4471457318649361,-1.6106087632714219,1.0953357008948794,-0.04512011114210041,-0.7621776718835881,1.6378367860661391,-0.3687336822339864,0.7250598400362857,-0.16071274617040765,-0.574581345679248,0.8876327921525569,-1.3586213811939654,-0.8107933396474096,-0.2661219867179934,0.10313205852084459,-1.320991393700231,-1.2492985264037286,0.46587320388559833,1.7038971191802137,-0.46617580869501063,0.10077958125032856,0.30610521451015016,0.1822472440209143,0.9732875369004601,-1.2571341374261686,0.26722663513823103,0.03249425881955101,0.8761213717839083,0.7200873497035083,2.717881369375912,-0.09369929216388231,0.6694109618405005,-1.2203817389470804,0.19310703843698365,0.9907215118057913,0.347005750930857,-1.0950933232721574,-1.0756477788023475,0.2696741975451268
sample_085,1.0076622104034858,1.3544791833487642,0.03508831983670592,-0.1376896212135312,0.7904843434743323,-0.25377428193951673,1.0188657089472601,-1.567034118458936,-0.759166224656535,1.242670096758485,0.886504456384353,-0.13667698638887396,-1.29025621954825,0.399225098786248,-1.3821096141491285,0.5926307170387788,1.1085903703618254,0.44882622223772245,0.17771616970192616,-2.8152661073755385,1.2302069336767991,-0.19082167651888315,-0.06636379485838341,-0.5048499020541566,0.5992067229924458,-1.5944318713400183,-0.4713271538579677,-0.63370653074916,-1.754372189551592,-0.04537661302826188,0.785159066792458,-1.2525793557473794,-1.638461501887693,-0.19599692814501493,-0.25133692211287606,-0.350580821886516,0.6729346434360391,0.8953143418344953,-0.41724987014025805,1.2537900120967924,0.6542195673723945,0.03444491982958971,0.5691595433428324,-0.37245628661761293,0.5510535403884604,0.6922093036236903,1.589357957853766,-0.9680097921370865,0.8606494335399192,0.5383518840781548
sample_086,-0.2645432454410938,-1.1052674756173226,-0.1858972129225923,0.5149584870436484,-0.2470820543719119,0.11705016612708506,-0.33743641229931776,2.5423545128362983,-1.2405870330454656,0.7233689503213404,-0.20783920279111773,0.9590790261387442,-0.975426979699352,-1.4985280072541616,0.04787817771725558,0.39167074293233617,0.3034098372785013,0.33892490157819344,-1.6272821210869912,-0.1581643628999429,0.33180175103715986,-0.5284808074545193,0.5130033087233583,-0.6050979609204014,1.2185333173742687,-0.48601607460900514,-1.419326422286492,-0.8101291260522661,1.1893744505186012,-0.7222007116012396,-0.8530690458643929,-0.381582732554867,-0.5888295547986693,-1.8641504537795701,-0.2241555141225339,1.0791315031764108,-1.366012781452018,1.4777186794088064,-0.16795142567151233,-0.017642071104144612,-1.3070529617072972,0.3847137823729214,0.21864821332510398,0.7666080015892389,0.09150447134972493,-0.18598272118795706,0.8477265387087503,0.24807802037255478,-0.5903274215093363,0.6766265682375519
sample_087,-0.3898771763894665,1.1275038275976295,0.29461103506643255,1.3272218645388394,0.03664914929078659,-0.8465372006150399,2.718028300676254,0.5225898167303806,-0.3621970001295502,0.5505625572169789,-0.17042266186270186,-0.16685899334813553,-1.078444678173463,0.2725304525942551,-0.8185177362549456,0.2782280164542228,2.1038908735496094,-2.271383897074834,0.29610474058034353,-0.11671961899290646,-0.4667526776822192,-0.7619729512972317,-0.23677185843204052,-1.219369419698915,0.7176430164477146,-1.0041529734902503,-1.2244323878500134,0.194250782857973,-0.7370968723260299,1.2879520554443227,0.5595764870030024,1.7468164583294439,0.8817664260056578,-2.3454223714822415,0.19463851929876205,0.25248923356226044,0.17536659635872018,-0.2889550747360808,1.4163298586559356,1.1299540130771697,0.5942818623682447,-0.5397926737239083,-0.568412865869988,-0.21380976655359724,-2.699391439413923,1.2159880343124059,-0.9705873155445266,-0.9680904584861443,-0.00017896134838422056,-0.33075181725546166
sample_088,-1.7872113064029245,1.26267306756558,-0.9644815758965474,-0.8286585493327381,0.5218743350292243,-0.7197651483247222,1.6906518895470406,1.0638741800204914,-1.3213210576744512,-1.0750332183223599,0.8678523804076519,-2.2130631476148093,-1.4446677417942668,0.6445214634315893,0.6438391903510351,-0.8554148527158604,-0.4513366057430646,-0.07447199330904583,-0.6359235555099434,-0.38975922523025386,-1.9315962224301944,-1.0466112141451138,1.0260685338717603,0.18483191980469302,-1.4847712969821747,-0.33494846291174557,-1.3042198593317453,-1.3667397845921905,-0.0780883580742996,0.4706757164821427,0.4874652217726309,-0.06826693452087768,0.04733735028515588,-1.8952980777561628,0.9265510995513303,0.9272656027300966,1.906298746194262,-0.571078402848004,-0.40701901503379756,-1.3259411231890126,-0.4426627562245283,-1.4530163828723024,0.770128369668438,-0.32827770670368195,0.7200630495783386,0.41429927465859046,-1.1858590519984815,0.7038998250759839,0.3424932167775734,0.3253726373526608
sample_089,0.7539198682976666,0.9783874137745119,-0.5447516996641936,0.23991838433353388,1.7930042152058578,0.017228130085173442,-0.8928532683806385,0.5219373250151468,0.12662971339351856,0.04606417149298728,-0.4457312268765325,0.8136244863654168,-0.6372559095132576,-0.7827029656757183,1.047564913332224,0.9910429695773909,1.534468468211983,0.12799961419854822,1.4033401021390968,2.0525138029524315,0.19157531325862842,-0.648328028946332,-0.6393825982803422,0.6313442348548829,-0.06839743520560236,0.21413141087101947,-0.3691517312409904,0.8309334095185461,-0.12433254186035694,-0.9286047259102477,-0.23409632839551048,-0.2282865934339233,-0.9358240690494432,-1.6059261275726735,-1.5948133896950465,1.7447230807396212,-1.3109875649321265,1.0921183951583318,0.023831453554768123,0.3609743974693014,0.3148463180663167,-0.14931432289802649,-1.134003458870487,-0.4887509036553367,0.6116590115143248,0.16911849576960894,-0.5029891817150693,0.8981542601262468,0.5489392826488769,-0.6866567857280705
sample_090,-0.6059196388557428,0.4123041872724295,-0.11033516454974028,-1.0636190523046052,-0.015336634679143417,1.9293013979867093,0.29849861109440445,-1.1024891604317244,-0.3727880169397169,-2.0985633152103125,-1.1077555962261763,0.18459291855816234,-2.459104737567317,-0.9461164658681279,-1.0481829879489737,0.48758884326420043,0.4237405253524977,-0.3819151477952771,1.1940972184656076,-0.02343131364958238,0.10062109183776442,-0.20271230890075126,-0.7206821426257897,0.14433205720036277,1.8152852064286442,1.8583740189151592,1.209810326445951,0.4280795963924681,-0.3627780460148381,-0.14250868949162943,0.6749097798109472,0.6828808377414595,0.7239774688413825,-0.8000889225855342,0.11221929341514364,-0.002308440995349384,-0.5362829262608254,-0.9257739890410055,-0.3769462574264809,1.2593798905114209,-0.8314765137953044,-0.15674433455913983,-1.2563446687096058,-0.5226551815827388,-2.312059307014764,0.18712639800824624,-1.239836617235803,0.30257463091259484,0.538556610623285,-0.0026819959851099875
sample_091,-1.4346384923941493,0.344109169590109,0.1329829401029147,-0.33012129721081074,0.03718459229360382,-0.913551567053368,-1.1991017760583333,-0.9659559725734918,1.7870181881690983,1.3873799988807811,-0.4011842253002751,-0.9410616313130764,0.4292177105781654,-1.5826912883899866,-0.6389545106090084,0.9296288390301223,1.2174939277312602,0.21550469629907268,1.095350398062861,1.835393651337927,-1.8018708448251795,0.44137848939634305,0.10522526232165237,-0.4480988565735457,1.1951078806463686,-0.47434334199343897,1.4455356557965153,0.30620902239533143,-1.266779708743401,0.005297425479977476,-1.038639426926763,-0.1868163729892509,1.0176179465464206,0.9532337718079517,0.41039562052055495,0.872360129616976,-1.1881510035738156,1.1873625072626155,-0.31198419971262276,0.8156345475747117,0.9190628893265645,0.6114035978098773,-0.7980474465988328,-1.1154794654383,0.9635684618580393,0.45316836807985883,-0.728856599564891,0.6561640522909715,1.5257027983752276,-0.38019775880022255
sample_092,-0.12158496381787165,1.624088988454874,0.42068666949585765,-0.1799425155405686,0.9324006372354988,0.6424418936585108,-0.6391724110490405,-0.45298030909993536,1.040201600936412,-0.292012723366329,-0.4066061200922705,-0.44589085172133447,1.7857329641569923,-0.1494133729631019,-0.9607791596211663,0.8713238776134402,-0.39708458901187454,-1.0220455263359276,-0.3427665681313431,2.232298924122396,0.25899405882651666,0.8158789273963994,1.9194375857653025,-1.9128184906623487,-1.424305832644923,0.6749345255131329,-0.616970418917427,-1.454926363493593,0.667234219154892,2.027860957507962,0.6280035599603997,0.8545209086848221,2.7832957224122556,0.7088864130876067,-0.8676059309881954,-1.8180481620755806,0.37004273814394284,0.9761678519056111,0.7612432318895874,-0.08391403020944418,-0.20523720547430047,0.38027459767049593,0.862006348001622,-0.897899143179948,-1.1726124320488158,0.03980266289973054,-0.12170480048898627,-0.9462001518486628,-0.21561088259394692,-1.2519741960483688
sample_093,-0.928832002856897,-0.3067088697282013,1.5413762076702728,1.3374904422683351,1.5139678431378412,-0.11140433862146293,-1.5059219475579284,1.4539400841441692,-0.5191867267013963,-1.7065067442761637,0.3133453109443946,0.8515992249282027,1.8892156801265116,0.16702646166826082,0.9799780657565065,-1.8666457454017558,0.8925294195265449,0.4339553676848463,-1.5112665033978872,1.8636960673986114,1.7180415996326122,0.7795272106053835,0.17886485063622062,-1.164630588716676,-0.3787861807265908,1.1654525870223915,-0.154361818795858,-2.323965150397802,1.0914919437625679,1.1044357921597114,-0.7268151086220153,0.1640709805513326,-0.38702009423093625,-1.4861537347419123,-0.5619162636274035,0.32660386047588896,0.6652227723328011,0.08866144088120649,-0.022754250091161735,0.2607280475277386,-0.8545285854334792,-0.7089545252462047,-0.001477108273892849,0.5779547677496316,-0.5096354123608509,-0.47502739384401726,0.533991236720251,-0.2348618074191314,0.3610745705904882,1.5515769564856154
sample_094,0.6611004714794951,-0.29189226155856424,-0.0896663271739036,1.306595083040796,0.6411519102131245,-1.2779199602015487,0.7335564797015376,-0.5747538736021434,-0.1581230129508046,-1.4100845743742245,0.3988625513224264,1.6929928705723978,-0.34441415461245817,-0.6453787390543387,1.5562064907089623,-0.2964014419552345,-0.013990013637279392,-0.44286632315375235,-0.8647930031888461,0.1657136287521984,0.9059543743676209,0.01028450144708347,-1.6314739892152585,0.7626493196804885,-1.1082805622471825,-1.584259714802784,0.6121976399539052,-0.06402350545591062,0.31539310733897935,-1.0784608979700339,1.786911890008259,0.9090452629276083,-0.4770301468889339,-0.1432943403523986,0.5678069290099006,1.4982509333824587,-2.2396423458689023,0.5888019908835205,-0.6780776451322209,-0.7843000134425011,-0.8046643547627923,0.7185582925460123,-0.37220258349623336,-2.4660482376314943,-1.4785381442688377,0.30603879879398876,0.22793268930866273,-1.6241344411981629,0.9632201114183025,-1.4268235828291034
sample_095,-0.14291009314191214,0.7154612857093595,0.3654672958728819,-0.34922244557813004,-1.3964551870150403,0.5366682251439231,0.4215659165681101,0.18577947917104362,0.9174968434604883,-0.18642975768153391,-0.11463728294279082,-1.8144154682392701,-1.6367585859886962,-0.3128384116828768,-0.28918789506776066,-1.3414966425683053,-0.6941775064044066,-1.3318288018322613,0.7166674625810175,-1.6757193875663072,-1.3975099231381307,0.8725616719125672,1.6884558714922484,0.8766354135180865,-0.0746932151714188,-0.705041418731758,-0.163258586754954,0.026505972706677434,1.5387791342794652,0.4600757324420631,-0.44921472699889253,-0.737441349620542,0.3951931429087836,0.4787031890242496,-0.38382649436241345,0.4060474062821477,0.49156431514007204,1.0234554123070392,0.5886377322013854,-0.10864148492021679,-0.5506927584565496,0.5815814676111454,-0.33966933518282594,-1.3798129443794844,-0.43792800801584075,0.8783842821499008,0.42183178361860296,0.29058048717234736,0.1032850177933942,-1.1166361259645465
sample_096,0.3335346189847425,0.9728328420034459,-0.6252258628034982,0.2297676452943625,0.5452875558973213,-1.5764944441169317,1.9343402294045846,-0.4680159435236852,-0.7450460012964253,-0.9350938104116723,-1.3514354729305569,0.04626961313102553,-0.3352032413905672,1.904978294390181,0.034243611306111386,-0.12001254342098869,0.057763456407934524,-0.40909214507365305,0.5704655989238485,0.34735960341395244,0.474850454828955,-0.9694095449775473,-1.6670790815836718,-0.7038754136051157,0.7266999102150631,-0.79493044691385,0.2961100008168209,0.31579476314792415,0.3495593537405918,-1.0345379724213974,0.3756747838971668,0.4110607100008256,0.8831301870359569,-0.3233229288224834,-0.42959658154155905,-0.8066167384061108,-0.29110611182409224,0.6067286524495037,0.13789158384404063,0.7418218996098268,0.5278020667232697,1.015995374191368,-0.004613802451196116,0.15090144558290292,0.400110230340317,-0.964834837501094,-0.2043585086134688,2.212257004606823,1.4308776057381642,1.0144608407612719
sample_097,-1.5954299695624479,-0.27921486712498067,-1.132304039065245,-0.15536600710270937,-0.23722736746552753,2.1365922429144932,0.5800215289536969,0.577925066822344,-0.388856000243212,0.4553743435480003,-0.9563209826617032,-1.5388565093669273,-0.0038460303064204748,0.4947072160274201,-0.7267034288670314,0.8104661912741571,-0.816432576182349,0.18614282456142653,-0.596786128492696,-0.25929063402951347,1.902336174945909,-0.6062291938707891,0.8398379268106799,-0.7689309957018458,0.35948532019563706,-1.3966356882201556,0.8207741256727318,0.36211018892178676,-1.0924699775789404,1.3786112905920822,0.9325185430429855,1.8074701973290648,-0.32609336945933454,-0.8123493422763548,-0.7751151676808846,-0.16967115712396105,0.22768622274095596,-0.8775447813168237,0.24530243857423786,0.038373395210059356,1.5902902329220323,0.47312748347399763,-1.1010957363978404,1.579384825166749,1.5096319062607189,-0.7209235594811026,-1.0677734124452694,0.7230557647733485,-1.3240719675016703,-0.9721238206474373
sample_098,0.8555323770339675,-2.5181100884635974,1.6953671542447948,-0.6746117424534032,0.6038490415231412,-1.3904066655988252,0.9606130792970895,0.15714611668270248,-0.7077028205172917,1.4282167307807314,1.1659246142489497,-0.7487828018897273,-0.7904740018772478,-1.3408351363887234,-0.725612779918209,-0.0868075691025513,-0.3056378737080755,0.16820809260914407,-0.005771493142869924,-1.1844513259392326,0.4131514933492547,0.4725099183089229,0.7905703869154989,0.6209274368985375,-0.7845108524875382,0.6044717563541903,1.4305799246519324,-0.33139052975632166,0.5798648241965219,1.5323277236875665,0.3430992914285933,-0.7221408438094442,0.9014522357083546,0.9260967247574735,-0.2845892092552555,1.157043917992709,1.3676856058153972,0.0032941481275189804,-1.338131036400346,1.043831016540855,-0.6897973993858026,-0.022626290698777137,0.40968154180637595,0.085735754296032,-1.1658211033799435,1.0222973781809934,0.8420153341687996,-1.2223448884754102,2.5732866828914776,-0.2442314825844918
sample_099,1.273549052970727,1.4140268531773754,1.0417953410084875,-1.3968618046271126,1.9417372635786248,0.34038355631442485,1.2429818967645039,-0.37815166287758134,-1.5104315347508945,-0.3502662301392664,-1.793544699638241,2.350849075340562,-1.1023993283763358,1.886714986637737,0.8277080391314541,-0.022893298087820854,-0.23352459029916586,-0.7382317985837479,-1.0806659479194702,1.1403928096912113,0.06255445480310044,-0.4080822007674209,-0.6608752370942307,-1.5535464044256861,-1.1711632231999012,1.9927773675821947,-3.2135734369062066,0.06512217833376566,1.3528651466658623,0.788247428099006,-0.67004757456215,0.9515207008350925,0.4599170074463411,-1.7581387976158853,0.22379197888256366,-1.654372076123461,-0.09438598952151131,-0.7142871536811332,-1.0381890293978513,-0.5898778222197683,1.6819718544071567,1.5552534936156273,0.2627981872601546,0.6224923222896989,-0.04685406849589205,1.2307091817454268,-0.33553831698109043,-0.24828483675515678,-0.4399522863570809,-0.6283869305299844
sample_100,0.8137859588824897,-1.4728582973989854,-1.0122534121337308,0.17596240538523336,-0.6809029598070879,-0.7205201882755295,-1.1905491726381978,-0.8920749077162544,-0.5517499017329275,2.117739596407437,-2.0552036323572844,-0.1061866336401928,-0.862002386152932,0.59592464118885,-0.21395996829348396,0.9199052070764671,-0.8137273407958988,1.8560221687330272,-0.5815620536102871,-0.16996928388674748,1.5218955421954274,1.3975395140052254,2.039547385292412,-1.1028071299901923,-0.3295086701641269,-1.2176506626215446,-2.6325089302898865,-0.5675201201947605,-0.5031326498256878,-0.14744497417666808,-1.140835246653808,-0.29372002193335217,-0.05959656012078025,0.12052773804250011,0.05061548540518929,1.273346851836645,0.18121415900012175,-0.35740589791916333,-1.8333107629780527,1.539858505957448,0.5484424096244362,1.059315248609344,-1.3239669721714789,-1.4013396195413474,-1.2687843659410498,0.8330883021986257,-1.0753655592789133,1.139808641702617,1.0673086200082587,-0.841810271524421
sample_101,-0.8590720896844192,-0.024641687487774067,-0.97350657644984,-0.5613575493259432,0.7054973330146658,-1.102921096669976,-0.4804462322090453,0.575685516654893,-0.14897483553163837,-1.8421667005475082,0.15154551046389714,0.08676057776217928,1.5565732698133168,-1.0586366959575777,-0.5387859683889563,-1.1558824579570015,-0.5060723391956646,0.7269760891044101,-1.3495260220775778,-0.7518917601917323,-0.2488223474749168,1.304007965414847,1.0605661016529444,0.8210277233419853,0.1656526271138416,0.03176608587226573,-1.102607469640576,1.2853489995739729,0.009019753236834292,-0.000990364488618102,-1.2082752610947107,0.8962407954708195,0.29753267568686864,-0.009449427019614596,0.43704829090609176,-0.4666263136478259,-0.13433574398017342,0.2581614516629297,-0.1893671102252426,1.439759922024401,-0.5592567026912179,2.0688847363784273,-0.02054878783233508,-0.8213365059002534,-0.8424990329644618,-0.6127181276761822,0.2532514669677507,-3.5192410603959954,-1.0463171721189806,-1.129954046684299
sample_102,-0.3617503311993398,0.5931400183067127,-0.5537650558188254,1.8192598051549396,-0.005627467399675448,-0.03495955344871587,0.6227487113858384,1.7159254362624474,1.0497270791889888,-1.624658406622402,-1.6975929668565783,2.190050113257913,-0.044006959464138184,-0.7073841402395954,-1.706628957864634,0.603824435852177,2.1320853835007547,-0.0417392493060176,-0.9798201784584453,1.086048633669761,-1.5960618042277162,0.3656721071273072,-0.45696104358185713,-0.7350207858349892,-0.3434489498910941,-0.7565477875736766,0.7826957043489161,0.0481935279519242,-0.46403479380202617,-0.27138580078677277,-0.21969244136916352,0.38244509868930354,1.2348637771057447,-1.5443057563180103,-1.313271666616848,1.5146696819095327,-3.113103499805295,2.2427803088650675,-1.6236361946764069,-0.24498580260123343,-0.7076350805334446,-1.3607234821432914,-0.3203213062644793,-1.3689342668450606,1.3199103281247644,-0.871650063713942,0.09565625036935453,-0.07843228315674784,-0.8146607958122767,-0.5281524360529937
sample_103,0.29045218147792934,-0.9545043358077185,-1.6350453565334042,0.8925154310789577,0.07232916539059596,-1.0426756878886652,-0.9988022918622104,0.5260371604428888,-0.4335181623634238,-0.40683618223722917,1.536550252803204,-0.38405378926721306,0.7319218369445848,-0.8597418626147453,-0.7494857255806934,-0.6440009572571967,1.726159835556497,-0.6536447601366483,0.5945392909754238,-0.2789528467400693,-0.9092647514883765,1.4075147951884515,0.4733460269759376,0.12098997140206823,-0.04758060876007739,1.313015619889666,-0.18199020861878246,0.6103882629360109,0.021755430797072067,0.3462956857967812,-0.1481453154211679,-0.992670106098544,-1.0311428076897562,-1.241695253527119,0.10432209373156306,-2.69643693376723,-1.0184411718837711,0.7801973378909196,-0.5444172808534558,-0.21266107646733654,-0.5447333554213283,0.18736527206756914,0.2650965847538986,-0.39307102418477124,-0.7269397617189336,-0.022889764940894834,0.7288504417220708,0.005537096450070858,1.1013720522007968,0.0357363847286427
sample_104,-0.8303437359267551,-1.5947479284251278,1.4112320239444167,-0.5494962819804542,-0.153587160245902,1.1058893107332337,0.5040008916737949,0.16056508161327973,0.6943843593006663,0.7306744619979584,-0.7605976186022309,-0.34776900324449883,-1.0684195935488756,1.5360466182010273,-0.10920062356791616,-0.3753647623367041,0.013137513886833463,-0.25088505789421717,1.410537906661584,-0.9742580672420097,-1.8123246531771362,0.9823335778882532,0.9350982060949897,-1.9563902405031752,-0.00015999709500601555,0.3939848122135263,-0.6931803955471442,1.144348201369174,1.948480454567984,0.055717059962325774,-0.2666442410143595,0.07419896706880698,2.135365045823662,-0.5430755293649371,-2.32376134401783,0.09538807290238131,0.556206473533592,0.2697469631688258,1.1016875125998524,-1.7958857012310177,-2.8913012440247416,0.5445074529722576,0.9441756221488048,0.0717728651497686,-0.036229525416716854,2.2487174568764345,1.2473130913711776,0.4958822930201536,1.2650164211149804,1.2930135540814134
sample_105,-1.1357708770227473,0.4342975441840625,-0.7560335251365258,0.929727794823971,-0.6203036728805177,-1.0785188964107855,-0.4286606974259986,-0.9806759085058295,0.16974295733764663,-0.7908326832442506,0.868636261831177,-0.10054798388988609,0.39924960427690337,-0.37582985539884967,-0.5328625231187543,0.24126995445914448,-1.8719163553241351,-2.6604084592894277,-0.09072713428703526,-1.4421961997194814,-1.2682566712756256,0.46326428942346903,0.9426202355391187,0.10782168035273498,-0.9805127057264407,-0.14211269827272377,-0.16542176076606063,-1.0169570294926997,0.2765856506455558,-0.2908566020446572,1.4705899748176883,1.1378675264995237,0.6001160931530725,-1.0770661595196818,-1.5612503366483277,0.47821511949550666,0.566364939621938,0.43072351168637424,0.6217514316802157,-1.030330885874665,-0.029866943044118133,-0.6052476478021349,-1.5812005490090386,-0.8002832254550724,1.3955644855996272,-1.2959317699057913,0.6459553255624919,-0.8785820568695699,-0.6616779091369094,-2.4717760386459466
sample_106,-0.4520440065159972,0.3548308350511023,2.1276992787446836,-0.48558789851677353,-0.4899704535968329,-0.4161188931556136,1.155227828930406,-0.751756768829302,0.02568304450552581,-1.4712155053533595,-0.06727730904631586,-1.078943186039891,1.7245924514115547,-1.1130128827266366,0.06966889221639873,-0.0059858606682849395,0.5740605045421913,0.33942625289905337,1.3396515577887098,0.3261033002380992,0.2832685152287845,0.6829825643914575,-1.6563031636759291,-0.7860564474262035,-0.4399180994051384,1.2459767713254282,0.41408936898369564,1.228271576681295,-0.334696210040969,0.48112800569054276,-1.5408830648202347,0.18500174715885306,1.528904380952097,0.7916940803154031,-0.11711256986311726,-1.3594984333202729,0.6697253994687773,-0.8005604647570712,1.1290984916673414,2.4023310846775168,-0.18808836583722482,-0.45780530287915105,-1.9706134875252144,-1.2718391031585257,-0.5380985043575633,0.8527802694447486,-0.5272907852017771,1.2597214946246442,-0.4960337237985361,-0.1432124448870171
sample_107,-1.2441401878453715,-1.2200929530453881,0.41736910993268667,-0.4803989774963474,-0.8761517257489163,0.5877029099263444,0.36325713200337345,-1.2988235866455835,0.37755162483820076,-0.26264212549870153,-1.409218582294562,-1.1956815802601135,0.8773535079493358,1.8107928401851299,-0.11707617157144236,-0.26459829678756186,0.6576697855711008,0.7252751523873303,-0.9150676793011572,-1.0282211343365002,-0.35198031413892183,-0.6525527878945824,-1.5038015887274794,0.21321827121933323,-1.2147062994836169,-0.19512541696513075,1.0423019997024903,1.3039849707371032,0.9906646919632539,-0.3308603394142321,1.6390915977088547,1.4989383458239003,0.8923770431484587,-0.09723244231456622,-0.5606671680304036,-0.42371128187881973,1.0950314304703253,1.4528754483017499,-0.6152397655637897,1.0203495315482383,0.4649110278887658,0.5138467073064563,-0.15048193641571517,-0.02406440493340956,-1.7582096824283653,0.24819377400215478,-0.40048000439358317,0.6760483734377608,0.889530398368715,-0.2307456510028118
sample_108,-1.8574328860438487,-0.22803904311465703,0.382692992919138,0.8050855319028412,0.9102027466974304,-0.9401991696924709,-1.9517527021152592,0.11473663694724157,-0.4192476764061081,0.9281291247520375,-0.6330198722067608,0.6968972203611417,-0.2711753012326936,-0.6791052353632867,1.8631967276972659,-0.4437834212911936,1.7037241590859329,-0.03211878466568931,0.5863585421812999,-0.36991949164885957,0.6902012731661286,0.01661022672159226,0.5066397618762547,0.17556768929662755,-0.02497851580720518,1.2111629178012937,-0.8762739481228793,0.6080918953844565,-0.43162081804673164,0.8210673363410989,-2.0620667702126823,0.75377746284539,-1.2845772891489207,-0.5016430726996608,-1.3080211008322127,0.07427961163628141,-0.42946148023797304,-0.23625212127511425,0.06336163187175377,1.1731545156423029,-0.021465594571366448,-1.3272836610075598,-0.2866886785417455,-0.5981754933475512,-0.8399146978384509,0.7612511841427482,0.08838836760039838,0.29847510297558416,-0.3540386651316288,1.8405641441947695
sample_109,0.2535418955148912,0.2598802188560479,-0.8466572316827313,-0.6116949262671685,-1.5651685007435037,-1.09226027876341,-0.16326991735095295,-0.2873404118695499,-0.7159767602970046,-0.4078168688128164,0.8527611273240194,0.5395345267698155,-0.29912981514581216,2.3479981517465123,-0.16429715434651918,0.9550016879915941,0.2703739240099254,-1.5187471983336744,0.30207610587585654,0.7806935859919796,-1.1849541299292152,-0.19988243958097687,-0.040052462682603714,0.8522009060397628,0.3863549130196477,-0.6435821429407139,-2.561642801620747,0.7101365951606365,-1.7659496432702393,-0.4350832941019005,1.34311350512664,-0.9514924307884131,-0.33781515983874333,-0.6973097580580687,0.6404035736649282,-0.4048258885926363,1.1747990728046644,1.0386077785201717,0.28020318196182314,0.9347952437052225,-1.5941967250925941,-2.722846034829429,-0.3075938992992074,-0.5634523546133887,0.04860193498892239,1.1822715526728875,-0.8232947173065621,0.6699431787641643,1.7196713852480117,0.005657645160376817
sample_110,-2.153913583037653,-1.9427417923616574,1.483912214682197,0.6946912206537762,0.16458081878542,-1.0884610141655908,0.3574701585098928,0.5889449018475343,1.55984621624643,0.3022591554335085,-1.1325930073488628,-1.12403660638292,0.5530477215496522,0.7880831378672493,0.6298475188686722,1.2987162001366217,1.3770605036389385,-0.6372888893739991,0.0676894086699693,-0.3591797463758315,1.404924716070956,1.0501959182525087,-0.6508929776089517,-0.5424044252177805,0.640985103852003,-2.4308405837923934,0.5052000987213828,0.7335084550634553,1.6001688884736032,0.05585965742497537,0.9891429575441645,1.0620914550856448,2.0724419266593244,0.7977427315632717,-0.6212562538518007,-0.45166461606207814,-0.9054254599598521,-0.9462771938516025,-0.054296059977850746,0.15808767734606397,0.9200931038988598,0.05350903849229124,-0.6861542729724278,-0.8455748470837957,-0.0353175282339194,-0.270234079478366,-0.8359645598921824,-1.420369690030953,-0.22263768137516862,2.271411726021929
sample_111,2.2666311381456614,-0.5641574561324201,-1.1225885626997152,-2.3982311797509728,1.0161471198860532,-0.5344114552886605,-1.3430630217285557,0.3582843090211754,0.8738882174374422,0.13716013880027475,-1.7917782371266697,-0.7325474534758404,-0.41233462315590896,-1.0626253315481549,0.2767757607979036,0.5997739239066412,-0.9354916470953079,1.5293176024609887,1.436016484643501,-0.01208053963930283,-0.7647638317553823,0.29555432088703054,0.4875113810269092,-0.3377877433158979,-0.8867637922049144,0.017906595640000855,-0.2926817959636103,-1.2547966473694114,0.7271209983310359,1.405981488976056,0.6118858085473772,-0.17434373432016198,0.27768260978980147,1.4942345335799971,-1.182464463448753,-0.8722638953224102,2.0352857796934964,0.14240396028020805,2.0296753209237806,-0.39703847171619144,-0.3627538017400895,-0.13236845224766813,0.6698704410933735,-0.3500114561825085,2.3633456425052874,1.2259608962641408,-2.4749051295062054,-0.7763016177893115,0.19563570757913973,0.9175371662103795
sample_112,2.590344749620334,2.029170298837703,-0.7234337928804361,1.68473207581896,0.9532190896576905,-0.5170877000745808,0.4016402331320961,1.6314229983146968,0.2969082784032356,-0.9021774227700647,-1.92626108206747,-0.3790758894028992,-0.5560522531217744,0.5978559718309109,-0.28813548103288217,-0.7176163166964332,0.8531717432857235,-0.39409634721603287,0.8348920153505746,1.3220505714712507,0.30589840979821326,0.9139334076459423,-1.0870831350805688,-0.6420683766912754,-0.03907041831492877,0.8954746190750801,0.29219928714825216,-1.3534037047556264,1.1558002814333364,-0.0709251585527074,-0.6287260256417015,-0.9007064949864272,0.11958623615388947,0.616984392047392,-0.08777367707090437,-0.5446923504379512,0.5336821000043438,0.8306631861139437,-0.8474719736111728,-0.7501111888055388,-0.2133641614831666,-0.6334336609513336,-0.5819359128363348,-0.23267801298988794,-0.3852032649444741,0.6002058647501796,0.02483615409825499,-0.130432216579845,-1.1607862869061707,-0.5939012927078905
sample_113,2.0114995537891933,-0.5924202599073782,0.7250095704089152,-1.6173963533855005,1.756111077367317,-0.1365883580072234,1.506794252627884,0.326813189286607,-0.7987128556932246,-0.1875344123603934,-0.17173737275908343,0.4359988055758251,-0.19727766415836492,-1.6153538419385782,1.1008484290291982,1.4444303044723041,-2.234190863369504,-1.5462892241744957,-0.3362881675898449,0.1328694508084529,1.0362027426670035,-0.39550546393240554,0.06909238739963777,1.3794952039664257,-0.41632526263387565,0.032238078295874745,-0.3179555801960542,0.20537618803328456,0.12263877184962259,1.8196667421230301,-0.774851137273552,1.5598307006421899,1.00214145623595,-1.1232106648981184,0.008900163718340983,-1.2578223087350089,0.2468160330513921,0.45197471088381186,0.7041003969833015,-0.028851381939658884,-0.4336399837760106,-0.8227570623451894,-0.3976603046185767,0.26375773297631067,-0.44413323280999223,0.47191423691589723,-0.6628339300103041,-0.20564273668401764,1.236179592049549,0.15683905516326824
sample_114,0.270375024709162,0.34487111405640625,0.8613695547548825,1.4071174300514169,1.7724501933495866,0.06307403420438651,-0.7502818203893072,-0.9738166216367646,-0.5686905624000159,0.8203909432256459,-1.5823013955403593,1.1904396096410215,0.17244831432429442,1.5966481440028901,0.35555034880973435,0.98893581473312,1.2272031381752624,0.0581070234794054,0.13941467706853972,-0.7533718141507542,0.5240443917333517,-0.48771791555011657,-0.03843883956222363,0.18474705699505892,-0.0859660262991144,-0.16271938471474637,0.9658173304595511,0.5208760467214304,1.6421999526255502,-1.7584766529260636,-0.7016180817473475,1.0184543951948262,-0.40946242985648656,0.9868257085941212,-1.2289591410612708,1.5348366592682146,0.7593609561433765,0.2124374308749783,0.5425646261791741,0.7472893681083729,0.7357275312231422,1.6663014505277278,-0.8185829864957178,0.698658295393874,0.21952769967986469,-0.6653441275322818,-0.11496965949562328,-0.6718751831959354,0.45022967673830266,0.11370374521786422
sample_115,1.5567038976756342,0.14496624477128314,0.35599630686843553,1.3008701467468846,1.6144366164170245,-0.9881279793491229,1.206874623298423,-0.8220469399806202,-0.24810310330587756,-0.8582043526442528,-1.5060800253441762,-0.06304621838227333,0.7440261733096442,-0.31851392285448843,-0.8734076074563475,1.115409431609142,1.8135422280687201,-0.4071088828423661,0.05578742481298174,-0.24150934155797915,0.7945566531949553,0.5348519767493854,-1.0703880644157777,-0.4521012626660925,0.31792679541170793,-0.28260706457973067,-2.889162570554009,0.3596774834237929,-1.1359024026729712,-0.5041849272286235,-0.4333085552343474,-0.5816561577222407,0.690537780966822,0.8542609757151897,0.14035805882712085,-0.4677192096571283,1.6205457227153868,-0.2437741277698802,-0.8552867855074113,0.19079662409324197,0.8796396801803726,0.6361236505491153,0.7209793963632779,-1.7489967176985446,-1.509233438804642,-0.26929960591327284,0.8124125212973536,-1.5364372411303864,0.22969149438594405,-1.6128044297265474
sample_116,0.5425643413322737,2.2846174570190905,0.6043137263794688,-0.6311517004218214,-1.3023834411479125,1.4120075775462264,-0.5210470732762656,-1.0785083309133852,-0.28802401171819475,0.1305497465978454,0.675545608729052,0.7376651338250468,0.4040056231546524,1.694084637789149,-3.431001270217284,-1.2008956594981148,-0.3614041996935388,0.7757158853038315,0.09376313913416766,1.0928594256528834,-0.0005881629061926706,-0.4529754078840483,0.694548149449316,0.6668992488190121,0.4918954048674473,-0.20279427331433994,-1.0579442249229423,0.10440800946239119,0.856091416946432,-0.1939105481864282,0.8474382881980517,-0.5230480707188615,0.1195436139733558,-0.3325163792934654,-0.6502309776641176,0.39861442172961803,-0.04019402900249705,-0.06963071643104397,1.5823464208848645,-0.5712066446829863,-0.21678913700408414,-0.952200647128426,-0.6292483225503195,-2.650257139835366,0.0059037555398542265,-0.10338826360067978,-1.746128450880234,0.8200865971875817,-0.31424085307995964,-0.5932287884211772
sample_117,0.9990353001433774,-0.6875698513785454,1.5475523282985493,0.21841991418856269,1.3497181078894003,1.8585006793365935,1.8436023066245881,0.8568091400369061,0.5213768834333532,-0.0947478395666401,-1.146310145097169,0.7649494348469098,-0.6667374039210746,-0.6614832289856141,-1.0200518030212806,-0.5285474963526224,1.1789523139743272,-1.0238584842763945,-0.8811247362571493,-0.011486195146566725,-0.182660458625136,-0.4307136037851738,-0.10421993295451998,-0.29039854618436967,0.5597821978224743,-0.1274382857916761,-0.8954133085474771,0.44445163407270116,0.2942301920257645,0.21023651066033142,0.31566370914619374,1.8012996305075013,-0.3745317782634266,0.7368806830374848,0.4302023642280108,-0.8589298898546193,0.17283045801934402,-0.377763934720355,-0.820978424380694,0.5835687279346349,0.4857714000961673,0.6248057925136403,-2.5514388238013117,-0.6771443206773726,1.3755224510255526,-0.22403064343018367,-0.4932178063679747,-0.7991795233575303,0.2854552961610576,1.4940375133021297
sample_118,-1.7666232614330633,-0.6200631740932725,-1.5639266100421003,0.8065055510863549,0.1320292670816939,-0.13588981755679755,-0.21576273024260037,1.3466537051704044,-0.20659686018720086,-0.14383216373731028,0.5217907720787291,-0.4198142471616545,0.018782904415179196,1.3514427573945316,-0.45637086375693614,-0.0847408786612967,-0.5826967330381116,-0.332120268177575,-1.3153839968744594,0.6662494978633278,-0.09886799197525226,-0.19178540106814562,-1.3858176187604812,-0.4031896623557905,1.373481106595558,0.6285912536825381,2.8000931292380433,0.5890110527867893,1.773944982422024,0.03235178509385216,-0.16775188275551486,-0.45872475370043864,0.2338269936679222,-0.01299457874950236,1.1119092052376736,-2.760402660257195,-0.1272110742044157,-1.7432386199935204,-0.4347594648942159,-0.4834786938662566,1.1896538074230747,-0.1579564403303579,0.19912756022010653,-0.9614756710189369,0.10174845185828105,0.40701863585628834,0.982936663407745,0.15812652714171835,0.2865808872181808,-0.4869539988923628
sample_119,-0.25741176606876404,1.6011844204878678,0.6154039481895495,-0.6141564509271468,-1.1592134944009826,-0.03179432717040428,0.9371308039114256,-1.4984064266566208,-0.4208350142850876,0.7986400617341398,-2.0896599030802796,-0.4054709013759296,-1.3289142008903996,0.1927495370513679,-0.5546524156577476,0.8024420127716085,1.5165458815510264,-1.2699897068867516,-0.6754006313354439,0.8091280066180889,-0.17736077897813343,0.5876878551231544,0.8887552627285324,0.31064096543386127,-1.0506348625802455,-1.2450009256414705,-0.10621718542077946,0.04971025254153553,0.12606549359335623,1.3353166358029385,0.1677471040114734,-0.1469357395609615,-0.3558573612684142,-1.9227999409985126,-1.2723178101516186,-0.01719078961886582,-0.8391355999664019,-0.053782636110331516,-0.24078329769613868,-0.31469545333934085,-0.7189427073579573,0.7446395991589675,1.6346522957958018,0.3840409187624796,-0.5158407141669912,-0.8750383802414767,0.9549502659393038,-0.3771188192736386,1.1476642166319417,-2.1221138932635597
sample_120,0.29659767468580095,-0.7494358833566935,-1.3008435719442077,0.028498553748756345,-0.3137546610619505,-0.47235812849049963,-0.9171035628443559,1.4851558042608202,-0.550063468299593,-0.7844778304239873,1.291512898561099,2.207021607239353,-2.503873012441027,0.4562756514494162,-1.226884915830802,0.7652602786242062,-1.4222464387257767,-0.40484388001405414,-0.24518368723015416,-0.22592567971048308,0.008978740527252744,0.6042543107278687,0.13140329324124042,-1.2873823810589815,-1.1539253585171256,0.2927066061421321,1.443220453298015,0.6186220836156088,0.2860056019337907,-0.9954226643120041,-1.350251671981725,1.536005109128171,0.16423897181562958,1.5766824438144331,0.4827462867793835,-0.21044654968651844,-0.6981284541943015,0.8745265635005678,0.5575726203197995,-0.9807859968802705,0.3797014783049821,0.19621816714060572,1.0828825036212781,2.0094312764799946,-1.3774149790072654,-1.0912608371722976,-0.2087789335356576,-0.409764749253352,0.9310663887927161,-0.31797418440401565
sample_121,-0.679452491593839,-0.6120573513580515,0.33199456842434566,-0.584127897282713,0.4194189593915502,-0.7236777263183908,-0.9557993460326855,-0.3860125880384938,-0.025032871711474797,-0.09423546656507989,-0.8936568214558932,-0.1419923642989753,1.462429346742584,0.05118998120450295,1.6232037951707834,-0.7658102332166341,-0.7413824315927027,0.7783119404422584,0.049003987430560794,-0.8844167671675812,1.2548850337915793,-1.918300510464493,-1.7269714531604765,-0.3573898404985215,0.07395224855967518,0.9353686063441292,-0.2921501248888908,-1.0416855480878493,-0.18830509856781852,-1.1522847265457024,0.6047014084377761,0.5214453967764576,0.5937486674343877,-0.36087095094833055,-0.36242745343777427,1.5404635653103387,-1.5068811920368936,-1.477317441239304,-0.428938757907982,-0.7196811241610743,0.617177326704578,-1.3554113416603517,0.4935687622516798,0.6058950363872606,-0.3592476251869822,0.7128584493007957,-0.8269348794171305,0.625620947781042,0.20750641799062905,-0.17148779896042268
sample_122,0.14241054403182168,-0.8374269711910173,0.2542983599626281,-0.4321178861432676,-1.943614139440908,1.172071235025873,-1.1877716833392362,0.4933775947937882,-0.5272465533531868,-0.6193652433660151,-0.5383921759559847,0.9654176550214486,0.384484871406481,2.233414184979409,-0.36151554039722394,-0.6311076485282576,-0.5799182728275983,-0.6759371795131643,0.5841085255144326,0.10081934925088613,-0.19561061972105664,0.2099099374350765,0.7578648928982857,1.1487274432051606,-1.5159715829295533,0.7128788596635832,0.6049666761272406,-0.9420851068705146,-1.081139942369333,1.2616119694706474,1.9313896703267182,0.1728234532453402,0.2863547342922506,-2.5348529784547944,0.14736789860049193,0.5760133692400342,-0.6369229067215434,1.5385788005253604,0.5807405466437618,-0.4189619457572458,-0.5331249074116998,0.31731193926475093,-0.7076266497009855,0.09282422731384478,-0.5660056536502482,-0.3090668953301791,0.8304342982458466,1.1038533013069158,-2.5578811889397826,1.1530708050382328
sample_123,-0.5049574327861774,-0.32959192665594433,0.04258947917119569,-0.08650825129321241,0.45036592119889224,-1.2307476032207427,-0.9837797323424659,0.0983292588052851,-0.5893836017109667,2.130004660939048,-0.7015046347582552,-0.49672776382202616,-0.3974895958688724,0.5085917571771816,-0.3208972387969571,0.5923989908495229,0.9934354447040974,-0.9828834823717866,-1.121191193313141,-0.6325900620665045,0.8047362984597332,2.496835746928123,-0.22286259041334092,0.427355644864577,-0.3864523123060878,-2.13267899652135,-0.7801346041585031,1.6094689915409282,-0.7425401047642265,-0.8471161688846972,-0.472040843117779,-0.06728698355057719,0.18175940042536345,-0.8051362095698019,0.3538669016361239,0.1524967538615831,-0.6932889037888158,1.1759098245376332,-0.3721444135637997,0.8659214358165181,0.2520875598789435,0.5032346829311447,-0.35049051743096954,0.5646230630160549,0.5097756096518401,-0.012693589656512795,0.3827916343726292,-0.39544760348672914,0.29614029561301697,-0.34829693562804775
sample_124,-1.8149626021370981,0.9324808266169585,-0.4995037126113005,2.042250458368972,-0.4891155923086852,-0.3416646107449665,0.10952891648069693,-0.7294832326232944,-0.36347128492424613,-1.1151935555031809,0.5209908903717055,-0.8584003115711246,0.07465623379665477,-0.08328602984476571,-0.34410854587595757,-0.3082258350145546,-1.676331701498788,2.209692217833423,-0.46267643941445713,-0.07464753322599905,0.1710889492112433,0.914434443647711,0.3662218654891336,-0.6154097227677826,0.745786564150966,-0.4053313779401894,1.4020184367709279,-0.37112003530947074,-0.6182696935998659,0.8653736251473163,0.8467262092896151,1.5444184031437713,-0.9240858326174679,-0.12054391176709048,-0.2681982067778772,-1.2292420356980929,1.8726679784362161,1.3678752957578009,0.912131706225592,-1.0850399783585103,1.987472134576781,-0.9566188567343383,-0.25407587731021075,0.14428932469317374,-0.39711961028421905,-0.9088886063232514,0.21228795955520444,-0.08818680529745748,-1.1527895167199238,-0.5576969209946179
sample_125,-0.9538632600346978,1.6614932355788405,0.54990996860058,0.11399871893606589,-0.2303510987030028,-0.539048605382141,0.2334128611219302,-0.9308025878661141,0.12225137494871818,-0.2581250343816531,-0.5712396722288745,-1.1694677861861655,-0.827041943628095,-1.137884583388507,-0.32770380799296583,-1.332285658529207,-1.6097129279245794,-0.6929863500887256,-1.260617962794116,-0.47813516517660803,0.5938839465016335,-0.6251532906553101,-1.1479215656165225,-0.5895119988713469,0.12351299478922333,-2.0239888646764737,2.3008645742314595,0.23643095691588317,-0.3760502411042078,-0.145605221764327,0.9991704911772679,1.0199636580630778,1.0028996645007588,-0.3054607803073797,-0.7911196416345262,1.5933136745222634,-0.41181761151164775,0.06960885861145455,0.24323783223067078,0.5821572702911599,-0.9639436472383506,0.4051840380591666,-0.07798785203790513,-0.28030268260570107,-0.89121727959667,-0.9070355011468821,0.6789239929766286,0.9103531564806838,-0.4330179647503796,0.40883747529366354
sample_126,0.06984716123586744,0.2793599514876707,-0.19616356490731843,-0.5511180670404211,0.4520381283432449,-1.5887783965892952,-0.3963083616992211,-0.34180595311459877,0.7195639259592085,0.9344020151765795,-0.29822326066245985,0.9630820367894979,1.2606788777434508,-2.019019960697051,-0.3368859346568872,1.7548613688950823,-0.3307808630544849,1.37608779926628,-0.00821785348216729,0.21282874546448982,-0.06655333255770417,-0.004174510958884614,0.16358663201599816,-0.2114093753122915,-0.7085899241073309,1.098647496962976,1.2811673230532599,0.7640919916914993,-0.21640674531869655,-0.5504706731601204,0.5839541940264681,0.007190402794900379,0.6451696833945061,0.6526705392890639,0.8108634723522187,0.7826085810962324,-2.0286489670515477,-1.0178181184649657,0.3636489022530003,0.5908391054921038,-0.7933184482562308,0.03069921034883282,0.47655386572894876,0.962542687642272,0.8583226080160483,2.207056160313544,-0.45190682867876847,0.4270174455892985,-2.6042458475294112,0.04414654339734271
sample_127,-0.42733641619683693,0.11747738215801039,-1.6025285758863903,1.4503441223233902,1.3763465990503538,-1.2363447426055085,-1.0727837365696102,0.7518300720217453,1.6312964737088251,-0.0582709646303827,-0.4562255318123216,-0.17267423364631404,0.17384969479347998,0.15576528673266823,0.3110444227839152,0.7846730889645547,1.6929473722727297,-1.0611499666415594,0.8295461212150402,0.520932453264229,-0.7122104721265484,0.09048000080084717,-2.2571287816296297,1.6377094286832077,0.6217328730758349,0.9181166782031647,0.38564648213139646,-0.16326930233808457,1.458053974513586,0.4958052878238799,0.33531211677964295,1.3941054525258516,0.1431986706243463,0.5189432259027885,-0.5447093195377053,1.690965595899103,0.5084154472411627,-0.9246999744550959,-0.5652584984281193,-1.1256104101366335,-1.7936414832026568,-1.0287473058671321,0.6240359290160816,-0.21358829014021333,1.7482196351881958,0.019401158388713816,0.30416906141322664,0.03307017635556306,-0.18319191960672393,1.3360916519835284
sample_128,1.2090408801499637,0.978888434513988,0.4034361081858416,0.009958925137094484,0.5419781440940115,-1.347773567569729,-0.4501912882033723,0.14746406616480118,-1.3479484769027816,0.6952974892357816,-0.47356629336363115,-0.717026905260522,0.500064680569834,-2.8437005491192973,-1.4994956769356196,-1.5749593419908865,0.1570783450782317,-0.410630773751354,0.317809422038249,-0.3146171550958119,-0.38532515689398517,-0.14607679512736824,0.6167134649431838,-0.7463738873045507,-0.2646077329712,0.8500189238555697,-0.24627931447648274,0.2218207773157537,-0.8571511480148749,-0.8580780023249291,-0.8828269635648941,-0.024157527865997813,0.2832256966765024,1.007398057970248,-0.5325702415260669,0.8998886496921135,0.9232773318539435,0.052942549396365994,0.029535514666800065,0.3583242290418273,0.9294948161794391,0.5628124777094559,-1.3887597976239883,1.167563595118796,-0.09577115374798748,0.8072778295660707,-2.2094257074739856,-0.3797948941202379,-0.7980796823711513,0.18653574115631663
sample_129,-0.012247619130197823,-0.9318643924878904,-0.5388059689610835,1.135752468338564,0.8436689816335661,0.3313991929706618,-0.7303453515657953,0.46167002723515405,-1.057960479153015,0.4215572444830551,-0.13177892143877762,-0.13672223598005073,-0.10590133502877834,-0.8136335957313716,-1.5093300681722843,0.9921123418497114,0.009715042450184433,0.6962277254311161,-0.5142385328294903,0.12333935567340568,-0.6267363582863813,1.5641500895853846,0.16282098605406242,-0.6921900694882044,1.2860885843536027,-0.2841448417265304,1.4316738524740305,0.1464302303295477,1.3875704559896593,0.6054937899310544,-1.7717263210489047,1.2057629529090406,0.22336241177007332,1.454777335938592,0.09236650090358761,0.645016247803673,-1.8343955066549986,1.7766559321211237,0.2545142173629395,0.8134753107446646,-0.3295750170880145,-0.5470020814440094,-1.1894035355742751,-0.23673283488361876,-0.8495828983644494,-1.0589744433223365,0.3434908725725546,-0.7953693629033778,-0.11432610938263942,0.09136114170813915
sample_130,-0.23233361683689147,-1.026253460827102,-0.19025659048747995,1.270019175828922,0.6047289050520023,-0.3647556667053609,0.4128700619121928,0.6247813038958334,0.078746035441415,-1.12184795766836,0.05424951249817717,1.7364127482285603,0.9513976360511269,-0.7404872981132589,-0.2901441455818807,-0.5252705023931411,-1.8533561621852395,-0.9820334837240687,0.8401168576948138,-1.1298153859434994,0.869000268779096,-1.634305930263931,-0.17242286278752683,-1.6625669468986055,-0.20624583719189143,1.454717800372734,-0.7682863905600696,-0.07996487430301841,0.2654548681760376,-2.1216860335700045,-1.1010158148531386,-1.1114231236883874,0.7327333063280241,-0.2767580004498461,0.00040073433929240827,0.1938844283359936,0.976995976659293,0.5923366189375263,2.455554311020964,-0.3056878574702893,-0.48158618715480755,1.3477880253912167,1.0864892776399373,-1.1448733039819685,-0.9638176885386488,-0.1215528687796258,-0.7166952653813282,-1.2163173781822871,-0.4640778178089661,0.3242418056758687
sample_131,-0.9926196304953674,-0.3364750552870022,1.4777139394047214,0.96950898592017,0.7897285610761083,1.3595437224950013,0.12686469780114995,-0.6761927187536749,-0.7675548975281871,0.9463200727307373,-0.32077177720533945,0.256905104289095,-0.08960130388595011,-1.2766873377169536,1.887969905063114,-0.05993979425841787,0.8879048602911732,-2.832271670401911,-0.022808549523431552,-0.5126667505966627,0.6895158403180444,-1.0392071397703173,1.4100459582663751,-0.6073603690585726,0.5789720989714942,0.3961125836683,-0.7017243518051886,1.1672498201871955,0.04431097309658669,-2.093467726628204,1.047581782987464,-0.25224036679958584,0.7325703689994825,-0.5681751728744469,0.8515860068840315,0.8314083608606727,-1.656014336543294,-1.5832132217068264,0.7520409507827691,-1.4890091846766587,-0.5521357687600009,0.01075741041418796,0.5695636360004812,-0.6850462509640334,-0.21082085423310523,0.43056734533367047,-1.017616931273118,-0.15753206901259198,0.5617625364178778,0.9625511413988213
sample_132,-0.2288929716929637,0.2083254796405836,1.2244145784876843,-0.35796335607826046,0.3078723377439104,-1.9400400105449795,0.7932573193927658,-1.0378274678919839,1.675093400547193,0.8485180348429512,-0.08502833548509602,0.9065401869893409,-1.3866366204182048,0.6574805140791252,0.5800489637851416,0.6004031965140527,-1.903244607447795,-0.46329106822586286,0.6935809422235936,2.389965533967544,0.5524016729289654,-0.5671937629676738,-0.4694355077050737,-1.5175738253109563,0.37665318696363354,0.04229957151684565,-0.41467214082384507,0.19386711469638407,0.8895097689061894,-1.1290469159823595,-0.05696323567881956,0.542396710504095,-0.23065166833404988,1.1561468208584476,0.5640309948049158,-0.8199675567020913,-0.3464158574191267,-0.1063923217659825,0.7412324903292294,0.9905445403996281,0.7671498688108391,-0.5539689272710142,0.5877869416490544,-0.16518417206747626,-0.30575728675460095,0.6735482870264209,-0.4497980096384391,-0.02722248246631956,0.31816192981303976,0.20409907280671316
sample_133,0.3190108222234098,-0.5535152284870969,-1.2350968904596675,1.6007902007507726,-2.1280742166710676,1.0237491848539784,1.1038268897466292,-1.702583720189607,0.4390003523167065,-0.7204174878429109,-1.8194823683729007,0.6938199584532103,-1.1011390830242258,0.6390346827060248,1.4447761629389853,0.21011854978466063,1.050822871051277,-1.7157948731097028,0.37917022185124966,-0.38364223879531545,-0.20530218029933803,1.3883538806702405,0.5634227776552289,0.9163016459969412,-2.0099339327028884,-0.3009775333052066,-1.1117515179760311,0.9100996749135961,-0.4844580258840762,2.4369440628724646,-2.227130285401623,0.09360333826722426,-0.02606144799727484,0.36778105813036277,-0.32241351245545147,-0.0451755723003238,-0.022553898026071446,-0.5612115533610319,-0.06663404089160745,0.009371439719829466,-0.19716158410056395,0.10481024515962742,0.031018244920251008,-2.2811414150677014,0.4558541026872928,0.5331356327703479,-1.5331853378959273,0.09089674095475589,0.04181085830045722,0.2744043502218376
sample_134,-2.429360502949496,1.6240861525783985,-0.9564450500006926,-0.5482182450662106,-0.501528530484016,0.7531861044937364,0.0460356059645518,0.25856700434982643,-0.8255694588624019,-0.5883502250549206,-0.566842858015569,-1.0999524098546933,0.4247110786539733,1.0657425614814418,0.6745975468737443,2.955182228388804,-1.698996496220507,0.5332199406923539,-0.7858918258045375,0.24614115822263755,-0.3865503987300618,-0.5160197345412292,0.713406868497635,-0.9573276554959637,0.36069260147192356,-0.6292156715640946,-1.0374895543971936,0.660912920251975,1.0776150772453936,-0.6593297483541812,-0.1486674027970574,0.2476103014608424,0.8943846988543914,1.6863717381219532,0.2726875530358551,-1.9751993305832602,-0.4863144712017694,0.1796465901755452,-0.09142501341456638,0.5800922156051533,-1.0909609432844072,-2.601113768073073,0.769757772763543,1.8464456494657657,0.06682173375736727,-0.33875706773545833,-0.9606795531674661,1.018149399110033,-1.4394803946701513,-0.886054702224456
sample_135,-0.029868758781973207,-1.3482177454397204,-0.705002619696897,0.9477457893419711,-0.8419701161977329,0.692593782122023,-0.5482942700165158,0.2505876802513899,-0.45668825135700336,-2.4151872510133936,0.7993748355970527,-1.715754733025232,0.7145263146535697,0.7217181040141415,-1.3621867033771482,0.44535249403993055,1.549361681950614,-0.22248946547173276,-1.2358309532205511,-0.5678200191208161,0.17637681366579144,1.3524896525900465,1.9134206327889498,-0.2260289138958071,0.00041319571404876753,-1.7967083958667307,0.39653099677542564,-0.596206103165919,-0.9180061635550277,1.1301090394236915,-0.5108388323259618,1.2215799583828355,-0.7337609267919817,0.9674446395078858,-0.47344127588320817,1.1541159525688935,1.998985289794222,-0.49554121644069865,-1.589576394532695,-0.6582605096775916,0.8599810293705017,0.9433202027628828,-0.6090734120105125,-0.49053067122363236,0.36768897899505326,0.05449505910198882,-2.279569685736765,0.46231345958113934,0.7382556858157557,0.4159751922098022
sample_136,-0.16029763295124969,1.0402226611113325,0.007343493040652244,-0.21791900478886592,0.11625622026461903,-2.9309311152818918,0.3260331057591904,-1.2502243704207554,0.23643685313310578,-0.22999660352949433,-1.8258681645411732,0.8663067450402134,0.3762645683435872,-0.6213714778722775,-0.11540878310962935,0.8283063064707588,0.06295465443051176,-0.3756981587537445,0.2762413738598285,-0.4735687998511138,-0.11207127251715149,0.6829044037414594,-0.11413904446335264,-1.0849952130516067,-0.23892764673767314,0.15305702240990615,-0.9716237496102702,0.9066742349220924,-1.3666034645252885,0.48742275936471563,-1.330437392443062,0.774269204408076,0.7510082592408861,-1.2598652837680246,-0.9434371035155954,1.57336795235582,-0.1192792789473684,0.8732216980611555,-0.18605695851313703,-0.06689946268271452,-0.6882784345780902,1.031079665648882,0.7386637403825707,1.4470875477526164,0.07347781174514267,-0.08376404397722353,0.3847108440291182,-0.3924958548209229,0.78721284307518,-2.626800431437062
sample_137,0.7484477696693429,0.2682154136619911,0.5268202652123022,-0.44671605285299787,0.13799840120961038,-0.0168886067425125,-1.5585986902971394,1.4708166107592089,1.195878984750923,-0.09877403798502614,-0.3906035734839891,0.39262842061829667,-0.494918272331372,0.5368003376377228,-1.3286723363024138,0.693559561812832,0.71038384169531,-0.4529624830732129,-1.0499898649130526,0.14701404720285724,0.528054581731879,0.5325331379283392,1.0032980557873186,1.2434434939611638,-0.7179739303839379,-0.6846337144887497,0.8248448753604176,0.8331286613591523,1.1937096030868601,-1.1346172489668376,0.3144207440572708,0.4434247563635545,0.20804100714128795,1.969318018026837,0.42549721620314307,-0.7619308154911234,-2.052615333703984,0.45366457324532367,-1.1478158305375952,-1.2921296167095166,-0.6779065730916279,0.5097251930135448,-1.1026260447649134,-0.3120419970657503,-0.5194574588314899,0.7401681712429526,-0.37712056425488516,-1.6056549202749892,0.48891225779370534,0.8288876514941949
sample_138,-0.5264399591969136,-0.8732858861051747,0.11188215552989525,0.3575547957914974,1.1379221841069973,0.6030809230146551,0.3711609986539635,-0.22558490380905943,-0.017837034833717402,1.602467480656065,2.045790259436407,-0.8022512948389056,0.396095563337584,0.6997488239863804,-0.6218689683631126,-0.1426703816423565,-1.3853306044468003,-1.646044380641533,-0.5955999426037069,-0.32981647803996816,-0.08892587142035996,-0.09127023669989995,-0.9207032262361485,0.08615059183376783,-0.5412514617771409,-0.9415348325509144,0.5652196450467748,0.6369851984482743,-1.2056293926856576,0.5432397639974141,0.6454571724406926,1.0365648529503995,-0.6552168793644612,-0.5359733735476327,0.0261435793012896,0.1560906837481888,-0.6613287339567199,1.207926115164218,0.3913275741635545,-0.008235820863381678,-0.053382804519317005,-0.1284760740260963,-0.2807815553094667,0.7764021313017404,-1.2018113265883417,0.349179231039779,-1.5404595758044837,0.33495496558220905,-1.047698247389011,1.209764527498789
sample_139,0.43718332117594966,1.0231398724143321,1.1510626414079643,-0.17359863549483565,1.1805081892251101,0.7087258525856002,-1.0306917573845058,0.06104062455793239,0.4662242476919807,-0.059576325946672566,-0.6622142635415307,0.7353401107865272,-0.7710399292500982,-0.49310719289843535,-1.1171933514915566,-1.8154975828545312,-0.16766795276652674,-0.1499453443176931,-0.23339636862203875,-0.052823425013742285,-0.29695308600356574,-0.5138705429880088,-0.2229489265674403,-0.9702281467445537,-0.11116027536803204,0.6942441692524379,-0.04152809646996637,0.010120155794017168,0.5172212280058722,0.8039245317529103,0.1316065361597378,1.168829222508691,-1.3891935980645818,-0.6634417577216858,-2.4967373734739136,-2.3587013813344706,-0.510235715621803,1.31890414816827,0.7710779949117313,0.13560958588993546,0.9146397669353317,1.884343044193847,1.2327325540123613,-1.711164154625734,-1.0323529091672967,-0.47906754596455614,-1.1517617816726033,-0.8490028770737745,1.5963693370022127,-2.5965606919273214
sample_140,-0.006415788292068784,-0.9407393366372597,-0.9064154535832264,0.3632713759096624,0.9410081559852982,-0.07319268395787004,0.5215458352377219,-0.9916707338634272,-0.2875033364506938,-0.1314000048214617,0.4502168518107652,0.809193880101027,-0.30064976028895024,-0.023186380759588492,-0.4531021224347762,1.3911710523375,-0.4632360166005567,0.8146503900803583,-1.4637586647149754,1.392849286417587,1.3890813069567687,0.7773398225511364,-0.791836787136777,0.4585626620099841,0.030257344246586205,-1.713440129298415,-0.33034729656062345,0.35198722147951605,0.6910075380458255,-0.24574072522830875,-0.5610384623993884,0.0655317608069518,-1.6490834913963988,0.06437308707011286,0.32862068300399494,1.9314077487840522,0.4101181431922639,-0.9564887294749171,0.6039267514005245,-0.369063692686086,-0.40179527406031124,0.26245086365877696,1.9629144314559315,-0.060777226636636386,1.3579848691008314,0.700011136994711,-1.676171591601682,1.6107670808213266,-1.8241865069820264,0.30098444679016256
sample_141,-1.084239944323405,-0.09233487923867874,0.601208129931061,-1.9999481487556756,-1.8979198655022125,-0.11171697854060288,0.05099669825312644,-1.7262939591616717,-1.682713086471757,-0.4112434477820769,0.7767808522434098,0.15654474431431273,-0.7105971842416721,-0.8978095483169551,0.2274658329371171,-0.2969744410417966,-1.1983641993106922,-1.32631103837614,-1.5820544137976011,0.17126881456905266,2.0125317273924224,-0.9250226807309222,-1.5935008691520738,-0.38535635342973046,0.1500948761291797,0.8506809334514908,0.12318467867252854,-0.26609882495204723,1.0038121057501808,1.1545538394675878,-0.5940075441577995,-0.21069319472449133,1.103041302352856,0.8824686787841057,-1.9844603243167847,-0.47704936384081104,0.9052034854697394,1.6458105265377403,-0.46899469926449283,0.5583833129868189,-0.9418523973371997,-1.2633156974764148,1.3043589809960878,1.3981419526318817,0.6234439893650612,-0.7147333504625504,-3.18924737728158,0.4083278823940046,-0.4747525955747137,1.5292193488494132
sample_142,-0.42907502967382166,0.31167492141158604,-0.011218376449460598,-0.6122954599308311,-1.0555124136389868,1.1722838521257568,-1.7101633243496697,0.11039670121824219,-0.8706038851146486,0.5430921114716165,-1.1709553573828755,0.9765799107805845,-1.3432866448237517,1.2641789495995583,0.08419623562911498,0.7060133600639709,0.18350700968840614,0.8749849229660722,1.4896038502626319,-0.14938807240241614,-0.9243977111188898,-0.6703059366080739,-1.4332763431113122,-0.5326593940658388,0.37561452252600924,0.08616616898032356,0.03441327380658494,-0.950602682424741,-0.5546337060952032,-0.04125880556350271,-0.05336645943994196,0.06291813413569383,-1.699841445663661,0.24107151223367754,0.5446292947769056,-0.2640479922701159,0.43270858885154506,1.4117045713969192,0.19118804997524913,0.21323944056800215,0.11598522352562696,-1.346965600628388,0.4673291304530572,-0.1348640283154833,0.48451271138072144,0.40337677577209613,1.5621421913652214,0.369519611515709,-1.3566937667781465,-0.6053594943108878
sample_143,-0.17941306503875173,1.9456529527463746,-0.6985353222519275,-0.5859987753762371,0.7476999970020531,0.017568552438193125,-1.7224625375367155,-0.8679142057045875,-0.2974150534544384,1.0584716013168936,0.4227527634666937,0.8483372887929002,-0.1136570245715927,0.03746309562788745,-0.3641327152933048,-2.393843550841541,0.7542040141132861,-0.12297345657526652,0.023034911159561793,-1.4323484708508887,0.1960948186426134,-0.5616595786959695,1.3136263983831657,-0.6051442416819491,1.4080336488332839,0.02962063669681711,-1.4862695356744566,0.16047990120680872,-0.5874826892602883,-0.8181958585991161,0.5041739952866753,1.1590437691332092,-1.4156529081595488,-0.5071903538094684,-2.309664137902214,0.0634733568547081,-0.521109122023152,0.9716410506636675,1.1092096766726744,0.1011202462906462,0.09455857982946028,1.1137004400621253,-1.5065392711973726,-0.8059606741028134,-1.2623900523872968,-1.4857138676524542,0.1745963230127676,-0.391548726893004,0.10213158228873098,1.4101857385521512
sample_144,-0.1616709065228802,1.1189090572135856,-0.3016097074266344,0.7088216912012278,0.07824922620495141,-0.017359396124692932,-0.22370062298091345,-0.28327077407857615,1.9096398140817679,-0.4458767535386681,-0.7864385097710854,-1.0293803214893293,-0.706059361299772,-1.451580530086255,0.4127060668394934,-0.5468828233906708,-0.743314267911242,0.12377326492156206,-1.2055105994235285,0.23287033293085857,1.767503261590937,0.7071259722171318,-0.44700788732222,0.3999617023730096,-0.3247323548767149,0.05025511603060427,0.3275329111499241,-0.43133572617381455,-1.0361775030210811,0.3771931699323078,0.5538548509143226,2.0764650059122745,-1.4097751487512498,0.07629576612201863,0.07620823656324238,1.1059043431854902,0.7410449350161757,1.8772596392276384,1.295930605855522,-0.5052640640852643,-0.9938986813460066,0.306594899365363,-1.0475873718911306,0.6800257358202682,-1.0233816709841848,0.4525762176777943,-0.5360957747142459,-1.3637392819398688,-1.1236716012352472,0.0012868963908216518
sample_145,-0.5096964107759807,-0.4490177742485559,0.6069817924912427,-0.040276734576751835,-0.5429101626671009,2.254137486781024,0.3229444812406368,-0.42859813563032784,-0.8557088788346735,0.5969695627690742,1.0453544918274698,1.2050807725453467,-0.8285807935763527,-0.7628385754345451,-0.9221967404212665,-1.7071183545776492,0.319616118574119,-0.2042632691945539,0.7884288530353634,-0.47180630896100184,-0.3729791937294093,0.6448604277877997,0.8899474615533332,0.988678313902902,0.13382112893447834,-1.3328283396224674,-0.07763458494364467,-1.732493583977704,0.36553195070509004,-0.08609022490517354,-0.45270112165061327,0.9374520872479781,1.0193200360147436,0.43324691481807304,-1.0724438356892696,-0.9351205005639518,0.37624084084457493,-0.7734157142010679,1.102835517055226,0.7748372000946973,1.0111496628222332,1.2680742713393298,-0.3399130844226195,-1.3103289226105188,0.4883904164610196,-0.17743243389562027,-1.8034839186285951,0.05699636472517273,0.334898939810731,0.11846886228050421
sample_146,0.333544195314654,0.4221908014713048,0.8823472449779537,1.0060565927542364,-0.916060115877803,0.6146862513241603,-0.735002698716901,1.7314727417672566,1.0788523097308058,0.04656300644597709,0.5614937808836944,-0.5812072621098081,-0.47653385075482485,0.14519314861313246,0.5672991774293318,1.3191957648254216,0.03676477728496973,0.5930793252165716,1.2806191711967487,-0.9071203977668388,1.1740442417002237,-0.5736034184867803,-0.536518188787796,0.3284280397294538,0.514143403014174,1.1748007817797808,-1.7245222348459965,-0.19708227386891472,-1.91668540392854,1.5296784894776407,1.6094865373958904,0.4449455510247378,-0.22135359958943518,-0.28692204098070867,-1.3201149233139988,0.7056805732562978,1.2625824992219656,-1.2268413353188814,1.5555234709047758,-0.13731354667131562,0.872652870969077,-1.1410517594166432,-0.8734927629420327,-0.7590722353419413,-0.01897802185157766,1.3983659532481616,1.1081557418615144,-0.7493211626486811,-0.9201843281809066,0.658558475213188
sample_147,-0.39120146027385844,1.267508311174987,-0.36765897399805814,0.062003235868606316,-0.6781897339668853,0.37355171482475724,-1.2949061583938273,-1.0107382295949872,-0.35234285354159134,-0.2085738614353939,-0.22821954735312494,-0.2303144293424315,0.0284667573914238,-0.5164632359844669,1.6243235779427758,-0.5382160697408914,-2.6568104481443333,0.2841938035961154,-0.7482935201341965,0.4901690113151769,-0.6828349371127143,-1.7866056763026614,1.3753310087147208,0.28840136793692517,-0.9586491433969461,0.01269048596958346,0.5813495599502869,0.889009216456421,-1.035282254410716,-1.3982063198016939,-0.04642304358659391,0.7448061950201283,-0.7082289174235444,0.022243886579875454,1.0000096628078048,0.5985413737416914,1.2420265869521712,1.8242547581154436,-0.8764447999781247,0.34375765625634835,0.12726410453685214,0.295110590695044,0.4984618502604497,-0.8249779534574062,-1.4786657780388157,0.7084468151320654,-0.6277751124648404,-0.3361399897330396,-1.4909372537751693,-1.1731865512737953
sample_148,-1.1002192380430167,1.6508069444558295,0.29821504624928546,-0.13662556787231242,-0.3987662483026778,-0.3349037274901304,-0.03487657602608411,-1.1559625702203935,-1.1699568165288556,1.883109896704488,0.9953879989955453,1.2354210994074923,-0.3527115586007956,-1.74887080318605,-0.2919707917409426,-0.10426936061452784,-0.4858428875268552,-0.2674716563321676,0.6403280000833163,1.20746633637043,-0.34039039206285016,-0.30657049603805453,-2.764262635556127,0.08423643602896996,-0.1069491192812663,0.5512944198050452,-1.5065236585214887,0.021754765189957538,-0.18954124675701772,0.9496999079482272,-2.549387992786982,0.24324753262640839,0.05011534355742608,0.6992737537429434,1.0050104415726422,-0.790258384121673,-0.10930956200013418,0.7458634493363286,-1.3298429641999323,-1.4962103625148497,-0.5839119369176263,0.22599229359695225,0.14419557534762298,-0.2353844853240835,-1.1379964267426534,-1.4445336212565474,1.0068282835925195,1.7849288454428354,0.9135548719466626,-0.9838259188519988
sample_149,0.8675508032596649,-0.46316215595759735,2.0329519740072706,0.47815913761855,-0.6205060026452585,-0.7556469681788199,2.1972077482289016,0.047820373240317675,0.8325109615698881,0.2640947646440814,0.010360838906276173,-0.48941530294122065,-0.7083430199749223,0.403171290113875,-0.33577664141463126,-1.799176966040119,-0.9160420762792681,0.17810257577522245,1.011119039080794,-0.9311784130264174,-0.2724547905344777,-0.6529848622738641,-0.8210054722368585,-0.6265833422125361,0.2918827045651449,-0.2965148837531276,-0.16377663481392984,-1.6584203136942528,0.21442854186003207,-0.15594059156566098,-1.1381114505789225,0.06156194622006227,-0.6511117029355814,-2.2713090643267573,1.1794317226723263,1.0540096646442862,-0.6287837317680305,0.06307497921696013,-2.5028205147866056,0.8429604641324889,-0.8596558362879073,-1.0707347831238474,0.4930738410708387,0.28125692906947325,0.3840282001828327,0.9777791546819031,-0.7392034671453958,0.3286980121913671,1.5289591810301655,0.2976044277209463
sample_150,0.01874450985939977,-0.365554310140723,-1.1097303238176481,0.7182283806523616,-1.3282961411850862,-0.5503856414398374,0.1384030287986042,-2.468982889977279,0.4655666082319855,-1.4264098039663167,0.023745875859668305,1.6014575703687088,0.19243932714770895,-1.6107193698944382,2.017663133615759,-1.1528244744120186,1.3924511676382243,-0.06441476385299437,0.9160849056055345,1.2070988529048414,-0.5305600136933163,-0.43310987011680263,0.4111401696856867,0.09395488942989062,-0.9176609138560928,-0.02437536880471554,-0.7267246025676789,-0.6857791841115803,0.3647860102926093,0.20270440931935124,0.6389271937901807,-0.7221545320113741,0.020175701758585574,0.5827456373058716,1.4214604622450757,1.225036474854542,-1.2081177743103022,1.8283743694064551,0.055159311169819855,-1.899874548326375,-1.0309901746595649,0.3773933559428387,-1.684833882441884,0.047455802777702887,0.6331864393456457,-0.1426090141173874,-0.44860141184517976,-0.17442518995225895,-1.2519025701034594,-0.30471083109102437
sample_151,-1.0318588388782675,0.3564436362623575,-1.7219362760613224,-0.024117769610301192,-0.6480240202159833,-1.7219424266321677,0.8302125266927513,0.47364262059550977,-0.01732956228203775,-1.9608449810833481,-1.344624476010388,1.4833907949947327,0.7229500776280915,-0.072373320870866,0.005279475864454,0.22524417689095386,-0.06506784360734108,-0.5934421088319476,1.2209304011852504,0.5687492995684721,1.1136440488425592,0.1785708484161888,1.21224801206698,2.755194592416859,0.13003019200377333,0.0441217610999281,-0.6692063164640081,-1.6038180850977353,-0.44487312652029204,-0.4692309543036572,-1.018809260207362,-1.3327650447785409,-0.6229977868295301,-1.338013848295625,0.21131982493076842,-0.09377749216350859,0.585076861033488,-0.5334763680569053,-0.48696897485806984,1.149139914490433,-0.6300251958696546,1.1701842701299783,-0.41566298753700914,-0.07811666921370025,-0.8999841439294386,0.7527404235220697,-0.7982102709883866,-0.36998202716455575,0.13957665976508937,2.4767974196894493
sample_152,-0.21463016952429517,-1.352028645312639,1.2251275771219676,0.9768554006568565,0.2245155394851097,-0.9008818056109787,-0.17833459128284315,-1.8992231144109113,0.7603436417468535,0.820187325872887,1.0560837382300714,-0.46933949863759744,1.1491128865786637,0.6641906495480566,0.12761524749034212,0.2546133855598938,-2.168772222106741,1.1475319496118526,0.821048147660127,-0.5414687262086565,-1.6140151836673013,-0.4542059021217423,-0.012274471755007049,-0.6660284774772256,1.2918692378072654,-1.3806115851132683,0.3630212467811363,1.7895319108917138,1.0246496221977173,1.1146934643067035,-0.4854481873884904,-0.3917632904744364,-0.5778096235005847,0.25014162807209844,-0.2995780590419036,-0.7559466402022771,0.6582579744937626,-0.15627712143390188,-0.06205102780065156,1.2036628779435568,0.21215281174697878,-0.6472877166963069,-0.6156005416184556,-0.08408073383273819,0.04978245392121061,0.79120537006126,0.27893127218943936,-0.6143909188370313,-0.72673469519347,-0.5030045166627676
sample_153,-1.6245335147462976,-0.8746910831629906,0.6824167954140254,-1.047929768451544,0.4778744720787068,-0.20407881998773203,0.4883954558942153,0.34519867178806984,1.0127814699701034,-0.2968260660753295,-0.07105539815675557,0.44705839590451724,0.5150164343060014,0.9595350622762001,-1.5495169772551798,0.4508560594490314,-0.13190660199193469,0.26443969524958444,0.1157744690104154,0.2989662340775712,-0.534275441903636,-0.8165193576113767,0.4106079979495951,-1.9588421135554996,0.0018089469976282954,0.4761726519977388,1.5428493820456421,-1.236327061179428,0.6174644435403728,-1.1549247393508255,1.4077882201119776,1.3054041170393713,0.21929381304531254,-1.4512550739578178,-0.8449279366804683,0.8942309376234533,-0.9767775605951549,-1.1804722403710826,-0.898723929235474,-0.4162017256596807,-0.6336376293209733,0.6075518489509223,-0.3513804725584879,0.2883873361779482,-0.7011417774842612,0.22229771636812945,1.377089600006334,-1.8415910648123421,-0.25744127662855065,0.5709666729663982
sample_154,-1.412493960510316,-0.5304407177835054,-0.9141727156042211,-1.5579294106986425,-0.3401537704227372,0.44418532312038567,-1.7072390167482492,0.848354850433381,-0.4522880145896114,-0.14810083676308666,1.184800094921073,-0.7525046090607923,-0.29296176937620966,0.1535437781741547,1.1307356053373114,1.194438079063466,0.23651692323951043,0.7950456943519583,0.20366070011780685,0.2997593012209476,-0.9490159837799382,-0.6081107051787841,0.7913861548878252,0.3521696918228583,0.8453735563844451,-1.1060576061217822,-0.9854985168740391,0.2462108605247079,0.41932002294176707,1.4469752214040896,0.2321786244931701,-0.041715857556464446,0.9946217804568632,-0.394763870592537,-0.06541994932549441,0.26204895552632684,2.1936336451216794,0.11329553705935362,-0.9114193336833153,0.5110538968462653,1.0471997506878983,-0.48755181856074953,0.5594181741817533,0.38477363504200746,-0.15200370400577898,-0.2420109561119801,-1.8610591584691631,-0.14248755394293364,0.5615065869116881,0.32640801215173953
sample_155,0.2301904779023905,-0.5871791933011795,-0.47080122080318876,-1.5667939935057273,0.31251961319331417,-0.8833048758182013,1.3650174463139302,-0.8004757775643002,2.175729272409466,0.3114268236935064,-0.7126661730474368,1.1446971063740181,0.7811650424640251,0.15638218455741418,-0.6277607452869753,-1.2168733862808583,-1.1169356853699342,-0.5592261413025157,0.6497898899759768,0.42571961917896584,-1.3205378985020029,0.5590638086943022,0.4710946112760372,-0.716901109104567,2.010469049595744,-0.809370817743866,0.10109766232276061,-0.1553001080556147,0.6278228701865387,0.07876767310008585,-0.1548648032155129,0.7829842748240815,-0.9105725291986211,0.8577986406511073,-0.6905166533633371,-1.4015558617643349,0.611115963195116,-0.644661172629507,-1.7614954220122723,-2.519686210254034,-0.4025565992473029,-0.2476018098609952,-1.2390293070607723,0.41848124912116585,-1.3041683061152358,-1.1170410322834659,-0.28574978008571456,-1.193602282785802,0.16064268006106802,-0.1865677682318146
sample_156,-0.4429162247992702,-0.7407346111963957,0.41316751085697845,0.6195281368463554,1.0162810958805426,1.2719443456098178,-1.5545050339069797,0.7777443314362319,-0.8185853122557871,-0.0892744570343711,0.3480080259169692,-0.5930702182315268,0.5170282320149954,-0.9412113975154759,-2.5227427926374815,0.476592267269121,-0.7229905297945731,-0.8464909031558625,-1.2568781194461367,-0.5000965911254698,-0.5483362528387148,-0.21796016707862548,-0.07043102081819763,0.3642898221516396,0.30423792503949854,0.35992986501882274,-0.9382197040958377,-0.137521670201111,0.9666059471142425,-1.3268774490799644,1.0499568691478292,0.5912713674063934,0.7331685671805988,-1.2611494181275988,-0.16909910033018852,-0.5970480789107381,-1.357115461342176,1.8551834181669165,-0.9379997215258468,2.1982252371544604,0.4690119176349182,0.459614886196667,0.17975347429866478,-2.1864229827498725,2.850710574334911,-1.9177667215719991,0.8324534795562459,0.19816780207005089,-0.23613257940564392,-1.2261350469100152
sample_157,-0.43463947943761094,-0.14116763241036778,-0.44356181400047634,0.28446670513705696,-0.340818032942546,1.1195932470980148,0.23122602843854986,0.42521352975343496,-1.1138324281113858,-0.14319594061571705,-2.8874232094931815,-0.44269626455105937,0.16136945262601582,1.1668035500599083,-0.08319848393414353,0.4883853626284772,0.02974285468616189,-0.12765108469947845,1.2254407755973862,-0.8328575050913256,1.179735453646713,-0.6378006903708007,0.1620182481378036,1.3133714277446291,0.7183053417508258,-0.5012327439581887,1.411594705803307,0.3523523194691275,1.1172297527546817,0.3766004386344275,-0.675090405854567,0.2972334067984149,-0.6916126959446506,-1.0161318266606414,-0.7925808056127195,0.5531177548105557,-0.31040274539034673,-0.7471155365795511,-1.6144151662224033,1.3543034096980133,0.21212115506190524,0.5679052268457946,0.2224442290923472,1.5336703172808641,1.3904723046517429,0.8077121661676906,-0.8746693683744005,-0.5393539524549485,0.13877483121352507,-0.5896953027674329
sample_158,-0.33851542835046255,-1.506180187616861,0.0030819114569661447,-0.6918695598884397,0.278881000727839,-0.1135514027962157,-0.08860259497689892,-0.352364398153166,-0.08889238209379545,-2.108088546514189,-0.26963699222665805,-1.0441957231127408,0.5902292006581643,0.27027387703815675,-0.16511182816249936,1.0743596925175445,0.3488359566000981,-1.4981219604616938,0.5490309256827273,0.2026393718728387,-0.7219632609429242,-0.49550278178534846,-0.7402598351614237,0.6620916144072918,0.2833443363250276,1.6371831949639633,-0.9306739624738443,0.19656039253022797,-0.1803885094587219,0.8022353988433351,1.1420416202944565,0.022762378613971613,-1.9561378068706912,0.13113796143754658,1.3645084762808997,1.903011166234954,-1.0516176905816645,2.640522946288042,-0.5362656932004409,-0.34917156173546804,-0.9394972736530097,0.7159180067764738,-0.582601048880708,-0.4091980182126573,-1.6705627200327977,-1.615621329354995,-1.5268074521935282,-0.38199730271477517,-0.30593046094005727,-0.025763645402308886
sample_159,0.8667009597212378,-2.1466561522600744,1.0205382448803113,1.79896619597476,1.055610923578341,0.0450650824626973,-0.9796486977685801,0.23808011903169835,-0.6281100871832818,-0.4694408206389617,0.41911987173031445,-0.31260270973545046,0.3832797113293749,-1.3812455258469798,0.7778802385219041,-0.5003669340271915,1.5574109877207323,-0.7678985289500699,-0.38667826830958363,2.554454572340744,-0.48283119846218314,-0.7421042147242158,1.307763612663425,1.1628154562469564,-0.052419347741047596,0.40751677672738784,-0.19907891872455302,-2.0026806587221566,0.2214278508264518,-1.2412538385469307,-0.9125338626011721,-1.256277691886409,-0.3290300997403656,1.0709251080721456,0.8448141803119525,1.10946367911373,-0.050327987918813696,0.7308075247572084,-0.15566431019293084,-1.8609552547422785,0.021851821972065644,-0.4893012376494423,0.3896369065872521,-1.1143562416507249,0.6112762614745995,-0.3951843189496562,-0.19996126699297878,1.5823811794818254,1.5124123736752033,0.6044316029794023
sample_160,-0.3942754102267565,-1.0480728310934981,-0.40385439494950387,-0.2936053836363092,-2.183604678579459,-0.4471322464295322,0.07573242928461896,-0.799342576883017,-0.23401090198646532,-0.6619472826097013,0.5423298247893791,-0.11137753088304105,0.04300068171930917,-0.12663836510796925,0.5072499569198632,1.31946410784993,1.0916176416728918,0.7646633334166854,-1.0423076795358746,-0.5208087536444507,0.6592386821705627,0.5234343919654306,-0.07685423956831833,0.08879867714615752,-0.854222485808834,-0.11821923869748496,0.5107525829773867,-1.0971845608043875,-1.0943482817408399,-0.8084646834455951,-1.138683549631844,-0.06868904776025132,0.7089699692829244,1.8598465686144068,-1.1297448554649296,-2.605902161225081,2.1987876083268296,-0.7928022232139434,0.009473875415169178,-1.0007638398956349,-1.394306380119944,1.0815742185656214,0.7579622606684275,0.6880791104153225,-1.4255104497021867,2.2772901184582004,-1.7769262634601715,1.3489642646831648,-1.1757404837599104,-0.7429879339152907
sample_161,1.2963488723429917,-1.1939802176901613,1.6038986640902397,0.06069108791186975,-0.5168126125872824,-0.3667497073049139,2.365023147350476,0.8544471038030923,0.8244434486283636,0.7504792250717409,0.996843580296303,-0.5121629353415907,2.090655798223238,0.6253113098655623,0.2821697931966868,-0.46181106977672476,0.6297851798371364,-1.0674637299522503,-0.9639115042234959,-0.045763196141052224,2.4778416534816956,-0.5370631977613584,0.6575533895967957,-0.9887534536916976,-0.10480359910030039,0.4770920923302498,-1.727131262295889,-0.9810861579127974,-1.0635865537288731,-1.023068652531142,2.0120315520596983,-0.23004454869709975,-1.5364136659236503,-1.01742581934631,-0.9049463587959955,-1.1766679900672912,-0.08519968389792994,0.38613856558854764,0.3827800287088367,0.33052011626198013,-0.34737329902446695,-1.1738682114155052,0.5367914895993599,0.12344947509022465,0.8194346132542638,1.8803071887113345,1.7806071122577762,-0.016485425745286823,0.7526749589652411,-0.09190743589583754
sample_162,0.6279169736008484,0.9888446502121372,0.9763342404529689,0.36075089178034814,0.5644212530804849,3.163687854225069e-05,-0.6942756722335782,0.6329518862114586,-1.2146639874418206,-0.1899826730927804,1.40393312203691,-0.14061974047819106,1.2677393207242198,-0.10742737823832388,-0.6819642926051166,0.2318476645164538,-1.2495655577161269,-0.3582484887777949,-0.2723561034289735,-0.4664284978632473,0.4952778675706211,-1.054803941794636,0.14210988010827508,-1.0112930538409886,-0.5290268790787629,0.09345855441198582,0.2514083579320333,0.5533725601295891,0.1703223107663072,-0.38277051245794375,-1.4246945186954265,0.856220771703942,0.688565785919965,1.3242922850084855,0.09435948121002989,1.0283290016905358,-1.0241672623937934,-0.2078252461163608,-1.7786083701280022,0.050277566281921454,0.41760781215974907,-0.12401368516184234,1.7126175038861606,-1.051803618402693,-0.7011500122643403,-0.6631289741755876,-0.30951770541344553,1.4528960483423312,-1.4035039830592002,0.844801305303768
sample_163,1.5538720298214364,0.05278935587422596,-0.35598721656222365,0.13261033824019586,0.37158898851141803,0.5389407400445689,-0.17454107856323445,0.6379889837988133,1.3510746902836588,0.5094833180195276,-1.2802140029765465,-0.43691406187148235,0.12621393748178564,-0.3640864338682716,1.9618468430608689,0.8987375069683053,0.42906918282527806,1.5166282007198906,-0.0679430338798472,-2.291599828597617,-0.3573352350594778,1.3048820192488175,0.7880825123633943,1.0126719263902169,0.679345475615899,-0.2764051317851873,-0.4287645963123895,-2.197025425469788,-0.8195740305772109,0.8219586064309379,0.35938737943903637,1.587400080780189,1.2203177859511138,0.4144343838016138,1.454231972292762,0.6946764618055048,-0.016927222141735167,-0.4239671482706687,-1.2202231094386882,2.1908141691019454,0.48095367059536004,-2.3250984416115323,0.3022154628260886,0.05130705529798559,0.5769416408953719,-0.9173517472604298,-0.05489971976519447,-1.0707148235969781,0.5638193221641504,-0.8977145218018816
sample_164,-0.2555558664519113,1.4560575373910458,-1.4104201163696533,0.7012706112858151,-0.7524301271731444,1.5131542502519082,-0.13346563156430383,0.22307322310573835,-0.21889122842485573,0.7616917254451291,0.693923945993289,0.8843624957284274,0.6786611734430407,0.1215913962425988,0.04117820635199518,0.456903198058121,-1.8406428765024196,0.16642548619996433,1.4883682251486559,-1.787668471866971,-0.6603437253124034,-1.423995762224241,0.24621452323132337,-0.25924869948060986,-1.535103580193995,-0.2558433721400659,-1.046515892061222,-1.0308016641448627,-0.08038749034680959,-1.6423747988007447,-1.0880824494994512,1.262372545899132,-0.6946756492375561,0.5879257529301839,-1.0562848582215165,1.4232861288692469,-0.6954713136747355,1.2623210841371593,-0.7330643145869468,0.10862259005666329,-0.023127807861992075,0.6551343218730304,0.18702601902447302,0.5277676841951614,-0.34719384472577686,1.377233755797402,0.6916646022273746,0.6351206451356963,1.4195116811902604,-0.7296536551117132
sample_165,-0.29604512180264825,-0.6376380869069305,0.10326934120349697,0.07702975914866683,-0.4045370088324029,-0.7039840328387047,1.998019137428064,-0.06121867309323994,0.8500306700923439,1.8143460156569649,1.0327029599653412,1.2712107921356868,-0.4125216044776835,-0.2979819683677277,-0.5433597659837032,-0.412812506724246,-0.38953270531379697,-0.6710832533040061,-1.223638259397305,-0.20243338899669366,0.5414440698931527,0.6185205213684697,0.6681000144948264,1.1695311634705106,0.21909559935650613,-0.23387165445602398,0.13124551991648312,0.5172755093081747,0.4141764442484182,0.6849779038910905,0.9275098393838008,-0.030154876412696204,0.17586160460481523,0.43056622199790884,-1.2345615217786778,0.46121741120346793,1.964660348135574,0.30181798929602643,0.2128381507195223,-2.264341550395609,-1.1802052630832631,-0.4803848674209985,-0.20608424165459388,0.5618307652482527,0.035519989167964165,0.3849883510794397,0.11968015731445761,-0.5645483981211187,-0.2034495642311654,0.07566244645339754
sample_166,-0.5506735244030508,-0.09381270309439223,0.041655749466852555,-0.7506325690711789,-1.610017506881105,-0.34007099962266424,-0.7618647078608942,0.7052108013391564,-0.3202551882868693,0.8483093677652791,0.5534093325377305,0.019176821785264815,2.535283733066988,0.377485187468519,-0.22037529643581413,0.015606951746488344,0.1547620871370148,-0.012712554385357915,-0.41952433090712293,0.554406944696058,-0.8567240214903502,0.8694411319097319,-0.5175001929650481,-0.7085078590971365,-0.9484649703289558,-1.230082840276027,-0.5355046511216764,-2.8350806766408962,-1.016144306956577,0.594844854766969,-1.6244950640704576,-0.11179365405375162,-0.21068714394280705,-1.243040040839588,-0.7811768693447015,1.0181821127219768,0.7003740537428738,0.06048292029419633,0.08640773636802376,-1.026960599382889,0.04400142375556152,0.04820052565268214,-0.6924851092780434,0.4508132912713943,-2.269945700503872,-0.7790754409656993,0.7733564401907258,0.5985835402532325,0.747584810706389,0.304409631889941
sample_167,0.9082843331953775,-0.058564796514050034,0.5735391963041339,-0.6609762772462081,-0.12564998044315567,0.03410915303616305,-0.23327462948580646,-0.19332548111785447,-0.06880009577163484,-0.16115971608126545,-1.114531403875016,-0.15834833362868694,0.18954429220130128,1.5503715107302198,0.49747102870512316,-0.9665128498375707,-0.8765578263719924,-0.6846894015353486,0.09493028173634363,0.29524366490699616,1.0272058076975694,-0.168718345477766,-1.466295899038226,-1.3076939599168491,-0.8296707854954145,0.6808038898505985,-0.49337285812596143,-1.0680143050487463,0.09590195581532215,1.4384097334664496,1.0352581460353243,-1.8208512840218916,-0.8374477016731802,0.3593699790294323,0.7753614078793305,0.9952950050526789,-2.4351624214289393,-0.9617167333477885,0.5445332255736406,0.07768899232722569,1.3170545695905749,0.729358990151313,-1.53400357837137,1.7860549271683266,-0.5826188408108588,-1.171560157114818,0.033744922969797454,-0.4812538633311293,-0.8753178218136293,0.5128828369553664
sample_168,-1.246223071753163,-0.46913754874574787,0.7234614176057765,-0.3481929555371906,1.5927030900219947,-0.3676918717299818,-0.4503647047174004,-1.2945233221006465,0.8835219451248282,1.3531768508045143,-0.06571099690935757,0.9918935449974218,-0.9447052128727119,-1.1536273037456537,0.1673971553388438,-0.5436042738009625,-0.8641407282030439,0.677709012163516,-0.7995742340666678,0.25409075787714624,2.0555919667994247,-1.3007488494461534,0.5512237876099664,0.927317102370691,0.7254348018570624,2.5271669152805276,1.389716570506505,-0.17102466651328507,-0.34351304238895486,2.282861626825066,-1.677825834705611,-0.9269379245781021,-1.300314447402173,-0.7609497593947394,0.4322010600856356,0.45480981392573133,-1.20208750806938,0.31483211983321785,0.9773122048597179,1.6481815131864455,0.19845613973911974,-0.9698784709373739,2.633620451446542,-1.6462538028321272,1.303583713409093,0.25495688267898725,0.02631648194063965,0.6035071959739159,-0.04440640047008776,0.44445481892405553
sample_169,-0.38202981549296916,1.9931462621574252,1.5781960662022048,-0.1817520510654859,0.202659207700719,-0.0716420080233837,0.3054281443567698,-0.33229131064618295,0.3305800305199817,-0.6517312785577909,1.6219718390471143,-0.750511385900296,-0.3167070456831311,-0.7676649780136457,1.0943081275346915,-1.7249348919682272,0.34225409545404684,-0.3285250915748033,1.6515875327356468,0.5472439797603696,-0.483404552392042,-1.1710990692984609,0.2231914550854374,-1.6841651261441042,-1.0386992538796271,1.1116616397603192,-0.5385545926831097,0.5441928501350631,-0.9122113317122866,0.001259346886693173,0.27149750900202807,0.6637893320537428,1.1459774018678845,-0.9467016542478648,-0.41852601535689304,1.129643115837568,-0.9625906334678276,-0.7215397567765994,-1.7688541101556496,0.10990373730942271,-0.3605871599792318,-0.6243269542768637,0.002599480667333939,0.13076514640359424,0.4313016588418489,-0.9503640521220236,0.46946091452919614,0.9534939116979034,-0.8714278607755161,0.3700060860780187
sample_170,0.7326048149413089,-1.1618273393590113,0.8095164629761739,0.41634645851313473,0.2974663266951087,0.41373972315031265,0.7840570209975727,0.4766717768558246,-0.1621744861364504,-0.022407135369235873,-0.9775836041794702,-0.5007128597658841,-0.7478057816990008,-0.7804589416546471,0.7983713930557661,-1.968015096069572,0.603634644741017,-2.901863745884396,0.07877895750443648,-1.3224104397205487,0.215122256158532,1.5942699846683246,-0.09301689209642786,1.2028167536240544,-1.0496344844392047,-2.14764720466222,-0.8966618691379502,1.7079778559639625,0.49164709720538047,0.48796709837041147,1.2527923407222055,-0.8473206097202182,-1.0588335052352782,0.9082255479639136,0.9369500508645706,0.06603593133656006,-1.4648599945131517,-0.36701255191396576,1.8699899477053223,0.3654372213816892,0.5430384172407396,0.014089374261748437,2.621462527523147,1.1826820552553692,0.18534426891508207,-0.7662963210621951,1.9851248909406114,-0.2941622541447166,0.3752410660281163,0.2366848505807339
sample_171,0.23516611045340277,-0.9912125825671213,1.3050502448930408,0.5505560813377388,0.12388547053806538,0.5558281256320855,-0.45532750063698113,0.2930065747747182,0.35525866967062864,-0.10737943600705602,0.02320127229611048,-0.39766089276494365,0.3763719330111185,0.5906216954934604,-0.10173214691109585,-1.1953058914815449,0.014584120351654423,-0.016125035032575116,0.5858759013882926,1.3026549303074855,1.0787363021628622,0.5027205094086521,-2.4057367972966035,1.35325298535877,-0.233847120069349,-1.1604432701340945,-2.8294400781293625,-0.7797967489251232,0.07231673480891673,-1.8516364739591054,-1.410305001816756,1.0823145243658094,-0.329809450725437,-0.3412474712334604,0.018115792314177117,0.7905251531993864,-1.4874532992462326,0.2776306709789206,-0.49912107688439583,1.7270299415671937,1.4313171976971173,1.293300461371903,0.9013538304805426,-2.043614184326695,1.5453336847557642,1.4016730455067485,-0.9782751603504114,-0.5785583706747096,1.164933609317617,-0.9469385575204171
sample_172,-0.8898488829911799,-1.0010733847943971,1.0996872202819392,0.1459110613526056,0.8152792268357392,0.5313870954848993,0.27205860490407735,-0.6769737425983793,0.6274641304656408,-0.25977757132740154,-0.6543928705788149,0.12330408051423171,0.30543326393793396,-0.7140447598285778,-0.227142118484417,0.07187298909669844,-0.48330946457534957,-0.18710786949313113,-0.9921892677445875,-0.13187278153531343,0.2506955680531223,-0.1281592202510935,-0.0373331315579289,-1.9459908797246184,0.057947542652609235,3.4155390619448305,0.39974347479362604,0.4980389502478614,0.16697446985542033,-0.712945370177163,-0.7148936413511285,1.1822927853696623,1.3245380212141658,-0.2547143982243262,-1.2559425490301788,-0.43250865028391694,1.0033340167189968,0.8232207269877563,0.7688029297562958,0.06755841230045422,0.4774249109760369,1.3739987333861694,1.5065765205991806,1.279017893417786,0.5608720277529667,0.42483365321451877,0.9748239200143408,2.0757450551765815,-0.2869561745262121,1.8160464074495364
sample_173,0.008415758976691496,0.3505531560065228,-1.788429923008069,-0.6656080449731456,0.4993367588081142,-0.5869035912969187,1.4505754848195473,0.39423117953537784,-0.12898618787836955,-0.5187726964945987,-0.10707729824488804,1.0078999527555952,0.1447484661362007,-0.15668495290753093,0.12434662445887323,1.2735225992523687,-0.35651132165154226,0.23658861206242243,0.05331384349143642,0.03386379748334348,-1.5974994710411057,1.159984040367041,0.36320464911902667,0.5504512207911383,-0.7066293698652394,-0.06768554630577643,0.7018022626285583,0.5864835451213859,1.165574531985621,0.7433576596916788,0.4345336349600796,-0.7434313449258432,-0.11598258820787243,-0.27167582310964417,0.9565198722343587,0.244933681496876,-0.5762824177001595,0.17816320807203087,-0.08210058511568201,0.03651969358936377,-0.2184020105474309,0.48812255493166,0.30141175442793744,-0.463728919200835,0.5630341615904951,-0.47315303701787675,-0.8503021317553372,1.4013786220951132,-0.1321744394748491,-0.41691887375049264
sample_174,-0.3944762963881586,0.008082762838324743,0.850905965547224,-0.0040615533770045915,0.7244734745713173,0.2273712970856006,1.5032632484018804,-1.1613703571626455,-0.5653656225680661,-0.5954186124335057,-0.891514706060381,1.0872517719462151,-0.8414186839322538,0.9755846053987125,-0.12131722580981166,0.6639623678641026,0.27579743308112176,1.6006332492459543,-0.7319827764734222,1.4658495032326915,1.194448220533151,-0.9402194557747453,-0.7996281680009661,0.32154640672219803,-2.054146900635097,0.667672115322378,0.4605478819182633,-1.411387265484658,1.0449005293474913,-0.2697351409604389,1.523432824019458,-0.08451884769040241,1.261566033220776,-1.5775174372522651,-0.3299287641330738,-0.5379460749007473,2.4206792236746906,0.5876596927504286,-0.19374489113793844,-0.5983715349986928,1.4147554180681847,-0.13430893262440077,-0.7761324490036496,0.35167634247198465,-0.07505111192870266,1.2479100641550458,-0.43620158403672926,0.5793412686502823,-1.458023694029679,-0.7136449468662937
sample_175,0.1776304747054024,-0.5739146963606196,-0.6962621810455137,0.13635335249525893,-0.4032520796195974,0.10219464971411502,0.22146382413311141,-1.683829518570782,-0.8439524237307569,-0.7383252122032348,0.21789147322547328,-1.4781905808362408,-1.4428905822856783,0.47730262595582124,-1.7865814377504459,1.659125539868596,0.5864589849131053,0.4548111147329688,0.021066208218386614,-0.6638457233749235,-0.38002795173666826,-1.0524325374097767,-0.6502088919600831,0.04650082669548864,0.27435439350165436,-0.9432265794028107,-0.7169464081237248,-1.838862116304707,1.422632886089762,0.1922215463026912,2.532026514633973,-0.058081813674689176,-1.7402615974163362,0.18928981538470965,0.45649308492492957,-0.7831985270990947,0.24348929758962773,0.28111260593306275,0.1503456624139445,2.1440460142187563,-1.4097274814779388,0.027039593023463003,-1.3313939641330506,-1.4276339561974103,-0.08663622575415253,-1.1893728967902217,-1.274194408355718,-0.42660338472998127,-0.3069287405911514,-0.45597703773471393
sample_176,1.0349270038254743,0.4166791532917373,0.4425225222162388,-0.7852571662158057,1.1743540425323995,-0.4559233681991837,-0.2533764808270388,1.0556763815283519,0.14857167060071477,-0.48646237830802536,0.5136868013221995,0.13300521745230087,0.39851164614831025,-0.5487641852262231,-0.9619326378070013,-1.9651322797784538,-0.8081068263763314,-0.7936919419563051,0.3102331693285184,-0.013358982448743026,1.823487986005465,0.7115662494191172,-1.9064529592326689,2.427628048394134,-0.12386152598815914,-0.865593203522605,-0.10988888073401708,0.27725154570955035,-0.08240272083523337,-1.9961775029694597,-0.6499167462154161,0.28383677808433183,-0.6290949321640411,0.6738204851987785,-0.3620351214754322,-0.06955435144133038,0.5108418272714058,0.7294935158579064,0.3426165904809803,1.0505926532938026,0.16232451777968976,-0.03183980102643562,1.0468022240960404,-1.252112129143484,1.9753002227058347,0.7700316017361318,-0.6324909396603856,-2.085550027509738,-0.5468950618457502,-0.2670731832465594
sample_177,-0.060201041088617895,-0.06017572007474041,-0.7425317457869041,2.4173620101937763,-0.11457055100268862,0.4292074136611156,0.5098166533267582,-0.950062426301165,-0.26391848652242544,-0.4361706194565028,-1.082730406227116,-0.6137905758647587,-0.5756499362691508,1.9174312258293418,-0.025065167196741567,-0.19117252806948312,1.2056026809738056,-0.46425506848839904,-0.7309438090778104,0.006444356421517015,-1.090996541389444,1.1272049875758503,-0.1762757631191003,-0.011645586937851362,-0.2620108434181839,1.6432278174675898,1.175716904269506,-0.18355188849336918,-0.05505132151264784,-0.8930838723416485,1.5809335734214731,0.9245508711279442,-0.25146708634383225,-1.0000971085118129,0.21877783520152977,0.8693433638798326,0.043084612592981214,0.5137503691366613,0.012978009174843546,0.35236410472501994,0.5039362851512904,0.8082141195961109,0.4826605928717396,0.9945174865562678,-0.21172051212093868,1.7182367963026943,0.7612505048020239,0.6772883528316987,-1.5875942521078397,-0.7337055566744515
sample_178,-1.251596106174438,-1.9682153900627122,0.5941316245133325,1.7032959669650194,1.8756177754011365,0.734730840579787,0.35638116658048885,1.3779374391687789,0.7323750663309769,0.39429897644593837,0.33841073593311116,0.6305261949626385,-0.8423743301898999,-0.8149107891438183,-0.2023463482068634,1.5872795800775308,0.9462430434390652,0.43124326879497166,-1.1965593931885683,1.5829661006334657,-2.0837955563197252,0.8552400552636573,0.025187559462429485,0.14002878400867008,-0.5078779962877217,0.5271457275584615,-0.30998610332103094,-0.0034836525683497955,-1.2080088149311272,-0.6568181312669255,-0.8663670974361415,-0.31982458651470796,-0.3444324521184724,-0.84513982857675,0.10630481394658944,-0.7111047747262537,-0.9419739865396137,-0.6277696172518611,-0.019023707592478515,1.0746663195661117,1.37117758862722,-0.13017437895209336,-0.4968742666390309,0.5235436965302825,0.2234082403997275,-0.026482740460506048,0.4881360005094425,-1.6701040530792055,0.4941913931939225,-1.3832861857327863
sample_179,0.6527853341630905,1.60683298942664,-0.2802805187439397,-1.630078586249038,-1.1595974513183442,-1.0556479872333275,0.7955584303167932,-0.5033218995891053,0.33720445515794695,0.22342915408261768,0.2820888233467359,0.2598135107909318,0.5672172692732593,1.0412376284295313,1.2679918113579411,1.0772404971775116,0.24131909668793733,-1.1758760185391188,0.2579777401182318,0.25321501360596177,-0.02651938034801844,-0.48123896731783067,1.7937512083669376,0.6105753404520781,1.3564901104296685,0.3086333505756128,-0.9483268470763884,-0.6730707736864685,1.2281267152580628,0.0034361171996944045,-1.13526402967993,-0.14257778737535734,-0.593903459575501,0.2658831401749665,-0.7960458528247598,-2.9430163749654397,-0.37877898215619904,1.4772812831354363,-0.6693563738761497,0.014195125276852596,-0.18253010981287215,-0.8818987715567286,-1.8799568633109067,0.7635424435660463,0.5357829415869774,-1.6809135509362834,0.739542276682747,-0.49319376240702784,0.09984048270116642,-1.6927898748543073
sample_180,1.1880249635476596,0.34809615948916733,0.8474457679896671,-1.175375424263757,-0.3885178893297922,-0.033465604762822856,0.8357760350280145,1.4481668651419235,0.5820712001813612,-0.04740594323451124,0.4717939476002679,1.6449901671913538,0.5860262292504815,1.6861315162908133,1.0013716013059935,-0.6921199793463394,0.20896335976040584,1.6082598841160107,0.5212300322504724,1.3350878548863299,-0.6574509746944186,0.3051949441435452,1.020948025629291,0.849823141060846,-0.9885333567649253,1.963992743243423,-1.6634147923363005,0.5670012767750036,1.5981833477689409,1.923452576586418,1.0768997555707283,-3.0063554196613818,-1.3106440452299393,1.443866303212874,-0.694866003472866,-0.21422716050680107,-0.711458121186,-2.5874339056488753,-0.33125796136118857,-0.05166076131907752,0.44464097828944915,0.6199028226580194,0.058523013024036674,-1.6488228011819244,-0.7363632744188185,-0.4279848134234978,-0.2250448272680957,-1.8144350041220545,0.8237680448214738,-0.6479825257135111
sample_181,0.8229697770410348,-2.091343728080215,-2.083409257443195,0.14190972282026654,0.420317073884926,-0.3793951931610634,-0.2998625282462929,0.7869820266072346,0.46838849576897645,-0.004253044664477399,-0.7372828331706819,-0.31355424484103483,-0.7112519188914428,0.11177361558396565,0.16678007460356278,1.1112216165661017,-0.6737270010351928,0.5003547749315634,0.6158617214056252,-0.6625684795452955,0.9693622774843546,0.4310101733769015,-0.43705859830745164,0.33268700012603514,-0.1047229147584948,0.42548528225644955,0.136242502550691,-0.12381649200546987,0.38893302773015087,-1.1052881180475387,0.6733171720745675,-0.4095817857665383,0.2334198240919847,-0.4347379489522451,0.9129022499631283,-2.3781612876409066,1.6090237040537185,-1.1325292318468543,-0.05207568832722118,0.4967613106945917,-0.31691482958696426,-1.2245591331338221,0.5812880615398301,-0.0501810630935016,0.3490619618396426,-1.035008442022509,-0.7935597971343341,-1.5143423152021285,-0.689595791300285,-0.3645224200745359
sample_182,1.7154742658598936,0.8483911020123358,-3.0359774286606003,0.27157309957458803,0.1311441754891689,0.11305502071973365,-0.02223870766015516,0.7710630309777418,0.33664740260893905,0.4476830001152269,0.864441590055144,-0.5637590402505347,1.303210153588808,1.2442136035174234,-0.7601355706030288,-0.4275895247074098,-1.450246766475295,-0.20965536345115174,-0.1769051152334325,0.6328624098259497,0.8866437427187794,-1.3081997945348478,-0.4080548486444551,-2.91804746351995,-0.34231343392743757,0.6013212383955309,0.8650972416257608,1.9980411626906323,-0.38955205490020256,0.41487303100800804,0.7886423389368843,-0.7740785014975351,-1.3169310238712377,1.6485220481989074,-1.6233869175968867,-2.789601826062579,-0.19305098284591332,0.07682169688499052,0.37911787521528656,0.44169518156688087,0.5434300483238071,-1.5361034263038036,-1.138660884054157,-0.39130699870233693,1.4785130522135428,0.8357949050784562,1.2001680011175146,1.3953680771391113,-0.6509877770714215,2.7242288059884374
sample_183,-0.10602226219616392,-1.3681413173792594,-1.5818973803605787,-0.2620979316022144,0.9690032347552777,-0.43213851133858333,-2.121416457938403,-1.1521491356229272,0.5239644696991606,0.580805762550343,0.9013062296026945,-1.5920309855640087,-0.34804892546896327,-0.5840348744558358,-0.31182140926221524,0.11627248205140338,-0.23567205344872352,-1.090848755535222,-0.32159523811639207,-0.573594377535452,1.3527244632492434,-2.2787027252405503,-0.612847331225378,0.2884437433639604,0.2957898549892918,0.3959379463071318,0.7702563740708301,-0.349972254673702,-0.27122276078037644,-0.11721362423647927,1.0973947229043894,-0.22271758333418112,0.7756963379138904,1.9637425889436326,0.387788062707078,0.22121747951134943,-0.03088836671917794,-0.5192804178431197,-0.5486098988106003,-0.34336234798496307,-1.4039012962495314,0.9125598325844239,0.9618384708755703,-1.2922915760944955,0.031488063539623336,0.5771696468304754,0.1678048475714543,0.9563810220947262,2.0121140140942315,-0.9308522979046538
sample_184,1.0343436793448668,0.12226020707914213,0.4169206637415245,-2.2046573167968346,-0.6531931366405078,0.7556136040709953,0.24878275066191086,-0.7908827878006853,1.5766866518734688,-0.6260172796859601,0.7645586545929233,1.515544324836971,0.44719235726360984,-0.09068211156092776,-0.5037118218151742,-0.45231954153136433,1.0252072304673432,-1.1434756377055089,-0.46946971248126407,-0.9686426088786275,0.30093113474246314,1.8154122085009008,0.4665951589605087,0.07673154475276264,-0.7287953242284176,0.6004558301469014,-0.14947866161913678,1.0188198871562473,0.7186225072858258,-0.5633845503851737,0.755356413711964,-0.19928289566045038,-0.27587909000276056,-0.19037253327328316,-1.8184814184913123,0.4750078883578646,0.11328876790819051,0.6792309055426553,0.35828844878412675,0.9566722436810905,-1.1827317931394288,-1.0611320646752533,2.6070375979145615,-0.2737693639077927,0.5535175032617732,-0.9853017221429481,0.952121102215489,0.7119264244473797,-0.19733689280267702,0.9703683072263798
sample_185,1.542071668396119,-2.065489117191073,0.3881154763723598,-0.5453567025626731,-0.45841592463912256,-0.2732870770125027,-1.119331005809547,-0.5204256922966971,-0.9549010799802367,0.2181042995582628,0.4929234448044782,-1.0255328150231944,1.1620543755378128,-0.8323059026947054,-1.1568932133576595,-1.4798506953076946,-0.6550241140783668,1.0496680144748527,0.2800458838223144,-0.44669882277918976,-0.9992716292083484,1.9058061283148249,0.875993498742161,-1.1481468772715857,1.5262792833487724,0.13666116216550217,0.0826336424782178,0.7956186564746822,-1.1220324506242114,0.6911031473667149,0.41697065610144607,-0.2653679937984837,1.4721278337269161,-0.2996393783901441,-1.986119115719217,1.226579680351687,-0.3273793000432059,0.3806100218496056,0.5821605668597394,-1.9075713626608162,0.6960419076234908,0.1146385417296164,0.10372941920269263,-1.2596940115653967,1.0524600184205994,1.0259237876695022,0.3594975293769127,0.593018291800156,2.6774561637245777,-0.7148768236104481
sample_186,1.2943658376370732,0.03901144406220176,1.1801308914590058,0.38694252008672037,0.4724283645323375,-0.7732948884373171,0.4378167071776423,0.2105427558797584,-0.20906401259428292,0.5492718618653543,-1.2039902315616318,0.6118443698268319,-0.8356832823771078,-1.1008457770216773,1.0484120596184028,0.11382706207945732,0.3692850882498348,-0.4195588188021314,-0.16928995370939914,1.2687199711417367,-0.8642348699871034,0.5918776846373761,0.7620959577904765,0.2983191363004414,1.5309999347967023,1.6133602461682206,1.3146619330393994,-0.4230882811993235,0.1773427196736763,-1.0966287731706201,-1.7881001084900718,0.22068151458123966,-0.13750125214281836,1.8680185599674766,0.462143213076733,-1.0871411276272955,0.885076317726465,-0.5022165597111449,2.004525508320396,0.6148894408206881,-0.611806204031422,1.4178647988830022,0.14969092137685167,-0.4815916519925146,0.47899822429025235,1.4255345450392964,1.0380804684878746,0.1785219985180223,-1.8789726726577582,-0.1929195818198808
sample_187,0.6547915757434456,0.3306578716527131,1.1535379750973696,-0.02145927893767023,1.5232930238707159,1.251119729430853,-0.17999581757896604,-0.4237075866460144,0.38239053237026827,1.0423144394942099,0.08555872610397636,-0.5886135228520583,-0.9255043160976316,0.010153581620313707,1.3611313917624623,-1.1533732619143109,-0.24822190318796317,1.193640260322984,3.1385372835361345,-1.5905771317084234,-0.695603847538501,-0.35371790626037036,-0.9140475717785186,-1.7387181845627853,-0.8697432978556747,0.34439312918990606,0.030381510690496834,-0.7766892752701974,1.2063398321910173,-0.8798681414771298,0.8261826376744108,0.3556330256900809,1.1905853600080867,-0.29995458522552665,1.7474898968235246,-0.7772349157044376,-0.8044941318996951,1.3678436855715255,1.0123649110072872,0.9036338918514739,-0.9564274864647918,0.2134740225917095,-1.6767686726431368,-1.6069981080110043,-1.356083838848607,0.6390717660943462,1.4547590494138507,0.141437461503846,-0.7965839109880801,-0.843440106228264
sample_188,-0.9042173096489232,0.3816100352711604,-0.10809504012472895,-0.35167424438582695,-0.006715699761888475,-1.2407113542785673,0.39108486602870063,0.7635360918760357,-0.7492781154986004,0.3471474050951682,-0.21436508025146603,1.2950911033564185,-0.06496164419880124,0.5985564314258566,-1.0492146757058505,-0.010464148686371633,0.2071882022199891,2.2887160420073136,0.22130589411303078,-1.4561013444317485,-1.8831110133801434,-0.8124117377378787,0.9375153531792736,0.5317700816141872,0.863524748257569,0.11348990604391186,-0.06147410391830258,-0.20976922552524574,1.6084443698491293,1.1636919641903416,1.2614886553488003,-0.18855725584014607,-1.2969866049098167,0.23998289732221106,0.39869570959549416,-0.6529330931376137,-1.1340409481797475,0.9956234169176568,0.9537972445915937,0.9921599371556207,0.21692711180653013,-0.09604946461055015,-1.7948707337184233,1.8985791723488779,-1.0835446003194635,-0.7121931048275841,0.17688350077357018,-0.23131931407131331,0.3094426906444886,-0.28934420676318157
sample_189,-1.3345797234438832,-0.6230479517021323,-1.3558263526432344,1.1689252070921832,0.14266195351341568,-0.09033108309043703,0.7759179859645229,-0.19794282545564382,-0.6760490706038377,-1.0996146143577972,1.066654378993344,-0.17508193476436196,1.7428177143064985,-0.6776770157078115,-0.3816707222140041,-0.00978033054463336,-0.31896655422110703,-1.026696494676069,2.000334758436716,-0.8930414584333062,0.23915871539596242,-0.5266716582450198,-0.23785354702183945,-1.8369536292532793,-1.9643705799356426,-1.3059610931172723,-0.38782680750183934,1.3269394435456634,-1.2721716893153203,1.1320046170654197,-0.04577875732986663,-0.1914526947840574,0.8063422980694446,0.9102897529623255,-0.8765635782913563,-2.0513057426376333,-0.32092402537601905,-0.004119173829880986,0.24234993442238784,-0.22921319425680867,0.8974725499281702,-1.3034506030880801,-1.3853280610903707,0.6063727338519647,-1.5916002057434624,0.34742499442982994,-0.0999102809609973,-0.016815566742677385,-1.415269670680457,-0.7020635544408944
sample_190,1.5285136481517485,-0.32864453665223126,-1.12459076504462,2.0208864880121267,-1.5347933982000443,0.22600418901050903,1.5563415819150135,-0.50211726375135,-0.741294180327043,-1.6704505560137146,0.7297888655654354,-0.13275543744202975,-1.6633055785206452,1.133119027117109,0.8019864142508165,-0.5532611329397285,-1.00711449161299,0.981436362864997,-1.3357001724091861,-0.27848363333970555,1.5550945780937209,-0.4600324452891242,-0.2055066318562791,-0.3031203222286353,1.52303073526691,0.3738046017648142,0.0005341227663445838,0.3175401465413819,-0.8213908400441848,-0.047307040328804194,-0.06150870311168836,-0.2577195482019447,-2.4296440617256208,0.04353975758840907,-1.0681835932557895,0.9184435938426645,0.6321389608276271,1.9493959116853328,-0.6569543927943704,-0.3250241448720477,0.13747527987822314,1.506862743735107,0.776911293732447,1.4556275101519949,1.922610987051409,-0.9103092685292139,0.418182478200006,-0.38148198265732064,0.3625808589643831,-0.18304615565797355
sample_191,0.10936214414719587,1.7502746386115593,1.2606044034754276,-1.1236293720430035,-0.13850615143662667,0.858843393994578,-1.1326346598930765,0.4576731126819566,1.0543082302740123,-1.5321395675482021,-1.2065733761279764,0.9934023336663732,-0.34562238161425896,0.25132277617300514,0.9244157746869645,0.32644045716420145,0.03574430640316948,-0.3130961987678757,1.1891956875038023,1.8002033692421904,-2.4030653192471356,-0.3500032099860979,0.16465063407513086,0.9643951013978391,0.9468937111306761,0.779821739592249,0.22507450787048572,-0.47004388698292165,-0.1500940010063153,-0.7430425329173428,0.7953984885284622,0.5020924620900603,-0.5666742946105837,0.14952278078681425,0.6392746545589448,1.4429686139913047,-0.8390811310206533,-0.30426367110254315,-0.7114692449539323,-0.044189228144498695,-1.1133614765609892,-0.35504586821174233,2.0066757455210347,0.19770187446219145,-0.5982410073748605,-0.8308530763824455,-0.6600519422671403,-0.18769017118517028,2.566850796958445,1.0618238294646785
sample_192,1.2251507825477552,-0.13212020481427378,0.5603053032375429,-0.14540921353099592,-0.8810586629105621,-1.9880969730622955,0.5166942879171826,1.6525696314692475,0.8168038746004318,0.7225843032986021,1.0186378223217163,-1.477817362183977,-1.3831445016858699,-0.591988467614361,-0.7821253102934256,0.7759822039262614,-0.5906906053435641,1.1669968747493815,-1.8952059672268642,-1.9491044373968662,2.178658057119653,-0.5291344712359181,1.0319724774964723,-0.8431073049799471,0.6862314108457586,-0.292474285199723,-0.7090383606663652,-0.9631293549161473,0.6258659460420495,-1.3083399886956564,-0.1644771140289918,0.9043662592014122,0.07602112873386219,0.6086713761086393,-0.14126627872950068,-0.5754807398420728,1.1231446615459417,0.10630936422321424,0.3490353470522052,1.0470865414439032,-0.41765943223822904,0.16589064224897715,-0.4532114788674609,1.6704742354093298,1.0798104997131797,-0.3183704870100364,-0.1934794169939186,0.10140183579437836,1.2298774078645807,-2.2055232435951617
sample_193,-0.9131139468207614,-1.061159200558757,0.4480181417868132,0.5295359161572295,-0.13710850189957946,-0.07965265109877959,0.19985845968176835,0.8998858916241261,0.5575691832147135,0.5114376133520796,0.39249917070616597,-0.9664483795384646,0.2369215567492187,-0.9058713369346572,0.19400205084380684,-0.09813974627483643,-0.7116734726791062,0.8314660237907168,-0.4016536386181119,1.4785889327440325,-1.7780402586392752,0.6238766358161056,-0.8572909222433421,0.9518006450103857,0.7674692070287604,1.007417892750371,1.7595714485223688,-0.026519783267417874,0.5390851661775895,-0.155052654833972,0.47789263815538224,0.43507266858476307,1.5417116956877939,-0.9282927618087381,0.22414475642499154,-0.580995573256405,-0.05612586965558823,-1.4726219577719242,-0.8855715374394835,-1.6712433481428226,0.7388365032199901,1.321878250120509,-0.590352921241031,0.4127413417266583,-1.2071070548844292,0.5365608489941671,0.430287954467398,-0.0564912147269771,0.22628914854170792,1.5986574965010159
sample_194,0.057329585372867434,-0.44438467433376955,0.7746341593873981,-1.1115553480067146,0.6275449810777549,0.6779266448169817,-1.3810385760054893,-1.1659014902103941,-0.6193949802208113,0.8912655839318998,-0.25420125529005183,-1.2228118858905168,0.34460518280898544,0.23948365432411514,1.0085709359125814,-1.0859961719994948,-0.5159121623346077,2.3249850396458185,-0.42475449226410666,1.392395351794537,-0.6271269182040498,0.5488564847786478,-0.14921557601026053,-1.20038484968664,0.6895576812038534,-1.9018682108357765,-0.08931726927706894,0.5864523554942407,0.49020330806683227,0.5827270274736901,1.6744226638812725,-0.38244437119186997,1.2520243091046552,-0.28791819658448203,0.27325701544159237,0.9104889380454125,1.1519125513106416,-0.4352808061080768,-1.0629792592207032,-0.7497166970097607,0.5449192605494099,-2.3767308949439134,-1.1083461349868942,-0.8282971417367532,0.9650542980244671,-1.6274067254427949,-1.8817770631274535,-0.07037663018476292,-0.880619797167457,0.22807037772105576
sample_195,-1.366962322417632,1.1149538709103282,1.2364559090747773,-1.533564857852984,-0.1413103020822772,1.4214797565877424,0.361979133549114,1.2499199310204332,-1.4659461252921688,0.22943589635235842,-0.45815731571332513,-0.9112892631656359,-1.3829296335603394,-1.3511448639969665,-0.11428226969570926,-0.3063212839227965,-0.19268392297864,0.6900799006751659,-1.2170974262681118,1.0429135224821053,-1.118511583523742,0.5944654590214616,-0.9845582129508286,-0.5388878223178653,0.8965728698777551,0.974707572071162,-0.1501576915917854,1.2710201610196799,-0.1311123349818074,0.1238620714250299,-0.5367943833080748,-3.1146861211502452,0.9361620430519011,0.03323308453125277,-0.7805862224240008,-0.1684035477180206,-0.5502292252968362,1.685872124699657,0.6109395383252704,0.4605446841067309,0.49907537542226443,-0.4367158455655662,-0.250086752667644,-2.422654647584447,0.46024441468130234,-0.4098345465296904,1.4434154531104368,0.40462600394333736,1.134557802139546,-1.5345006141182047
sample_196,-0.18757331447229555,-0.10167999490394904,0.5478515423003506,0.567307377164136,0.29533040465728805,-1.0819435374761017,-0.30620602981786454,-2.775245001722611,0.2658853952229081,-2.046535746240026,0.2129368773548454,-1.5061279533198744,0.6630087077323634,1.0125708220746807,0.29129567333916445,0.4205121909533574,1.434543389166698,1.1278455784068853,0.2829400434336049,0.3390603136698936,0.2760164599350557,2.799254758198004,0.5712280108658866,-0.8731759947821711,-0.9563521241954519,1.537078621387945,0.6955441484826892,-2.4612077643752723,-1.1108102687558281,0.2417715896848767,0.036107149924303396,0.2255353648608666,0.7226921996615716,1.0285582241846487,-0.38169952871807883,-0.2767605560157219,-0.0028286827796711036,0.42320163896776797,-2.1327896982354475,0.7653415099235359,0.4665248354718466,1.5131542328033623,0.7663934544915945,-0.3177503592314356,0.2649797916392117,0.05119494886027838,0.5845273900336712,1.1765788186353394,0.21782630685182322,1.3461721073320492
sample_197,0.26346036289419633,1.3350640937858238,-1.082688947136886,-0.7264630363592135,-0.9572622060382455,-0.1423611719714805,0.24545293187575615,-0.7991955736655101,-0.5911604379701306,0.4498021212399691,-0.6362675901007774,1.6506316975659863,0.028210079343502545,1.3385573957706793,-0.2935677562154906,-0.4795565547219619,0.292170074362412,-0.8051693379956936,-1.000687850892633,-0.7559439628270175,1.3128100820211939,-0.270755363238439,-0.132758273224396,1.9106897407516805,-0.8012794766200687,0.5854940388271045,0.32419956650854614,-0.7086092352359755,0.5399286902417625,0.33871135316029677,0.2046272408633916,-0.22526135429144067,-1.0783844635208575,-0.15019596491246484,0.5440836605327208,-0.8597548803866478,-0.13924193458170206,-0.3641198624765262,-0.5070838252525276,1.5299183780718841,0.25247749732902075,-2.1616992790256377,0.3963208332556203,0.2787606502927572,0.9556353556480458,-0.31728857815116607,-0.9463951501719212,-0.5461496906159894,-0.3115962490402867,-0.6923141356920363
sample_198,-0.3309557048885835,-0.45418171925258666,-2.3211972473486426,0.3327312502015663,-0.30279679653629676,0.40789691881622464,2.1187939969133565,1.201128808288381,0.8051611931459237,-0.6441367773691902,0.46585835280383825,-0.09355577141227177,-0.617556230787363,0.05613594325495074,-1.0028778096150153,-0.515223225132067,1.0171377266628456,-1.889885385153321,-1.2399284909896577,0.2098831488745195,-1.1544501720300775,0.003995289003843652,1.1698839531510434,-0.8061460603660726,-0.5954899750638798,-1.767438265566747,0.24645199901434042,-1.1373007407613231,0.555728211161677,-0.9128995442421145,-0.3144930242082254,-1.299156199727561,-1.0073363492357916,-0.33767538776086614,0.028492642219867654,1.0939356048869848,0.9074114312882084,0.4630811221547932,0.597319228622481,-0.33586743352411763,0.7557208918219871,0.7106044128252869,-1.3145669862635683,-0.10314578333430763,-0.18161169721108428,-0.5356731340143137,-0.34111176861855197,0.8638259213344482,-1.4686325775759825,0.6225533961015932
sample_199,-1.1373314791693887,-0.575772400524419,-0.4730065709221551,-0.4450876550248464,-1.0577182093247006,-0.10570407884011333,2.9234977367685606,1.046224216674198,1.8028803625225858,-0.05401750952494626,-0.6852916711635689,-1.7490063154898987,-0.16102569630841426,0.8088618551381827,0.33639371167434834,0.0227380495673886,-0.35876528944203345,0.7240600632881234,-0.903090064451734,-0.6748950331011628,0.4865373839681399,-1.1771981336911026,-2.231877912127518,0.5217097471642573,0.17425172083843585,-1.5004497263031185,-0.22819933899490796,1.0740361177538043,0.4324131681632219,0.6910601532936791,0.2693695912421405,0.6750886163097883,-0.24177184084202036,0.9135815466608579,-0.49694110659132557,0.49400708659988296,-1.2013946139665592,-0.9440270817725357,0.6238475152285726,0.005584890971730241,2.1599550651657244,1.9980966378194507,0.6447554495183603,-0.16848318047162464,0.3412166015255824,1.4790088205277614,-0.059899756304922794,-0.0065055649180510025,-0.08854000613133997,0.762628976246862
sample_200,0.90606695485954,-0.15197467444899304,-1.2614298406155418,-0.016279622954453097,-0.6948314971095416,-0.9738906640565056,-0.35283241438640556,-0.8154135376800357,1.077555509109652,-1.034309878823663,-0.23336929610956683,-0.877145150048611,-1.6121536499934574,-0.6213623401931182,-0.6547917292188504,0.00452224371822659,-0.21740643945828553,1.677245794884573,-0.18587535325329246,1.2044094721656504,0.43728263235330694,0.14404210122639888,0.5019714753537456,0.9550583888683024,1.2004957730737011,0.28915717747994574,0.07249668754267348,0.8921846807733597,0.5486432028204281,1.657041971126965,0.7244671486885873,-0.98797649184857,2.511545039510694,1.1924405974755607,0.5142793998005192,0.2777091644379761,-0.08999173827105507,0.9824416855494235,0.790002646680219,-0.10977668017255854,0.9855038229944609,-2.0686069657085957,-0.16526187643425172,-1.1538591523490067,0.5523555038119468,1.7470125470157092,-0.2660707439551424,0.3928958030858912,0.9478140153232334,1.9936378929784062
sample_201,0.1071631578968124,0.9323770245783652,-0.485138378112183,-0.9059457771465451,-0.24911838434194497,0.939337731590624,0.2185550873020855,0.7033768423118008,-0.9186323714725286,1.6117105908975624,-1.1914594783771493,-1.3218919133608689,0.1664383942479204,0.7785808234784447,1.7459337574856932,-0.6455391528001256,1.0065703025586261,-0.09370301600063816,-0.7178047141753615,1.1253152023829522,0.295441290755853,1.382924804460407,-0.023865038751462588,1.9983309715241113,2.4015425124277736,0.4041290208122415,-1.1281076858878336,0.19782910934235884,-0.3370312594396692,-2.2354386321819,-0.8571812221919062,-1.005414734898525,0.5299036664761204,-0.37744804841924384,-0.5382126134172421,2.4932726660011864,-0.423515506512266,-0.12483102194040323,0.5624223412166274,1.0535541660510395,1.513506117456649,-0.4789369051996993,-0.09750361010347099,-0.4486538237279367,-0.8734601618591494,-1.5433820599520318,0.16993717206140127,-0.8603861184028286,0.08066647665062986,-1.113257160755653
sample_202,2.3364844584031617,0.9438743180334793,-0.20849168014799854,-1.1361007191479444,-1.8055619538872563,2.02573094493073,-3.2945136357737628,0.3131119746411411,0.5202967282077636,0.7241350915591565,-0.4686099726110237,3.2927579812733496,-2.117853228369153,-1.0673647398083277,-0.05359731066745977,0.44375172677520086,-0.04462343810516783,-1.1187351829925036,-0.5493939725081848,1.2324311418862086,-0.27224212192700153,0.2626207067913808,-0.03988833997483621,-1.075616493364189,-1.2018155802157127,-0.23632675913792367,0.5919505959134634,-0.1422899546723716,-0.927836348284709,-1.419193863259881,-0.6078959876049331,0.9105939109434209,-1.3014549999711882,0.9776292417740384,1.443726392307468,-1.1823542631468609,0.4082203648471508,0.41289876875614323,-0.9559629729415591,-2.1115110711231946,0.3721173164886299,-1.2522466231913787,-1.2145553823270994,0.01650662441446437,0.2345114001370059,-0.5242549422967521,0.2146001082404287,0.18486608119976278,0.9771077434734021,0.733362675945817
sample_203,-0.44546603488609227,-1.6507626911890358,0.4439601344349479,-0.6909244643076838,-0.34311365467666916,-0.3890421352600936,-0.5672466096369968,0.721254261785147,-0.2706835292463652,0.3824533653035168,-0.18766850586256256,-2.914149492099742,0.47656997994841865,0.9012338140760566,-0.44937085988971043,1.6238016783602651,-0.7284124440470086,-1.7152548185517482,-0.31179509933782845,0.7981798844679157,-0.11263390323217808,-0.5241776351442872,-0.15778342416378055,-0.6020795260308468,0.9814415848951966,1.003976009122664,-0.9278428112446313,-0.03460050395946237,1.057333557185125,-0.30602323126691355,1.1946627822299971,1.2583533690947555,0.7357024943463638,-0.5157914559657327,1.5286629242857759,0.18457051807434222,-1.789609257529183,-0.75326767496168,-1.6203685561558758,-0.5733223421788484,0.627412881767476,2.2558951780500758,-0.2910448025580295,-2.562312134597221,-0.14710805521190934,-0.9496661972284549,-0.2943300948606676,-0.5946861368267874,-0.9715202811669617,1.1082987557790898
sample_204,-0.315207386848618,-0.4358386829395073,-0.9479179105089276,-0.24164356161188355,1.1201748325166065,0.5367156000186087,0.9256769659931844,-1.3255411035155018,2.2667650025848327,-0.09533418433416545,-1.3046353906348152,-0.7021177048855296,0.138154307696819,1.5698158458033118,-0.5684354534003588,-0.28761811093378303,-1.580187496219351,-0.49001641199205925,0.8927858527769705,-0.25622305895571656,-0.11741487056495552,-0.6781732188681401,-0.42264702252083053,-0.8129066822469032,2.099927389635061,0.35764936842536643,-0.5339874618486603,-0.2722212630695361,-0.203050171396373,1.5649112554125268,0.9888324651933368,-0.15269709862159375,1.1172888754471428,-1.058289743344447,-0.007139697845352841,0.23328741829010385,0.7243057295081726,1.4754749454530378,-0.7372686537689274,1.5590992262682535,0.7941608867074205,-0.21540064440361503,0.20800806517314904,-0.9637653675868476,0.05706199493630437,1.0079721362590723,1.2001520384284337,-1.2009475352858734,-0.3584876806382868,0.034394719291553064
sample_205,0.3143787673251085,0.13443033757162656,-0.7968773415771148,-0.22238515401414677,-0.8939502453634117,0.4428632481204169,0.9924571909552882,-1.6039257756459493,0.018446636037551405,-1.2876967725928627,0.13767882316559782,-1.361532930090052,0.9194230982722803,1.0736934410387828,-0.7310332927349156,1.0589216346995136,1.2360373680871286,1.9277927876260685,0.13322944499379308,-0.7157887970257674,-0.4244445091076481,2.9624517641336547,-0.4080813408177724,-1.2263712355624063,2.818436970665779,-1.272315798943223,0.12706713387350663,2.2064585169782327,-0.6598773283636507,-0.38761793923248977,1.56110923704563,-0.7382822338741594,-0.5621921444095954,-2.153385456592578,0.060498472342510434,0.018789988289333856,-2.110283500259244,0.05460926988763062,-0.08486614993854803,-0.898778215071811,-0.5740620132499987,0.06148299625118078,-0.622280805152602,0.9491180900098349,0.22175945947783082,-0.2889107149111636,0.18046901811674654,0.5148404569622124,0.3250820030349349,1.4033179720674314
sample_206,-0.7620010667017801,0.600094411243262,0.1981794454495237,-0.4453849750149337,0.1469912040240205,-0.3042027416077854,-2.0587984545231586,-0.616797411182429,1.0054807685099503,0.7939487043300525,0.29173610121921956,-0.5581091636998395,0.2026441729376781,-0.22115487884071122,0.9850187216621964,-0.4035564757549294,-0.13514152586313538,1.040212340819435,1.1605485870804828,-0.4683701321930943,0.5343351463004711,0.21760711885179934,1.6469911806143376,-1.460686238291325,-1.1402509503174292,0.5614601202584125,0.5894797715860741,1.3882430625555566,0.24948073715024208,-0.22098825418444806,-0.4577463831821088,-1.0323136410803821,1.4971810112092705,-0.9428209753060419,0.5539271077019327,1.3994752731619253,-0.3755797022066145,0.7949715393207105,0.08848644649346345,-2.1204332317800754,-0.3277472367648345,-0.25137477628689986,0.9350548178874397,2.68158514747334,-0.271836469804072,-1.0246809539672235,-0.19436216721246927,-0.1076417434085868,1.1386235674891168,-1.1341201913182914
sample_207,0.5816109489723934,-0.3688266920935777,-1.1245392849463642,0.811500095895008,0.27954025184429254,-0.7454425063059319,-0.4021721762147941,-0.13916716827255435,-0.4687289993340289,-0.08478072993500844,-1.0779036709183094,-0.015260801902203068,-1.7353264499707548,0.6323581070380679,-1.6744165198995287,-1.1682354477813177,-1.222209886176231,-0.9442572180264295,-1.327950153710618,-0.3841318981067694,-1.9919894930288982,0.863313801465804,0.0829283446307661,0.07048146525504174,-0.17617654576613512,0.640617299984852,-0.07169962328200685,-0.3149946497660644,-0.04225917338319427,1.133884863562731,0.017647449511500452,0.3719179889139667,-0.4180692239206417,-0.4646208773086076,0.22114165777520936,0.3670527885730751,1.6760239277146187,-0.8746201834238342,0.20265384363319802,-3.162928888658119,-0.13952994830290433,-1.1749154969783246,-0.7603403404310184,0.6840902197457885,-0.48433581914369933,0.5249344971438943,1.6633094508588486,-0.47405376811243466,0.028332841637614996,-0.6051312748296517
sample_208,1.571857061884268,-0.467127147636108,0.2858908825461722,-0.24590129788930043,0.5754067294887675,1.391276656719654,0.9773418894921837,0.1967934011149879,0.08923599497175376,-2.2228269637032616,0.6221020798904167,0.22777495252691565,0.43684947936849017,0.9156972971640753,2.500847248293298,-0.6628199566905015,0.10219605582918233,1.0294684401400773,-1.1931901317663525,-1.3820788347507225,-1.3056257889178733,1.0229351653900147,-0.08014001702263597,-0.057692288575052784,0.17249298243150404,-1.0484441001668592,-1.2588932255858922,1.0616968181101414,-0.6950004913864131,0.07718819554556246,-0.7609454264499377,0.540478582996662,-2.3004680968441367,-1.070943001473477,-1.0780159525795825,0.1011332758719013,-1.1123274792870248,-0.24709882649587595,0.2967199889117126,-2.047036290025912,0.3041843282450912,-2.5728314411575273,1.839467172946937,-2.055461117520349,-0.7868508219726427,0.9233421189475329,1.541577357688957,-2.1700223271616705,0.2628068347801119,-0.890485730745934
sample_209,-1.0036102122373964,-0.2619452730736566,0.24383909761526773,0.5904886926692455,0.44548097771428347,0.8434153051616864,0.32067341999627486,-1.503105157181892,0.09166078791440298,-0.9718441978700767,1.2662274421115163,-0.21336299077491985,0.01762556537163335,-0.4285287667892488,-0.24076576009011427,0.3839594727715379,-1.0615941989494513,1.3172719182595871,-2.484335486132662,-0.19876175864435974,-0.6153485155058132,0.6615932935529634,0.025591595766500358,-0.1539333115427304,-1.144697188199559,1.1093625140064167,-1.8925925668399015,-1.343290550092059,-1.1592589265014146,-0.5589550786497461,-0.9209165346199991,0.22919521026669082,2.283664897360822,-0.6466771159282495,0.23166438808476666,2.6092475410623774,1.0163387770273926,0.11127358741662254,1.8396655237970332,-0.7554291706254992,0.3760770868369431,-0.5779175611049134,2.06352332728624,-0.9497432481108686,-0.4913012893083161,2.4074220399520416,1.8739699638045253,0.16300780814373234,-0.7115175912860755,-0.04442727465234235
sample_210,0.7903452571052951,1.8019630293281033,0.3601981600440849,0.5363314890237025,0.09800777786428058,0.5940310149885146,-0.026450982721747666,0.20254818384498785,0.09743490432552736,0.8560297529112739,0.4868127352273505,-0.30887419987410486,-1.6518627821342966,1.1391077848997901,0.04748767985495997,0.36668632678999236,-0.20133714240832265,-0.6614356632910614,2.2445341011918503,-1.1186253031146598,1.0434730598727262,-0.3705747973497718,1.0793357230986935,-0.8424253143093022,0.6937196636219495,-0.23340721115912216,-0.9811423977429817,1.1202182489000159,-1.289279093092457,0.42256297398348336,0.3931936692556583,0.8038364150653117,0.06607410239115466,1.7790017900898805,-1.0009770572914531,0.6370363546245096,-1.5402473981575007,0.7582383889280386,1.25940995293939,0.29987772232883203,0.8159058025258153,-1.890808367267423,-0.0791035136108232,-0.06567003890715588,-0.9097840010124458,-1.0565146404370915,1.201989484384868,0.499878899766126,0.5354633077629829,-0.3826848518355051
sample_211,1.368936740780613,1.5270778055304812,0.2925437129105285,-0.35993262188735414,1.1052580607522116,1.250393577563005,-0.026145485098095892,-0.7770564370475886,0.9091249352164563,0.047989143306834514,0.6001623914212901,-0.48507472814898256,-0.20026452008765736,0.4850609224275779,-0.03199633156571235,-1.9081988579150242,2.1950498597340973,-1.1458624574597767,-0.39012954224417096,0.8817273392041207,-1.2600736626276707,-0.7875027813481273,0.062235806163219394,-0.7015826204790756,0.22245409037699296,0.3441324483618899,2.44294132165262,1.455680503069622,-0.5448775847961048,1.154978746338543,0.11220418777374547,-1.3028572118035437,-1.0726678560680174,-0.08910415978057193,-0.5682158653373381,-0.06891706255674707,-0.5682827711598748,2.2084470231135773,-0.09377924554255916,0.07903267426402427,-0.487456230870469,-1.2520695726886306,1.033610108678141,-0.8533249817975535,0.10773790501733395,0.131428845327083,-1.406917215127838,-0.48881870681726,0.16611747159224086,-0.839497183101352
sample_212,-0.5121537294479821,-1.2811310729190082,-0.11172313315631012,-0.20971247191529271,-1.403190501217187,-0.6990835237236245,-0.7339140793614425,0.43385813680194574,0.977052407265587,-0.8684601546529152,-0.1670167653137611,0.3424454085287949,0.4455581349837117,-0.23653758928863106,1.1913354480666243,-0.7694999402280901,1.0873518084697116,0.7855890562058409,-0.03284928391617974,0.3826095082737342,0.13944058946287832,0.777806979238393,0.2737504781013314,1.784198551629567,1.2081987072673457,-1.0739001536263595,-1.909708490431356,-0.19006931458991785,-0.700608607495129,-0.1474697954551847,1.612340903040767,1.633104548474708,-0.2505352294388115,-0.8951141444055766,-0.00438166823671159,-0.40282858228815843,1.2979365326115901,-0.9167310226274693,0.5129626125753826,-0.5070342093917325,-0.10498095977349055,-0.6024989363554705,-0.8763258144123934,-0.7227522065661564,0.2624611120685955,-0.8310515293155322,1.3927003640635973,0.8529467270547114,-2.3669160387110386,0.803729845716858
sample_213,-0.7492612311859449,-0.5070193692611531,0.054959278331160946,-0.3772222877930701,-0.7373422825921354,-0.008880722277771393,-0.6411358798778811,1.307220386056606,0.31127267218319404,-0.3955517991382798,0.34732981865948165,-0.07673662314119953,0.659271105179283,-1.3338295399890425,-0.5485008397058133,-0.1753985860085446,-1.7190527164504548,-0.3635261847934569,0.5828296375075307,1.6049967250862476,0.7365488767353279,0.1613119384275692,0.9038963523864975,-0.41460594720241994,-0.5441955445526535,-0.7412479471679294,-0.06845058248878294,0.4492894304815167,1.067566408487799,-2.1180336978901484,-0.6533045946610634,0.8539723971735019,-1.4256113752324553,-0.269600215576091,0.42308488874760064,0.26971670422805655,0.6910297470522517,0.22743213912517352,-0.9930687060546844,-0.17899794825763196,-0.4893887592805476,1.1683017034929197,0.7833652430562461,-0.5839529914364799,-0.0017938443599632677,-1.0580415400005092,-0.2657253714444901,1.2188300809756458,-1.2369147944945607,0.8998137537884663
sample_214,0.741538208874047,0.5649582971034375,0.5778691408530549,0.33040615311708055,1.3380668333237662,0.7774255108369277,-0.20974224227884877,-1.018459569898177,0.8973384752793767,-0.11367775889966235,1.7859308354882772,-0.013273732077997721,-0.30203815173612386,-1.0730903251863362,0.30105134366567393,-1.832184226615624,0.5756658559586252,-0.23625789165240918,0.29479931382432567,1.3135448692423632,-0.8020888896212093,1.151720785098516,0.3223044318612087,-0.35635478814359683,1.1107367848332117,-0.060593698684339434,-0.1340060172885687,-1.065958393544463,-1.9315265634964065,-0.03242233297601851,-0.8925382628504452,-0.3602251214851646,0.380768152947625,-0.022949583998536836,0.1670897880096764,-0.9408594918947895,-0.13637850335686172,-0.4064349170973179,-1.4563575182690176,-0.21674471914107427,-0.9333949663076037,-0.9218132582016539,-2.092486386046336,-0.6746071966379996,0.2244310277617759,0.2805744956146995,-0.22356168900517212,1.3398934063488046,-0.7964469082218463,-0.8414097678933992
sample_215,-0.5342619027439998,0.8304531646259046,-1.9959463566254438,1.6752834603033406,0.4186952236864319,0.4899443906076915,0.09438017046486351,0.7357824191808394,1.0741259034357629,0.4481522651434724,-0.7772526564546711,1.163206884502357,-0.4863908432886814,0.5041014086944015,-0.4010947045654219,0.38335127386535306,0.24048083860701905,-0.7574548965130715,0.541143981875059,0.18713450521592764,0.4162543715775109,1.3902480407328177,-1.404054647194321,-0.24452654255513545,-0.23324023770732627,0.03613776036434265,0.49231543010156653,1.5651297554248422,0.1493710532098411,-0.8714173225640799,-0.621290263456393,0.3799284873562255,0.023305344819377145,-0.4161234030798024,-1.8906850658474805,-0.6886796025581466,-0.9949463049321752,0.8851745134319621,-0.07277467924172208,0.5631908486502031,-0.7535557438578974,0.7455738938851534,0.7275854065187967,-1.340835585081263,-0.23647974630873514,0.19302231527685854,0.8020985469583128,-1.4133149938709628,-0.23867384996962263,-0.06178961126732472
sample_216,0.24940375515567448,0.44035347196996133,-0.6105697139834011,-0.6095228990146687,-0.10982229637076002,-1.3529185450937522,-2.356660687123425,1.1870254204550226,0.28916602497564486,0.53003296776699,0.5659809827882638,0.04594847677832699,0.9214197589364694,-0.2451059006190877,0.2476444416222691,-0.8418221893068403,0.05806975409643707,0.8459297099430154,-1.1543672807592475,2.413668140789723,0.5097003006465167,-0.4820846963380239,-0.3756818384904893,0.1590886481798124,-0.13107142403701053,-0.5965634455814767,-2.001575213314156,-0.2305114053076252,-0.4567287465423634,-0.44649686898663377,-0.19290922982425948,0.38567225277842504,0.6420210755984409,-0.09991394040346388,0.7581122751851969,1.4218491449401993,0.003303730731720352,1.7263269007665205,0.6574514748767201,0.16040242059910692,1.3883473952426066,-2.0198649872376895,1.2536129178189248,1.1027349652950735,0.5382578561805118,-0.35973127325103993,1.413120721738533,-2.343788709889683,0.11462205085806268,0.9228594741146222
sample_217,1.7087658699577617,1.0541223575866043,-1.3151811659924535,-0.5059856104700549,-0.12733707490104684,-0.07131827381470766,1.6696227162264454,1.0767993032026306,-0.010773030133764887,1.4789487747636432,-0.8447913611567847,0.05836974585054246,0.9188231243897423,-1.3646548292417964,-0.6200206449194388,0.03250344258636261,0.4977216867211446,1.1387253108576123,-1.3459268153563748,-0.23325833387585537,-0.07605101766168837,-0.3829491781721577,0.7435043635609503,-0.42599373617824515,0.5868617111033209,-0.14322627232255708,-1.4467647811103568,-0.5283827031345718,0.11537139859357383,-0.44447101014059676,-0.8458211680074343,0.5314686349992249,0.27109314771609233,0.4914312967328247,0.6298659512975653,0.49001337226723224,-1.7862105673170274,-0.47906451864126115,-2.620516022859852,0.039427751333733684,-0.032358418189817766,-1.1446013002593016,1.6826496394207724,1.1833916314954998,1.7952415305147371,0.8659723063162232,-0.8050581399299823,1.1412498254298282,-1.838338068788816,0.6720946352473274
sample_218,-1.8838182377064845,-0.3977643129843136,1.4878461549636626,-0.5626753015510241,-0.5921327846221827,1.1852478468254932,-1.3846067314380397,-2.2870701078511737,-0.04146561603503757,2.469539643543442,-0.03354151153238066,-0.04315702697035296,0.24359402227954055,0.21116416942252492,-1.327736212111865,1.4086402994407754,-0.045418797348512896,0.38868570629690163,0.5131590265728153,0.292373712935407,0.6220795803572384,-0.07380497815934454,0.1139419881643621,0.933944981294438,1.597612202653273,-0.6646250338461461,-1.0676330531296339,-1.6630269284972685,0.33587980373157705,-0.5912880805133901,0.6186320653893025,-0.6650751462827986,-0.0835133303977669,0.16765945150229541,0.3011328120010167,1.024758192731378,-1.0000668440258522,-0.7007702674625584,0.9970461180509622,-0.26543765107687567,0.7766899682222727,1.8583337440544734,-0.504714109670255,0.7772996420047404,-0.07317986720345714,-0.6405361143112991,0.7897715487192947,-1.0760834646887851,0.5977085240411683,2.0497982977680875
sample_219,0.04999539969582806,0.18737886065945963,1.0322215157128163,0.2945741169870083,-0.7987651649771921,0.02273120759169586,0.010825117722623349,-0.638761235551518,0.23423308228135498,-0.02420799838862774,-0.8094747084776391,0.9056069603632733,-0.6756625889383868,-0.5347520046713499,-2.471961561055662,-0.8695024037090923,-0.07442105501423979,-2.487973350705594,-0.5007504641970546,3.0316459977048975,1.182879772334396,0.9696085310684777,-0.8112052072965084,-0.8885391269178549,-0.3263822262061193,1.3083292751059257,1.9438942353506545,-0.4259251908883516,-0.9249967569294346,1.5688121280416023,0.7035134634077307,0.19464194459753,1.4872711235292797,2.5902320766975957,0.647051758933968,-0.9389310366438517,1.0094143826805604,-0.1393179433775786,0.32191312211318673,1.368089177401144,-0.6409866779715401,-0.4824478647165984,1.0886444722405961,-0.5834338444795758,0.803223561038539,-0.5235837678193851,-2.0846405728223263,-0.8569297685710464,2.112848890303139,-1.1961543490252575
sample_220,-0.0691109792256547,-0.49223576053446333,0.21350532206526052,0.7946565054360037,2.47799701470098,0.8556056412750209,-0.03942369756939173,0.5007857275543517,0.7693045779832609,0.7943454232503718,0.0069042994280086025,0.10676610531806872,0.45510487922505716,-0.5223955281405478,0.7202402316119975,1.0997075078859309,1.4934596887823786,1.1521586981578342,-0.6786579554887848,-0.7158648719575086,3.406890097199604,1.6588772051680307,0.306185063110668,1.7596344108511632,0.3718963736480645,1.1391403497268189,-1.290328693341201,0.8350518904272419,0.5470648565300722,-1.5995521618011503,0.2679558262051323,-1.3710152902061028,0.41245171752060406,-1.733890800894971,0.5440240919657473,-0.45153436575343836,-0.2738189919014027,1.5204899599639952,0.6768344461331124,-1.026355217370041,0.21860027232388057,-0.10518738822669324,0.31426236964614057,1.5184240351424996,0.6440186562608222,1.4510874364395183,1.1802391704558393,-0.04232889878682622,0.772960708555281,-0.8243257217864178
sample_221,0.06579187812957092,-1.1734547671452995,-0.005008675069396611,1.5077097715590178,-0.45723505083548255,-0.3894967805564156,0.4465768217251555,0.1450684783486957,0.664817309694819,-1.794408835020391,-0.8159455984859866,-1.366473604029231,0.5417858575093749,-0.6364616235949537,-2.2959374912373143,-0.8529359401339591,0.3421704202476355,-1.2114790045751744,-0.32544940478060186,0.39832515030193705,-1.2638676737330237,-0.027255837634578107,-0.7849057321552461,1.6892142514685307,1.1071769626437749,-3.197948054095953,0.5911150159069619,-0.493337362825799,0.616978831383006,0.9394310982586009,0.24392291684959339,0.7926866647464221,0.7503459651082033,-1.1026322674333395,0.8997975826225789,-0.23707696619915244,0.22891332611486492,-0.3075449665689783,0.310337989922491,0.7824069855318625,0.6366771062574752,-0.7100145147196536,-0.32084055160074654,0.39859505263403877,-1.1358413534038152,0.7716475294678375,0.08780581912200244,-1.6264575856897998,0.695279629899509,-0.2662378925881955
sample_222,-0.03519679104316709,-0.6963312414647475,1.04586373014632,0.2309610883535665,-0.011849864917497432,-0.251931379875388,-0.8626848332515918,1.1675796625545574,2.5413843113441033,2.0219140232263744,-1.2162845846326003,1.496465166591062,0.5023889636455546,0.9179640925736007,-0.9267136030025407,-0.4654569574441711,0.6234156292464472,-0.44601918602448665,0.12470784056308637,0.23102193408922655,-0.9101198361469873,0.3228834856544494,-0.2325636306858933,-0.005996163173892753,-1.7676667989434176,0.29890836614967997,0.0029996193778993475,0.15724975684660644,-2.076826798173741,0.12406409123199141,-0.45148845895472356,-0.3225641976109894,1.6357020627754137,0.46200884155185856,0.497447805663104,0.944607565645,0.101700107916442,-1.6959257947399007,0.7751794494483575,-0.957727769003641,-1.3250918285334212,0.15429969504550006,-0.4308263109797735,1.0777359871902767,-1.2806072028242095,-0.6221882796126188,-0.03775944403178758,-0.08693602866569453,0.009129168489666136,0.9234109675624843
sample_223,1.380578645406968,0.11089787391343216,-1.4036198574434766,0.09330511661214227,0.3317438288096327,0.8596344795648927,-0.6660218474806355,-1.1005303323343958,-1.361992032064741,0.7825108342317904,-0.8294873385000731,-1.1250002820942895,-0.7337936477683927,0.6601683011761719,-1.1465023288837437,0.9580182364339707,-0.2589629486506527,-0.2464733792758491,-2.114406968103762,0.10078741812483231,0.18583154354773976,-0.5365251416390724,0.02201025103725771,-0.4438387771412857,0.42511969903318464,1.1388226883666932,-1.4771220988475577,-1.3010042061014566,2.0384701430177934,1.7501633991849017,-0.0849144899670503,0.6749821569109421,1.2137265548454894,-1.6382507656968026,0.4271294364724938,1.1377588090644255,-0.2851848948352986,0.33593278960171824,-0.29941795560209583,-0.001733922874924122,0.7664451287938456,-0.33413224899964955,-0.6880606911527222,0.9519357364166622,0.1502111320311914,-1.1816604035315237,0.7284692618363514,-0.9427210154918318,0.7956231980200135,0.5377466687910561
sample_224,1.5368921268387767,0.1880998139866022,0.4133515755119768,-1.0232485817203065,2.0573508063373556,-0.45036024886338066,0.8785402659619195,1.3924885631396693,-0.5980777277823974,0.3696764934806611,-0.46042486878631517,0.16876069076187578,-1.007801957994221,-1.3995959555088722,1.346345841792588,0.5688501302900814,-1.6587640117698093,-0.5280836775757479,1.2770112751545937,0.8016176436019437,1.1783688430838428,0.2983480038820405,0.9511470409134747,0.13495004003017885,-0.0616959969360973,-1.4145141952863804,-0.2957350728429726,0.7152557422969573,-0.21211577586609734,1.026195778129706,-0.8696256396392926,-1.4040774847431126,0.0649185690075323,0.40271712251351127,-0.3685993837996624,1.67144716018186,0.06358574825813927,0.2345579424164807,1.233380521777225,0.9844889369040778,-1.311529917109801,-0.7790778622902874,0.19936113403466507,-0.8712849358507657,1.0905205492795618,-0.8530626618782069,-2.481831965087709,1.3177562430918917,1.4534705626332316,0.6109169407755137
sample_225,-2.999960966013792,1.4776042604506718,0.34087994522738546,0.28290714209131973,1.23472623884301,-1.4177727324100908,-0.3146892921017183,-0.23269841856137877,0.735466955552998,-0.6831852306179039,-1.156605166003671,-0.7902069333396857,-1.4932250732827483,0.5840329418725786,0.23860505036294566,-0.9185021562368325,-0.5695332672815262,0.1452130694831932,-0.42662611710039094,-0.7249462039019551,0.02563393373043123,0.5342684347861042,1.2012490789342107,-0.09201766980525378,2.052072376036262,-0.5756615689272975,2.1947968842839174,0.5510997961080476,0.7024905587325724,0.7224674721431764,-0.5537497311638385,-0.31505871201839203,-1.2156532150126107,0.8533116029416071,-1.115889055056795,-0.25945403070086887,1.3973395929424306,0.2797916121562765,-0.5978101108239715,0.20092560840487012,-1.0651554163090173,-2.269983022727656,-1.7110480281712928,-1.2375503924584752,-0.28247022367369184,1.5463674161209604,-1.5334882337490086,-0.6437267005289439,0.3073859135863352,-2.0205040547182294
sample_226,-0.10957885866370055,2.685600883791263,0.32414695793173565,-1.4608004219345667,0.8125937952623972,1.3396694995893113,-0.9036001561056658,-0.04038540866753837,-0.3465096341565589,-1.1378271198770662,-1.4859994731363662,0.13082114999966943,0.2524172936599888,-0.5968945670834753,-0.32062042432898424,0.2930734921444521,-0.8557331196167423,0.2738879927965852,-0.6137806805679541,1.0479125746552551,-0.05301672645997549,1.9277775607449792,0.48282583683780494,0.5866272062434215,0.5116452393670384,-1.05722772007913,1.6573471376392368,0.2404239783520421,0.7827623442168784,-1.1401495081197746,-0.5328251386024526,-0.8721287787947182,-0.3212157665798733,0.7949537880719938,-1.4765097125995212,-0.5498807549970237,0.25779425552514085,1.22965356463914,-1.7784400215471041,-0.48944945876848467,-2.0458652204846755,-0.16005813824883625,-1.243442095624942,-0.9870083028481398,-0.5426363035468336,-0.4314160061675696,-0.3268476737662577,-0.271135711031477,1.678198806775447,-0.2857576363680327
sample_227,0.17481405605003725,-0.5107126349642516,0.06884184760670597,0.006437265219122892,-0.4732450870017243,-0.018939380394432243,0.6549721094285906,0.21865966839834639,-0.3037560368073485,-0.4580050240511884,0.6796643581241836,-0.2146174303646846,-0.22670307302429296,-0.8629882185532678,0.5665707065389972,-0.7662236906189048,-0.6088002921124982,1.257987444653207,-1.16750068036231,-1.6857526178727587,0.035631882373471306,-0.01612828331040786,-0.3392947134139484,0.8951814599437988,0.6627877680169548,-1.070078488285321,-0.5473935016021927,-1.1733124577589105,-1.9146127631040981,-1.4901359220782175,-1.316821958020005,-0.7440537593087797,-0.4689421649372195,0.6236621419821036,0.4249150157986994,1.1409880270238142,-1.0528208954205178,-0.15223459198577502,-0.31744109855878705,0.7240591547860048,0.6447544817665336,-0.7282848688161749,0.044058353085641176,1.0901215004998779,1.0259421164847893,0.2918126847587292,0.2104716102332095,1.02474435623357,0.19231541339376335,0.9784463498081906
sample_228,-0.9604006497008445,0.4711093539602021,0.4357325512099952,-0.20423784436735223,0.11682788354719721,-0.11070325913844656,-1.3725453127288942,2.1586580932019093,-0.2816566810238427,-1.2811521065834948,-0.38668078649929144,-0.4586360079500209,-1.1481740928945785,1.138985390446171,-0.24637634789886867,-0.1682067309310137,1.9317819769574667,1.3268037186400923,-0.6989352373883443,-0.18551811615030125,-0.1340334115514359,-0.4303960370828428,0.2653155125929528,-1.109326139630793,1.4665312687846457,0.8770834697474134,0.1724895024196363,1.3488208048516042,-0.011457974225031307,1.6658328050977276,-0.7115400079596295,-0.1557610013167866,-0.44009447170029803,-1.2012068778761256,-0.8935976573811375,-0.28079248768448734,0.5048334211095222,0.4509106831085328,1.2433324735793378,1.138508894759526,0.19779779425921862,1.3833947868399332,1.4410556037486177,0.9827866899530616,-0.04827384731746075,0.09115302613024716,-2.4142405354413956,0.4338111798919315,0.7404194655084367,-1.4073311641934505
sample_229,-0.3683101002110178,-0.46648967399980346,-0.07073907040650203,-0.013958419062961618,-2.9644144175940568,-0.48560151779278504,-0.8320094830685464,-1.344882294572783,1.6110246750955746,-0.8066868459583214,1.0617160248494584,-1.099681460631811,-2.3374454522961567,-0.0026510299423898685,-3.057065303980229,-0.8066384428486743,-0.7480536658327017,-0.07592265526578343,-0.32647952251574386,0.811505376978185,-0.9853792528753954,-0.8196660257506829,-0.31970264029763623,0.8579806689090752,-0.9119593094588156,-1.0924831253515692,1.477040195557032,0.31942661188158417,-0.06425708569892957,-0.3481449343716989,0.7873751443120516,-0.45899819894985594,0.4797099928384826,1.032502775840571,0.4805624558447752,1.8748475818358943,-0.3078336933016972,0.47004990180078265,-0.9497518514306512,0.3557363118431848,0.881678581980769,1.2707141177140022,1.383710312911,-0.017817644568103114,0.11753626736976157,-0.8875445121399073,0.9198504091603642,-1.4945798532649868,1.0850958035154605,-1.1434973616033235
sample_230,-0.4764417094654857,1.0892964239796716,1.2110787682216297,-1.25061075299902,0.08897123319783866,0.7954656142424175,-0.31572844599357686,0.04014593473105519,0.7497485313048168,1.3611527874040843,1.9979342549817038,0.37905068477954545,1.857598785416303,-1.028331226313999,0.5366550275167598,0.11732254035076672,0.3801305039308304,-0.5494182602816801,1.6831899572955886,0.7998089138149378,0.5915202546399245,0.2100297494119727,2.560045720998195,-1.589785759639751,-2.498055480621669,0.5384594808765824,0.31294497964374485,-0.4491035089505537,0.19110872013003508,0.19934648122301932,0.01291140480883681,0.22488529653348305,-1.0727579733867343,0.6120637059975995,-1.1600450792401193,0.6685558442958789,-0.607843641076487,-0.4879352634145672,-0.9034846863646663,0.49835004587662074,-0.6052166901207244,0.13419303403961436,-0.3995862124823269,-1.3385847818265,1.2635214253476181,-0.3981175589376,-2.646939103732551,-0.7042898621646114,1.046468628944384,-1.8647350031389927
sample_231,-0.66020869358203,-0.9885395818655185,0.3066290415207747,-0.3475214803982802,-0.49490102941234554,-0.4179666547401663,1.1279795485324524,-1.3652718373609485,-0.24505700109567755,2.3350709549323128,-0.536899253729716,-1.2447974049977837,0.535830947927992,-0.6347559361187881,0.7197127943252319,0.755525878441939,0.7088432617439625,-0.1355865145227555,0.0608459641797241,1.2318641986721954,0.5627757452566635,-1.9284211346581608,-1.2647481894178665,0.16285582756411127,-2.621645639684226,0.7987917129116521,0.6585485368994548,1.4415875715969708,-0.45053774010870407,-0.4009079529247499,-0.8708349195262702,-0.5470936831168661,-0.7185120601144431,-1.5526003427677506,-0.3180973644737775,-0.34057165182775795,-0.0768338131786771,0.581104073077982,-1.2395549523327858,-0.9236996930953484,0.3605527587624897,1.688093055341966,-0.07077273069617573,1.2871505445222355,0.6792872822180368,-1.4617460499760178,-0.7587131435524852,-0.253874299505554,-1.4781080631116188,1.0288718040375346
sample_232,-0.7125754135404534,-2.6203255602679314,1.063771472557045,0.9643431938559368,-1.1904435774464348,1.4482703743538652,-0.1548179858559646,0.4535062029611297,0.16234785301931604,-1.5149224780360064,0.2247461119384152,-0.30421545469088024,1.702649517215614,-0.09410674541488431,0.2505008268413283,1.2884420914549195,-0.023703486889955407,1.2205617383981113,-2.4745966623245903,-1.79133615019277,1.3572870141262523,1.214567705990509,0.7630817983548187,2.060395161852184,0.0698984321991217,0.9012551156152155,1.68655422812735,-0.0038235064569913674,0.41651169639646096,-2.283924469263542,-1.6327294181023655,0.677621875840325,0.42124355447905093,-0.3798692066739218,-0.4476828935576333,0.41659871346654526,0.07138928231966492,0.12091648616163801,-0.17171486001830105,0.19342033396917196,-1.018858971874393,0.5189884590356554,-0.08357476895161872,-0.48690159123143184,-1.5054329388881116,0.059612697303413224,0.9797034710877554,0.2555943932673073,-0.1631718295679347,1.5118369384800026
sample_233,2.086370300497243,0.3538868268256709,-1.028763699849877,0.6567556768217552,1.0636548013485938,-0.03645659089402123,-0.1179860155186854,-1.024125480100809,1.915446203525697,1.0328102211145818,-0.01936002530996959,-0.5870072026286957,0.20272232302932883,0.11761660456796884,-0.8671740233127855,-1.8962194221880202,0.4640514914387282,-1.1175723380422014,-1.1410235924201746,-1.5218977295192107,0.16255673282993569,-1.399622357728608,0.12451091084385597,1.578643741716784,-0.1311381367520949,0.07751837334157706,-0.32778802210594504,-0.8083611033204566,1.9012334504456971,0.6392260441562871,-1.4922002268936951,-0.35453494225196514,-0.5570043275631372,0.48791031840925164,-2.1069354228164787,0.8768906701362708,-0.4737115208767227,0.6819532058368699,0.9959037940758787,-0.22593784680799975,-1.2584097015199451,-1.324478917704082,-0.2728123097710209,0.13555773506375107,-0.44178556678341124,1.9113453740836719,0.17827820596858984,-0.17937581501323738,0.9247232660232328,-1.002076383173532
sample_234,1.4553657532833042,0.09412533946793186,0.3102709302721431,1.2664366105821145,0.5568235472982389,0.009914471680837323,1.0915449685079788,0.8924190524358591,-1.1161728777545987,-0.7438250907563682,-0.8974604718528173,-1.115886867562008,-0.1308083698477274,0.4666130158549617,0.06884039805604274,-0.1751714582323092,0.2223519972236312,-0.2515160064708469,0.08191413175509506,0.5600959103586353,-0.7784425710148558,1.036916819474317,0.941122287784201,-0.7770175272815533,0.03911878038305965,0.7118397286555226,0.37213490182229036,1.4358187247511909,0.3399989033145578,-0.7807904006920577,0.8308906388896552,-0.6930979509167527,2.3301251613426315,0.45146812764409794,0.7101797063468841,1.3166285680914551,0.3784000534683433,0.4301553517917326,0.8946728984380452,-1.8562983126011423,1.1234950904571055,-1.544875478777777,0.12183257775518286,-2.34624423150301,0.9468543412413627,-0.7334697868167682,0.13429914645123958,-0.6693895152997603,0.660032941313834,0.15009904876879593
sample_235,-2.0878249034866,-1.3935414876243613,0.09506697946811382,1.853721589842254,-0.44072992824364343,-0.4743951851071552,1.0702066336016955,-0.002985470076003928,2.0847430915944516,2.0823096615058794,1.1658850750508827,1.2831822688676249,-0.5346567172033622,-0.1605016227497659,1.2703755108826775,-0.8505454871933396,1.224928288246562,-1.472671828513145,0.611261567036386,0.15773207393035332,1.8422936926834275,0.6354143980847267,-1.4634078739873122,-0.4205418510221067,-0.3528857776012701,-1.0884750132783854,2.693870295665209,0.03778211131247743,-1.6099026937679575,-0.7929132003444854,-0.39240538322658575,0.2917520263211409,0.2940162063406558,-0.13685322202356842,0.4615227250782704,-0.6086572563297443,-1.1541231402515704,-1.4760973023246944,-0.4972839987774617,-0.07653505920177135,-0.09854577601215603,0.5566939583073615,-0.9060405009426549,-1.5186274395328883,0.7521440394920763,0.686721838337639,0.6990678187484131,-0.254458898499196,0.6911540647059929,-1.0051221190864918
sample_236,0.23875727541686187,1.2286539420198115,-2.484157849307794,-1.1337222478880422,0.8137810496198542,-0.819486436290151,-1.272658618351324,-0.7237283226250488,-1.0912427394382125,-2.271832651394297,1.005054562904092,1.0329350103347825,-1.7001868854437057,-1.425992618500233,-0.08952616782403076,-0.20242692234508536,-0.9090018155751558,-1.7468167511505566,0.3746262373472816,0.6366120359769981,0.05078045518259661,0.7838514528998137,0.061102142662879146,-0.910082242397743,1.983837774022852,0.1708614813811004,-0.4682117860740408,1.1397400533172628,0.3554366792862297,0.43134061594972034,-0.6950495149181142,-0.16248187333475045,-1.4221002263392633,-0.9549406266742723,0.022675817426666977,0.6485220027743555,-1.608941649787421,0.32444224848378944,0.668096435832206,-0.24520989161789608,1.3603333002031914,-0.83749040356703,-1.0014303664696782,-0.9526093223889078,0.1328179204114139,-1.1005690980234881,-1.089458186792327,0.5893613572377243,1.132932169216399,0.01959837286565735
sample_237,-0.2984018556975256,0.20745482189827832,2.1778515729201344,-1.5561072286311333,2.65552828840238,-0.8494716399825571,0.1346404958743429,0.8489887741468823,0.034815741663556,1.5185871540403628,1.5882473048688304,0.40314665687983436,-0.5245505875549383,-0.8123252074106558,1.1232163854748627,0.32597150590667784,-0.3640644466779682,-0.3689195139022201,-1.6748667089141,2.5853293973012748,-1.0729175717878114,1.0707121575016565,1.6169658956822683,-0.3911977265079939,1.7261305730796315,1.2491504409373069,0.373998903432991,-0.6414883487911816,-0.7182753512640385,0.6743076587421841,0.9709612237965142,0.9765706873445936,0.48032662562088846,-0.06963429065566464,0.12129944016908636,1.4515355864023347,-0.820934993296781,2.028067080475068,-0.7778219619761915,-0.6156492578532662,-1.6894477984499634,0.05285041133540875,-0.03482907714707717,-0.06809798069161534,-0.09855236888855692,1.4074760244753728,2.480762971384434,-0.296518737551962,-0.8697227792576765,-0.8165837600425893
sample_238,0.3456601790435353,1.0274289938963659,0.954225326135108,0.6138484692141779,0.4002763208941634,-0.3959130028241844,-0.3636461736397851,0.013606044414619559,0.3733672998834516,-0.4449329668004751,-0.5154909510746517,-1.5103601612152069,-0.021145275198829125,-1.0365370044971611,-1.7747239198260523,-0.8151130859368511,-1.8115384892782014,-0.6599939273349098,0.8422299746889964,0.20079905806126983,-1.3400627976109145,1.1856988651814602,-0.42769645613274887,0.6410691470253562,-0.7492917305530148,-0.04385913158698164,1.6448710281851993,-0.5866312573190519,0.23882301897453131,-1.3027663126810825,0.1987814241673528,0.7092826058185278,-1.1560760717927427,-0.09085448598611713,-1.1247467081527105,-0.1559849478755573,1.2992082388043027,1.7295966972316283,-0.2733762760166212,-0.24477383053652715,1.597669196468441,-0.3374908988077287,0.04087485483411804,1.1455909838791183,-1.1267910800667618,-0.5697657542425888,-2.1513633039416136,0.03734363162760587,0.25003190001972786,-0.8289570945749374
sample_239,-1.248647636406239,0.28333593960883463,1.4688788657685319,0.01652685494833868,0.5631991078201264,0.04173556271103426,-1.0251715329374136,1.3000568138095725,0.8266770656055681,0.28395122465570244,-1.1069957649458273,0.14768880818288738,-0.56517100170412,0.3007808249136769,-0.15186715489205035,0.0417489931801563,1.423469609558749,-1.6528120942678823,-1.528729230735137,0.22336323988077128,-0.17076730067663687,-0.3324233975121381,-0.3514593086879798,0.23655946381709925,0.5278851575187699,0.2921219787053169,0.24266983268903206,0.22846003405373944,-1.3992300556510826,-0.26344468309943825,0.9971296408843242,-0.04699446279105938,0.9330296809424501,0.5287278659105513,-0.35015214311402776,2.5093424944928437,0.4412115694690814,0.5364238412959882,-0.7157908523051686,0.24000528301007812,0.1048410909225717,0.04658756637716765,-0.37148876106706585,-0.691482566715202,-0.6553663252381724,0.5811165328924703,-0.3755100379741021,0.043483070582489985,0.6380929449273914,-0.5523941171926264
sample_240,-0.19404246255882568,2.278872331612082,0.3652961682545051,-1.0087326678574275,-1.0545003858420494,-2.5961558781739846,0.9357952330893311,-0.009308670709661205,-0.3476260854398263,0.8289732083290582,-0.5920831440945008,0.19595137539121912,0.5364018471973452,0.49053668511581056,-0.10340313334316298,0.008959208711528097,0.2744390477625261,0.07745683430956277,-0.1536659756245967,-2.0632502315630146,1.260957889145323,0.6183659603307914,-1.1868306025152686,0.815818986138497,-0.9929910317987811,0.1688084696689775,-0.7369167644874223,0.7691645411019468,0.23132956667450635,-1.0566694185689771,-0.753086735663097,-0.6230945087079316,-1.249431927433671,0.5946847418775278,-0.339872019914447,1.32834825770325,0.6226971250200098,-0.8851356870111461,1.207787861197265,1.0909658791439572,0.2627366744206057,2.989661445684402,0.7069759830947326,-1.4639223723902952,-0.6682915802795512,-0.6106108512541422,-0.1043987941824206,-0.5648044766786696,0.9056516954127349,-0.15718327811744814
sample_241,0.652380665523352,-0.06580200910940238,0.05154745641070646,1.4636886983997104,-0.1277170759891762,0.1099812500660034,-0.9920496928387906,-2.198584921277483,-0.010136512968554796,-1.5660269356167464,-0.035559549171903425,-0.6789943745692891,0.5355348596361231,-1.1699505047945606,1.1045042163014689,0.23780813702981068,1.0469255865535019,-0.7048221178178907,0.25927401483005297,1.080832970573779,-1.0370895649116652,-0.465620765533319,-1.5928655856792056,0.18853797332916372,0.0016725707647712127,0.824762431015874,0.08398221260148726,-0.27275626726629043,-1.322881334004738,2.618417402249321,-0.458895152689931,0.8997977768103644,0.35619349403103906,-1.3092724523078045,-0.7685942494588197,1.7696638792167845,2.1057972400290907,0.12213500653969357,-1.1497487894176046,0.6105409438897562,-0.4807906431118965,-1.2388053597582223,-1.218662281957865,-1.3295559076558034,0.0640368675834964,-0.3412971280777078,-1.0722695253599541,2.592610095057551,-0.224937855459848,0.23030681143398735
sample_242,1.204775362432965,-1.1510948887068597,0.5639602930759243,-0.09931294153737105,1.0714370015804415,-1.1817793121623896,1.285990666232834,-0.03038831800167333,-0.4112667156805347,2.8561320398960572,0.025165299807009753,-0.1679373509284795,0.2230838831147281,1.044618724787932,0.4507445281065238,1.0040653538342723,-0.28792167471228386,1.1729407575691215,0.1622016963802425,1.650745419665403,-0.16490625952639026,0.08565409403368023,-0.9455502146305126,0.16684787610373214,0.25639951993412863,1.584858827544399,-1.4762941992076504,-0.2359496505777931,1.4318683319868462,-0.27495767195028276,-1.1740021617525107,-0.15148805126575982,-1.0253241731852334,0.07378731905661945,0.39786580112415787,-0.5499115041361546,0.40703721605758414,2.1744417567394083,-0.0045816443465756754,-0.9758942370144487,1.654930486795128,0.6770235477729404,0.054692302845193774,-0.007253065112615236,-0.9556029211692254,0.1410197801995657,-0.19036150869672347,0.44861090932597136,0.19228024511326874,-0.8195739483774482
sample_243,-2.043905563246084,-2.302612306131437,-0.16689868795791496,-0.5522109923542795,-1.6061694692235384,-0.7513698353296644,0.02422402479731812,-0.941251986345756,-0.13915081534554388,0.3572654188572716,1.9201906204924337,-1.6667571502438292,-1.6592167218590508,-1.1812696252880235,2.2902051052886807,0.22080547075539889,0.9947984689070629,2.0050197810873587,0.5328092786227496,-0.5796228187863088,-0.4176518242703309,-1.1496599469768747,0.4766997785688963,-0.18678056012128677,-1.8158644182368293,0.34994713352304196,0.7359558000644305,0.21425988282876168,1.187570516670298,-1.9855928130642007,0.4682375106758836,0.18241539365098652,-1.9109231981354309,0.44566586521533336,-0.3954343668624525,0.74739548437879,-1.5125491610657418,0.5104353698734196,0.6583924779428937,1.204576734798522,1.6439722971011979,0.5369918625099056,0.21317451871697046,-0.4321476878603611,1.1804509784812371,-2.2905793096887623,-0.8891118525301583,1.165493258167804,-0.8156568907271788,-1.227824063007215
sample_244,0.33590001684999626,1.9901700083223068,0.48440798087849846,-0.3991832203418701,0.29190251361033376,-1.786297662202463,0.021532377525907986,1.8804947684222473,0.09895423382961996,-0.9220444660490495,0.5012429610516032,-1.4706632874971388,-1.3312942016133058,-1.1951053476705606,1.7886780339344255,-1.4025844962194103,1.1120530568593094,0.18459350113826378,0.7275584785760644,-0.4547359413841878,-0.3396368133108701,-0.48437976096591046,0.8240639020599488,0.5908775462616881,-0.8507356738451752,-1.1111518810626455,0.6550481004358121,1.3437024249723875,-1.3180500850166599,0.041291332429863076,1.0938489816880286,0.7304130314199012,0.1457735919727444,-1.2645914762724009,0.9471627406749279,1.775168579724098,-1.0624471771722843,1.0933490208444603,0.8098463252286702,0.9720520440606356,1.2325002093970063,-1.296679357816885,1.2253805794875776,0.7358551497664249,-0.5538674234937826,-0.7912910149608315,-0.5231311207018355,0.09774476404320757,0.7532872866374355,-0.02180616572557308
sample_245,0.3218634450947287,0.15570003869452714,-0.2972531177380832,0.17264127206871568,-0.06282776704622492,-1.932385697232053,1.3036870135511431,-1.8053759753779859,0.247365283823547,-1.5112809498234454,-0.2967671493639834,-0.573706183300526,0.8731998062449178,0.4065241987053274,-0.3794615777693531,-1.5308460488333615,-1.968442865719652,0.7258606313898953,-0.11382646832021075,0.918243822872723,0.8898687571197897,-0.06059697462174791,1.0766874527971875,0.09415773237620571,1.2541998574753341,-0.13065186540480725,-2.116051832725993,-1.5442860484228407,1.3955151829738657,1.3015337249790964,-0.293622139789235,-0.0031826660374344603,2.221302666748459,0.925752033365033,-0.5597818076126341,0.9128849275965889,-0.41388891719007853,0.25708027782275517,1.5016260776361328,2.302086781586738,0.871811680173181,0.49599178724513787,-0.8678277220915873,0.5837112574386873,-0.12124649931521347,-1.2358050136863419,0.6671837984318655,-1.7732223397439257,0.4036217949959845,-1.5046184477903346
sample_246,-0.05750043825958023,0.19978655235363768,-0.2171703202876836,1.3606263655031772,1.1263742043878733,-0.06955586443339294,0.2279954834438616,-0.6716843140807932,0.441992193007497,-0.21031704592662706,-0.04070824501551244,-0.38655720298624513,-1.4048009659334877,-0.435051310544821,0.08468706660287399,-1.038780773230779,0.6712216377645368,-1.2750826549494019,0.3352883604214766,-0.5219274835229196,-0.5102040783358788,-0.775474598242593,-0.01067000349256358,-0.10915325247856851,-0.09641731812764087,0.6617627662748986,-0.9701200179362583,-0.28947083773878984,-0.03949556606026625,-0.9541989220271428,-0.9979267040855906,-0.06758072120981513,0.12236513390900015,-0.28889215683344366,0.27584026966358716,-0.23372453069713858,0.655316712263809,0.08395381365945669,-0.6925989627178323,-0.2437055403240692,0.06584454666365289,-0.8539120612012351,-0.29907238106659945,-0.9534507481209563,-0.43156770240347336,-0.11078071555753079,1.1300574036591027,-0.960892715701106,-0.45803486699947626,-0.2279393377806537
sample_247,0.24242505193233455,1.1587425795156445,0.7215503998896957,-0.24709211370187237,0.3832885877644772,1.1120218192700562,-0.0969466223074176,0.3262397004901139,0.19050088282674188,-0.6894879000002891,-0.7791630997537818,-1.119509042618343,-0.4964875358813855,0.25857348901494265,-0.7744662592122665,-2.447780618403149,-1.7974611407034768,1.2348782167081158,-1.486135317714039,0.2173639559283533,-0.47459502568657524,1.2391189992859761,0.5388276881371924,0.03444825753589778,0.4300008904848335,-0.1662876048266776,-0.1967024357829901,-0.11513824981474319,-0.328869190721596,-0.4014672307201619,0.7619632754635101,0.3472361431770664,0.6770596471749458,-1.0734646719560113,-2.089601323247188,0.8390006614521566,0.029193965003210344,-0.9044444137145486,1.8142333653727343,-0.16008727279261928,-0.310775332960898,0.20336569123166248,-0.30758978804583653,0.47785523751394465,-1.4218029707680826,-1.3960899624993153,-0.32887893897644493,0.40100387805581683,1.0935787255354716,0.9396662508858272
sample_248,1.278913540514424,-0.7669090808784585,2.556628313459888,-0.29536001281894375,-0.1873329205543743,0.14758420699174127,-1.0075774475236918,1.489853998792354,0.2815064355279754,0.9999382450375216,-0.8320887377689792,0.4990818123229823,0.6895361254106316,-0.6696162120285619,-0.19486148009413465,-1.342066417907369,-0.289271907034868,1.4277687452309933,-1.0965893694187163,-1.266951018060652,-0.6041905919401253,1.539282159520182,1.4161963836909985,-0.6307755705754358,0.09447318090964885,-0.6364808195216664,-2.5186447115694084,-1.1958956623324597,-0.7131219833787759,-1.8161258236736162,-0.4548591862793097,2.676229883503004,0.5678020234341632,0.7402679481954191,-0.8574114288635608,0.10603692307793607,-2.290838312341211,-2.6930962498983866,-0.6352296465825614,1.173170726409896,-0.5782563875606062,2.0941901622820174,1.2966795234467543,2.307234380630553,1.0740861129739112,-0.21230277284720195,1.4002347320187307,0.4910005776130779,-0.4349016130378382,0.22394605848582114
sample_249,0.31450128546901174,0.4132598594583497,2.50402783050092,0.6452041575300576,0.5018388954413271,1.1938836120119756,-0.6444197902124065,-0.4145774849270801,-0.18844430338163873,0.2141867549119849,1.7941631314569977,0.367770915230581,-2.3159829065249085,-0.2116112982729394,-0.7617684053268532,0.7755273975774057,0.08263550697088959,0.7896082450639982,-0.3465197617711594,0.33957573797739876,-0.9601039226173357,1.7295895454743495,-0.9878124981404585,0.4065059948244102,0.7033044674520113,-1.108727653330902,-0.6007536269103818,1.3822060513642154,-0.20170494788036114,-0.49772931783080804,0.258770049381723,-0.006849122247403375,-0.7976304018134618,-0.9533488111516493,-0.9782971675818825,0.2823128917228424,0.7768608214038358,0.46761493063125315,1.4720860652666026,1.6944961942720271,0.49397640754144145,-0.9149671546078306,1.476679781685248,-0.294545157996574,2.0934899721869678,-1.8820402500611821,0.9398722748020724,-1.6077618937231477,-2.7370599133039484,-0.39859673660520395
sample_250,0.2862291342680974,-0.3262886001319027,-0.43921939522215375,1.7257348173682077,0.16187276125307504,0.6991671968820362,0.20641854569035817,-0.34619132152052284,0.5442106394855671,0.6463657693614111,-0.3681845684013184,-0.05023707052410678,0.5209235561773441,1.0203236096172283,0.7250027698405764,-2.2976256277319997,-0.6953828173105452,-0.4796816489578727,-0.7961244698085338,-1.049093888507656,1.1956568597814836,0.16930049272005906,-0.20397958178266204,0.4811072450695231,1.10838125681813,-0.5032813014501285,-0.6939036908494064,-0.6156784758711717,-1.2380816312423566,-0.9366218188085266,-0.7489988773780707,0.05686601319565606,-0.3571516531485291,0.13226662146583823,-0.1783776674012362,-0.6260534044869398,-0.682691150766247,0.047705264675357614,1.2465520645396138,0.9178044248819804,0.834496082745065,0.567103264213343,0.21122524521818944,-0.21443284391492098,0.5654484172736206,-1.6360752032344128,-1.0023253003818782,0.5410144293016553,-0.39379612302089356,1.4180249653485257
sample_251,-1.2926682242860155,0.922986366402792,-0.1099256620410027,0.6409412195253122,0.25995548372210714,0.06610297776922393,-1.4536879005351453,-0.14252084211213667,1.4250214478225678,1.1829740468149392,1.2784450026076033,1.9610905318179435,-0.5792678126631553,0.6291035900383463,0.5687375360251706,2.193744357642198,-0.18649215715042744,0.1808338351769368,1.197144605711274,-0.6405296973907914,-0.7135088209208967,-0.8530754718912678,1.1757863300844456,-0.20842949949273273,0.02284863383454082,-0.769604927029822,0.3742625636761831,0.7396857452485842,0.574728327443315,0.5240788782668383,-0.23959686560434992,2.6322458114149327,0.4809069722360694,0.43327087680248577,0.39275851588163624,0.9101090105902284,1.8680528906432008,0.7650295050649255,-0.06566646559612442,-0.0646512714578845,1.5850953480622636,0.9782570324206857,-0.4323604864617106,-0.5518558984655598,1.3873004740887724,0.2572582733778343,0.40436562436017875,-0.6443134679284298,0.07766627187168672,2.258569705846425
sample_252,0.48442178598298635,0.0022868718677399517,-0.1683871909133601,2.322932548434725,-0.7363133495760279,0.05906140932413604,-2.3109811296044196,0.142097943597974,-0.6074088794637353,0.009924340056338438,2.6255239815353852,-0.3860482779397825,0.607516897884324,1.8411512961790055,0.04801296182753108,1.4042486500171865,0.11911497854410098,-0.8142190440867355,-0.6316564578834939,-0.6450048903871407,-0.36159351714568505,0.9656812413092773,1.0637197199191124,-0.5643945141486135,1.3417429587577328,-0.6305687934246345,-0.15208588316616145,0.3231796146692448,-0.6103302689857686,-0.4000698710935166,-0.5458919979190122,0.544466757430043,0.8972561115083905,-0.05328465915708931,0.2419762258537986,0.43069227636782886,-0.40516342247289316,-1.1580165972786927,0.38188071988439065,-0.015841170029699245,0.06734398160390269,0.895112135623453,-0.5401709817267194,1.6914011399266529,0.8317851448723187,0.6141413656302803,0.05539830984739627,-0.7909516270063114,1.6913860034581047,-0.44616034135788496
sample_253,0.8827918575084568,-0.13893241893759026,-0.21387341085530676,0.20177987201496123,-0.24162721493019976,-1.1106357845498214,-0.00012631804632936693,0.0776220973954346,1.0282493542365216,0.27762966878251083,2.2185344967111025,0.2489426761544018,-0.5977056520022583,-1.789011873945649,1.3711850947358297,0.9949265318824708,-1.4449317340472805,0.1573755854571594,0.2451097577784246,-0.4318039957344465,-0.5027632392806543,0.15048661533039687,-0.7539150696852253,0.9827704266911996,0.9027233990028444,-1.8385506308842452,0.9073363782026478,0.4797003653107141,-1.6278134790055447,-0.2644430582278313,0.5057178470500748,-2.2946642242095696,-0.6790488831332384,-1.0396884005521652,-0.4156385013105586,-1.0119928472295732,-0.187267545477969,0.3321135322472898,-0.9886754899156367,1.6747497449247686,-0.6550812107017129,-1.0711136047106755,-0.8051843416684134,-1.6992729462756493,-0.15153940694163168,-0.8091903363418915,-1.191200904689118,1.3260751465161835,0.4686167693223448,1.5738215876646755
sample_254,1.1251387074997004,1.9231652203940404,0.2376296960342329,-1.7037487382783285,-0.0827199605980203,-0.9125145361011202,-1.826068262664787,1.2821247433637433,1.6402020694520096,1.1205313315835514,0.8034972375816991,-1.1023874796436792,-0.8761012175929256,1.4171175258306696,1.1856269224583178,-0.5640937367108061,-0.4528375145583467,0.42452286291261826,-0.6517638988751419,2.4837724852487915,-1.0208018122825906,0.14989788076477453,0.8110358362957091,1.3426201940994236,2.400440160186006,0.3457173769023304,-0.6190309585798941,0.2633905737621494,1.4878692824501378,-1.2950232702505828,-0.1976628756782453,-0.8321730905351529,-2.813044294589445,-0.6125162724470271,-0.7918231002641593,0.08467588505321993,-0.2282728022824037,0.6181965161774873,-0.21868946118594607,-1.4209794350871614,0.5906395848433089,-1.2909065188121158,-0.8182946977282698,-0.19283356235317517,1.1962054315877177,-0.7067011259563937,-0.002157036019585342,0.3905367906617884,-0.9995420819708848,-1.0439582550176159
sample_255,0.66109689012617,-0.10149554493570345,-0.46860697888974,-0.27764289706238937,-2.2840787827357123,-0.021024470212181096,-0.1329282005322599,-1.8434234680286372,0.42790401643617754,-0.17797846189933553,-0.5686001246029316,-0.34130639808079105,1.750625235178378,0.7098962383428085,1.054049552758937,-0.5972012979742246,-3.0034272807455262,-0.40287954262970005,-1.6333816300261434,0.009864764374147947,-1.0703305378867327,0.6707928510977248,0.2292503979506162,0.3649352262979727,0.3209499940179296,-0.5361378708549037,-1.3217195885724187,1.7147669313984506,-0.6061791458942654,-0.28387423872874773,0.39919809123022604,0.010101094104437058,2.3224953836720705,0.6922268922322323,0.22153992367170544,0.48110712513578424,-1.000012690108836,-0.7689702556059507,0.0012950709750691898,-0.5926509325602173,-1.1634330012883933,0.09101025768663022,0.7791020288358294,0.9223212873768607,-1.0657583537298627,0.7128486262233656,0.6552712066653035,-0.9264374918083641,0.4560322800191337,0.0725780104128825
sample_256,-0.24367996174329193,-1.348223752256487,-1.9989096580701706,0.7885181227963586,-0.021494049457271847,0.5989479462639183,0.8282514368696436,0.5294515564919415,-1.188857124339565,0.047716797187279045,0.5245430501835036,0.3709132607366204,0.5680018059726052,-0.6267294925471256,0.8176672612139875,-0.41333494378323726,0.813123217305787,-0.4348155137948391,-2.2208144330202906,-1.137990902461248,-0.7753204493378513,-1.8743199118042648,0.10598485713115517,1.452597463162216,-0.40026134534365376,-0.34306697015206405,0.5727775307695688,-0.0823998057518785,-0.3078919523055397,-1.3695383833110644,0.05079918440608759,0.5973680056607638,-2.525907674552955,-1.7494291117893388,-0.4531913203253184,-0.7006745163868662,0.3516036813596606,-0.9473041513675685,0.1539129659081046,0.27217812847076694,1.3594254076144616,0.20024585273901305,-0.2091305853587546,0.3858492136687115,0.09487880346800177,-0.3624619141742231,-0.1692893721921235,2.500285513372408,0.5850580165027528,0.524006434146062
sample_257,-0.2897771826268284,1.0721692832796432,-0.8945387179264142,-0.3390064983248483,0.2318798115046268,-0.01032173450783163,-1.1750879228035465,1.5868229605033202,-0.6993399937089152,0.8166432683722944,-0.9587146514458511,-0.15702633191666654,-1.6271158161617036,-2.2165666146651852,-0.011103765330007115,0.58655595732258,0.7216137028071127,-1.098632604373647,-1.619544956073765,-1.40065336921058,0.7577513893191822,1.2613986490272735,1.4284947748794319,-2.8086687906165624,1.3065645006266735,-0.5851740348043815,-0.3101363680619611,-0.5003884571714434,-0.6883725110837101,1.383354899580557,-1.7715977427353997,0.6392531343115739,0.8535080137116863,-0.6709960397758395,0.023356861354303444,0.04288561342093192,-0.7500890694663511,-0.0077808540639257824,0.1863860923405355,0.7352374953734316,0.5920638323252848,-0.3197720521197563,-0.34771731587638666,0.1349565679334014,0.43769383284227653,-0.1144044216157747,-0.8655794704094982,-1.6184339379062898,-1.7677554570833902,-0.6557097926187381
sample_258,-0.04844696349303068,0.4666793610244793,-1.5235388835657944,0.4807283860955274,-1.4035484377537364,-0.10666484755856627,-0.08721498344083291,0.28769789419362274,0.46813224044913465,2.333350818379142,0.847839625498054,0.02222630152149648,0.677903603432665,1.544501463952436,1.3092324171723226,-0.3991493174513227,0.34309134414283554,1.2242273077099028,-0.13525794120893872,-1.2709846951351997,-0.3410193165771591,-0.43733720773631696,-0.24463877327097985,1.683094497358172,0.6553542551310396,-1.8438861444517063,1.3633800784034003,-1.3447614915854538,0.40503756301703087,-1.8476947514226918,0.5119640318162081,-0.9256757498744725,0.28400526235193774,-1.446321872216812,0.5000045538359754,1.409022374879316,0.4009648039364308,0.5150887088515091,-0.5832506811281485,1.508060609528886,0.38977893639558636,-0.7891495609532937,2.530294383652555,-0.08617969449131821,-0.6385300668001908,-3.065544543534949,-1.0572546503852547,-0.6302291571039792,0.1627561294372689,-1.516055805950425
sample_259,-0.7611310753820756,1.9455353069143444,0.6363753750895498,0.4562455964059956,-0.10896309389031003,-0.46174705347572076,-1.597496270258488,2.17203172421218,0.5131262896249017,0.07332198330561764,0.12281153809774097,-0.8406668431066897,1.769934573185185,0.08383909640329278,1.2450943357066737,-0.5092610706698797,0.5979844496138232,0.251295435144254,1.5710458391610571,-0.2976773973670966,1.1001897832618064,0.9943672342181503,0.5673721923880103,0.6827870065257357,-0.6300029629995941,0.5899033775707634,-1.179350565033558,1.6589753237049571,0.6682872026605972,-0.1513693252208217,0.3490943009010171,0.864020712127813,0.8473644993865216,0.9805834943854121,-0.6566764503935786,-0.12467819654792034,0.13459865601688836,-0.2123404958890747,0.07439070824357127,-0.8175168367694704,-0.11254285873057546,-0.14027309940939744,0.659748511730832,0.3671008643506786,0.570528468423395,1.1139441993532828,0.8045126814379608,1.075383044410866,0.020023783982263593,0.5949576526641365
sample_260,0.03708343507822304,0.9808547123829305,1.2115709302311566,0.7265385753621747,0.8209875203179772,0.039028964400750384,0.10589033658718491,-0.03929590486813971,1.14918406080493,1.336624790129863,-1.1587728172355491,-0.26614741526266356,-0.5561758917600877,-1.0071692578656002,-0.36653785614707735,-1.181338642922323,-0.12283646615497859,-1.5284383437294369,0.6773355836076583,-0.1143488350607625,1.2470975126077084,0.339398107124404,-0.8665327091636533,1.7136838762948543,0.35693819493784273,0.777354196596819,-0.49275350809853163,-0.6452736011088228,0.5601480353777596,0.6649991170276771,1.0350464666828427,-0.8548564447724213,-0.26973385375082615,-0.9634032930464099,0.796925501531672,1.3059890076829745,1.7226205291025785,0.5042221326744777,0.3984419775261274,-0.36500653600322164,0.8626281566211861,-1.2320245904437988,-0.5732201201520762,-0.6241843973999395,-0.30317625139294624,-1.430352847943639,0.3148769108566397,1.6937796708789679,0.7454645692557302,0.6816217431227813
sample_261,-1.4139598051389348,0.31018212581338384,0.6165410435851462,-1.90877117944742,-0.7960450217231392,1.4024744388905184,2.101028476056939,0.630776938169673,1.152124946885189,-0.4212151362083116,-0.4850550044309283,0.12937115686338427,-1.2108657415074962,0.5173236170071291,-0.14592211261815144,1.1916024603256046,0.3052947933708594,-0.7334030724182644,-0.4306022612350935,-2.2030489577563968,1.3125037047919768,1.620159907263193,1.1394465143911918,-0.7846079819702142,2.063872073518028,0.4400994896908675,0.5753200176675478,1.4878145219392784,-2.137403453906195,0.11546861879636715,0.5115009267289207,-0.41183726137243193,-2.7144752919900568,-0.8780258342407832,-1.0331352570348964,-0.02655648193178719,-0.4292432591033391,-1.9485668997889265,0.4433250124208225,0.3296380335861262,0.7947778501150734,1.0651622238909142,0.5573202471476443,1.9288247581579996,-0.8208770372167733,-0.16858599826014337,0.4457654620440923,-0.6279600051771151,0.1644810027198113,0.16577826306545526
sample_262,-1.7178348143612143,-0.18797010452061366,1.1651859790275454,0.33712849106615117,0.7082719479189923,-0.64458487140623,0.7555309521148491,-2.6582599803323643,0.5356888553335394,0.36470976748527373,-0.07079760643477859,2.883736926190402,0.8342439681005657,-1.3076368469379502,-0.14760190834367717,0.17342418627931727,0.11296905795357703,-1.700160220693666,-1.6641446124369077,-0.14992966916978553,0.24337105385659732,0.2791129189702586,-0.7191649997137235,-1.7246954448226692,-0.42992276115064415,0.03838329426074748,0.22330174577406534,-1.6376403842544351,-0.831358726343628,1.0676464330908015,0.6750894709940284,1.6987297798505816,0.4706766485641884,2.3494045349600405,1.3588090764524368,-0.44483760933910604,0.5947236454175204,1.3317746078961765,-1.0319380781020668,1.0840177325117006,-1.591599864772521,-1.302839518144189,-0.434755755894957,1.3013849436040779,0.8594385507765756,0.7785970867508398,-1.208343246079824,1.024969872330981,-0.06310990530701582,0.04632863019007161
sample_263,1.1010418351144822,-0.33637078632690315,-1.7194106325618108,0.4048254369987865,-0.04551054221651233,0.5380105950172278,0.6105727251717247,0.5748076623168964,-1.4608568117975371,0.0612851781516948,-1.2672429637441558,-1.1016482314460447,0.9958524128191658,-1.9604738583138324,0.12221857969181774,-0.11548626181234004,-0.5915113505941262,-0.5832294645122312,0.1787390621219505,1.0041635909189015,2.2957435897814626,-1.2697029276910812,-1.2534898521539548,2.0548053625530045,-0.5909593789649138,-0.46000761658760503,0.12132832217127652,0.8129207956650756,-0.7809016094104155,1.5279857837879114,0.679861664969967,2.6279149339193766,1.7620911853195236,2.047033954026449,-0.7540255670381728,-1.4513435223557356,0.23279256978118576,0.2880325867184846,-0.5923297071212456,0.0071387902855806875,-0.6551532151148939,0.062204570464638106,0.13094289863137665,-1.753944030860682,0.022165582399917116,-1.5191648096644663,0.7050904181329265,-0.47478412397329317,0.8836078261711479,-1.7045713553094493
sample_264,-0.9905089807384997,-0.9349297340905862,0.11979947879667184,-0.4642525287275937,0.7297587659709848,-0.1358244364531438,-0.8861962844176331,1.770075809132133,-0.6746655283003619,3.1832523755915556,-0.2327318679408059,-0.5722257281913501,-0.4898251243339077,0.7634302970252789,0.4397232537920918,0.06228851995423301,-0.4600741873971709,-0.7312039331162566,-0.2288434226558143,0.4720561946550117,-1.0850864713061414,0.196180580764184,1.5525241700984498,0.12153581713731083,-0.2428673360090056,-0.2437237456048297,-0.7615399774027451,0.9774005553074356,0.8133684276111277,-1.720116689782442,-0.3865811107427917,-0.6414854738753973,0.05164157817367641,-0.5794348565143337,0.6189838059028855,0.4800615059492442,-0.49248323619234985,1.0190526052147748,-1.1604971112789424,-0.13319969465613085,1.2140701216717162,0.19762283611144868,-1.0240549974091528,-0.011921907379562044,-0.45984925789681413,-0.3492147912464091,-1.6889954744617843,-1.350947704892949,-0.012493156553586002,-0.4169676170662492
sample_265,0.896865515409271,0.12379821984856401,0.5211586440957781,0.7135619205875692,-1.5144140508415436,0.5793533506538731,-0.46469241297226915,-0.7116529920901624,-1.074083070523879,-1.24873778584898,-2.486036992248338,-0.30947640697083495,0.07876700307130298,1.015171194818991,0.033639100057343,0.458181277261328,-0.9659784516672429,-0.0698222062065995,1.0969152849827708,-0.46524007998561684,0.48561545261770706,0.6266432444326131,0.8858433824943365,0.1326303555883825,-1.2338491307468882,-0.6006570474570317,-0.863257418697526,-0.735647702702738,-1.0158363301424673,0.7895244781759665,-0.622434018297878,0.6124957666046111,-1.3348373126226514,0.9972408644186178,-0.8640489932711094,1.133916187796725,-0.3906264019077162,-0.2529438211566303,-0.0002815461015587234,0.8652499957483903,1.4301753437159457,-0.03605456507767548,-0.3451082278842841,0.8119903646468477,-0.953797809720258,0.2587509489308992,-1.2051919472467465,-0.5449368453382487,0.6881476659232043,-0.8725526150850206
sample_266,-0.4746281948575625,0.8164068929023416,-1.603982450428946,-0.6752654780016999,0.6562513785952125,2.1356891038380597,-1.1428389990718548,-1.4756260939937331,-1.1041144774377745,-0.6064359839403243,1.8119779293248848,-3.0788735360642057,0.017155837057143172,1.3630835000847445,1.7873875376200283,-0.843707331268408,0.778057686301462,-1.0387564063366825,-0.15342314449358582,1.7088105226983263,-1.8256618072344593,-0.3804481396259231,-0.5536427003013544,-0.8479700921216914,1.1933810309616713,0.32181834575759233,-2.3493331103227324,0.03608213230836003,-0.44101702659881953,2.092851040923959,1.432592322842206,-0.7116240768010922,-0.3251334428917485,-0.8324965156924834,-1.7237278216355005,0.24675197057935422,0.026620584231532785,0.6112437348291437,-0.09553991038025246,0.08378515440178014,-2.4641224215620077,-0.4036325809790903,0.10197546124120987,-0.585901996954379,-0.8349204338760833,-0.18337991826298541,1.1405777231906051,-0.39900199141397585,-1.2154398696123834,-0.9531389678433096
sample_267,-0.5036598716939524,-2.1126360366011445,-1.0221420072029532,-0.33059139178099745,0.49359686424529436,-0.3501557030401069,-0.4417433575052646,0.008737216134129082,0.949090857241926,0.9068395400627439,-1.8183184213734873,0.4650085607471878,1.3746180855938075,-1.0518921620622457,1.348266796907334,-1.4831324562257033,-0.38920864232651814,-0.33860639834426787,-0.662929023396549,0.0498452547384365,-1.2671450082044249,-0.9632731744631756,1.51496330982197,-0.9262187997336305,-0.5487725857663572,-1.6713663387065283,-0.29779152832816985,-0.6259496712213138,0.08883799881982601,-0.41248035808735595,-0.4702579270684777,-1.047325612837251,0.9408363274259617,-1.3007447628056799,-1.156282503569493,-1.189988780288136,0.6048367065617416,0.6326982581531871,1.6679106788389977,-0.22424946766478399,1.5091747168526004,0.45152128052667934,-1.6401288831906748,1.0379725188004678,-1.1171497005825943,0.3278975241176275,-1.2960923456778246,0.6522532457081911,1.829804589575485,1.0397776492401263
sample_268,-0.7661655151490463,0.38431792218161853,-0.08762309748862039,-1.1964245745645627,-0.9762729782062628,0.044720641995255175,0.12724026886081258,0.6217370972148852,0.017518912075531773,0.07446851784801267,0.32273424131002904,-0.3695098157868427,-1.654503127381875,0.5233449491509448,-0.20363668514401517,-0.9626961954579909,1.5614147821134348,-0.3345061612309355,-1.60869530533164,0.19919974649289296,2.1793747116678253,-1.102428984428741,-1.234103414815114,-0.06385186603262437,-0.368673786533103,-0.2502449825983492,-0.49419437898047336,-1.155875047554186,0.43998385547596486,-0.9277365034914162,-0.6202467041456388,-0.16293769101267747,0.5434574921069084,0.37057184257116316,-0.46788795438148956,-2.019389713034948,-0.5336882239577109,-0.0665979358684259,1.096664660640323,-0.02463843633676045,-0.2368642493680847,1.202729465837709,2.1631375396768218,0.14469037501621956,0.44222984491047074,-1.0375346823174147,-0.2824071534305984,-0.3662417152617434,1.6588756534115199,0.23640539576928024
sample_269,-1.1672626738097713,-2.03065542318811,-0.5979246706132785,-1.2890757885290385,0.24029164681871648,0.7190293841977347,1.2058333901788423,-1.638549093319458,-0.7497815281414201,0.8645940041234549,-1.7789444752104462,0.5066635657574334,0.8212745081640739,-0.5520443072725064,-1.644349742291314,-0.22997086922109916,-1.9744509971345048,1.723563910387267,-1.5407322807076564,0.9600683754999277,-0.7955125844066918,1.083946285258287,1.048368809050275,-1.4676873990848107,1.1878715425506043,-1.2130908844684434,0.024321025660029187,-0.5722732885177091,-0.0472478840969572,-0.7907046826471208,0.0248419568668603,3.842696183102226,0.29352697019091717,0.7076342696839585,-0.5061372575934286,0.6229563497019159,-0.18684490594244557,-0.26479080289807233,0.18935065009478635,0.8175190632067502,-1.2654793628825622,0.11705353264652785,0.9256199655655621,0.6941789724494349,1.0468497953986695,0.17722929791323508,0.07166761987766322,-1.2557899888650614,-1.8469673788502918,1.0439459475463224
sample_270,0.8318768408654055,0.2469130549178987,1.7175496018508096,0.5066220424613525,-0.13096834898653528,0.36039341825223464,0.13512490316081557,-0.14169222482551724,1.0201800991295953,1.2453900292981617,1.832476376447252,-0.6299567762873451,1.6762987869178445,-1.4510625122256147,-0.3668478311574323,-0.2934399924896406,-0.9801574931614926,-1.0531695540417096,1.0366237596282553,-0.6984871699604469,0.41279183568017114,0.36742062959044763,-1.585939066581343,0.8424672231884919,-0.3521499894326184,1.9333336571008402,0.5790734733404674,-2.3839894634258254,-1.805749791478261,-2.1699318203858584,1.3680926914690168,3.696904172242975,1.604864351573726,-0.3474583852323966,0.4922706458862091,1.02128693162193,-0.7696014201756958,0.41114168312274074,0.1383163424601099,1.0490068387732447,-1.8307581717916994,-0.16192486629704295,0.8254922659316806,0.30587462844893204,-0.3641151604929023,1.468927047470962,-0.030591055268504773,1.6105420615611805,0.7654966204400512,-0.6309341801903371
sample_271,1.8906935405528351,0.8494918263712361,-0.5403594414414109,-0.7550382300757548,-0.5504175446800871,1.24892892387653,-0.8811984468249393,1.9329497014443902,-1.1618672081001997,0.47018006377749644,-1.4066106473954316,-1.4228388558024685,1.3689480130890115,-1.498915875354041,-1.209609362490871,-1.4517333838571962,0.3176082698134495,-0.4188331159745593,0.6150219006881961,-0.49673872031512634,-0.4592259762392827,0.5303300094812605,-0.06704447470594253,1.7736736888875422,-0.36695902544541487,1.2906582399436546,0.3758359183075083,0.6796791253232268,1.4664048865371389,-0.3895745133281118,-0.17010912017868196,-1.5728719169412735,1.7390044335144055,1.7957819159645858,-0.3951116462924894,-0.09423264075804022,-0.2578102538172497,-0.010348589317070908,0.5589182503396286,1.0155494729290595,0.5959170812146629,-1.409768057380123,-0.13596236295362474,1.0576151573847383,-1.7978098920921581,0.1624140567994235,-2.0861461570548987,-1.1325499571900899,0.3600252232959911,0.46446636733225016
sample_272,0.876092157005217,-0.5936757159619036,0.28118920951339516,-0.6065579263876976,0.09464820874219645,0.26534373880412293,-0.7977658330347644,-0.9932346823629389,0.8677515519491462,0.22234006723777103,0.7637382817555726,-0.8372025848534018,0.8231609236833942,0.421913933927761,0.24604006625669447,0.3279426718566849,-2.555597537242932,-0.37475164608441636,1.7025112933119697,-1.2103240276246456,-0.047147923483207434,0.2244511889892162,0.024814972875256015,-0.1757501313280806,-0.730154093063724,-0.805827343551323,-0.24994490727111832,0.3630808543997034,0.37625625502411847,-1.0049354186975186,0.907045243364483,0.43151009249676514,-0.18503005991309793,1.4138369944876046,1.1416915605545164,1.5684292344674136,-0.12602015032373218,-0.2688319533409851,-0.8671322270452394,-0.13030451720253508,1.5382396916318646,0.2714285944053436,0.8867479010051956,-1.445733474870716,-0.4770651102150858,-0.9683146268457261,1.6573680160482485,0.9146708884602531,-1.0735366534861714,-1.6772790202791121
sample_273,-0.5050898845908619,0.3045271049669102,0.2874026469114038,-1.9841457395770394,-0.6312941921607966,1.0349614550020698,-0.12260508149676087,-1.0242488633165348,-0.5382212329689553,-1.3160366106391914,0.7741735440138303,0.5133082804447902,1.9050657064158953,1.318767388845545,0.624673547937696,0.7792445810714811,-0.5559813598555929,1.3151533723181221,-0.20806316481893894,-1.1984466975579842,-0.2690073075240327,2.671928174569013,-0.2409428649888508,1.0055183515535284,-1.2587564810560221,-2.244086717686349,-0.3138542617399082,0.8279827045668936,1.0447591636615587,1.869826584721332,-1.4815391764254628,0.5429284494028994,-0.7966127817506499,-0.8311458065157618,-0.16236038549863815,-1.1948406840103176,1.1801900453609386,-0.9900236188488373,-1.2176151084643687,1.4011659487194934,-0.9542618546894579,2.4403166646501275,0.012392421410076826,-0.38725950538702214,-0.6879929114810596,-0.473540988092356,1.2946703903935006,1.364021043517991,-0.7043317634674465,0.3862873570091521
sample_274,1.1506549140493787,-0.7307824657461316,-0.9788017638757733,0.708306737971173,-0.6936021139945023,1.0837966921669955,0.8302016538985462,1.213022005708777,0.35410281882155636,0.5448540717350472,0.47671489734352707,0.19253434946981335,1.9645563275862246,1.0039770670636043,0.35353120025669926,1.5070027130344523,-1.220802136000818,0.03512409663472557,3.000580469026351,0.24946362265036753,1.5377604844773247,-0.04419142292598665,1.2454478570508245,0.337243976488201,1.4991071508194536,1.232116744434966,0.4755204159078554,0.2266086814208458,0.41610618825436607,-0.5866379172264398,-1.4175310174252265,0.346882518424206,0.43343530683400444,-1.9417168563983687,-0.1108621829181922,-1.2672421040236064,0.39649336564465243,1.8699526462095757,-1.2217798230184194,-0.5442158138617532,1.6605809648251124,-0.1324970333154622,-0.29501055704274165,1.8629035296020628,0.3555382688073273,-1.2694922365652799,-0.8188700548504926,-0.5369361869017663,-0.08997768477884127,0.8062928060510198
sample_275,0.15534431217175912,1.6635658153940411,0.061145854409887304,-0.349664591585453,-0.4881864763173557,0.647372889611709,0.3812711037000992,0.3336497336861163,0.3549093677791369,-1.0149922186233222,-0.6184074335758704,-1.5002946664112482,0.08678680159020227,0.17037245725617076,-0.7536301164358169,0.6605728947730566,-0.26747952622686866,-1.1268972891529887,-0.011368149298729908,-1.4452898476329006,-0.06733050752037452,-0.4252477496714898,-0.9636853297510007,-0.7772695356818807,-0.6098370844022875,1.05691160714216,-1.099695803500331,0.16280526853422067,-0.9301260586302156,-0.5831199530875469,-0.0733305489278104,1.4077336051145597,-0.31993905612648876,0.11005197507136362,0.9555732287564239,0.017909243479717316,0.11739871025869567,2.7100817591790807,1.464890660701598,-2.142588215932105,1.2759588454000752,-0.7817741221995068,1.6617155808734845,2.546297431897298,0.10389565468744277,0.6287229468838501,-0.5917260804218382,-0.2086600613987792,-1.2160627022145,0.5377616291874044
sample_276,-0.7597476819101503,1.166185069695309,-0.021914422211382102,-1.0255621602573501,-1.202349526208487,0.4479112509328064,0.6274817846224041,1.5842359966771682,1.4567289345806338,1.56283376842875,-0.1567028148624974,-0.2714047928586383,-1.3965065430664916,-0.513286600109983,-1.7140557509409333,-0.8830849283574499,-0.20093611119404128,1.0014152211691818,-1.6089615758240383,1.5761513982813813,-1.1596092326046088,-0.015455264732167576,1.7573830235159815,0.7750214733503484,-0.7364300555404563,2.1084585577077726,-0.3796477751341408,1.3186931509601199,1.1791608442308044,2.1959054499431447,-0.05430491984897762,-0.5246643399394457,-0.9363934494916496,1.6520996670695391,0.5069643745240957,-0.2828580295419537,-0.2314136704643419,2.8252310450725657,1.1796656060324096,-1.071897435219339,-0.06060045450982352,1.6726474697751936,-1.0526221935553277,-1.1489837058539931,0.10659379807348703,-2.411322575300191,1.7154981091125794,0.30955011060313364,-1.1679564192121548,-0.4267202822422108
sample_277,1.4041932466194598,0.20142586253272343,1.0661754616466728,-0.9244149067292915,-0.0006245677692185331,1.3181706716011043,-1.557937148613343,0.06939243414370017,-0.9637210100002079,-0.7832689737923696,-0.9089367205299023,-1.3116313856980883,-0.344865131689961,-0.33459657000836657,-1.7592116093584373,-0.10702831520556902,0.1887336256992484,-0.4086922241050305,0.6562068582661938,0.36617438711869094,1.500226884255559,-0.43418079497434026,0.29322558103935886,0.6462396437131048,0.15580815908046314,0.28577701194563504,-1.2225378348122926,-1.3193169463394152,1.3058931861301768,-0.5523621803557196,-2.0143484699107663,-0.6748298085958109,0.4493498876355804,0.4283803273333324,1.2021923594947228,2.227674956553412,0.07221365698402565,-0.7603575975560047,1.5228799149960364,0.4577363287746821,-0.9467901456365394,-0.39386109024405536,1.0586968890596282,0.39592832181873633,0.9413788360061129,0.4339108598146698,0.5989913467025647,-0.9439518259385301,1.7747012945033471,2.1278574795386187
sample_278,-1.2195428468416027,-0.18218881980715443,1.6195770776794474,1.7506677848377918,-0.11429851267047321,0.6436512827463102,-0.4446759702836717,-1.1537179494748542,-1.5165704633085504,0.7593965455623788,0.5879440265702273,-1.2517462607935146,0.003663396386017165,1.3694402798997742,0.9618523942581101,-0.23087937274032147,0.5740613591935683,0.9179795729393636,0.17118095282712964,-0.9404182920957198,0.8433026917351641,0.9655463599653693,0.376529065855361,-2.7784517465892495,-0.5877967212258018,-1.20347548973565,0.48312549915761926,-0.411652556400456,0.8728081915883712,1.6060883334883198,1.806337763944572,1.489774163528793,0.35671734921551074,-1.2534970717905365,0.4611220343273103,-0.3470334659281195,0.20617613584147512,-0.3612990483677069,-0.6927870808983191,1.5600267425252432,1.2706735194326098,-1.511207922786553,0.12990369781217087,-1.0451022609496734,1.4682531944424468,0.3207918215250554,-0.14986162406559356,0.406998389032858,0.7862987106553269,-0.5571893210336933
sample_279,-2.982800845043495,-1.2086395090519773,1.091471674494681,-0.7011795089389179,0.845115856124601,-0.1402336440503823,0.3228813230369944,-0.03955903973067789,0.46202815261480146,0.38251106556569625,-0.9133690537296213,1.9211162081022284,2.1703589419115183,-0.01170821991920795,-0.4555245519542557,-0.8367614908081051,0.7129053152262179,0.18020451131755222,0.3515890965727333,-0.7376482465633976,-0.3714160396024419,-0.3599502110919401,0.45051918752286063,-0.9320825268879669,0.43742825278905795,2.1453457144633914,0.3656691418737309,-0.5373502121517091,-0.781209235189909,0.06363704034268496,-0.40708472180450767,-0.7940529790112121,0.14913072869550903,-1.2908751637387466,-0.16076735177954302,1.231031312130427,0.4550547821361694,1.4312898925945976,1.2743794897721046,0.19022579597060377,0.7444810758324476,-1.4113243906266835,-0.4317465770949693,-1.400815400486582,-0.5019224972726103,0.5855683869584616,-0.9212486671476217,-1.0123427328758074,-0.03928392941923272,-0.07316875714864991
sample_280,-0.8238292357486507,-0.41087549982651106,-0.9221063266542824,0.7407739091753072,-0.7325272873817072,-1.2040993798040496,1.4324255467831615,-1.6911755797179413,-1.1103320211772774,0.7526237580448645,1.2920796515931163,-1.5272329731641063,0.9863853968928991,1.6644824657832331,-0.11537981275653793,1.7330688922056372,0.9581243336382579,-1.0523137324385807,0.015028817864526998,0.8225757109740738,1.967450329405221,-2.0134238384393885,0.2498029663553229,0.13907462462426115,0.49546028247579904,1.3982596042606945,-1.1969980184645468,0.22287569218930764,-1.0699015654339465,2.2279016801112346,0.8805539027116218,-0.953320566958198,0.8210216078288478,-1.423122971531104,1.0120317682535611,-0.900090665000994,-0.06908221031752383,-1.1372373885791571,-0.41458875460035516,-0.8853284891233473,-0.589102996226175,1.7816696101173206,0.46550944163424407,0.016704725973976393,0.9985668390726916,-2.140150068121612,-0.38148155264338574,-1.0971307863732107,0.5480192326040915,-1.7133358021549148
sample_281,2.2532827064857512,-0.4967699239941715,-0.4631061717514544,-1.2260837616302995,0.5883118968115384,-1.9908940995657056,-0.5441272545492214,0.19085847035276426,1.1618239004342188,1.8977207236301172,0.35579500478045356,1.5906980892312446,0.05182347591845431,-0.9776893154112073,0.12157217675141993,1.0824939259166768,0.46881894941670493,0.08471870686355809,-1.0665694843113744,1.5920156953538716,-1.712447717948915,-0.5732755957788741,1.0481593362589936,1.3558623211146201,-0.9212037315059396,0.03266357721047444,-0.1316858146080773,1.1721001488934502,-0.735576216283731,-0.6026393529054535,-0.5246446133279459,1.0050425405066512,-0.1684709001705226,-1.0138214127912095,-0.29141410745518886,0.7695980817986343,-0.5179555388975424,0.635667368570323,0.07450690417108317,-0.02692147575341853,0.6358390740136753,1.0422544165878262,1.6214150691513323,1.6895463983151675,1.156228553917075,-0.389102714501215,-0.5953527976662063,-0.31914455536955666,1.0406295357869741,2.3992822063685844
sample_282,-0.0034228020749855564,1.0972500767635163,-0.789367739108336,0.5162079029014408,0.5259628536705685,-1.1340191302028078,-0.6615150688742278,1.0024827406755352,0.8077341119134209,-2.1392920944142118,-1.0808268837436263,1.1271367774464431,0.1945052397111737,-0.12227189948406278,-0.06735794980360911,-0.9607726406733549,1.0622780952718132,-1.3964469835835522,-0.4880770813444007,-1.2980269047196349,0.8882062958140021,-0.35175588494084314,0.07602596260132778,-0.15394278664152247,1.356087518979402,0.8834294744716854,-1.3536067861614316,0.20302614312703943,-0.6182056861398529,0.3515120371503845,-1.0925178996362248,0.8929460777914374,-0.563400593409072,0.5120903096907947,0.1839088600747857,0.4116949355613767,0.7284560456637189,1.6982128656231443,-0.3320825747879592,-1.3858488072697215,0.5288902549276258,-0.06383738198274666,-1.5422596507771948,0.23864531048879262,-0.9791473308580868,0.4789887504760027,-0.07072092934080623,-1.4326296008282342,0.26913894592379334,1.4085696417998679
sample_283,0.201901396342252,-0.2514115393956012,-0.4787548857505441,0.8032491119760948,-1.1588805291006248,-1.8267771518354161,1.5185118375931834,1.4990769648565845,0.18130698066634518,0.11911048422492847,0.4890582669331297,0.5468908592713336,-0.7913267331442988,-0.31099502159202475,-0.337154838619972,1.0715789104710338,-1.5928554653327853,0.7692276565446806,-1.1568288770195856,2.001082532471237,1.3595086312562097,0.8278436562946028,-1.313825327339167,2.1006868341875355,-2.940004455248548,-1.0360727286881841,-0.033107274374620146,0.36132277355250086,-0.33963725562157987,0.10601214254887398,-1.6099065238970889,-0.41447759566668585,-2.4479873366486746,0.6083528652366001,-0.8807510784370153,0.27930350021053163,-0.04667008015642667,1.9055278274269545,-0.9808875771373974,2.577309863189107,-0.7499541516896627,-0.03858852815309695,-0.04525761739647219,-0.1271823037694916,-0.9525364709342268,-0.7418864960788959,0.6398908219010135,-0.28217762161118626,0.3235164664715932,-0.736289964276745
sample_284,1.3800424674219565,0.013276466932255964,1.834409942477104,-0.48425895906445743,-0.8442364139058904,1.3829556594379178,0.0597120844799028,0.2231499697945186,-2.7106053365279954,-0.7660979980879438,-0.5731068020623529,1.186606636518443,-0.3217670769686275,-0.6410140169813654,-1.5069201690965381,0.31039226006816123,1.0988442812309767,-0.23360989666768903,0.030059108161916856,-0.805009496523503,-0.3374996686521399,-0.8197128794357805,-1.0426420194791217,-1.4286465808114044,0.22935206110320022,-0.0024859939012716894,0.6507784669251685,-0.09004295317037453,-0.3359339595899831,-1.2226861427357205,1.3145267301877537,1.1681658147689826,0.3512524763963753,-0.18409771378913065,-1.0857987821460349,0.760251825901885,-0.18978519820752487,-1.7399942297380229,0.2421095493092644,-1.7779391006115242,1.4053193162392428,1.1352711970876652,-0.4598706792032661,-0.27451327866756253,-0.745398235239555,0.6327683232548689,-0.7629790725152141,1.6379907224582864,1.0657033605845052,-1.7826518437418566
sample_285,0.23477124886395126,-0.5560583729054811,-0.4583838900360529,-1.1618683965265089,-0.7340904926525909,2.3791543071091406,0.2335977557160595,-0.31596096662817025,0.8003904041580377,-1.1154394510597543,-0.3708304656311879,1.0553044575307822,0.22844149953841839,-1.1956937645549814,-0.042115670072580644,0.7235550014275467,-0.9862694685813141,1.200571156555383,-0.6073679924177231,-0.4940251326883624,-0.08043173228317625,-1.1230437626575969,0.2852452911319612,0.24712754181134128,-0.6901229175202207,2.507225863420632,-1.1691659684529006,1.702435727194122,1.511694300626893,0.7738149735211234,-1.9040845658492793,-0.07008999217601354,1.4575967465383308,-0.6651612737142786,0.07745492013988518,-0.9016963339909446,-0.5627970149207043,-0.35112777211303037,0.912921576978608,-0.7940835796379392,-1.1297242651216626,0.5233653845800653,-1.0276508482437177,-0.510994600884634,1.8459389026437556,-0.02997000503491144,1.3104203462589026,-0.716410568006912,2.3808116045523287,-1.7459996237108975
sample_286,-1.5615335520109774,1.2962074731929387,1.7773812669946958,0.8298890289622785,0.4603596783156458,0.06677860087964288,-0.4267502412675874,1.2920443548397422,1.1722684213109948,0.00588102180328151,0.4821589326830356,-2.345843288462329,-0.6703381581990321,0.585394718323493,1.7075117678224552,-0.3185389808322241,-0.8371614059108676,0.24184890468307785,-1.4253023743658533,1.3613047319282072,0.011163285090953594,0.28927817535219236,-0.3593326871548974,0.18295686510950773,-0.3976059672468907,1.400407092982116,0.5400559059364716,1.1993354630146287,-1.338344531031728,-1.583924232408537,-0.5485232632123015,1.3231810364563474,-0.9562491548114893,-1.542115588899823,-1.3233739189687435,1.302378557640188,0.10036888145602423,0.8149195258819631,0.01309027896949796,-1.1094880520475239,-1.1317065767821342,0.6947801390334694,0.11620757036926255,1.585180104345326,0.6809312999851986,1.4698680264684112,-0.15772532587127186,1.1641260448894908,0.6578767262813608,0.86809378639594
sample_287,-0.10966595926550594,-0.862263620322375,1.6681673852476175,0.42039666807449244,-1.7724132970069766,-0.18252569970431812,-0.8210701277016046,0.18677548339836586,-0.021070001839599117,0.7901898632592053,-1.0918839989972189,0.7174620714781997,0.12440186264237314,-0.4643696009846962,3.0580291590158306,-0.34631545758094234,0.9247422485164771,-0.0027475794243814575,0.1399680342632221,-0.06008452967704932,-0.8920072482371211,1.4456754856750609,-0.6736032254203974,-0.7416625980488674,1.1672366494247242,1.5957946606465476,0.2832614344177786,-1.0907267493211001,0.13149559287832752,-0.2611263676579801,-1.035468742037468,2.119824442720144,-0.4026990940614386,0.8999289894931176,-0.2380986614151995,-0.03552447423895657,1.8011485541121983,0.5068881853874052,-0.534507124074895,-1.0854053341081455,-0.7199869932686117,0.4656072094257509,0.5178583446178064,0.044957768868734614,-0.910903388586527,2.3163281803740468,0.9252921944149547,0.3530803566904979,-1.341427851252846,-1.2363124129048957
sample_288,-1.3801885307972142,1.407218487197967,1.1688288602125954,0.7419573257080395,1.7338979270110526,-1.9240038000283581,-0.9836830683853864,-0.08293493960313325,-1.0201316286912032,0.4464992209422481,-1.2937260642390433,0.6558393524551679,-0.7999352448914666,-0.5037966370903021,2.2400880818483966,1.3831122812308656,1.3187473931249583,0.9240539085006241,-0.19816447793680547,-2.2496835280302534,1.4147013997435585,0.6762672569910677,-1.371130459663835,1.7354638615502846,-0.5113543030804959,0.27149840556893323,0.36550075257029463,-1.000755575523417,-1.0548360950605018,1.369147273867456,-1.1778439671323444,1.6576079072766658,0.4196420327878172,0.027086952294006265,-0.5793569911176054,0.28589558474327526,1.4358338829010477,0.4085897858118768,-1.2817434455404193,1.61881181393858,-0.7942076600336233,0.5350411000809894,1.8058311100875843,-1.3682554818075905,-0.10487498434997754,0.6263713776086369,-0.6177652947303967,1.3265287761009212,0.12227934760795098,0.3108091472331299
sample_289,-2.5537553503726658,-0.8200327047150479,0.5270683040610523,-0.15062073547111265,-2.134357741131469,2.087607057000741,0.3508166899319434,-1.4619530004444914,-0.19556978428350502,0.7406550095332888,0.32269282110037695,-0.5333079052586284,2.5590781949350743,0.10341875957565747,0.4159136276692276,0.5986658873898301,-0.5137716786054682,-0.003949748963942669,0.2458723567600155,1.1866699622713284,-1.7319108677374786,-0.9876348941344049,2.043569725705764,0.17992592760486753,1.3178172607918726,1.5480656147925482,0.8521715789518092,-0.030012417995538273,0.39031470550050346,0.4873441931239184,-0.35719150478672673,-0.39778366741377513,0.9978925753520616,-0.6220509717811125,-0.19966182469325125,0.5482921440941332,0.342981010924613,0.06627624058171258,-0.6016523883224658,0.9744922660634958,0.34651732475541897,-1.601583728805104,2.2836959051093,0.5970976620935057,1.3812262871146153,0.2736636503104219,-1.6771806312965467,-0.42748380228154953,-0.5439489272742892,0.2230278136656702
sample_290,-0.6682783388447827,-0.46586309122383834,0.24123245362285942,0.7581102847075135,-0.3183535485374997,-0.7688356592562647,1.6013090266940675,-0.009869344551190396,-0.35303477649362475,-1.5867862162191826,-1.5542380204198627,-0.7478690214221417,0.5102396363390858,-0.15118900410929015,0.5953251621878091,-0.016515456894483093,0.1831746664902313,-0.04967537850506571,0.8165039458260605,-0.14406583426892186,0.22002238193883106,2.445107567705091,-0.7175942689540481,-0.23294319651712436,-0.024771572426919568,1.0547220850657546,-0.4242543960083486,-0.9672686089464574,-1.5754249635834872,-0.40261031510437684,-1.517113547063878,0.7942689113022424,0.1757482470448581,-0.009462394965967718,0.9284445497139466,0.21301273866504966,-0.021100868620805135,0.6574283950422666,-0.5484439923935011,-0.11377241920859522,1.3675529196520495,-2.3810027268569898,0.24965572891392815,-0.7590331633358597,0.21428257260652886,0.9707713679079509,-0.31181909918529793,-1.5729695860302098,-2.8560807391163023,0.5091150588717305
sample_291,-0.5685937184095146,-0.175039565330103,-1.3409018872927283,0.8921996228476196,0.32120149726087316,-0.9539925985192024,0.3287409936928752,-0.35950813511158314,-1.3910879286860134,0.07135835383528906,0.33560201934764017,1.4080001325106375,1.118158683058572,1.0835986484453346,-1.0698031223004845,-0.46585201955134725,0.6611096064448497,-1.5295514517414874,0.992184571319333,0.4851525038283363,0.11951963310059453,-0.7394205804428345,1.001690002768066,0.34345541622472925,-0.48319814748205814,-0.7757601377638665,0.048150419293064066,0.9617601662155963,-1.2926064302779134,-1.1873958512484306,1.1091904608964114,-0.37030700441078296,-1.8037475766210473,1.8646446087671809,-1.8249842216064518,0.012351657216371409,0.514822131343433,0.9593235768699164,0.0972578647658839,-1.0597241186235749,-0.0009218459058976592,-1.205796237447489,1.092623241244517,-0.15682564546098385,1.4038098060748105,0.6129251483603715,-0.2427791751690213,-0.6054977431658094,0.5376483111550145,0.5711904914281609
sample_292,0.07165936479128296,0.002125804455521669,-0.155087122870541,-0.8743344607585624,1.8639294376775593,0.2604819112067979,-0.20966261076550854,0.42316700062916357,0.06403018210266868,-0.17500376999564848,0.5294841272855251,-0.303318230502077,-1.5010923966931515,2.0126693413163994,0.8800269088772507,-0.06369422714322394,1.4666199171295324,1.4580122483416127,1.427181108050245,-0.0023882668300866223,0.3368344525623642,-0.3364970396441073,0.40941014470781,-1.3286934529135774,-0.8671007908466566,-0.22198487309539452,1.0627258410645095,0.22026181776610365,-1.0825108454414034,3.0365676144272906,-0.7127516139573034,-0.40527968791349656,-0.22763142352198276,-1.1832593505325348,-0.46924787417354374,0.3515858795764963,-0.7757461858073216,-1.6519175431099131,-1.3541465213446102,0.7954250059700381,-1.1149597634754205,0.7573723986623613,-0.13307812402586966,0.5259735877265042,-0.132360930787841,-0.14497480866758225,-0.11073448094057883,-0.173937980137994,0.43478849153004967,-0.7095744638639524
sample_293,0.9959073598464694,0.9028752151982934,0.11654635029921029,0.2015045840615271,-1.3884160077042111,-1.537902132688245,-1.7809939568359234,-0.09308084336538625,-1.4164021623127783,-0.06154972102557073,-1.0231400180558983,1.1134969828654124,-0.9507447573011762,0.70896201490262,-0.6135051927520769,-1.7732720298345424,1.497682028324672,-1.0260626186323234,1.4692302669051474,1.1223992972819827,-0.10848536230519684,0.6960686119748357,0.8978921589001353,0.9534074923139025,0.34043837746795536,0.10350577260661387,0.8409317383791454,-0.8830941612316143,-0.7574985078099901,0.20901368049954522,2.279441040494243,0.7533401549532915,0.3322729743526483,0.7214079613046963,-1.1268536591671363,-2.518782106119619,0.4635912629898655,-1.6410481711582043,-0.2555985475109148,-0.4451936355372147,1.4097666806577502,-1.675183131303494,-1.357126941023661,0.27956636665903783,-0.42693531153658243,-1.6934398800175952,-0.8593164305592382,0.44966816007398047,0.6766521039582014,1.173630078046516
sample_294,1.5882463186590545,1.0004423570232557,1.1201697804517892,-1.3660062877189751,-0.5913086844099558,0.6856409243779313,0.1491912688827516,0.3141401588328861,-1.5031694671203168,0.1421558401783255,-0.08322286472900689,-1.429861835535286,-2.536525844623442,-1.830641690794705,1.9391674633980955,2.316243786234869,0.2860299858439916,0.18433400243213138,-0.10592399583469006,-1.670211717042767,-0.14110072986914765,-0.8700229016603015,-0.5835443223513355,1.1611849428336805,-0.1010746507714594,-0.9792434875994044,-3.003898358701963,0.14311409437394906,0.13905482355442064,0.32817100327271004,-0.45820248792303164,-1.9607239651420443,-1.1680722737542377,-1.1173651803438696,0.6309152595334561,-0.927110728905717,-0.6201600883558132,0.008278341275194645,-0.7536996665767862,-1.5602947263958509,0.5183900678444036,-2.1623060682730704,-0.622832429705031,0.8278132211759471,-0.22759010959244333,-0.463615558169256,1.44322404848138,0.41346203685405564,-0.34401292281069545,0.13240730826742833
sample_295,-1.2444472294501923,-1.519466198841378,0.6238625065821678,-0.6485117417111319,0.3457851032044196,0.9873662217831087,-0.6825809483396451,-1.1790916450249065,0.513589065347161,-1.178767799866945,0.13089677807512112,1.8016991777100837,-1.6001020020776304,1.8120008767526556,0.17047740276897433,0.444199451784841,-1.0430436604906874,-1.457242152502138,-0.6183843534015143,0.2978794126144482,0.5249808437261697,-0.822782984877292,-1.3388594951434887,-0.18352952856169952,1.4659086521224742,0.6981784666894391,1.8790351643000835,0.4248453494009115,0.6749753405383419,1.1745440984095288,-1.3539369568478503,1.1428352292407429,-0.18363190538545832,-0.17941840577054902,-0.24973778387951706,-0.14651784790469677,-0.7664204838592011,0.470874652727312,-0.64155522024803,-0.3552482703021955,-0.9345307976835844,-2.693455953234279,-0.19621693724285538,-0.3346345810984342,1.5003123303765609,0.9627483933197729,1.1947300002728727,0.764823463242563,0.044490887346992886,0.5840671363844695
sample_296,0.6872891921034816,-1.9733935672319782,-0.3587178046944577,2.214016948734728,0.30606498079237276,0.29505527694249967,-1.635936882405547,0.43236839708936614,1.799634618263447,0.14075733520090405,0.2789227290978682,3.2795473162523527,-0.8219269995967329,-0.6102584710333332,-1.8242185160108821,-0.15661842367044138,-2.2858414755006002,1.0137650846906867,-0.22561101617549142,-0.771118593872583,-0.45042112829231473,-0.13449735466904753,-0.11988192027201183,1.5622755918290507,1.9115598473308069,0.13641582754961012,-1.0281408599084563,1.7003299753154457,0.5141681298972685,0.16385982837723756,1.1496701399899358,1.4390550841595349,0.8578960003836398,-0.2915569622853827,-1.2508741104918402,-0.6265537506188333,-0.13259011432467913,0.7074766468262793,-1.2695340817774716,-1.4267751892574767,0.6756576067682818,-0.9314947590781026,0.9025013384985513,-1.3160243931555335,-0.8140729384943955,-1.4127197440072774,0.47895533707232485,-0.08032462635378532,1.320796276934845,-2.1575132578239913
sample_297,1.0975788326547384,-0.2560895561103266,-0.7986800464544037,-0.5964307773861531,-1.785360112905596,-1.5942875434720478,0.9574682614793742,0.46360184615115774,0.21781351635523735,0.46951499344575803,-0.12093946386913763,0.5678456435734078,-0.17864854830962457,-2.246793283430495,-0.20375365641764798,-2.240029959311033,-0.051481227308176065,0.8999429630226474,-1.8549946873600867,-0.7859758113993824,0.21984732793375883,0.7232412873046689,-1.6996792317090426,0.9377314925152864,0.4610411852698521,-1.6890356690591586,-1.1261773998289348,-0.23634890644407403,0.18964383535801024,0.8611640797132712,-0.9436228489964203,1.8026822441721746,-0.4908487073877326,-0.7748445025049585,-0.8879437173240154,0.1285433043130596,0.8068755089957553,0.6363891126215936,-0.6887834565147407,-0.05629318634861388,0.8602397651224136,0.4883943591658602,-0.16692286302253245,0.8093191786386041,0.3434028671770154,-2.0752041502140637,-0.748540246514896,0.5405488630025085,-1.5019467559774629,0.6342116763923216
sample_298,1.285580885330227,-1.8618633005009055,-0.713738652968333,1.5294045198282196,0.20027369714036722,-0.16270444585074495,0.8270232085733715,0.9354399561229613,1.5774856913836242,1.7981084779455514,1.1736339514248944,0.45637895317170296,-1.2433228330178416,-1.8715222279459054,0.3556406664621561,-0.1559556198798239,0.32981001526119197,-0.5579729360901935,0.49101427668554587,-0.5396170793216467,-0.4295575112621442,2.118110905541957,-0.45920835258389514,-0.7661635321897716,-0.9201082404226303,1.0556355078451023,-0.3537427095461785,-0.5591851066288229,-1.056226685329827,-0.6141030484090172,0.6881828850063548,-0.6530547554759644,-2.7405639942107087,0.37014909114237426,-1.0658681029623258,0.251788820297084,0.7999634999230195,2.3217893087267063,-1.4521074295649827,0.6715098907489948,-1.532266277244956,-1.1331049775380027,0.42845684008397594,-0.6681992993488772,-0.6697192610285051,0.030505550292430884,-0.5829376752625911,0.5953223025904427,2.213534621183073,-1.26529644599662
sample_299,1.0607009326974008,-0.5141178127434374,-0.8184947066272313,1.5274675224392165,0.34111004909210674,-0.6103003403625387,1.6396606674485201,-0.33489932867842787,-0.8261260160226105,0.9755394159889357,0.22675509219856224,-0.09962145965896434,0.07823332272246301,-1.2706510514918734,1.1142648499976742,-0.7071490130536594,-0.300139350929992,1.3100224739266269,1.5821825621576115,-0.06617684490765176,-1.2707380115443212,-1.1842536802857009,-1.3353583325310374,0.3788151691543522,0.13783452289171585,-0.45153826632637345,0.0031446044545263663,0.5665350014233306,1.1643252358143217,-0.1265943949085486,1.3163034276883148,-1.2643751152088698,0.2888954002939931,0.6914901535705693,-1.051086467173893,0.6035553147892306,-0.33022436158321233,0.5402689441421519,0.5703497592381638,1.066897739635019,0.6041452606349016,-1.228060310045481,0.9948200810328008,-0.2882590739491344,-0.901978819131215,-0.8696958641150319,-0.516300599977015,-1.0182652861871664,-1.2867991502906384,-1.4051318560160453
sample_300,1.1504723173505338,-1.4457600314969083,0.6396637929297345,-0.6355860088920653,-1.107690229466734,0.18193252477696284,0.5738897710274342,0.3688840810221498,1.5323743522895794,0.16646017075529315,-0.7391584013992246,0.7669626500451884,-1.781115835889211,-0.22254194419585394,0.1398317171702436,0.04719654531252415,0.41719633448389526,-0.5635947582750023,0.7475969718298255,-0.15694381442348412,-0.0884964804624925,-0.6942338329343571,-0.5306765025796804,0.35423001376829255,1.3865759271223141,-0.7298641778583761,0.4981322674683739,-0.7676560043053599,-1.4264863907080298,0.19823513061556144,1.4648165654193626,-0.39630055280260357,1.8168614725646368,-3.0825630388602967,-0.33988818787720665,1.1264521164731782,0.883783515335132,0.1313153837177151,-0.11778941720763947,-1.685210315814299,0.2637505958522755,1.0990465371162828,0.5310479394976307,0.7824839062281292,0.09614887743572206,-1.4288941233645365,-1.550594190576135,-0.04795489900869112,-0.7963758134627305,-0.4602190061015102
sample_301,1.963067130587938,1.0426695813587639,0.5365183857070862,-0.9524588541806237,1.374285324011212,-0.9045647869210489,-0.3749575032447866,0.19178573419569186,1.6041237688882974,-0.7439868253345776,-0.3240454144708914,1.0225287685838609,-1.2530893261793128,0.31190171867473504,1.402614811835382,0.015673574778470645,0.0043954523513157805,-1.3159146486317996,0.3246004630027457,1.5923897022485314,-0.1819003452535806,0.4924366062723841,1.020363493548777,-0.4130809704647681,0.3144200393369788,1.492283601050954,-0.9995722101106009,1.48172399115948,0.5757063028822516,0.3950610529961063,1.0650526668880655,0.6730569093102642,-1.5302221939232423,0.17036396656538205,0.13294024917016767,-0.09876921144241675,-0.9075090917953249,-0.2901682633841266,0.17281079348105088,0.8508862465716927,-1.0386627567687277,-0.009673199407153535,-0.5678153089266674,-1.294713523327753,-0.9345893281307092,0.6143959266353273,-1.0230760952369808,0.22815871174383737,-0.6580491877055603,1.0000353583598303
sample_302,-0.3961305157020448,1.9149743964305934,0.9652981594481815,0.32156457014159057,0.5072858214152475,-0.9732152954114079,0.44213414126992134,-0.7571422346155093,-0.1653131991000551,-0.47587002018286956,-1.1157776020789425,0.5356082644606512,-0.6835643865815085,-0.3252978418591066,-0.4743811812255489,-0.8859385041139464,1.5407780940057514,-0.1627629983881183,-0.20007651297345808,1.9181963995317723,-0.8372832700754935,1.0957536024611236,0.11507837198981993,0.09812206746619469,0.3392384506568801,-0.2817215241723962,0.052810221696866076,-0.52492762014537,0.8859083148979043,1.4135440833978508,0.45466559369169834,1.0303722021842319,0.4786357478499265,0.581935975079828,-1.985720370811538,-1.2068270272531645,-0.8614076561738144,0.5047193534973019,0.14787356115311107,-0.43384010245901333,-0.645315134558832,-0.8990241859119055,1.751591872333723,-0.45183813670321404,1.5314567973829953,1.6729578195897166,-0.8907318767100588,1.5173318577800354,0.23061827566505438,0.44400964652025054
sample_303,0.09131194490957362,0.9504150987206433,-0.30802345840154227,1.3622298370556678,-0.3483279504686949,1.3396835177466409,-0.0696073955684908,-0.5240061685720546,1.03407436909561,0.17901501946713866,1.268854860476007,-0.01818734277842638,1.0245639523969545,-0.04945395178063319,0.8176671555533609,-0.026207069687655307,-0.07821230936751,1.0510139730096222,2.0969682997951367,1.9733529753943915,-0.29308499482379075,1.4303298532703599,0.2870457460692006,0.4886698477082865,0.4288920680282975,0.42123243168375873,1.3915700253813315,-0.7902026566654362,-0.8812706413319868,1.8877979391596489,1.2597916707694485,-0.15822322244765585,0.0826435998550887,2.088776332852405,-1.2587474433280708,-0.3845870939130156,1.2590079563531258,0.3198974866859828,-0.31245143945798143,-0.895844490549415,0.6611225373622852,0.11852160114876961,1.5403360446609433,-1.3630588428070978,0.6075616015133686,0.9602231655384004,1.3337703447968627,-0.09549835118476441,0.9269109954488268,-1.7582950676821345
sample_304,0.9793024467397355,0.6628128468610759,-1.0408843528010319,0.6905848011162501,1.4591005362740905,0.11755402296753713,0.38927941512543857,1.6969935269212215,0.20654806126876027,-0.3379092354665366,-2.6328493624159086,0.32746245304824606,1.5353804507272977,1.6603472300698403,-1.0871012396095885,0.06858522458228555,-0.27878106113912215,0.1780885853080627,1.5460621914378894,-0.35843619015166733,0.07092803216047146,0.2576132665737779,0.33292398160476444,0.9642096878097222,-1.7503276137707882,1.0292999334374648,0.38674621896295047,1.173254835814868,0.2831517301451336,-1.8133584483904464,-0.7574272079060456,-0.3377419286468551,1.0360373890591124,-0.40052339256938796,-0.42078193584154405,1.3901958648229789,1.92652066452561,-0.5626983053685395,0.46703834328200516,-0.3116615187673221,-0.8662232379131135,-0.17043787356488102,0.10904534865154339,0.7704879408087484,-0.46032438335584575,-1.486601218015195,-1.3836674457783447,-1.3285176046202418,-1.353290226027181,0.5949075938752598
sample_305,-0.6176713439743141,-0.6393389068423465,-1.4063639662568908,0.7246203459592735,1.3499928916587538,0.5040761477838329,0.8546629316038218,-0.6743975944906714,-0.032722674879099835,1.1831812426424448,-0.6155152923932885,-0.23922255466264292,-1.0721806024355272,0.8166961722917795,-0.4751830296216048,-0.08927248963455199,0.9059478104133603,1.0761571549461295,0.898073797817288,0.5316185229257957,0.04082963157744367,-0.5513092862660413,1.7883551267689073,0.42494899188772983,0.8377489513854127,0.20913622498531712,-0.4160482144616492,0.5724793277725929,-1.1775487175409585,0.33513816766275706,-1.557873282447239,0.14975033390582124,-0.09080206877049543,-0.26815961235372326,-2.7915643209339653,0.820016447201676,-1.3134586295955724,1.0230623843043332,0.060600053138889345,1.1445570317032594,0.35545579359866175,-0.6974913427290983,-1.6019155652926473,0.40203187545545405,-1.952651535295222,0.8246667303713273,0.12647996926256608,-0.2000202616080557,-0.4010598098133418,0.30474001378755616
sample_306,0.7641280728231277,0.3770719519787574,-0.16017583703807348,1.0905238199840155,1.6669389017257856,-0.8164055763982029,0.8832172019158554,-0.4081065056285404,0.5947263776182896,-0.6425709724043006,0.3960491263663545,1.8401195237783554,-1.4465042077362087,0.18751351926347362,-0.06371274109384328,-1.0733258078603385,1.8446433704190761,0.29755219457988785,0.9632425345550631,0.9156018824271465,-0.9556237574500159,-0.4180062947666807,0.5894147555082178,-1.045745380242241,-1.7021160917308062,-0.3923718072409778,0.6375340592698769,-0.3748386171155637,1.3508909031345189,0.18377315885526788,-2.3228388441023657,0.4892791738178313,1.445907762287799,0.6374847481871337,0.3648003695471739,-0.263048680558182,1.7990017750998224,0.8871637535279719,-0.42099455320082857,1.693739460486991,-0.035037138785823825,0.060623619465378094,-1.69378639876219,0.44472846673732047,-1.3802215425577442,0.9832016786833108,-0.7047672423767679,-0.027921625772527887,0.29872601086170464,-0.48131233383616034
sample_307,-1.3318711525997438,-1.0020071472551384,0.38621853415814433,-1.3000312667446623,1.2104624454803907,-1.074867025548134,-0.4952681146805814,0.13522182626431253,0.6030460708595591,-0.9322587646483055,0.5214778900911219,1.1325964993224988,-0.9801607656678303,1.5297727680567346,1.2959744958180435,0.6288484675116196,0.6048139066709866,-1.250220138570569,-1.0041282180964028,0.24303298752105942,0.10354500878907978,0.7952833825452528,-0.6755437151324987,1.4027770451104529,0.15283569325720792,0.7829494037318786,-0.8809512162725651,-0.012541924473435303,-0.8290244862332432,1.1316824640361125,-1.3748644121221845,0.0783596781796347,-1.9889962213031134,0.5220538152273626,0.17687560689731494,-0.583040287486243,-0.8435353301916538,1.3177765537850625,0.09442105498905118,0.20704497397340912,0.5417385472146576,0.33060973448871256,-0.2548259251874536,1.410696060848594,-1.8541229898333864,-1.3663015776829759,-1.58565656107449,-0.1926659465668097,0.2818301055866941,-0.6629754690573233
sample_308,1.2928252605381871,-1.4319937848067863,0.6713294489436507,-0.3998164643132689,-0.3481144001888747,0.6850717526705792,0.4260440582004157,-1.6864372369488931,-0.7122526731923513,0.22353834447345344,-0.43072433979143404,0.25564670077809276,0.15873932600372376,0.9495551039716777,-1.5617322152411652,-1.9718326551582088,-0.7146934590399197,-0.5436332226427741,-0.6648733520090646,1.018875545326611,-0.0795136033781804,-0.015057563176813917,1.7817234825182249,-2.44254635352485,-1.2929268161334397,-0.46240377305895725,-0.6763742772650396,0.7028351502618297,0.25854681872721746,0.4134809015849881,0.1378561695815478,-1.16402312321898,1.6833196574341813,-0.8880149363143293,-0.1628184997109883,-1.9816823331998505,-0.4114804788404585,-0.5240208460355725,-0.8080724124042847,1.4788072370658405,0.8595352096376805,-1.6755665969238998,-0.6230793602557764,0.7766745031143915,0.6249634853640791,-0.7066024690404805,-0.5465213216768317,1.9517857234455729,-1.0806951272549299,0.3503462237275152
sample_309,-0.1748997978982593,-1.2211989535733037,-1.6446108705172626,0.3039158743125766,-0.8656536441813631,0.7218382882122977,1.4325597764907347,1.1678891310784787,1.5140908205509158,1.6971010079118662,-0.29558223170059406,0.3274494156038425,0.9742647057153226,-1.3731098603178422,1.0361073868332367,-0.3981216401609478,-0.0121351447178692,-0.6713320042385827,0.06157239128741162,-0.7627910862286176,-0.873159948703002,-1.6633811274619648,1.6608307415166936,-1.1758635817327057,-0.037708549014064195,-0.9959786187449153,0.007121557451349038,1.3751511039420328,0.6589024415273567,1.9474315020671193,1.000883996169903,-0.7417362566920211,0.7259389229568095,0.3169403322651086,1.1238061454954147,-0.2815370772203981,-1.3146327346672115,-0.11970746279100405,0.5679520469290578,0.06344350961716297,0.723730773988032,0.009576814555016593,-0.33218668904948057,0.4654630195435793,0.12964640934538404,-2.8310930508578855,0.0837002400652953,1.5532162706432684,-0.5282411016988404,-0.5696751472254675
sample_310,-1.6362116146967849,-0.5796627950720096,-0.7221344958226166,0.23363218244555714,-0.3752882069376444,-0.2115016392077688,0.2388298558976244,-0.7851684668823959,0.35209408042933377,-1.096884556521863,-0.1979995129506485,0.8722505965127774,-0.17899076629041694,-0.6732972379956608,2.2769869314026474,-0.33228659687333967,0.4753382383889013,0.9899095012533896,-0.3555560928038165,0.39579077282896896,-0.5482629885962114,-0.11843245927239127,0.7653361451924335,-0.17238028768710043,0.22140490286418865,0.05254837893070372,0.2688429309878866,-0.35945607176673633,-0.32548794658057706,-1.779059471262768,-2.807175062690618,-0.3398616956696231,0.47281764491881995,-1.3463925333328164,-1.1850894207296099,0.5456810370822653,0.5370690268561668,-1.4471649108561617,0.7494492084710898,-0.3605769633231491,0.21787096204147313,-0.9654920251897564,0.48476689125448,0.20326019500859466,-0.12750072459280395,0.9695450293802366,0.8050758548499455,-1.0896855895402704,0.8886325235977719,-1.5820810532143024
sample_311,-0.9383364430418784,-1.0490355919670087,0.06768613431672033,-0.19460231779689152,0.846220064350964,1.722542461207647,-1.0788080704788767,0.07336981990251439,0.49755134789644645,0.4598930546113952,-0.441840788301196,-0.4732985851549316,2.5705831979237255,0.8473642346933961,0.35800558099018664,-1.0916632206654142,0.023365510583707307,-1.3396575874154755,0.3332213645656805,0.37312207373718603,0.28896491117190704,0.9725536902522641,0.04216453508224479,0.6075782031119057,-0.03605430160030478,0.2615896199377251,-0.24484951462456359,-0.81829570639107,-1.4354456358900407,0.954672597501425,1.710154898637447,1.0545798298777718,0.8127771323787009,-0.13287794385012244,-0.36751556106300715,-0.6766376996815515,-0.1536707724290021,3.3762144598696118,-0.3517330651937923,-0.3808564794639263,0.6390319496410521,-2.6057936637989405,0.8267116527021042,-0.45563491774237574,0.6142012476991021,-0.783401789830601,0.2933004282087816,0.9622202302468936,-0.8937396017377626,0.15494177277728885
sample_312,1.6610525134621734,-0.9758349399387365,0.22961218193009625,0.153900953844984,0.7069738013102926,-0.8285740982567199,-1.3940102177225961,0.02670131812485329,-1.2301793040892963,-0.8364538014756107,1.4625079677309234,-0.861013621270714,0.9545353080346038,-0.9425755267216147,1.6432088085486158,0.20203393243897544,1.666350342766744,0.6360776977396518,-0.8008927092672802,1.1910568969198507,-0.5829377059147405,0.24944221633265154,-0.16828327475730043,0.858503807845425,0.8211797063412959,0.09606998192115494,0.327930977644869,-1.3049809263363576,-1.3898117509996808,0.7422437264282951,0.4135290987007044,1.2436146705154187,0.8074287744719304,-0.7407158026024409,0.05635225332131303,-0.7977018321814844,-0.3076108389528508,0.37018434729837035,-1.0274605810209874,1.1296174282174771,-0.22246574717743164,-0.7234434035800363,1.1003169851906465,0.0622813145072631,0.10282890231579356,-1.1593274594908187,-1.4526636893993188,1.7308929312520365,1.2655584559173478,-0.37081978518723663
sample_313,-1.521796128546891,-0.7908349385485459,0.46982062672939323,-1.07856856341853,0.21272405299706343,0.5868310717256644,1.2829712534735358,1.2336674924411457,0.42639820233902687,1.3168752156910908,-0.14652893675739756,-0.2987763669884121,-1.320537697203442,-0.6125742078202493,0.4923619445149649,1.3782898592041186,0.3341878132238911,0.49598015285478053,-0.19535824221283574,-0.3918265611371575,-0.4917893834066441,0.8675882695754668,1.3538161840436507,-2.7609746952588083,-0.47656543026514653,2.0085314038850357,0.8280199537180126,0.35883802890027616,1.7074727780296,-1.164444681302473,1.153011419425614,0.45497882059150596,-0.6777625986319666,0.6575012625290549,-1.6742027136194837,0.4723963753958183,0.6856419935710231,0.08081676375649487,-2.1769207815152756,0.8450195671339658,0.29544737218218514,-0.2234512743630775,-0.2473713914802576,0.5034900372010188,-0.4235232096283203,-0.37278911192245245,1.577161486975807,1.6225571932125926,0.65838869808228,-0.08285161018523747
sample_314,0.08895605723168638,1.9005950736042625,0.2107055370110863,0.8873046702787284,-1.3483749840732933,-1.748459083178682,0.7253627130133872,-1.0660383304952439,0.8484046469278652,1.1927712805708428,0.2538213941114536,-0.35358125109468863,0.17946300859380604,-0.9859123260244853,-0.5935610955982527,-1.4649831407287397,-0.17411258650598782,0.9990722261765167,-0.13430156919773625,0.08658746147747262,0.13014687965652913,0.604766696685452,2.1155265283532247,-1.92703954175813,-0.04518102930125857,-2.114329943467259,0.7175678249926449,0.8790309625871137,0.45678391446296995,-0.46658009914043125,-1.0266585222598223,-1.8931873367629692,-0.0019106561853075717,-2.0285294118125843,-0.3042691084813208,0.5310954079144337,-0.9042346650663645,-0.26437002591300934,0.5948430653761736,1.2181612515881912,-1.7924033602264824,-1.098364257570454,1.1525411205902403,0.008028084265802905,-1.0458558074960054,-0.21173062403074178,-0.18417007811126743,-0.9250397731548987,0.01174045737026727,2.318017646103297
sample_315,2.203546723040672,-0.1846624714337157,-0.648869756748893,0.4863723095481337,2.4943863855288098,0.5499239850458232,-0.684323140263272,-0.12433266842072437,0.024180226122606174,-0.0019255224607893663,-0.08142760229032982,-0.9854855629457568,0.9762027365825883,-1.2483395461520204,1.937977071534272,-0.726287357230422,-0.13547020701028478,-0.4205325333237832,0.048378803695992,1.7333465121468419,0.4314314789305552,-0.6719249887883831,-0.23679658739295778,0.6774848040611393,-1.082120658892223,0.10952094068940718,-0.2629316346917454,-1.8203341278090386,-0.518086296282052,-1.3204425868859406,0.7569688153302282,-0.17473367434970064,0.22351587033097323,-0.6040516867351976,-0.8701457379620735,0.7931289800228964,0.08813304339211749,-0.046818583016271925,-0.6025213855540779,-1.3647623522012564,-0.7354305504765541,0.48896019428421417,-0.5123183099479912,0.364239114268024,0.4182221650059599,1.1676312269643434,0.4233035135593938,-0.16223352726369514,-0.6283563834968056,0.6925423581921274
sample_316,-0.6826977654134597,0.45169648299022025,0.7009122428588817,3.015659630088318,0.6236926523353071,-1.8627834943940422,-0.4728934727380518,-0.8758956185825453,0.062417086629157466,1.1489036969174524,-2.453518977839777,-0.03570661211493787,0.07699477105491047,-1.3110072298537851,0.632793044515715,-1.228466302002289,-0.21712700472439223,0.6760160798052015,0.04942047502817508,0.40007534376973464,0.6813697953799738,1.337631786363101,-2.2710604894217794,-0.3322054962847296,0.28848981902982884,-1.0684100575818112,-0.4785977901677093,-0.4361256414125693,-1.2601367097837501,-0.03176783567386889,-1.0061611320612593,0.950499323064078,-0.40560034115663485,-0.4090829927367139,1.3202687472844343,-0.1150872965443225,-0.21515877613840464,0.05698721514016188,0.4760466501579471,-0.5343513468694572,-2.233873035789801,-0.01930272142982967,-1.1700524662877503,-0.2381112092924858,-0.40015956096370325,0.8818655725907074,0.19728765609513288,0.11466584044863726,1.260635621458492,-1.4184222822654273
sample_317,0.10355352973265333,-0.47272328751283177,0.1517087996996856,-0.43057794713739417,0.8120379997825822,0.6988922198429718,1.0653904756068056,-0.7043468336620643,0.1580902054430583,0.8497700462595122,1.3717765564434452,1.7063360427517777,-0.7408742357392745,-2.2530276693016162,0.19283118923291875,-0.7582555686220116,-2.629814477629838,-0.008401572398951885,0.29833950410973437,-2.3143054000712326,-0.8034193066373531,-1.6111762221936554,1.480275771541697,1.2355345946916585,-0.18885543971749924,1.0228716660858468,-0.5301563984477231,-2.578540005486614,1.017430969111898,-0.29597055552719764,0.9024724855128423,-1.3255282237097499,0.37404565446975313,-0.1297266977326202,0.8125318504980857,0.7928105896936082,0.5061808934343897,0.923318032520016,0.8670204865251354,-0.7842935554475766,-0.5883075946227517,0.3714138975213899,1.4391400274123316,-0.38456846238287484,0.8608261626897185,1.4363059182026328,1.455784896353111,1.9504877802117735,1.8562485497284424,-0.6389107331985684
sample_318,-0.7575077129828983,-1.0330928519825944,1.775372449341449,0.14764090712310304,0.4695908316676461,1.4575512011209895,1.6013822388259928,0.559508019677655,0.8466516699961417,1.1091627871977545,-1.071297125232367,0.6323624337376375,0.47071339058157796,-0.42581744494821494,0.5200393610214543,2.394318898034199,-1.6120769985914742,-0.03271081309863983,0.7565502452238859,0.47412588233199193,-1.5425064344937047,1.7064905769805934,-1.3163647000263392,-1.843003566681873,-0.8665750484115379,1.1328921041653246,0.8698992516110107,-0.7157977685449725,0.5249008725730521,0.2174024383074907,-0.5287431378922176,-1.2906099512995792,-1.223673123520047,0.5764181112474034,0.7559348190090778,-2.0432445829863397,1.0988797800977197,-0.517200083609397,0.20584303257060133,0.21865821236038463,-0.8698458756921638,-1.8513404852489388,-1.108579770305927,0.9494531139322123,2.1972191173168065,-0.3297409903999596,-0.21626283158071052,-0.3235521344680875,-0.7311519890038097,0.029667725454905175
sample_319,-0.9258319786840888,-0.26277860444815837,1.3620841242383734,-1.3336182033244395,-0.2688202498462425,0.40753155395855134,1.202823440087355,-1.5122757077534446,0.423838594232425,-1.5565189940378898,0.05113471320298061,-1.817100317471994,-0.7791093756734264,-0.12537743099229037,2.1298700238581136,-0.8336369806219,1.7189079832541847,0.7397013498837174,-0.6192710847223966,0.43874033073359714,-1.168020811666208,0.5239515243967758,0.4955843608969242,-0.5476726242579596,0.5196565530522784,1.152245312488681,-0.8328205365672596,-1.5124670274872583,-1.2355734808498913,-0.0974048330214385,0.21507350188083746,-0.20055500947599836,-0.7778362146929587,1.5564360815621963,1.8270793018013993,-0.3970352853489625,-1.069150237651107,-2.040141990211166,-0.5854982191644582,1.8449560337008937,-0.1558123464510458,-0.5737087878376448,-1.1142771150265283,0.1785575553224407,-0.976280909387665,-0.05567081963109419,-0.34566522807926264,0.9266891904022032,-1.3085005892477226,0.4823574113881898
sample_320,0.445033621466622,-0.48543824034483063,0.2429596247279745,-0.062248938370932295,-0.47785467952877647,-0.48761603782324037,0.23088275044960532,0.6430722078741227,0.12853095192287903,0.8288847656427454,-0.15320189717333568,0.11707320097612246,1.099516239748185,0.22027657887900928,1.59185479396845,0.3103921541645007,0.04603193142245304,0.7223820407256386,1.1803055759887577,0.01574191569305815,0.1413745649772835,-1.0813131910054967,-1.4048505778328575,0.5968605273805955,0.7436937016360631,-0.7705796606828862,-0.630925333222228,-1.417394300639573,-0.6541886136509234,1.9563314838518,-1.7156004856147966,0.8166846855401294,1.4108264312506555,-0.6037797728532891,-0.3107453554125792,-0.32100017931491376,-0.48513820920633316,-2.3247149121525728,-0.7049923496098658,0.14114040404869135,-1.8268207075018168,-0.7716119107761781,1.0279552739882434,-1.4950364366566289,0.30045545349236624,-0.5005405137910787,-0.7272533852219168,-0.1298738844800797,-1.365214154663652,1.260272291052444
sample_321,0.7129667158714407,0.8416833240849643,0.6286926613462611,0.9354649320195805,0.007473412194135218,-1.9329364749112503,-0.956900990514656,0.4652141014914371,0.3045755681700967,1.1178291696431717,0.2574566027855565,0.04224765332730723,-0.5182429335674957,0.7229881558865988,-0.437048170892678,-0.6502264885673578,0.2616286591187757,-0.33177128091992136,1.18710134723501,2.5818752578209003,-1.341633452806991,-0.180277294510043,-1.0347451737561717,0.8764808247206842,-0.588624746154285,-1.255576514106173,-1.521840640669144,0.11727268883793378,0.30062004405050335,-0.42507530117563375,1.190795190581737,-2.2198702026127597,-0.528814388760243,-1.9402517407664661,0.7533872096756316,-0.48441151661005133,0.24629762239263836,1.3045251627699146,0.170192590543772,-1.696458313160922,-1.3902339748829833,0.08539493546429006,0.392396597840241,-0.5265695351041452,2.7555621033033715,-0.10388519397433775,-0.027983524509056855,-1.5032757460373056,1.0183766562370722,0.1742431744527251
sample_322,-1.83630123850017,-0.6265276486031867,0.37655055297567713,1.0588451360548916,-1.3012491959114227,0.3960896712830216,-0.3996195615804269,1.4906269295657626,1.0577229465261642,-0.1218295492893007,-1.5065510398678248,-0.4641204874551518,0.7140024746770445,-0.7522781305254179,1.6124464414696638,-0.16626026840696403,1.1233153049818971,-0.1332486074717453,0.2127374484623127,-0.3989428022449513,-0.7677514234704049,1.638484195839867,0.27397027622949455,-0.15584547164489265,0.26525180048759417,-0.4310083485157651,0.2809270551641163,-0.015088914869068439,-0.8013348839816947,0.8886410632511808,-0.5969192180423811,-0.2885735843930593,-1.392472734269932,0.4486810964007511,0.6533425164306547,2.154096980402675,-1.6356490135081538,0.966408812995036,-0.10948681180602039,0.26318293321093034,-0.6916566467919214,0.6414073519491855,2.2603034611044,0.5086943638078976,-0.6921782854361889,0.31811685727500577,-0.15106953178035123,0.9595257327414974,-0.8578734231094806,-0.8595118180108264
sample_323,0.42543330193776097,1.1901773986580628,-0.5516373038478022,0.1469668072962123,2.2432101934376294,-0.6001984520863917,-0.938901804849408,2.246568539245203,-0.6330484562896403,-0.5944294020056319,-1.4079185962459668,0.00038057488515639795,0.015760358822462798,0.2802600622832955,1.619373672255826,-1.427132699757927,-0.7027516612047415,0.9939498181527254,0.310609317692951,0.5869938314625093,-1.2503557061660875,-1.619354054631383,0.04566978003247497,1.2282526742160023,-0.4414297715761819,-0.8469371480132868,-1.191040444065736,-0.8483446173163534,0.600804068561311,0.5972115987932458,-0.08582756070546665,0.172766202268226,0.38234442901344023,-0.5240886399555608,0.14223828738380562,-0.5157339065984259,1.4737413069078547,1.325469434014503,-0.2893361341966666,1.2049007100025937,-0.7012484608248649,1.3511057058856408,0.0962780792096321,-0.2514995790193489,0.42295700212993925,-2.7039009886703336,-2.915582391939386,1.3261104558784589,-0.31342737506041746,1.8359372754109504
sample_324,-1.187031037484944,-2.8855201720528254,0.0277089549100389,-0.9057219467792915,0.6542790092663061,-0.00969293588086946,2.2346421625752866,-0.013597402280081118,-1.1045708288494638,1.1516003979637515,0.8242136886321362,0.5415841692643085,0.10284496521981597,1.5276909146106616,-0.3009267788843083,0.7471979869907281,0.5052346184353551,0.047224283076178916,-0.033783047248983365,-1.182748445797701,-1.5486148512202702,-0.12533443183120827,-0.3364344031445964,-1.557028949952583,-0.865580818277446,-0.7656112447470306,0.10598667081098216,-2.9135558362988268,0.21187517824001142,0.13597974793398074,-0.22044840178962377,1.0820601902227571,-0.43009463531180125,-0.2605698783553993,-1.1321508755062824,-1.6337120607261766,1.8720964920006113,-1.1639389877552115,-2.228499458764625,-0.9730784950653844,-0.8519697134508972,-0.5435614080060353,-0.7875555683578292,-0.5877069880989754,0.038212152779709546,-0.8330448947120961,-0.2540931366716646,-0.3655996710547871,0.3213334373283939,-0.7236452493795358
sample_325,0.3318476005800498,-0.2904500708022805,-1.3324551103443971,-1.556535714367019,1.9298230193333425,-1.147007347889859,-0.6649800907757695,0.0005173939442944698,1.4317618848489673,-0.2190986603098347,-0.3588950766724967,-0.34963886621271706,0.8215964587749283,-2.0581198143789274,0.7615946469075645,-0.7530269466403593,0.8604815957368656,-0.369666187627892,-0.5011468932239102,0.19283772077615477,0.7972475265486922,-1.3536017614822673,-1.0131794033133796,0.6225002798223791,-0.7839713629058638,-2.056233380597433,0.7004893215102408,0.6642543856339881,-2.7300283686337163,0.9718080459071166,-0.002072672084882295,1.6278913424599695,-1.552664032764042,1.9100206004925842,-0.8037516117728035,-0.3082655244399314,1.3639773472017447,-1.0985275773882361,0.14670420105984752,-0.9813889375114768,1.6261071281562003,0.7212922689662464,0.6730108670790091,2.1365879836264994,2.3068959332601833,0.6582259135774479,0.6808383507255004,-1.2231864725306065,-0.5475740929453073,-1.5114242957641908
sample_326,-0.6477048134124984,-0.49009369765189525,1.1669362194104527,1.2207580966478262,0.25493922190046725,-0.2960517864653747,-0.5867536641871521,0.507897465423692,-0.8590695891990752,-0.6614437306509137,-1.1042663472553589,0.37338994021471883,-0.3828590223617909,1.4431780398286795,0.5263028555254715,0.3845326664216407,-1.4565988906211011,0.6751065934459334,0.9629374740886404,0.04862833812379066,0.6362742018109243,-0.017332845456787788,0.10428766379059005,0.42957004778419505,0.6878267678864045,1.3291017683125836,3.0777861217887583,0.03714751005882266,-0.500918229569853,0.2495749479098831,-0.5989970048782689,-1.4895417196190055,-0.5653035815526902,2.613593177562187,-1.5691274879035835,0.7744941369402412,-0.48453101297827667,0.20128106287874653,-1.20553255697319,-1.2165475301289754,-1.8604292040001866,-0.5639308339270762,0.5874285253938425,-0.6179857193262432,-1.1293555229494476,0.6040337249412913,-1.5249677108493624,-0.49369623575620836,-2.4131958354604626,-1.125925124868218
sample_327,-0.36872756812846164,-1.0285257801754553,-0.8883413943759522,-0.597553103467125,-1.6183816190237663,-1.0956668603291986,-2.393294466834198,-1.089512517812719,0.7518121309658892,-1.2332413890111797,-0.04583096078219224,-0.7600709656380695,0.867734515205113,0.5093320102238315,0.8665623153765586,0.5741626598698979,-0.43193472077508377,-0.9771762026124466,-0.06434473572298299,1.378778392929507,-1.766206818915177,1.3060978656221511,2.113075357197851,-0.006480511017882578,0.2172544257685402,-0.6243306715688072,1.3985074168426783,2.2422914968587615,0.5973299871059833,0.6572079942736776,0.21662661814782058,-1.6017183792930834,-2.263303911528561,0.4656281775462368,0.44464809147198275,0.2992322249419782,-0.19976429616558258,-0.9600966316679418,-0.6908620399841473,0.9830674606727917,-1.0697026800830163,-0.03841794010833015,-0.09977866094137927,-0.17407276665933658,0.26973428928516074,-1.8453201113034816,-0.48607497520045345,0.02541430428273678,0.20827333130841746,-0.6258372594843965
sample_328,-0.46723013104849054,0.5466060845741075,1.4935306125769932,0.07799148869323583,0.4306730200357287,0.5148851068574752,-0.33512562385301775,-0.12372706741946943,0.7145638400117348,0.5297729243113579,-0.34444934295470414,0.6613798218390783,-0.5455339854523624,-0.2399965642236583,-0.21561847440403692,0.2602619969960225,0.10997428033689703,0.6526503692812272,0.939460165364507,1.3686043228145504,-1.0074278640254526,-1.7284019679083475,-0.648304038690305,-0.5648049297910559,-0.301022554469588,-0.3782230749848456,1.0019519286053922,0.577927856215444,0.1766083078843448,1.3709418571149767,1.259289831786395,1.706224684777774,0.5137796620472082,-0.4173356627428854,0.20268941963384177,-1.9691704775659495,-0.864187356333323,-0.0999205292110647,-1.1842535657584001,0.5115168757595744,0.3621812986910067,-1.0319539491495455,-0.5872703704636452,0.1805633830680892,-0.5605700070601362,-0.518584225673792,-0.14249487424188603,1.3968133551395854,-2.23372278132426,-0.13801687672378907
sample_329,1.6990755294613733,0.6567149448635091,1.0928597927185624,1.0522616461566168,-2.5171072990791665,-0.01050957028802086,0.9271073353841941,-0.5535592217042139,0.4894420600141758,-1.3131377338375012,-1.4029272457394162,-0.20223799379390614,0.9294901985238142,0.7338756119135589,-1.6209163127755888,0.26267614889502844,0.281480177815268,0.147617463262144,0.24687870487942212,-0.7601400500898032,-0.5134673139659016,1.2453885329461591,0.4433737160604834,1.0026468536803905,0.7923599867471234,0.33118235384834804,1.0439880258186123,1.2105585910419276,-1.363794525472872,0.8172528207559953,0.14307476547995107,1.5570707394329424,-1.8005286680650292,-0.5729406145065812,1.366476392382013,-2.420913325421264,0.689677492344906,0.09835718154844668,-0.26052808272947353,-0.2145340728499611,0.6640583226303244,0.035254314964419164,0.2819005187621354,-0.1359662206165808,-0.8159711859809802,-0.6245249069624828,0.18633794191135167,0.3892306237512044,-1.2465475304132252,-0.4359266490546077
sample_330,1.2451562366592346,-0.5726992766250797,-0.13213115878409626,-0.6270245814476756,0.48578863011435347,-0.024556953328502544,-1.7079984878676577,-0.5678930373526399,1.3848450429648012,2.0678164089689353,0.5004430604036163,0.8666629772974801,0.6201570297150591,-0.07604288430528877,-1.416713980604342,0.11173430749834447,-0.1605873186504842,0.5671316643954551,1.1385612675708254,0.5060737883540495,0.202270020198076,0.4545350112457332,-0.996969660420863,0.6337854178221914,1.5229319858386035,-0.8418229703521418,-0.9247513903937062,0.5878170364575694,0.9753158440379878,0.007474033001323054,-0.8412234116725024,0.7866586611796584,-1.0746220049386725,-0.6233494316230078,-2.5969307427752732,0.7470182776511404,-0.941544975596532,-0.17484033907133645,0.8627917098269621,0.12209859888575544,0.1660175924733081,1.9652027590971306,1.3375433427988124,0.8902633181685676,-0.5652846811415181,0.9088538190663207,-0.3820122839887,2.1750555634503974,-1.662107869476308,-1.1858974609229307
sample_331,-2.380110662212164,-0.37143178098957,1.2694490041657793,-1.1527035030483415,-0.31156287108209085,0.2297169625987196,-0.1799244104030051,0.309168386458255,1.853464417291182,1.4899070683444378,0.5009023232622342,-1.0787766510056687,0.04810577550631315,-0.28766822662487845,0.17758828595184892,-1.713276967781404,0.7741025326597245,-0.11249022980051347,-0.3092553810786338,-0.22099898205112142,0.2532630416975716,-0.13840434289849093,-0.6183012600971185,-0.6864542109519528,-0.17098450100813303,0.10753377848125474,1.382291190785999,-1.0674400282248537,0.22265543168356883,-0.62128509164027,-0.16924853541847693,2.470395219213212,0.37077585835365007,-0.2575390561818389,-1.004535708670893,-0.18882311832261758,0.8389077209068397,-0.8228652170444636,0.419363058383035,-2.120259451843384,-0.5305240138397245,0.8534006479708913,0.7549949773410777,-0.5297624925786354,-1.7757789143119023,0.25593280451635103,0.42906434116167536,1.1373417851269034,0.5112821590325017,-0.16633323482703177
sample_332,0.1195186894427772,-1.8923299186415332,1.2537857595513384,-1.102958395363066,1.0122666751244684,-1.466060497305045,0.8948089776930049,0.5507380576005584,0.6580077281116623,-0.04119160346560942,-0.3595352228641981,-1.1189186408262755,-1.096411669114756,-0.6368050833979323,-0.33827616302526425,-0.30843055803320574,-1.2328515424305666,-0.4478076203548536,0.296051380375574,-1.4813441887270473,-1.5596461758064235,0.23558204603558255,0.05578891470531309,-1.4291356095490666,-0.8605998840008646,0.9907206818456098,-1.4974707457941812,-1.3252368126340615,0.4580589655309746,-0.9164897547041817,-0.5033212187952303,-1.274168973956583,-1.722506502765685,-1.4247340799235872,0.2562043022365183,0.37378505100359805,0.017829767874951885,-0.9513737488230748,-0.35836019726315355,-0.408957344899756,1.3033661057580463,1.12687940600643,-1.2383189207738612,-1.6568192957134429,-1.288637703173052,-1.4586537828788306,0.22743110280377676,1.837232519084356,0.9949673972543431,-1.4852830285495418
sample_333,1.5651449178667252,1.6200955333594773,0.24731511188282265,-1.693200711844402,-0.5958836005263988,-0.3267198760916416,-0.6480062018484646,-0.18889039864896662,0.31905598493471,0.036114593325588196,-0.006472276144509121,-0.7506307773611326,-0.08288608904517847,-0.22229075472158344,-1.758135613998675,0.9454951496686409,-1.0512552727140092,-0.5914801019943088,1.0243003976655354,0.6872642639884131,-1.742011106944402,0.37831396623954255,-1.4405782714786994,-1.5694793342275517,0.13706519627156485,1.4430774220274227,0.4899815631301687,0.4150310541553184,0.6476418962489703,-1.0947026830301871,1.4785737017876062,-0.34651968183620874,0.16494372955249273,-1.206253691301699,0.47757654774761843,2.854114918621744,-2.5392162148663773,-0.08509263940552726,1.2934644913003757,-1.4403642271169943,-2.1826810686273133,0.3764231410869548,1.4024526157075552,0.14270944336781924,1.3226000090895946,0.2134864868288194,1.5547083605847514,-1.9613990182049446,2.3406983006656445,-0.07773678914900695
sample_334,0.22625522974279713,-1.1008306753341437,0.015697452251359396,-0.030012831930342317,-1.2785661479078625,-1.0569234019596143,-2.0337782988149846,-1.756609441342632,-0.5725915808956619,-0.228705505513652,-0.8725077139131021,-0.7610733009214681,-0.10973008494814877,0.7152126822121042,-0.5796327403013176,-1.3099936013493343,0.8553232781999921,2.3904941425771518,0.3364422741569194,0.46997557487844055,0.07134087202198754,-0.022128814547480308,-0.9112983313075764,-0.7422329413817462,-0.935601935723077,-1.2879919559477393,0.08170369257357477,-0.712123105116454,0.015014346784013857,1.282009656275883,0.8888236748077706,-0.598040314829681,-0.5818037503086866,-0.4604074835503731,0.007339606999004496,1.03426080380721,-0.8398896561497965,0.684798580852536,-0.9296668900242442,1.811824300787063,-0.8541659755122062,-2.0293055436303296,-1.6808959445394123,1.4626456539673334,0.33386829354149644,-1.1001306036900365,-0.4518026452640758,-1.0008595666705316,-0.769303888244794,-1.0099538338332141
sample_335,-0.8623742542013378,0.19955791696976302,-1.304714131224649,-0.04141846006741143,0.5472136488186163,0.8272603170937706,-0.02135941013188738,-1.3951174690154757,1.150553017827743,-0.8438942663405988,-0.4312404426188608,-0.3403503249794958,-0.7975585567018872,-0.4771769161945123,-0.4905528318857489,0.3615353035303359,-0.9392077914624372,-1.1925253275334247,0.875707831393667,-0.09043543751342838,1.122842437291814,0.7883028805641826,0.090278610773759,0.05205152735292317,0.3869764055497548,1.1790516865975833,0.13403043171815796,-0.8045962701332027,-0.4199429802109065,-1.1732702253710765,-0.22750742468916613,-0.19464429064966918,-0.11419733374227489,0.2056760719613585,-1.1913061707080976,-2.4343320832220336,-0.11035520958284747,-1.555080448302881,-0.13147339167539018,0.07472486128664696,-0.880848342883049,-0.07451044728857541,0.20920758576817025,1.3000676290953332,0.4977241028807463,-1.0271081615711397,0.2927951502458589,0.023743465765878234,-1.0633974244691076,1.1209458173029467
sample_336,-0.7962639319453761,0.872105160940773,0.6844923716231753,1.854453926746625,-0.9863493872896152,0.9768501926284998,-0.8590897269112121,0.4936067690558518,-0.21255472169624812,-1.4422943295679045,1.9897302993100148,0.10577043840811533,-0.9211229161641877,-0.30401382057703064,-0.06841595992405326,0.2454788393250791,0.009276191879439134,0.1304316379701119,-0.17773623610067724,0.38524530345990843,0.3871798206762805,1.1023460729531611,1.4469240895468898,0.7307123462165076,0.9849671367767499,-0.4420717311565335,-0.024048266202953524,-1.4223562520906317,-0.8232234650068735,-0.3199417731381044,0.18983799320398548,-0.5376232423685298,1.122278196383611,-0.3415162836664244,-0.6754882684502432,-1.5754124831563003,-0.6980219287015839,0.027013383687981382,-0.3011335361545644,-1.07857743126267,0.24249690437749347,-0.9021438631504197,-0.17230109125032078,-0.4290605003542524,0.8457659693640864,0.5546770256771848,-1.0284390101256,-0.18068974103398586,-0.3925592800181344,-0.06084296896634227
sample_337,-0.13069885696629274,1.2322346244913072,-0.9428018989711873,2.7468313352212275,-0.905182311537951,-1.4475764931370314,-1.4450017424541832,1.3170461000022011,-0.26505873928587453,1.0251705879162425,0.06584868783893477,0.6850269899192342,-0.8698996160537407,-1.9476357555906327,-2.0309339533704422,-0.6086105756984894,-0.7323614529895424,0.5303334579530117,-0.0578832827384016,-1.9094956900367646,0.21333550199610452,-1.811770208056279,-3.0261145458351675,-0.3375030958937031,-0.31541929311796907,0.4223677607730557,0.922237945787394,-0.8771969228499416,-0.23137962746878007,0.6759075660417057,1.1869000184234617,-0.3693021342755984,-0.3726103969086915,0.18655959500953734,2.9834542871757987,-0.6247055694492104,-0.8218943293365859,1.079909364269327,2.0528365049291315,1.375693656916877,-0.6664885486374575,-2.7979990204490237,0.9108921618866984,-1.4080498349611552,0.6824477041814576,0.6032757674688126,-1.383597380231343,0.922481439397592,0.9835819432691755,-0.04329559375694362
sample_338,-0.5145351642410624,-1.7571936313935617,-0.6274787601451792,-1.0649310505665563,0.6590723759790666,-0.6074998702931278,0.0851283362406896,-0.8342603573285643,-2.436792078298234,1.003851849005973,1.4848375273165282,-0.6426610932999358,-1.6495764042465444,0.1397803205100035,0.2507274057500291,0.8207322311087428,0.5280760251556843,0.21636634309451463,-0.16815635406662383,-1.4262538387955275,1.0896582832513029,-0.7125562709429908,-0.31792871340146484,0.9926904017012135,-0.8331803929396809,0.6089789326805021,-0.4011717806634177,-0.7849506851300907,0.9433396759876792,0.18020945958645546,0.1998454957810237,0.3105366437512123,0.6373603066697435,0.7261768729907655,0.5378355541803204,1.1241957368854292,-0.40748130080381795,-0.6901769858923898,0.4646002518365626,-1.0533350218288475,-1.2539361319604856,-1.3136224767561497,-0.969999839578648,-0.19619116742583093,-1.3373223773221241,-0.33338767022115295,0.1689700275239842,-0.061071617813378686,-0.6207242610403663,-1.059676468416823
sample_339,-0.8408051585070007,-0.22867623379203003,-0.9238248215080846,-0.47822662132236765,-0.8133222901178528,-1.8654279026560918,0.5224020159169139,0.09463945454868974,-1.0675334185718148,1.93270883443947,1.440297491532169,0.6152136071787885,0.0892511722298179,-1.3148281475405816,-0.7646096106831498,-1.164694903723922,0.7852094498401387,2.69219007953087,1.6007864360280015,-1.0965391108031715,2.1835652711775597,0.7435342951944544,-0.6652515174267817,-0.23748310909681908,0.08242625206180354,-0.6032530333967755,0.09462276949488066,-1.2016486517001939,-0.38094719174589814,0.050747562085049276,2.0370897047776872,0.3392730439780868,-1.0070494770012421,0.6884845966344604,1.2960457758640676,0.6303392260723435,-1.5579272185521782,0.7593755453133757,-0.21745187583239595,0.9776307750561758,-1.390027014734634,-1.1661096259378188,0.3015533107332754,-0.7702781926943555,-1.573222561515976,-0.43003804344691327,-1.5090269930797062,2.5859389312497774,-2.036447474275139,-1.1297139099429203
sample_340,1.1201164417564597,-0.07424914411997703,-0.3924281038617249,0.29812460951042064,-0.17438916085657555,-0.0642076367304715,-0.5290231822667962,0.48316875802797854,0.35702513941749037,-1.2431316170956836,-1.2800931974583765,0.06586095370208885,-1.0869559018623491,0.07077641451270696,-0.25137953063037166,1.1641797099339692,0.5361819644001057,-0.5594573166683509,-0.5438890705167237,0.8845835296069037,1.0704847186602446,-0.3597417977424262,1.4993417358362484,-1.055823755359814,-0.029923296593771565,-0.2851453652298624,-0.025712664846958506,0.9497099827132912,-1.084972765360051,-0.6536624718333908,0.12907222071694344,-0.3352853722455033,-0.4027488184836363,0.12974363346963486,0.24574122313762436,-1.3670922739568958,1.661017699717213,0.6834422849997949,-0.3019542770968716,-1.462590397368519,-1.5327958278060951,0.6767114071392616,-0.14624351297832325,-1.2371443685596586,0.26985040972773433,-0.4360711743604255,1.8836778685467637,-0.2543808979264511,0.44640533341800087,-1.3249083721306583
sample_341,-0.04453556599332013,0.01563140595204794,0.31860903387678297,-0.8024457517931803,-1.1529055820647485,-0.8888267956014566,0.09842746409549642,-0.2120158695028928,-1.1540935747136372,-1.5880560620419861,-1.3797626743997946,1.0201008251875507,0.0740534249449704,0.15598121525001665,0.5170895496584819,0.2702973691646367,-2.135390462633359,1.3798570732617286,-0.771651391060029,0.2995956659915515,1.307347833858677,0.5282116432935527,-2.3078719975205058,-0.2856822393301715,1.119372256408538,0.27614157092775843,-1.2376425446817778,1.3382514964190275,0.4970588497463614,-0.9299897248960407,-0.91625756218855,-0.5327850557457425,-0.19604315630640826,2.1451713633617113,-0.39589543144706707,0.21705372565933598,0.36427085469795817,-0.5531344091382445,1.2382367367133271,-0.36637592315161177,1.616701251876199,-0.555858004892249,1.6010236864978502,0.05186212134846288,0.33749429217179155,1.2335366717863705,0.03980657130347272,-2.712919171147528,0.45442757496448244,0.1902358828593919
sample_342,0.21319642371625336,0.8213829085992751,-1.4097557288705598,0.9041057118866302,0.2606058336178191,0.3530521193698379,1.8154878597419366,1.3663355265943857,0.4058473840011289,0.3242545559150313,1.0910645791163271,0.18873452924636858,-1.0145622899623672,0.49349056447294576,0.37153784797449924,-0.25404584553194437,-0.6557467584029133,0.12426315157826624,-0.9238499164196154,0.07956677322690402,0.07319418523821991,0.2962070559578982,-0.8083310204975573,-0.5832489855656146,0.5561483649054193,0.7019184993770794,0.003961824300077068,1.1366403989493126,-1.8384335742657847,-1.1608891897115605,0.7714205046603599,0.5619538339959032,1.1659374075466917,1.6078126626816063,0.13892562415726578,0.6643988443355509,-0.6042938380999237,-0.5592733980004887,-0.09035104130861386,1.7355648411606084,-0.059063246474948365,-0.12884668059254673,1.961716535158675,0.6452029146567181,1.5966928468905173,0.5857037493212228,-2.1489205009384746,0.3532549716525656,-0.27083904956718646,1.109424911453795
sample_343,-1.8525145926548665,-0.6686433080580715,-0.03980741130820794,-1.4356783906812682,0.09672320631602906,0.7268073359539842,1.9062561341259139,-0.5161095784703045,-0.11026064597721781,0.6674818378505432,-0.3208021432440455,-0.807790544115948,-1.3294069613997028,0.02875326995691321,-0.9197504543984395,0.7131833422472941,0.5746163774796519,-1.3945866978004848,-1.6497208804581982,-1.4289655776769727,-0.21307629391451266,0.3702116799798048,-0.18796024006825385,-0.4086140029451543,0.07314397367109114,0.9591526820198802,1.2704287708142992,-0.6107576472281311,0.951185992085407,0.09154692553536926,-0.7367328019831092,1.0678146266325304,0.7476165436578086,-0.8144926128822183,-1.1928582415267277,-0.3550427854160719,0.552515177810808,0.4311171258100966,0.2814473524696492,2.1194437822112846,-1.2240473499000295,-0.4274118416140347,0.5535025426647412,-1.7272102208788043,0.3153146987866905,1.0605461476692277,-0.43690513559999283,-0.03837602723874866,0.8410030175368386,1.2727175671412407
sample_344,0.817349909876983,0.11566556231191788,0.13959084994550772,-0.6158571167993241,1.6616564182756919,1.1957367554455853,-0.3135998601537089,0.04675301887733252,0.395559867356264,-0.20689513734920892,-0.43193189878349975,0.4633303423310415,2.1545805770853876,-0.7752846578135493,1.0060151361717689,-0.5173913620932266,1.0826110594986376,0.29046286808092636,-2.1742531692154228,0.4813556304872438,-0.016459069424124714,-1.7007032649553457,-0.7553071783681453,0.6535104150591183,0.2800129692982545,0.21738212903814574,-0.13494473141162414,-0.277014481194344,-0.08624898287493026,0.06152155102924604,-0.0638458392674125,0.13665143055845236,-3.421404291288276,1.0146016656564856,0.974994989228834,0.52863802097432,-0.5274347189149619,-1.0261912441907999,2.190371860481765,0.7930745964409845,-0.2009808727785663,-0.9665517431047276,-0.922473263078654,0.4775362118174359,1.0060826755013303,-1.3092344562287757,-1.7960059003914879,-1.1605722924245963,0.2653004289588748,-1.4188925459503396
sample_345,0.0344523174048834,-0.9777582928932211,-0.33875509460778414,0.8991148946699151,-0.439426696690629,-1.7931135814128443,-0.31197953284760604,-0.0702513375254204,-1.9177612740856438,-0.5113362404437601,0.4912157303139171,-0.5692236780434701,-0.3343691053805402,0.8455804741573492,-0.26952325480221984,-0.9540180016226856,1.0232028782237308,-0.21423469656986735,-0.14423187054864697,-1.7229308072934881,0.03111560301897099,-2.4797445185224194,-0.750463113839182,0.2380290140815317,0.7652004747191526,-1.2843827233298795,-1.0270428348166054,0.5894992130864756,-0.9477457497205495,-1.230564578697074,0.4096965899717022,0.36705789430728725,1.5225265374811772,-1.4618025627035478,-1.223958599315891,1.9368239833718253,1.1596238187773997,-0.38285027210874695,-0.5423523256315687,-0.21915713496984868,-0.7462779388162738,0.6600561403610992,-0.010244865991668222,0.08929181812870413,-0.11551336552712535,-0.6401380811429587,0.3552732733571664,-0.099648583579101,-1.0322498378800735,-0.5183670274005245
sample_346,1.5767896219369972,0.18023346888554972,1.136926426783282,0.49444007067518586,-0.39900441352559785,-2.0519834620056874,-0.5259892595081824,0.2900048608174223,-1.2988314173696816,0.9962989048241601,0.006158392236808249,-0.9386259409975845,-2.0138165767802785,-0.9310088773635375,-0.9376468594226094,1.2253830300318385,0.6199809496964116,-0.923445986004612,0.9213960714895704,2.6098176405525337,0.7764805654743722,-1.4609331319732244,2.2573766817507073,-0.3571205369944139,0.8497133655423954,-1.7071271192827406,-2.588901126044469,0.3267963209092013,-0.5703501252225149,0.5582842439698036,-0.2823279908113826,0.44987146406417927,0.8189607239439147,-0.0034738592574858535,0.2120766597222024,0.5343066901679007,-0.17728739344797395,1.3617719455010202,2.511677043583442,-1.424547514436604,1.1077969828872742,1.0652875404050388,2.384689307022837,-1.5587340877658455,-1.5312668849385602,-0.6667563518482792,-0.3171233626098401,2.0401709271042865,-0.13725218594414343,0.07331939885913631
sample_347,0.703912050881277,0.27808329334930304,-1.1230631561091404,-0.4210273296997102,-0.12497356679393681,-0.8146263447977734,-0.674212657435268,0.9104718515216654,0.29830972984554105,0.15382318165866168,2.34726904520231,0.42962119494274725,1.5583232767579673,0.312728514809398,-1.3002456789430883,-0.27106212063337204,-0.4008938511648443,-2.288387526961753,0.39694653082451975,0.8814624591217045,-0.6126660954434172,-0.4210456804290591,1.3592824863844688,0.3956642670018637,-0.5560323982642021,-0.3743392631954178,1.7955980757857537,-2.130225926527077,0.42751386251502943,0.23191155617558676,-1.476471044228019,0.8301729522252859,-0.8609940157697215,1.7768262076358545,-1.0944441030737344,-2.0406438062201113,-0.3977654909858953,-0.6829977085621728,0.41493058782321773,-0.6709502818234413,0.6744988646162402,-1.5565077587546936,-1.2724798803738298,-0.5679191560448129,0.6232647783848297,-0.07873118922486794,-0.42869911840985125,1.4949313729956422,-0.13397954322781347,0.8609985140950468
sample_348,-0.19989397284585722,1.6212083341349763,-0.31778479209864224,0.22572391764737204,-0.7560500148468089,-0.4595301371934151,0.8697536021815468,0.7133167453627505,0.06709149325539907,0.9633659675373727,1.4146790298132021,-1.5046414617238377,-0.7864526254091357,0.30664704326610237,0.5761787005939095,0.02421925663352981,-0.08538678996377506,-0.37550459820070026,0.15341816981177664,1.7370920929322924,-2.296974194228881,1.5852866972230282,-0.8192276433909874,1.0458352304476735,-0.9054202525828966,0.18304785526312856,-1.1919859865931577,-0.7484933240522746,0.8058582405096139,0.5762465109766349,-0.47216930247008765,0.017384223355352012,0.5010000262293154,0.02384079730779443,-0.3042531737487989,0.06936327511749112,-0.1433247797290732,0.02199849317714756,0.2871721850202292,-0.26129622934722996,0.31977967514460626,-0.3655560413569871,-0.6059891377913372,1.1793952006734414,0.5924042233030155,2.017512041182878,0.9380597158601135,-0.44378468481297584,-0.6132672564287431,-1.2694535468087613
sample_349,0.8114013496890399,0.5303876098477048,1.6107708251189832,-0.6659917894872913,1.019046907351888,-0.22024791041568426,-0.08442607270269177,-0.3727442802586033,0.14358180790683395,0.18660163176684288,-0.30776510301519094,-2.5042264987354983,-0.11447410200014871,0.7807284932062237,1.5030091116347994,2.2028977694098795,-0.9726390554931323,0.4721835173662285,-0.06428649681471826,-0.7665860765440516,-1.0620534761188942,0.8414300917663103,1.1553006629241582,1.3581360815582044,1.2992318258353046,0.9630648341596549,-1.132549441750432,1.4618815416058066,-1.6710345278735437,-1.5611467860733188,-1.5777100487186786,-2.2183947108841915,-0.027775447750596125,-0.8523641345960378,0.5034668880878074,-0.9106547500828409,0.08255064421317382,1.546525126405462,-0.6192402676635982,0.04844682991820557,-0.04045845808568832,-0.7925492062782384,0.28926228571224666,-1.4150091942735818,-0.14846695025140222,0.40687658685869843,-0.989977278835341,1.196059301017736,0.8502750867702247,0.4833213681816263
sample_350,-0.16522441152101494,0.9855367505935381,0.9280868996022839,0.8535304719901095,0.7607162520244175,-1.5526545469466126,-1.8717732873656734,-1.105297452852696,-1.339659463380024,0.8375711197855725,0.4992623083899932,0.4083341253427316,0.49242015119763444,1.5783433964001403,1.3049947208021124,0.9218554953205452,-0.34998943546240996,0.02426714137029594,-0.6685159046573992,-1.5856304585107612,-0.35500588667927596,0.7208108046931839,1.2088706922107155,-0.6266104801318562,-0.11560220817891059,-0.9172896719897269,-0.9992161551559957,0.5952675387837693,0.8633878470604905,0.21537388342103045,1.1806576516433056,0.2884380495467256,0.07747548629350569,0.418518677009198,0.32990335758186173,-1.5722113248766134,-0.5862403070533082,0.557359061167073,1.1682129102173153,-0.5657765518319542,-0.069126758786136,-0.7218150488109513,0.32565836665705894,-0.5575703691287389,-1.0527619965145454,0.8602842006257674,0.3646844547675805,0.48211525104229846,0.21743905150580026,0.09809296519402615
sample_351,-1.1000831916116796,-0.5569826783758757,-0.29116874745815435,0.3155536503669294,-0.4638516969193456,-0.8782566247436311,0.2132760514735478,-0.6771750924186078,-0.9398158407234217,-0.07518438527262206,-0.0632669829671772,-0.0058436864494089994,0.9474034798196487,-1.4275757119216457,-1.7518742400447058,-1.7571248042447536,0.10633368673063134,-0.4535947553823946,2.2437386892860043,0.7591940902735299,1.9574046694276128,0.38514024272255437,0.17669953425889817,0.27478749920588064,0.11875171103872632,-1.493954922959186,-1.603215600314095,-0.5390665994328957,-1.017648424983102,-0.10130684553672996,-0.6334601636717975,0.6416123420565083,-1.3899684448285086,-1.3400983718859325,0.17540632557045044,-0.9087293068426696,-0.15158631911990492,0.7706098360162097,1.2603910299958232,0.4687022148991143,0.7519322405116176,0.23515759358206434,1.0156834440557063,-1.535213405806885,0.4443030945170655,-0.43649623841222607,-0.17654573649850505,1.2485059770510487,-2.1571757304747785,1.81663612421969
sample_352,0.2376763178950454,-2.0151054309617806,0.553924900399021,-0.2787823564316677,-0.4614724390059511,-1.101166778892271,-0.9892986967465237,-0.5590375361601697,-1.1999236544394514,-0.5479763761009244,0.17606860736626495,1.7936095067497588,2.6488124132051913,0.2805766875941364,0.5269928810652079,0.5328173928764642,-0.6064389092624402,-0.8570247683622311,-0.8889958033210176,0.07956614783636706,1.5366318150390803,-1.1851419611004887,0.2648783143186496,-1.7370382725633047,0.616899366613823,-0.530000931012265,-0.491769675350106,2.1871717387030114,-0.3730170868280678,-0.7793992180437492,-0.5662676263888511,0.16845236667488672,-0.3488364060245193,0.07690023591382998,1.297883196138614,-0.020957633037216428,0.7424280259495859,0.9307958332060356,-1.2862591658783502,1.1801097188991165,-1.8968465948115676,-0.26341166141147154,1.9414521384767476,1.0174636400795638,-0.1685127346817948,-0.45289828616211386,0.4279840411031261,0.36803726976850254,1.0701959311097016,-0.9874881318649956
sample_353,0.2750702705944135,-0.48964862514761576,-0.45719218069300277,0.21328195616599935,0.5602449229404016,0.23936196594240505,-0.5693461791430039,1.4284505119483375,-1.2552864582720185,-1.4579609700616996,0.42735825528749494,-1.0926818731037131,2.3398225251220985,-0.6537774338352329,1.050258479339052,-0.5614076846291256,0.6847255551543469,1.524835616739611,-0.542641865509672,-0.14026418585900233,2.6370792852934106,0.4737581570887124,0.7921642951340125,0.6924010783427246,1.4237185433868995,0.08634493550694118,-0.22255620364780973,-1.0042326112055648,0.3111261150213046,-0.884980587813967,-0.3069274845809861,-1.3702169672954807,1.1822490287405296,-2.5643677573267367,0.7081637507048225,-1.1994002265818617,1.2227025115470238,0.1080057445279906,-0.14433862821094554,0.3540388090702088,0.2677991480766505,-0.4812272394942099,0.4609893837805589,0.7608663102278935,0.6582325312290973,-0.571080700450625,0.49289931364628176,-2.3292548290201194,0.5029698063997219,0.6775997287373946
sample_354,-2.116207592608314,0.2827393102299904,-0.31413635852609395,-0.4986002205207099,0.4912386486553829,-0.4184190871110291,-0.977077619883387,1.2153029403703535,0.0068997127761900225,-0.799156682265339,0.4033374513904446,0.08321127583534751,-0.6092259969622017,-0.042691177958049574,0.7631936174303877,0.48016305278790333,-2.1180160146428926,0.5828223488296359,0.028242861140733422,0.13679087871387588,1.3334033130636882,0.0449245326696437,0.1372820546638335,1.167160232931068,1.1433243537599243,-1.36278425235902,-0.18087511365386716,-1.4531842194538978,-0.9316177716885579,-0.37928558665068396,-0.34139936927629194,0.1824796085726836,1.703747458770663,-0.707145934522816,0.7134093326369111,-1.4246954530038327,0.4906430751874384,1.0303074799887737,1.5456368223383687,6.796138707093151e-05,0.8349130160754946,-0.46473595726618494,0.3196952945826348,0.4932464876142063,-0.3284413219032351,-0.6005807927081253,-1.7172958744739064,-0.20633092962697755,0.12954119930575733,1.0405157270388596
sample_355,-0.3123561537155843,1.940777180492205,2.107425198050548,0.40100190949688175,-0.7922199344229273,0.7469410236555498,0.28917342136866103,-0.19368711324885465,0.7201658947245824,0.8351680880792558,0.575140159625771,0.9525848965380812,0.5131014960178588,-0.6302569410769293,-0.0014116302280868052,1.12973327018479,1.4166990517411417,1.2043929894213012,0.38193721461358693,-0.18599647721033585,0.27007121288450864,-2.403149870217933,-0.9731377366132553,-0.23703699350434695,-1.236557545124563,-0.0172934695201399,-0.06855735712004081,-0.741106690380405,1.0186974157378836,0.9903585457518232,1.0984793343553514,0.8294205849910786,0.025083942383930687,0.9901344766703543,-0.5551670384643733,0.04805184176692631,1.2977138148812797,2.1091661723521176,0.2721866875690958,0.7189285620567163,1.3972805721856953,-0.7937949197668858,-2.0021570459111393,0.1415634310514608,-1.2239606306448532,0.1925748183549173,-1.5636720411860467,-1.162998911680705,1.324011490284702,-0.395748686353857
sample_356,-0.47250355649898607,-0.24479258530711062,-0.8440434231210476,0.7995745384397435,-0.14212084221484247,0.7243452128774472,0.09741686522229706,0.6030558682718784,0.5311334305062058,-0.9730758189903977,-0.42409355544602567,1.2406782583729552,-1.2309154011275276,0.5512419736230824,0.9654615234868421,-0.34367865580104917,0.3301530958534958,0.5435894350680989,-0.3743514857238985,0.5170260637374956,-1.0874605751664856,-0.34013593639606315,0.7265694978803627,0.2309796137479981,-0.3576412132448628,0.1171320955311125,0.36222327916849284,-0.5177968430387903,0.19436672399841176,-1.563251212561131,-1.9622750755485814,-1.0339300096939001,-0.18390231277785385,0.18371690064913945,1.3085672560124615,-0.9602657141290688,1.1427020179638647,0.6964504054363815,0.6374790695209166,0.16066505808962572,-0.19178183980599312,0.496979718824862,-0.6619846962194346,-0.8199271092989906,1.9852768611603167,-1.5944550364003665,-0.9113545516004421,-0.8285301125799549,-1.9431377452329581,-0.8887489917262037
sample_357,-1.0824313632804723,-0.06948767680024402,-1.714294214863732,-0.34480293664403505,-2.1308937066560425,-1.4904975365291786,0.5172539029203713,0.31124052729864526,2.449671533963978,-0.2914354157777011,0.9865968961345499,0.48613374642223556,-1.90672468261856,0.903353689651013,0.8285692028417253,-1.922308712178446,0.05558082344708856,1.410051385844034,0.229542246740533,-1.089809943473439,-1.464560875666668,1.3288649574273255,0.8718897564781283,-1.0759058405673845,0.19462377175832776,0.3479968284048706,-1.7690740205779423,-0.6699244751493125,-0.5682492151901932,-0.1631031624788881,0.7384842356771942,-0.7492459422659777,0.2925863521498179,1.3737087436596866,-0.4543259282900961,-0.1356314004259856,-0.16737434194611067,-1.1540957759100048,-0.772611555301109,0.10039231896111464,-0.3183271150815125,-1.2096276808132527,1.2335715202890576,1.0138869968071296,0.9091446951358367,-0.8444088391230906,-1.1872413112261146,0.530966548767881,2.133125229841601,0.8424377003091316
sample_358,0.6975556840606713,-1.0460556222953132,-1.675309313977151,-1.1068891567936352,-0.5059934595390033,-0.12771076973690854,-0.11590050113150814,-0.30119030427334736,1.627829729556196,-0.8338094360453202,-0.07224831496792397,1.0486395555806256,-1.272853196507269,0.4063950928357384,-1.00013219559725,-1.14721064303349,-0.5368196342485518,0.823426938767203,-0.21944022287524623,-0.46360207745595544,1.0473696934945966,0.9736018009415492,0.2365905752569808,0.4509614689316065,-0.55942283402979,1.4402134270218947,-0.051218003441040556,-0.1418696799941511,-0.7010752995292985,0.4953325395442154,-0.2520917348382037,0.5120752060952174,-0.6449681261810262,-1.2247017838524588,-0.3600359247449043,0.7665525392301016,0.872732151419639,0.16757368974169423,-1.0637830069109016,1.135300304385692,0.03149243782946432,0.5582685403637205,1.2378717689637546,-2.3561153975845963,-0.021599909312240543,-0.7335475588096306,-0.10337746652114267,-0.06292095868043976,-0.005579201748241371,-0.753306680636923
sample_359,-0.824571226843321,1.2595286256335962,0.955314843962461,-1.2884798124228543,-0.15239203917617997,0.4296836627138725,0.4294775325444604,0.8963047459539001,0.5217534189582241,-1.1951670223370991,-1.4025716899686749,0.6187791721050234,-0.08738757109756325,0.8426496169852115,-0.3347756227481155,0.4017085029184937,0.6273614169431052,0.6974110244230507,-0.7231513752098276,1.1816734064572125,0.5056455493200697,-0.07896269040463812,0.12702782576251334,2.5928650769370343,0.4759503955365282,-1.2979033246474438,-1.544694825003861,-0.27971295656397305,0.9840777886788972,-1.3731443907389125,1.0932301727510385,1.2983960182579795,0.0005420350362920001,0.3006504455858666,1.726591496076359,0.1057386200713016,-0.5688961399201792,1.305116951708772,-0.7384205871733469,-1.4219774039334554,-0.06208955864904106,-1.5035500567062468,0.6855638185776519,0.5970768445538508,-0.7795599876151479,0.09187265523792762,-1.1031402851054568,0.20925128832665113,-1.2333135139643994,-0.4340372729191473
sample_360,0.9237098155884247,2.1262224143332165,-1.239628678938341,-0.11896226796443708,0.6543131506474321,-0.17471493250770959,2.1059146083565183,0.6863891215901813,1.4307857348646178,0.9443799105815902,0.5494235105593813,1.6743876671311566,-0.16206229739536018,-1.573974682570564,-2.7770682747458206,-0.12911608625916524,1.6364116711409755,-0.39775043994909376,0.8234751929370087,1.2225390053189322,2.6139888920700587,-0.19631864837879714,-0.5250308877927573,-0.0591950627076702,0.43482225614302944,-0.15141685277960454,0.6711775526830782,0.9576215218409129,-1.4174650517199938,-0.5079534452832727,0.05798455838908968,-0.8450358068800908,-0.3814046639347952,-0.9385407982346818,-0.18661390522209312,-0.8325119084352652,-0.7439084434041071,0.4583352129523149,-0.5294415066099497,1.322656996151708,-0.20063977269301897,1.1547187268764993,-0.6271801692883352,0.5778956667106467,-0.2095053658485141,-1.3913912028043065,0.11466840275587839,-0.4372546753537502,1.266207056936737,-0.8568717303476956
sample_361,-1.1821580334230974,1.1668841258160252,-2.0184419312009334,0.04927769661911822,1.045229860429697,0.45952708878577037,1.6516454018409095,-0.6118888484991494,0.025786564216902556,-2.2210439190793196,-0.05298116150552868,0.4086438332248796,0.5034975075061323,0.5186109506143953,-0.017131386634720084,0.4355198016764847,0.5502887631091872,0.18591887029748516,2.528106415040046,0.8842981234217862,-0.5804013471714916,-0.3306576764008286,0.011436496316280414,0.6269878411389019,0.606843891662478,-0.9315495067043063,-1.1969656735100167,0.1377698986510632,-1.8900698990421425,1.7721596948632514,1.5669394094707803,0.7596534015248328,-2.5550749800939654,-0.9021782418586775,1.1387441450842553,0.07257333892650526,0.7935990258989433,-0.617705287466577,-0.2857741009803173,1.177804436691025,1.3477474192134018,1.5378015245715253,-1.615273427389704,2.193104571075316,-1.4560561733448476,-0.14577287350467008,0.2061223175626651,-0.09084207419340438,0.16609158744446711,-1.746734932668796
sample_362,1.7056036710742495,0.683691713580486,-1.811907293865934,1.6393902796560456,0.9395614536727411,-0.31440851825067817,0.2636146598293098,0.5936793176691011,0.4602254434169644,0.16824631974137702,-1.208411400124581,0.4147916550823258,-0.6143844503590022,-0.846536702173026,-1.138303846602899,-0.4580555184962022,1.9054742743149045,2.378580746242084,-0.14105541765724028,-0.20769824216400584,-0.2871822474972305,0.1826743817228666,0.22769315061271345,-0.1534423621326679,-0.2301182385443993,1.563852336341343,0.6845666483493689,-0.20517669906652888,0.35627913663622013,0.9543084638409943,-1.3662018156856517,0.6724042621253826,-0.9463394820070136,-0.013150651452687795,-0.8296558633071995,-0.06750839383195194,-0.055007090102494646,0.443850900363651,-0.792243453359787,-2.1848984635635045,-1.4516318842113294,-0.6777805447918195,0.5717984856580435,-1.3445344086222422,0.2087195432670727,-0.2473225592675804,1.0851516809607171,-1.4635624505550553,-1.1225689050581003,0.8775037208376334
sample_363,0.43557412710061516,1.575178625921093,0.2339644362762744,-1.023838809783726,-2.004626614670086,-1.5415410346845735,-1.0531592173658206,-0.014968196846035245,0.006667836776865581,-1.6161212824523,0.1435097201703674,-0.3556893410330162,-0.36608914475462156,-0.32840313397465304,0.2000319336267877,1.8153914765634178,-1.1510012791833788,1.3043641970607054,-0.5378415816901434,-1.5133670727788437,1.3154557253887633,-0.6643297124958887,0.8090702072661141,1.3698039215777627,-0.5819665809462996,-0.8265066498991638,-0.6714053503649967,0.1476674247722248,0.34432137535846613,1.3411728796558293,1.5099056756939884,-1.2899468480644387,-0.782945698404329,0.6501335418728144,0.18322592073091387,0.03337570905386464,-0.7832366126157413,-0.6365946785100073,0.8053185411811787,0.15215192965325222,0.5334984794644371,-0.190440048974497,-0.4540666498804189,1.6504422416433138,0.565782918791401,-0.2420716254493106,0.6446945494148889,-0.24550078430134514,-1.6062707144684707,1.2187063840217467
sample_364,0.6204194951140289,1.0545732723448609,1.5859556936368375,-0.9007351930931204,-0.3305317148873337,0.3370377754856157,-1.265653614540403,-0.45964062223227975,-1.329796390659626,-0.4224862681814537,0.06982193346028692,-0.25415198470852496,-1.2976968665868638,0.34370093443318467,0.002975048135715873,-0.3060338053757987,-0.7324235410561447,-1.5330832867478557,0.2771150455423084,-0.9580573760809177,-0.15668743722928755,-1.2417756398858564,-1.4493725350893505,-0.5270747497554359,-0.16325457618824607,-0.057690858531780756,0.005765220004616136,-0.2717522487941555,-0.9285015654018242,-0.25533933123979063,-0.8494254526066919,-1.1059904255349762,-0.0718842408327725,0.5296434805342572,-0.010516693443479167,0.0023568095981354293,0.9932623104151203,-0.46021040967559185,-0.9477954417823442,-1.6330783493499028,-0.31187243225446,-0.7663650857582961,-0.7733720558324536,-0.9058850024516668,1.1587963688083596,0.2505851457526136,0.8347815091410213,0.4307823160923595,-1.1374131000077126,-0.380516560563352
sample_365,0.936036157324101,-2.499568480636101,-1.1913635854467317,0.9435798092763206,-0.5415072354415436,1.8543227705965415,-0.49578015196875086,-0.5165716528321983,0.7342374410410839,2.0384658904365547,-0.05643606724041138,0.20966408463506594,-1.2051370202375502,-0.5656922680302983,0.5045806794792066,0.7264678492826049,1.388302556109014,0.8127840779948997,1.537453832190873,1.1707472928835128,0.6263539257502652,-2.1935589530761006,-1.7645473129110418,-0.3406572686706702,-0.1833392158152302,0.023849931379114123,0.3530565261645809,-2.5663639448953774,-0.002082797894817802,0.6300292982861181,-1.3603575400086054,1.1168051519848434,0.19699811727590083,1.6849903385005949,-2.497582250243816,0.7655475558508693,0.17939312380048536,0.8462176173045177,-0.2681046592848856,1.2033628227196735,1.7788849584139226,2.6279963448604384,1.4821327959483868,-1.0616102495596282,-1.027552481385942,0.7465716803824924,0.8865738910827597,0.6980903681643904,0.22872933377282373,0.005902314410926022
sample_366,0.483702187252645,0.7892207135881447,-1.2809779968471275,0.8158269888690183,-1.3991373612259368,0.3645092458604393,1.6826728589904043,1.4736635718893063,-1.0629517779371689,0.0010760803212592398,-0.3006731989652111,-0.7911189375412397,0.5024845202757994,2.268947238278307,-0.41077608661192666,1.5218617524590197,-0.3056437820953858,-1.0824581714727521,-2.135844930872976,-1.2737854962628343,-1.0276632603638198,-0.32830149237399175,-0.6363835908148984,1.6065633632825742,0.752566842376221,0.43685812009059044,0.4201955421533083,0.26789766540885857,-0.1755907528698265,0.20771195373464668,0.5141304327339651,0.451303614402486,-0.404664427781062,0.9290365925452259,-0.9044724238771872,0.9737738229881954,-1.463253998568109,-0.30777154594772554,-0.5396449262648444,-0.41652091710606926,-0.24289672022372116,1.1538729591259596,1.1507654828059282,1.454480727239701,-0.7664542139966848,-0.026475327863368956,0.48650121194777757,1.1498412083231988,-0.7508888585793702,-1.934972759061667
sample_367,2.204530575003286,0.010276509781273655,-1.9294447188496988,-0.2099455143413926,0.5440828260777982,1.1129209110654603,0.7759110485237996,-0.5315870324628259,1.0882584257173413,0.40434554941884815,-1.7130738060962378,0.5936546190833296,-1.6450361060178662,-0.911450995054517,0.12159196462223901,0.1028043124669384,-1.1126453767983242,-0.7464025427409845,1.4910911961275897,-0.06287101354639568,-0.41862179049895476,0.17261322878478297,-1.0510590857563729,1.1060869866212588,-0.8471055767542921,-0.5403277769830112,-0.7604561875752638,-0.2894982492562829,-0.41592902248201935,-0.3568776781850221,2.1702226119780423,0.7771185708407413,0.01496815361420185,1.157211303587447,0.12139124507981446,-1.0439700584687794,-1.0132682415825571,-0.22485043964221715,-1.732183097582687,-0.08864355434435475,1.0449405804604048,-1.475691542068622,-1.0259997964360261,-0.08043281064901688,0.4886241426894663,-1.1694663905577942,0.29427294866611126,0.4325391124987908,1.4706847986374563,0.3122067563759905
sample_368,0.364142425833982,1.779142468685444,0.8101313928842222,-0.6243132976931306,1.1944092459300857,-2.5536804093213665,0.5136179934669082,0.3805117952215887,-0.38523513766146655,-0.20958092134123243,0.8549429243520252,-0.1916811637288988,-0.20757117055385813,-0.30350903792687434,-1.1607217310226103,-0.8082681222221256,2.727315399250995,-0.05144705220975637,0.6992643790918911,0.8719288790140671,1.1744496783631864,-0.6979557572263623,0.7409647514658463,-0.725005333753683,0.4382683916298315,0.5522722717242543,1.207248282652064,-0.5355702108031921,-0.4633808501022941,0.12716998310948338,-1.5290838981453585,0.36517041925620614,0.33986799046467187,-0.24855888785317562,-0.0757503670786348,0.6347651093702514,-0.3268394698821686,-0.09590665810649211,0.7580582260773511,0.5790900290633548,1.1004798698667762,-0.7367155377562372,-0.8176150934674039,-1.2504719765069188,0.7626279975410778,-0.3567229421302216,1.3032607026802252,0.16763493872622912,1.3980673843807285,-1.2213700492939785
sample_369,1.288207814161122,0.21882207200997061,-0.869814536897177,0.30062032807145767,0.4287133706658013,-1.224586853602945,0.4435542776491075,-0.5413775753908059,-1.1277990052334723,-0.33493225184211994,0.3164219710590154,-0.6217405298071086,-0.7003918463508851,-0.44491974605242807,1.020898539894057,0.12443646499160695,-0.9105383201971775,0.23726134912205296,0.24646269998125672,-2.2642726655754397,-1.0719799353156845,-0.33421864876698243,-1.5038366135459111,0.09505168069497826,-0.9052908437693804,-0.190282936315856,-0.9543776518686973,1.3925523488459564,0.20730756687152288,1.1588869991760353,-0.15740274244047758,0.5814300504779568,-1.4691772833002343,-1.003246098051302,1.0011466837770266,0.9277969777015801,2.099528348229961,-0.4732327213524228,-0.9827394756450326,-0.34960149724596346,1.477376597406894,-0.09515382463580979,0.8759016024723211,0.15994101779727685,1.6584011057242434,0.8569145085573827,0.5138049293531782,0.2081418029694829,-0.37439010289907887,0.7411312003049594
sample_370,-0.39932665467371264,-1.5030762115085592,-0.5925666510631167,-1.010949739159997,0.4132496896046354,-0.627447102173496,1.8396268066955916,1.2323939278955083,1.1781526951461934,-0.21921926750520437,0.3645271889738564,-1.0289080973546563,-0.7271972234875256,0.9147554723704328,1.965092901539623,-1.7263590453496407,1.4180545871615657,1.844453651444003,0.4761088946049701,-0.3216734454068207,-0.8379103779964912,-0.7429782756036926,-0.4370326170188561,-1.0926236145874604,0.12060038432913324,0.20909941258222065,-0.97663935915882,0.3635634555557279,-1.4133016389968467,-1.6150403168183078,-1.0356504063618093,0.2901655586181513,-0.14134629764285,0.5410646096531465,-1.7381795554093165,-1.246271032200385,-0.08372781043223704,-0.6560204156599327,0.6993458504785799,-0.07621863635195784,0.13613446723063105,2.0589875797243145,-0.21282628505718812,0.999673882199802,0.7004850737418591,0.9280093867845391,0.31692329955158915,0.07719014158851951,0.7173400526525047,-0.5994208500716819
sample_371,-0.34525220013500263,-0.3611695537826409,-0.08223715482709673,0.3218094463914521,1.1968778097991504,-0.14847158765161975,1.5665288148249918,0.5672721044378923,-0.3750545070790816,-1.1513997853903526,0.42212923517697365,-0.12070030551802044,0.3099855014077978,-0.6510087573593996,-0.9866739698157886,-0.37994140323029674,-1.0380986845946507,-0.3193559879311252,0.08390096990814064,-0.7792791964330215,0.567637248862873,-0.5886132512325418,1.149817970731821,-0.1565644736990173,0.10584235203654398,0.8511226438108964,0.040477973482845715,-0.2045979142187779,0.851864335909972,-0.8392388646813964,-1.142569013428194,-0.3114324433014785,-0.07396463259855125,-3.1792735171974864,-0.406356747069,0.16125162076023888,1.1756289355844982,0.06804103317653869,-0.7364829338978972,-0.9125715167765096,-0.599500924218547,-0.8691936717852252,-0.7741010690191813,0.12161193713818275,-1.118189823166101,0.7885052816906857,-0.22061941851039457,-2.0195384800971574,2.9802895516390584,0.346307057811128
sample_372,0.4656031583579106,0.13697872383921283,-0.6341631084041913,0.6927946711430839,-0.9342400226532842,0.13356084233273957,1.5402146137170347,-0.27847649572711414,-0.6921538842941832,0.5327934041524246,-0.3086852515453003,0.2977123842577842,1.6606976066993346,1.5965622686359235,2.5549471059609434,-1.91143002697642,1.9379028872724067,-0.16345602190159342,-0.5189825769702807,-0.5527039870180932,-0.3705797423839066,1.2377931788265677,-0.09210261661857419,-0.18724476279136956,-0.919741687721552,1.004047006570202,-0.602231978053385,-0.7587819562528918,0.20758735573497591,-0.3161394027388137,2.1575375612935535,-1.1811573957275803,0.2656552320856248,-0.37020223548408593,-0.1696422774086896,0.7080091452829268,-2.0730528325789828,-0.3892794485302242,0.21890805510830105,1.4727641436358432,-0.3836324076946463,-0.39736469670986874,0.008842443144063234,-0.5118054998194659,0.282356128505614,-0.4494401764356388,-0.3861050053455748,0.178455610258138,-1.377031018626581,0.023407659381785108
sample_373,-0.41648919902126014,-0.004290211522270733,-0.27678655318938883,0.7683725912566822,0.5733406036640787,-2.4399514017745063,1.2365237907295523,-0.9589647043811326,0.007276347068111905,-1.7903487410825094,0.10120061535905768,-0.5908865622145855,-2.6331220996657856,-1.2734600728908763,0.4527986368546413,-0.6110632708980979,-0.49790201587052485,0.9540245805274161,-1.1845374847046632,0.4953708161801029,0.09138180936002537,0.09233865412294363,0.06750102823381697,-0.6455535598238992,0.9413404247154146,1.6295373778735471,-0.6994303225540962,0.4099988568327582,-0.9310623957195817,1.616115340266345,-0.44130969572154377,1.2616250684891852,-0.07185131263440168,-0.24970339038612877,-0.848643418293697,0.8046509085311431,0.22304649567808088,2.4816482203634473,-0.8751769980183517,1.4145756596570298,-0.4008636340616737,0.0650299355507527,2.0077338978144597,-0.17129488305543625,-0.9835176068239444,-0.3688664297720687,1.4181128555494142,-0.5539064726875966,0.05758030631428917,1.3667155957039578
sample_374,-2.4576429106435183,-0.3130284277778651,-0.9423900423305943,0.10789275621247128,-0.521740045787358,0.8001406946224533,1.002869072052339,-0.20352361172609673,0.15259444597764676,0.39978353114195964,-1.0095822356272903,-1.3296039848619847,1.0251693836306561,1.652645410969166,0.2679192324249595,0.41814373827043694,0.6260098457066502,-0.6341708178610372,1.3250232338517736,0.015733040967388496,-1.023967897580318,-0.8694217318278765,2.2047289291766274,-1.2062279558799607,-1.3768991681426477,1.0053791052418775,1.3743740263450064,2.0726779401708226,0.31615872466370276,-0.17063660350424817,-0.287751767693853,0.6796244488699948,1.0940356034961674,1.307411776256691,0.27301878684713027,0.9504860233635197,0.14675431619267254,-0.09909571878042427,-0.5591293913142243,0.46002988434287095,-1.1633483673812106,-0.3935260628832474,0.23323388762179934,-0.9916318091305195,0.1993678979933844,-1.4163000116784616,0.8374999428774261,0.1062656559315795,1.6639909905163799,1.7693057908065586
sample_375,0.44834303569249867,-0.6761902437279939,1.064977191643343,1.163342967800706,0.22469217406362715,-1.0692375394791096,0.366752968341794,-2.239445952061693,-1.511478950837901,-0.02465139715590556,-2.0777109511560123,-1.7714580992130164,-1.7282019116134368,-2.4184535503709848,-0.7729107718701965,0.04246844045588835,-2.3995678855623126,-1.2636349978011636,0.5167011060782136,0.2997479170112683,-0.08467695694848724,0.013053735662987832,0.523333067629848,-0.6046378887169926,-1.610443342182204,0.42896370594657135,-0.12463187494617185,-1.3930394630864134,0.2202392247222412,-0.402988736551387,-0.8118626941745385,-0.5427836711621923,-0.4897688594678458,1.289088238882149,0.36751950522974786,-0.1246533659257482,-1.059588050135582,-1.026399103945404,1.3758778417333852,-1.025053037425793,0.1488624682544074,-1.1745833206151959,0.002223719986429955,0.21192341838478249,-0.7134163573795419,-0.8737660941187436,0.2746136340598779,-1.160059077586164,-0.3930393384551761,2.1968067181677666
sample_376,-1.0593323697728674,-0.769570274645395,-0.9393353677563799,1.435774803784707,0.3803944880037079,1.7124300326182957,-0.09261116053639411,-0.8884001597164656,-0.9245299100314266,0.4540046941719065,0.2413408590330945,-2.1323930650073377,-0.008904412664694909,0.344964407220216,0.4385501699779723,0.2709806994524753,-1.297513992005047,0.8770993371402089,-1.0163926270193573,-1.0005172606668242,0.24722217512322003,-1.6799352228720716,1.384569024966778,-0.06652291722972148,-0.9342005202933737,0.6656173314561473,-0.4701158785506721,0.6644674847312584,-0.8716644429793468,0.08001235949709568,-1.855322882359667,1.2236416241009032,0.42450523781223265,-1.0993409908726508,-2.2628573564664713,1.6244773784117932,-1.2472009403632234,-1.1644765425454076,0.8181984494711931,0.6606202670441699,-1.337584547189212,-0.9837962614697487,1.2106469269562707,0.9298013223690694,0.1864685199537704,1.589786103038255,-1.080277984170096,-0.7642763482409486,-0.020108662421282765,-0.2094507513226268
sample_377,-0.9559634757812024,-1.5870991611700789,-1.1132489491457502,0.5107411270500465,-0.16984417315470562,-1.129722896691907,-1.0136383652356813,0.17887583007392108,0.19329147757332002,-1.111899104413634,-0.26284372820451174,-0.02012739624712861,-1.013229888671071,-0.2787542791225152,0.4078840012557759,1.6627405803431112,0.31697172605304996,0.9264035446460073,-1.9899106185683089,0.06289314342428144,0.17460094657497321,-0.9275594769620796,-1.9512552533598637,-0.25229988851923485,0.20926635478100028,1.7300473124888247,0.5566508376191155,2.1836233628421953,0.04893734572192138,1.0265244280632124,0.5683436614574957,-0.383449269939838,0.3147027677091209,-1.012225826573604,-0.04801842316832765,2.0013668613346898,0.9030372775655128,-0.9826942458574832,-2.2130101151245625,-1.175007717872734,-0.1479997182807394,-2.10046079790378,1.4214848026704816,-0.5540079994849397,-0.2009987262680129,-0.07808202392636611,1.000086884090527,2.853552658127053,0.3423989121233609,-1.627908157358853
sample_378,1.4371171862651588,-1.1396141937233193,0.48986142448111425,1.1002112355501374,-1.7976457446289593,-0.5357365279720286,-0.16790211343458766,-1.2550600952729314,-1.3180791394103701,-0.1266619014497894,-0.8831194373381562,1.1705925240772013,-0.05697543779903545,0.11462014408661397,0.26094857333987775,1.0793907309238067,-0.28066043298514254,0.18130303696680844,-0.2900688191056605,0.09397015997962153,-0.2758050249885511,-1.0045871180927675,-0.9613729600412068,-0.24366860112023667,0.515580098047063,0.48587644195717516,1.3684076426225704,0.6351164414693419,-2.1870575591210852,-0.35924738502896364,-0.9542791400291619,1.6426913230407105,-0.59095294540929,0.06740847912323591,0.6118426566765479,0.29498272367650596,-1.883417889187197,-0.42512604343915855,1.2931445083468769,-0.7226698618718206,0.7555179388189303,-0.9852800755399308,-0.7161577221915866,-0.04334427603751912,0.415904626154435,-2.1862581570624307,0.3036192430801284,-0.13135796965070204,-0.5895952280390243,-1.7086449897119833
sample_379,-2.8146449381568344,-0.3735547630828739,0.809128098486017,-0.5629559784792524,0.011470832504678459,1.63267812467932,1.7657279519036109,-0.915726089893538,-0.7764155817891027,1.3880189814234438,1.1755875337581436,-1.6730843011954728,-1.794965893985461,0.6172680980617462,0.07906860530182788,0.05187011032217014,0.3953601094736129,-1.1551380869249903,-1.0421910924659226,2.472499506931131,-1.0434952017301813,-1.552601237882571,-0.09306389182074666,0.774610763021917,0.11779944131591595,-0.1382745648267125,0.7984434169639845,0.622746734766781,0.0009795081998856077,-0.5802927104035209,-0.9742143415136205,0.9972237040552169,0.8642472011467751,0.07375254211779049,0.37214140091601033,-0.5899741569160057,1.2162489569507025,0.7513489274814272,-0.08631631808099179,-1.7631630395899305,-0.16431362963642704,-1.5025237196496999,1.4527716123208754,0.34650866553052495,-0.7962116924709228,-0.1928956731465816,0.1904446320523373,-1.0047124014778261,1.1792872324819876,1.418262266155434
sample_380,0.22421403506261917,0.5164417203291357,0.3085122823968359,-2.0575521098639964,0.26397367044577424,-0.9099215162438554,0.9254509996909702,-0.01816387692227826,2.0488620389734256,-0.13991964601748896,-1.0569429532368628,-0.1952714315983791,0.06582514574475712,-0.3155025093643778,-0.46936897940638245,-0.2369848813906941,-0.12195518609178882,-0.8252879607216839,-1.5378796485391242,-0.9555532833291984,-0.1044997539455264,-1.0584563969057013,1.004303133774558,-0.8009385993343302,-0.19090578825685087,-0.6524390103138282,0.8151566778864029,1.4629313648669173,-1.2328676983926878,-1.123916674242802,0.6157853204250299,0.5759821651895924,1.8069486527094325,-0.5803517291300161,0.26204189910292797,-0.10923767890792858,-0.6381733387917479,0.19333495173785678,2.0853937497879294,0.5501691030574593,0.8244313916041437,0.08675402264435665,0.20089310484499853,0.8955639172206629,-2.0924699775290234,0.15908913493448074,-0.5257902031463775,-1.80990883505509,-0.31779830560544475,0.1747173934623883
sample_381,0.7166817969381905,0.8984548615678963,-0.6732254204007223,0.3491450846415529,0.43557645863590594,-0.9226726421731949,-1.8315179910050303,-0.4784624007831389,0.6948094730681804,-0.23274873866586587,1.2910288714391793,-2.074950263727759,-0.012719393367898223,-0.26092890584077516,0.7218909352015537,-1.0165297888817846,0.14060250805518207,0.4901404442862207,-0.11682179607445217,-0.2156608093096616,-1.901703580131179,0.4823355652794239,0.8332959785599682,-1.7595761686101785,1.6143350395087483,1.121009611577986,-1.0515845748662325,-0.48371134643866665,-0.27301967475063,0.14617596080089384,0.3073124077880167,0.3046268603832922,0.5340124255889428,-0.04398155476786485,0.19744907758244254,-0.05068352942949266,-0.2487870746160166,1.1840106309461373,-0.38508833746407867,0.7516311106582199,-1.293566948633297,1.7390842120392251,-0.27207694156544715,1.2690899598634027,0.2967949089796904,-0.27884062534673415,0.28315842609187236,-1.078120579938372,1.001741227950561,-1.7349151492614496
sample_382,-0.5187002177547324,-0.3317172726438289,-2.0642624824293443,0.8735592838190394,-0.5815551825354042,-0.22731616733697127,1.4999489382518365,1.6692956535132053,-1.3168606049708889,-0.09720326706243018,0.2975903874762633,0.8443209906909599,1.7147103497400193,-1.0808835710680047,0.4054681613649583,0.6696711462762552,-0.2992382453882109,-1.7634591148828493,2.1640780789801632,-0.23946011791817054,-0.5690345346710755,0.047150087242937774,0.053737469076865045,0.6073624703848537,-0.15562073124774645,-1.067877926712473,-2.8108793407706782,1.4278249641434915,-0.0008228603216981472,0.9161848527100761,0.612310719698319,-0.05646857389033959,-0.25042906920333496,1.309013289589905,0.6041058072061726,-0.005177379572430988,-0.16284688886604454,0.22358573039456364,-0.04021308027788386,0.30767001884686845,-0.8308275632058244,0.9303429530182818,1.137906049827755,-0.42887603287011883,-1.1587407196958355,-0.686390277439082,-0.5983776806086807,-0.6878606660423104,1.2045845839911486,-0.9616545096445615
sample_383,-0.6503526851964668,0.3675028002719151,0.04674173618578229,0.32530959200653903,0.1620870352522195,-1.6391071005105016,0.3601930514679978,1.334688683936833,-0.1697762890856432,0.9407359162511506,0.5601032621262793,-0.7712697862027691,-0.45086616731395895,0.30693560318344576,-0.4438627375124196,-0.6431780257509385,-1.5104625601486323,-0.047353798301430466,-1.9690167396204663,-1.4461476920601775,0.8123355221760576,1.1969056058436789,1.5839612537061418,0.16955903500567548,-0.03813218349788408,-0.6539809052037625,-0.26455998327212465,0.23686778315328733,0.6781006008792099,0.23742657314457147,-1.2208929526078345,1.5656574238475907,-0.0963623793177748,-0.2928628334789069,-0.6313889391226345,0.8183377450920932,0.6956210319682263,0.38100909257557874,-2.548671046033466,-0.1381359988681887,-0.8840784590723431,-2.394168725040916,1.0446109920050406,0.9174157591391556,-0.3925775823404185,0.5740351728062602,-0.33911190191202867,0.4236140216618699,0.2709517470370285,-2.0209623001942103
sample_384,1.434604537506789,1.123678440504375,-0.6961259215762866,-1.7061139843322322,-0.3200394332294031,-1.8891459431480204,0.5785319435381308,1.766866416097781,-0.4329457937304618,0.30098290216953555,1.6461782752930696,-0.2882095085156574,0.002695961212948058,0.5894114406282513,0.3351373653716874,-1.381099429750739,0.31263019578796375,-0.34030112603984725,-0.3691826265739759,-0.5723081663372261,0.9294856605441262,-0.05495900409992276,0.11506561492825461,0.19321097444098098,1.6424425380410879,0.6116310763532484,-1.081272958658546,0.7865197992289421,-0.6154215235916636,-1.0046701095183,-0.32228658075876637,-0.04049365434423037,1.440561000601197,0.9010818180337987,0.5653542349615613,0.6469434439243031,-0.542159570523014,-0.1735870254365407,0.6294608899955625,1.8923233780133286,-0.6782559981858773,-0.7020191706078017,-1.0523945853324936,1.3550162498438625,2.454965571491823,-0.006000591556313339,0.23557131931405656,1.2234609886495973,-0.07903191478378394,-0.24638961346783356
sample_385,1.3150786648921293,0.618370992847675,-0.9042467774152803,-0.40217937734905124,-0.3348570993680715,0.02632076302233633,-0.10212837011900446,0.6609996703742815,-0.4527142316476639,0.36650133299819027,-0.04998756460275429,2.079347616714679,0.07417017840220613,0.2127567075477163,0.17882533943715243,-0.012724711480647457,-0.14753186786727873,0.186727530978955,-0.5969624184700182,1.1053782573148443,-0.2663685537703329,0.698407944469187,-0.0522465252251951,0.22235230358419686,1.305421543628993,-0.684079265117364,-1.118230506681575,-0.9196652687030759,0.6536881377960919,-0.9951062811707256,2.6443132065604513,0.42757207727540275,0.28143478648145687,0.5300084247280897,1.1213415927125248,-0.31502605954397417,0.3223813215196879,0.14465236888971955,1.0668810320444422,-0.8218066863115314,-1.2476435255727323,0.23615126986098242,0.6750000317815301,-1.145174454970285,-0.5661348986379049,1.4674196510483153,-0.7110342000492264,-0.730737804360924,-0.7444972489740428,-1.7849863721870125
sample_386,1.5099278042023188,0.6810194125717868,0.08898163054497599,0.3672402150442568,-0.5053305082157322,0.9895862690687288,1.1683232460320772,0.5884182322989892,-0.698791602615522,0.16846959059017722,-0.21613943131047836,-0.8289382977576274,-2.223430048750782,-0.10759620265351102,-0.9853554183279688,2.2415942191874607,0.6358531573195602,0.28241522991879486,1.6291140655668819,-1.0528731524381658,-0.7109752582625356,-1.8158310837498879,0.9537023864709846,0.20377431358536566,-1.775647422680807,2.2736311759026484,0.7650033821174383,-0.0030504230665736763,-2.134401118683467,-1.4407580519435346,0.07090396098672166,1.0714319268077501,0.6853041469372974,0.5186303208031691,-0.20972094952468928,-0.685261839872619,0.2527901252183881,-0.7983479320570923,0.14209322457377765,-1.6029189865592413,-0.04720078880467323,0.7755535825842812,0.24611028661292225,0.4721463939394651,0.16207878655308774,-0.3912654968272907,0.21966040690283892,0.14874764153276593,1.6532606225743958,-0.26259460788962363
sample_387,-0.8350885329701146,0.7368721843874122,0.8011086204373854,-0.7001778488750581,-0.44440581811170304,0.344504637757875,0.9804738118233046,-1.3154143891530403,0.03110904782887573,-1.3852961281483933,-0.23189927703721033,0.3878623417470621,-0.42451654054182053,0.34612264537025234,1.0965460130737974,-0.05273704941305476,0.5360836072355032,-1.640838672035628,-1.6319218267461897,0.12748924443880422,-0.04463637389474592,-0.4281024280617155,-0.4273729051567297,0.25620458111386735,-0.46173282967690815,-1.183840523135736,-0.27913554764106685,-0.02887526265297393,0.4094293004637047,-3.0389013797845905,-0.07827726196370424,-0.6902601373239557,0.6674403324864459,0.4291960436056665,-0.9006202980722262,-1.1682596696333056,-0.7520617092825433,-0.7985499952563548,0.7223657461757745,0.3498184087349113,0.09242260161847433,-0.4663013757623371,0.7269248744549174,-1.370416057938706,-1.7105812203165356,0.3935209577939943,1.4146623130824052,0.2480982241945708,-0.08229362153438385,1.2379944729514223
sample_388,0.26968454494169336,0.7913250624962316,0.22278826979099012,0.3522622813083793,-0.44867667357201346,1.3147534494859965,0.08890259725610125,0.8230391411325791,-1.2572893553563462,0.04169393763702645,1.490890152684001,-0.1884821104778572,-0.473139751386886,1.19832813869628,-0.5969701212918284,-0.8745465195895016,1.626891092454839,-0.8531990318294091,-0.22809549170552954,0.3393591871460976,1.7640123752290386,1.3009832457531583,1.2202481115164368,-0.18737993274460377,0.18573451313616438,0.08610892701616957,0.7998718383349002,-1.2484752910172203,0.4637830445327073,-0.6963310548052503,1.1353588042455647,1.0582774529649037,0.1400430058489295,-0.8542458631715591,-3.1714617559830462,-1.7322262521743854,0.0796716944077251,1.2427457052618611,-0.4380591083080462,-0.2946770757971863,-0.802099496939221,-0.34369495185736604,-0.8428788097558977,0.3940792902684586,1.686833996016277,-0.4297357672059133,0.8108117286812345,-1.2378351216180932,-1.802278889091446,0.2883753053693996
sample_389,-0.2404260453895288,1.6661796227252148,0.3763680941909589,0.2829831296571833,-0.5170214858347475,-0.7376054765910856,-2.235328502552644,-1.864286984139188,-2.145177675373476,-1.0166527920339152,1.0461852034578345,0.5052819527946705,0.19604771803753115,0.265935733950948,0.5548812890053663,-0.5617603894434422,-1.3892746853968048,1.3759574609378185,-1.0679228310264128,0.09323378188766399,-1.5050002539278005,0.5148198033750717,-1.881016449120598,-0.018774733329512974,-1.0122429729629225,0.2653367522437904,1.4511649064370995,-0.5616290645323172,0.6319262258039401,-0.3464500777748211,-0.16537898660390063,1.478611173429534,-0.7486481999673691,0.6343265683728744,-1.0536177352747804,0.6378304992894557,0.35505229182419107,-0.8494611009500815,1.0071973884097905,0.1430953850607381,-2.524638596175685,0.9742252407092916,0.5117775737382716,-1.143958807283906,-0.0062313779642961505,0.13955324242480993,-1.510125520380437,-0.6221354007147203,-0.38376952426131183,2.085552349422857
sample_390,0.8551282959998981,0.509555684162837,0.33473577567738383,-0.3556502939935379,0.5741682178237623,-1.24454218137313,-1.370196050796233,0.011068995608630517,-0.6863098837342143,-0.951720724622221,-0.761702812911979,-1.8557603062161936,-1.3601689994334862,0.4028004277630298,0.7065086441548076,0.867803190536067,-0.3036435969938407,0.5428554837392934,-0.22625390548030402,0.810358488228138,-0.14710943823779377,0.09914786281163486,-0.6544125502700648,0.5539634723114196,1.3068483612842094,-0.6071929779639023,-2.595097797327327,0.789512166510754,-1.5432089902670396,1.3260733750028526,-1.3861061682258333,-0.8680836872863064,-1.2600612423705437,1.2609894911802424,-2.3400154769294077,-0.7869584472675287,0.4172736789041938,-0.31770619100571074,-0.08177749957466277,-0.7396849621406275,1.9745323142427256,0.035670049352458336,-2.1771218525902394,0.5561810109343807,1.0836987199510186,-0.8225928589489985,0.3896721615107362,-0.08472650842094205,1.187081030456587,0.24500429921109895
sample_391,0.5964962978263051,-0.8305387577256844,-0.554876416887386,-1.61775784075717,1.5683063986974228,-0.6703938497867672,-0.04721913520020497,1.2938074895676004,1.2761360239789687,-0.08835421550011881,0.27734103558007644,-0.07335983226202372,1.8637916022785812,1.9635556158185552,-0.7789171417388935,-1.3667920049001334,-0.4409613076925526,-0.031175530687930483,-2.3888317972174757,-0.35074201439060987,-1.7573748780902267,-2.5043143401120713,-1.716160067314983,0.6208853771228549,-0.1697262286663321,-0.5703298255767101,-0.5512992024892432,1.8183222176192733,0.17022905382199813,-0.9336315717687554,0.23342733738570387,0.44411635343126643,0.012135600326422793,-1.1403041007845147,0.2822260838492347,0.8284966624328793,-0.6681245757782015,0.5010324588800198,1.1223651662458671,0.1219364703623284,0.9770277801153371,0.09410414674032315,-1.6913959774973515,0.3293215275153905,-0.583071748592943,-0.9774605266360944,1.4872663091442733,2.45826222891187,0.021995468851977767,1.027038955690603
sample_392,-0.7269421016505618,-1.020045935537845,0.3190922016210929,-0.10972955643487378,-0.4745755953399559,-0.5363273573527907,1.2077698311478642,0.2717178640203844,0.027133005276109946,-0.5820224321074723,0.1717439673473158,0.8178992762198338,-0.23396714383358222,-0.3367735780147466,-0.7824095362884577,-0.6642306152912006,1.6449402587701962,1.0198835951602898,0.944146735369093,0.6091989128406667,-0.41507331837276945,-0.8112473731523406,1.4011810093561183,-1.7477290894038457,-1.1426887402325419,1.4265533630989111,0.7726388702228338,-0.34414816444468066,-0.6141903166502153,1.5843202461939012,0.10508791476533207,0.1516314895560633,-0.9806456906553154,0.3307115112768269,0.36700279055251456,1.343773520265061,0.8251338182403883,-0.8320487218038001,0.43787003532156715,-0.4531438688607327,0.14804252664047673,-1.4185529999282742,-1.2165023168973994,-0.3223120611278186,0.7838993371714472,1.0997798993627577,-0.008535588014767911,-0.9118472638458043,0.11353850709819992,1.1195946035249935
sample_393,-0.7732847001090448,-0.7396881148940528,0.9661815045547643,0.3861324255073064,0.035917184497403505,-0.80467406692762,-0.9005110151208694,-1.1850145392278497,1.1213223849886345,-0.5234669953500892,2.0525889409228095,-0.6007594893419604,0.5230662744495976,-0.8166066305832159,-1.8060457708500164,-0.9797383083328466,-0.6691501364752338,0.5792181332390103,-0.28780003091893586,-0.26401010677714093,-0.08155692416408389,-0.7380717906208798,-1.5778400005568771,-0.8369548045817049,1.7761107572461412,-0.0704100598443778,1.369271077420397,-1.023176758329064,-0.7433531725585086,-0.3899744751839796,0.7641816493424045,0.1763095989803024,1.7355986205903746,-0.40282198964164684,2.1288855287304895,0.6097496805598952,-0.16907224315705258,2.2380045275239935,0.4540077641639025,-1.8240310975196221,0.9349803964544062,-1.5438882007330275,-1.6964731977860255,-0.6003231429024852,-1.690307725013121,-0.4235381890716743,0.11246478022857334,-0.277185392060561,-0.13913988916685552,-0.49949651313789134
sample_394,1.1880397314472378e-05,-0.983085859532927,-2.106058440856257,0.7565009950091288,-2.196401257436019,0.11109456149657533,0.4517715251254318,0.10066232959904337,-0.7709095224322013,2.0707697563922802,-0.413999259954104,0.1601128458538686,-0.03311370349650273,-1.5419318454091915,0.7156684013969158,0.41445578121734616,0.5978857017423658,-0.6879052444393493,-0.39024037609900236,-0.2380559495119175,1.6174403133160138,1.1493965262593768,0.5346268363058246,-1.8448658311625954,0.23580457190499185,1.8893945149237614,0.5116912315639323,0.22222501772434863,-0.5825634229645772,0.449847867575253,-1.2541001015623743,-0.3462487960192958,0.5440231091205918,-0.7058698548463834,1.4769708308799612,-1.2454363965047157,-0.8289868999036516,0.034728108708414855,0.36118163009920484,0.8904220665155216,-1.5684348132410475,0.1895043107993273,-0.6146914177761662,-0.0216364789835773,-1.47568791074231,-0.6895122353764465,1.1069382572547304,0.22006609208243819,-0.720291561988696,-0.6585285785616196
sample_395,2.067539887051782,-0.623152332280679,0.030805105529847446,-1.9949610324193225,0.8962214141646865,-1.8383375788987275,-0.9866050631852106,0.4557261409937252,-0.05201244065758178,0.8323388661357557,0.33441125405539546,0.18788160496132433,-0.7049943079323174,-0.021216110899055132,-0.6340587829917942,0.6362525471631628,-2.0229389851077078,-0.5532512570185225,-0.5712993037158055,-2.691065055836266,0.41318040653186944,-1.2550656252333232,-1.2456314087890148,0.3290801610117056,-0.31599658060044544,2.1436773478454834,0.747377021238859,1.4515001956956661,0.798498846151124,-0.7135551737866204,0.10325470888420647,1.826092850023196,-0.4835701842231347,1.676288542260539,0.7769626575230657,0.3942761019798843,-0.7523912717277803,1.1884461377079967,0.4183005629985684,0.37562502869730197,-1.2529810382890576,0.009888330644692758,0.8853907059614997,-1.1906924794758331,0.49932286135818105,0.8578497811832901,-0.6252786744668586,0.837025052811656,-1.5991598117731238,-0.26137048965149795
sample_396,-0.6390336337168985,1.8114685031498632,0.0589284418984623,1.4755352349996909,-0.1834684537082773,0.5965491035170256,-0.24211682306899596,1.5373891805201574,-0.4843888731875706,-0.5902015272870975,-0.38335825822946534,2.2122370746878626,0.773598853777862,0.2721481692747359,0.7901826245114144,1.0059384584358715,0.4108622733477328,-1.1661081766595531,-1.6393927560815202,-0.6583639520392911,0.5792509065255025,-1.1364950278179091,-0.1809389922261049,1.4660559370433786,1.469530179709324,0.14049213721852952,0.851809753301039,-1.160780921378886,1.5984281046092312,0.13694163297487671,-0.6022211283014047,1.124301601052005,-1.2157815256874098,-1.0240593243828247,-1.122740514063825,0.7448605611125174,0.3712403349079029,-0.6934195574027981,0.959416898664869,-1.1286588778291058,2.669991981079562,0.10870434936074476,0.21915021507136678,-1.2392862364462804,1.730996526937027,1.2195522007994617,0.2641640939974018,-1.0578638808983698,0.9093701780564165,0.9958078924704075
sample_397,-0.011688562234809416,-0.13168493002467738,0.785637102061237,1.0983316067713496,-0.7011018766701821,-0.2809981529290655,0.8606821488952302,1.0313633549374408,0.008342985872736271,1.5840803616136854,0.22329131271526292,-1.1337192136422345,-0.7199838983226272,0.3718472373439848,-0.8653684108972575,0.8516310998749237,-0.9406302319919139,1.2383767357718167,-0.31924749846972855,-0.2606216359807892,0.05275391731208599,-1.3236347012184766,0.13454663649106044,-0.37491903883875666,-0.4996054024061065,0.25289106418675134,-0.6764639716426023,0.7187782449255605,-1.281543802387398,0.1470188904226861,-1.2703323636488821,0.9410487562616936,0.7362369770910152,-0.4905169654843167,0.13362833308981992,0.30093962001347296,-1.3516470505277511,-0.6415285502940966,-1.405241325857903,-0.7002950227617984,0.6764806517887256,-1.4506400619633104,-1.1794383745433223,0.9738683518843156,0.07386126033465382,-1.0717765304236866,-0.4848838424202235,0.3711049783532124,-1.1096931825497987,0.07946312551163894
sample_398,0.3437366793108711,-1.339176004202157,0.46706912519070176,0.07475431797882111,-0.7049052795301397,-0.5693343228596545,-0.026507126664133202,-0.812361548976849,-1.0991298835786136,1.5304473240434482,-0.9832036539347782,0.3890610380520929,0.32517193262518684,-0.5294262636462422,-0.7693500858384433,-0.23952391323285452,-0.1736172835529049,-1.7053438290884897,-0.7149118393713487,-0.6005501230487702,-0.020478986548068772,-1.0908635623429916,-0.4926490532955572,0.05311117471425877,-0.6287782628749558,-1.2227036585621849,-3.1126191833969146,-0.7234934698379768,-0.05756279494439943,-0.5333515338122031,-1.4271929223835766,-0.10318714146839505,0.8230274440719285,-0.30931037649520005,-0.6581919472940891,1.018867111367781,2.410052316023067,-0.7496034806545081,1.994912175364995,0.5741877924021851,0.25858709668310226,-0.5842299741319766,0.0826894198000891,0.8016094053875905,-0.7951400968333266,-0.7303396169283669,1.31623854730828,0.8013616420228291,0.19828244751887902,1.2439790532917976
sample_399,-1.1577717570987747,-0.8558129318789843,-2.0278958185621363,-0.5071538299179303,1.5074719476217808,0.951662845413346,1.211941606909872,0.28967435078917897,-0.8096867590865494,1.7308946976514847,0.4602559676654255,-0.06023668198013472,-0.7570671047141209,0.11087914967610057,1.0361724232091378,0.5960909145322191,-1.0638728292322748,-0.6486817111795317,-0.5552836851577165,1.4586563339496492,1.120160475241918,0.8277097091687635,0.6435837547461992,0.3015793612859479,-1.391942019116115,0.9591047317142998,-1.5791249976679191,0.12601875891801073,2.246367974469443,1.0900761726398236,-0.8830310475209224,-0.6679729625686813,-1.041785160750673,1.3714846364972009,1.0403768157581181,1.4764373214380238,0.6681769843004768,1.0580722778391167,-0.0019529242913904324,-1.2596327752007925,1.3477546778690241,-0.6437607758544549,-1.7231461254919667,1.2403202857592321,-0.8888257006372947,-0.23777972859576302,1.3819224359185098,-0.9586097118919871,-0.18492965102743525,0.08742294812995009
sample_400,0.9133377411684006,0.4842498081821459,2.6945063949578634,-1.2084265433338772,-0.4589041296497145,-0.07364039866018617,-0.06722681540988487,1.3091825181497603,0.011012429619861019,-0.7897440718868556,-0.38178267163033225,0.7480997825358268,0.6622088411244177,-0.7868331663213174,1.7367728522414994,-0.636033484794186,0.2718011346051235,1.4534439760869475,-0.780908030924334,-0.7548289442469155,0.503193750718188,0.2621944887789648,0.48531319026695513,1.4245504006311507,1.1020772678092705,-1.2497741171592784,0.5099105971212544,-0.02788126091136967,1.8309856895180863,-1.462369991480398,-1.6098209827088799,-2.5081880265823124,1.848447100533579,-0.10293346295414069,1.366851065654338,-0.12917736112826364,-0.7390409111771621,-0.036831320316389374,-2.4395764017931465,1.1405498424146265,-0.6439764171375513,-1.433083004191522,1.3471075833839787,-1.5316746983753604,0.8496711215923335,0.011893873353090879,-0.6848214952833355,-1.641622038178554,0.3663437850173592,-0.24488785755053857
sample_401,-1.9021077988164115,-0.6655528247443804,-1.2834001756130393,-0.6469270530791131,-0.3177898882252186,-0.052716609317318766,0.5982517573870015,-0.6271018863691198,0.5221630256949663,1.1444132993785254,-2.9506759676791647,2.2896603644347224,0.16750961504650244,3.3899736973094448,-0.17557515439924268,0.2846868837425657,-1.2264008510639246,0.5596623918503475,-0.1278065673702834,0.7836970898134529,1.0757677039450502,-0.08966588404536004,0.9267174895183321,0.1606120130439293,-0.08859483806846381,1.5981424148300925,0.6207110036434107,-0.28911230191635245,-1.1040414013168098,0.30192474127394986,-0.4125392922463921,-0.02963290626233494,1.562614049178313,-1.3000815704238011,-0.7955091562545019,0.149545271786379,-0.5113729917969503,0.5428279463529551,0.841227759118483,-0.42852748899904836,0.7495969476822223,-0.8919024697047363,-1.5035905124476436,-0.011101881811622888,-1.6798860691580921,-0.19478260634921915,0.2558910839899926,-0.6033752803803762,2.9611491210926033,1.8239022325853742
sample_402,-1.152263946307458,2.034034547454866,1.736539260611869,-0.7743715394780976,0.667347920696322,-0.8407030374579738,1.3861768303890565,-0.3007731761378428,-0.19905446984393393,1.2913170996560974,-0.2606270494927885,0.3384265087880526,-1.1984478899336382,-0.5220395447319536,0.45139415338238464,0.769438671011889,-1.2726473102757405,0.473261154676224,-0.9804745188434781,1.806216341255464,0.2607389360097733,0.6655875321007761,0.85397394462606,0.7721936095877825,1.0446405565869126,-0.3543440186374761,0.644706044408961,1.4299681205659376,-0.5913156085391477,1.0833755904167042,0.8345750495056654,1.6093984438535756,-0.9504708881316019,1.203712850563176,0.01866710018658454,-0.8842013961657879,0.59248511583547,0.8482906833870307,-0.8910014442233849,-2.185267402404955,-0.3238947651813952,0.877432550479965,0.9111974369613982,-0.5682381988437106,0.3376406724331998,0.4568628387847522,-0.3588178464429888,-0.2899193830931666,-0.3373452826151828,-0.7491359570673526
sample_403,-0.36434876361689944,-1.817693017658828,-0.6120699788933066,-0.9926950469782674,-0.15566009012095644,1.5784699618871094,-0.6138856362742595,-1.8177281118282533,-0.21088051764973315,-0.961125568241056,-0.26100077410935346,-0.15199425006420444,-0.6453935354093907,-0.38089801041337884,0.6984009575140584,-0.5293934301564572,1.3436158138512673,0.5839893169371325,0.01401099716095484,-2.428833437482928,0.2326033688366832,-0.5539977446706538,-0.7166737542854746,0.7288068593851054,0.5563949042123737,-0.2761921406827428,1.3514127521594785,-1.1193755121455367,-1.5697487347504318,0.1775199441803243,-0.37073594163909973,-0.41922328120889363,0.947888757152855,0.646700621479367,0.34027745530773607,0.6373785179455402,-1.8855123862752505,-0.3265818706297263,-1.335412394485936,-0.9304422020137637,0.9116589539242587,0.3649321951174998,0.3061641761689132,0.26718693521384296,0.4251620598073816,-0.2778774479368234,-1.0416383131282858,0.43736132212327306,-0.49284572679902633,0.025278431160915122
sample_404,-0.7380203388748254,-0.040778118034325815,-2.700700806867036,0.06336830209175198,-1.2713495525542016,1.8893830353122505,1.0990241449443494,0.9606818912656555,-0.6374810829724901,0.24273256281411748,1.1384383628839023,0.5831383971365317,-0.9204194506429267,-0.9202982951252271,1.4847422749606178,0.2535000542904144,0.2137962948813862,0.34114682326356105,0.6369115147508401,1.3021487355114032,1.174420238576218,1.9187843364307677,2.7762443288361682,-1.2094458890917752,-1.009432723357286,-1.655591229752596,-0.5686696907004561,0.8402375311349607,-0.9643925540709781,-1.1911250354035163,0.3409183879617007,0.33607975498533627,-0.8491024371645268,-0.059876501252552505,-1.1195690792757949,0.778820006454151,0.2179630158868149,-1.1607109953866526,0.2011995015801384,-1.391620386510711,-0.760342261279476,-1.2460987004982536,-0.6623671483832365,1.506602348454322,1.4732168910469499,-0.31855640819265785,0.16862808945881963,1.2602389408897268,0.7189810366728985,-0.1190752252797561
sample_405,1.5375015732463908,-0.8733950261207868,0.6022008406828535,-2.049541103239913,0.40021785807397425,1.8575162155366989,0.13948678167208503,0.28346962821421573,1.122780146345945,-1.1077139467569697,-0.6781555317650806,0.773681989510602,-1.0268669379229098,2.699460154216815,0.468352907030543,-1.3621884512892373,-0.09198269791268987,-0.6602844194728228,-1.0677838126928987,-1.3146042958064053,-0.3963390237477297,-1.1938460618081792,-0.09065454269581358,-0.9954209817791666,0.42713644940669726,-0.6021292446939969,1.3387935679337106,0.5573987803035341,-1.3630316736473558,-0.6177551414008141,0.4944115222324808,1.0178708906789335,1.309996152171617,1.0563406332462375,-1.2195343907930103,-1.3975534901009812,1.1605109892826242,0.05585934848091052,-0.45288137259409794,0.9024122935483009,-0.5062121172495461,-0.5326037030655567,-0.679495895458747,2.0827391199209493,-1.9881117524144847,1.5439388762213586,-0.4084090260213643,-0.9812762182579331,0.15686771882896594,0.11135679598480014
sample_406,-0.801598141182328,0.400298063135911,0.09567398180967841,0.7269534847441625,-0.35122910149753495,1.4437083653355316,0.47333100756151303,-0.4167356385487995,-2.2365576287806435,0.1349443045732139,0.5752039472708558,1.1369720518822768,-0.26669858444825323,-0.14416546920344486,0.9809563369715639,0.3499354912577418,-0.43494564907722794,-0.3389665482399239,1.1000324009287221,-1.6740856367919752,-0.9300927768059298,-0.17420563587165797,0.3849515205094308,1.5288843632350644,-0.2413484781261739,0.18934924678866458,0.4023833923360151,-0.054712149976591816,0.030589309515925207,0.220856337562603,0.26114012386071594,-1.1195608536789625,0.7634692525029575,0.6737919610151735,-1.6028377282071657,1.4032180925587072,-1.1735817742855335,-0.14992520344883362,1.5540516261165838,0.8644191714562486,0.6942514170787891,-0.651621871140851,0.6139203501004883,0.7813366264078135,-1.1397929174812427,1.046013566095854,-1.280009203596569,0.006457719079078741,2.075496243873205,-0.9076024808570353
sample_407,-0.9846165090450792,-3.1897761709052364,-0.6336540969799496,0.8599122920972663,-1.3244096761973987,0.5422235796675811,0.4627224256456006,1.580365549427175,0.7888763877943039,-0.7361460554748656,0.464271572282701,0.2749561078767753,0.4873607093479452,-0.11383889701974509,2.0021340165840686,0.30666267310944134,0.05622015498545768,-0.05736777693978342,-0.24614579295291963,1.7270604096043123,-0.41769532175271656,0.6924946273439697,-1.3348148286856145,1.5820023428362617,-0.7095194322062239,-0.405683802234735,-0.23395763063609284,-1.391305541389259,1.2887643060400729,1.7964393373461425,1.2846069553368253,0.1082535893267291,3.0536471903353894,-0.4730046595683536,-0.10541898497495804,0.5570739152469087,-0.2910315345195564,-0.0021972634158267533,0.8770899403031855,0.3140835213593867,-0.47723357284797474,0.3424040218573227,1.5878141932505268,0.2976736529131746,1.910843332063901,0.2640811946461937,-0.3187599474749789,0.7675090964236082,-2.1205141646987453,1.4988553072129545
sample_408,-0.38262112979070506,-0.1310099432396516,-1.3206596758690812,-0.20133807916850555,0.5749015287719021,-0.46760489764696245,0.7455180935961937,-0.1289008602078923,-1.074902748121014,-0.11073986516240931,1.5332150291844426,0.17819123140035814,1.0086486135546726,-1.7311161460702498,-0.9220467746237315,-0.20894607094052467,0.31165763313401496,-0.15968108714800805,-0.30533446653689167,0.45099522025039446,0.06759635949320678,1.6593413272026527,-1.1407237335969935,-0.7775845445791892,-0.6144856764093375,0.3149756663632466,-1.1150298150621007,-0.7135263077725688,0.17174610617684677,0.6728578059723817,-0.199938420480751,-2.2932993135739888,-0.04658566268913727,-0.8842391590674321,1.2757044488868552,0.7190833342221623,0.11055107760137757,-0.14899058947033667,-0.9822774916312592,1.132633122222544,0.7174208537906512,0.6101911764010717,0.7018238257729439,1.0626655961777436,-0.696139756972062,-2.5351230908317985,-0.15087682579963207,1.889230292531852,1.0287009384051875,-0.08089779592057522
sample_409,-0.13578226867279275,-0.4696620926022178,1.7610830463566005,-0.19985589450524285,0.4189995335819199,-1.0545994195082937,-0.1564006317500984,-0.2572925175762922,-0.474881817620609,0.9923400720425732,0.6102211130595189,0.8064878610215174,1.4272407093597475,0.7673817670814315,1.3793455586089365,-0.8946960223875773,-1.442159727516379,0.758137609873441,-1.0964577994155393,-0.6122034638115916,0.5520314418341864,-0.07250901355046252,-1.8873170615233275,0.3365333706568403,-0.3223996297939999,1.0462537308170325,0.6477123244050719,0.8623762076938858,0.8000669128840778,0.3333919868540986,-0.40879188497502267,1.424111608537606,-1.6948347031623978,-2.795847419755019,2.4413315458510993,0.7141063135499375,-1.3426781794740545,1.6176143252228496,-0.20452215428801906,0.7215021350313219,-0.7624827934711734,0.06773270157100936,0.5790252012364743,1.9169537846104538,-1.0913180762554253,-0.14677980392911108,1.5423840950986905,-0.9923317525036132,-0.9011795641870746,0.9912695514161971
sample_410,-0.09742883945534626,-1.184406587362981,1.4947299854577911,2.0404892418895226,0.7450936813174839,1.0143385133453637,-1.6562075808891434,-1.0519730689019646,-0.6602308660160452,2.006912268904903,1.1395497254262008,1.237964855733431,-0.7304501649574285,1.7740389583211904,0.5185233439590895,1.1589785432355444,0.051780159263729544,1.9876325782269797,-0.32483535679527953,0.5023145433457569,0.22924765116270854,1.6332993822468855,-0.6000968548536305,-1.111645044703657,0.42473462485085406,-0.7900220894622872,0.9742892545179976,0.36760429796222666,0.25586820359903173,-1.3244184552468405,1.2129883548377032,1.0038246158050603,-1.8213200109985703,1.4922740152652845,0.17213223444241976,0.13853028789720123,0.9593223850168612,-1.9088623914747238,1.9979668791083094,-0.5709453768460049,-0.6233869265582132,1.2174207174415315,-0.9243155423193734,-0.5552558613445544,1.0745581719935136,-0.25405728178229847,-0.1971342217828594,1.0269523892926355,-0.4774362791254899,0.8343198308059051
sample_411,-0.37461574984907353,0.710959765042194,-1.4035706397095906,0.5406976494930652,-0.09535349229195157,0.11838619949859407,-0.7864091074043114,-0.5605656386391548,0.6799932544655991,0.5196143221878257,1.0340143891294047,0.19277797944358993,-0.9920739779814198,-0.7559747767043828,1.4580611811626507,1.339638168925719,1.6522289441322073,-0.7700285538930441,-0.7754724229243535,0.5288027812552398,-1.204088268104202,-0.19980181828645657,-1.9785547760438242,-2.2020480529705266,1.16669192887387,-1.1187080333478727,0.7131256945955711,0.2801107262469979,0.5698688029710591,-0.04319492737123598,-2.5649156074526034,-0.10305377060433865,-0.4117620110299968,-0.5161373654545066,0.48634626892117333,0.03053336953392174,0.5028152825253935,-0.356376531751504,-1.6903445862788657,0.011969495251924594,-0.5447357225886273,-0.24351309749673836,-0.42729550348784845,-0.9033649529052166,-0.5163595062251355,-0.9089830027143918,-0.2506321011399915,0.8099171755671914,0.028047102550460622,-1.10190006720932
sample_412,-0.43592465995658986,0.5415056707382188,0.4608117345495388,1.5147833019808183,0.7411883184859678,1.3233923917093833,-0.6536410378957883,-1.40572471852741,0.22906954977411728,0.9675472611432088,0.7716331451660903,1.006535720463612,0.48847526140204234,0.3637769351205049,0.041533348449373605,-0.5244080200104251,0.34113741091234884,-0.2710087821993804,0.23761192024868066,-0.7239580274838924,-0.36321942109850114,-0.1334240828857695,0.4207567851848197,0.615126746753891,0.3210593229265869,0.7914059271647353,-0.05507959434126588,0.3814513033874681,2.67987036908551,-1.6287605518629324,-0.9934988380965925,0.171177648179022,-1.5861779843614092,0.8219896405296218,-0.10723842243276961,1.2409331854529628,0.1051199517865624,-0.06051357847744387,-1.6835306685398026,-0.2827406292653238,1.5412049100340055,-1.3437209662842342,-1.5193315475991183,0.7966879109599982,2.1087700390680015,-2.1342592070724047,-0.04556313069816509,0.020688318981166694,0.7407724406318574,-1.9190393957619531
sample_413,-0.8649379225046766,0.451267373069691,-0.2602516868881402,0.4457146172426377,0.04822239520185033,-0.034074376274058044,0.16583765980333115,0.8982922962062917,0.1773750304303012,0.5023497817611354,-0.4677924445320275,1.1320683831971452,1.8904964222071272,0.6774512354020359,0.2903282830154269,-0.3983945410409643,0.4276461453693992,-0.9247279628079977,-0.8140888182327215,-1.4064693878242684,0.13933540037683545,-0.061242404633949456,-0.5234145657228351,-0.6964981813494502,0.775905280054741,0.017800526192768295,-1.2720281792422308,1.6104813071701323,0.7944147083851791,-0.7999351564557495,1.8680265220903884,0.287932554160176,-0.31693953700993327,-3.096319372493801,-0.2509396017454121,-0.827528372510265,0.05286159832724165,-0.47735233144332495,-1.0635222535646733,-1.3834626807702697,1.2341167166281204,0.3446471788750581,-0.9087544976040598,0.4880528250653987,0.7775280744197464,-0.40040175236857745,-0.33290398405429095,1.0276962282654698,0.788747055483954,0.3495222463091082
sample_414,1.1570484196351292,-0.060642389451900536,0.735610486052293,0.05542467760976099,-1.749101032276609,1.1747792160570674,0.9909145485092333,1.4269250371032518,1.0073045400048435,1.3767263482525798,-1.5595184848273251,-0.6528677696613854,-0.9212424921390756,-0.2515104095718124,-0.3306085953786105,0.18866124252173275,-0.5319287658974209,-1.4237351945184038,-0.4324377360709398,0.3789348172829624,1.4353576177130216,2.0838183010272666,2.2908974918408616,0.4044824138984589,-0.3598584313088136,-0.21349519411850063,1.1583925078723853,-0.13753077518093412,0.5571086723203337,-0.9514375383061706,1.8327521162305374,-0.6633448308272805,-0.343300023045345,-1.1510752955889194,-0.3657277968879176,0.5289915170856642,1.299077844727196,0.775484336534184,0.7758536298646782,0.4351748107408812,-0.436365630960381,1.2467893255622213,-1.2424250491254705,-0.6367667238504232,1.7659551905080764,-1.3375318679678618,0.3756911815534541,-0.24692219504051333,-0.7219821425463394,0.48919864312977784
sample_415,1.961265291515599,-0.6980220979297675,0.9014405642400386,1.9947891581203054,0.36356241506117776,-0.061753663624944305,-0.7339838075220834,-0.20247456880905496,-0.38648230392278093,0.9747501062701819,-2.0845362247875197,2.7722895927019944,-2.6329908430112057,0.6337633284299469,1.9969835406395287,1.906128158347803,0.08319630885062596,-0.7103133146609261,-0.17206292825060915,-0.25703426630942,-0.11093901130996528,-1.1422018363748125,0.5193392658627997,-1.03001407888736,-0.18260612896437045,1.1023660094086067,0.29627998119916604,1.0308599062668429,1.222061245900904,-1.6957064087691653,1.2393759197871568,-0.03498121866988233,-1.3218662492629631,1.076563428806209,2.040293206931705,-0.10074591595362906,-1.0506212108350361,0.06207963127067733,-0.6862983720559015,-0.04796061302517202,1.328581056416972,-0.7668735095889382,0.3566238350273723,-2.001143835641917,0.8187481526275874,1.3212332697255986,-1.2853658272631516,-0.22361554022044305,1.0462633925676441,0.5959810565806838
sample_416,0.4440754610638737,-0.7378043153090065,0.191954026441492,-0.566948271060338,0.11045364987716391,-0.10475307713669113,-0.4427431470648186,0.6877678198143478,0.0003429822876225656,-0.30413402937192285,-0.760076975974174,-1.1509471386370649,-0.5607114240677359,-0.2976822734426461,-1.5603545154050538,-1.6921196706586228,-0.3741534239428012,0.37153073228630135,0.07498805110324455,1.631409570743901,1.5680622859998472,1.4304428928474342,0.12879570934136755,0.778182929244731,-1.4265084218148518,1.2142318343684928,0.7099101403859253,-0.127842942062458,0.825001663782649,0.7348456117983115,-1.4442941157120022,-0.7333620998395597,0.656419666615,-1.0272857517155554,0.48033585604369605,-0.28477988502815776,0.030368920152350667,-0.1427417671690841,-1.6933355725732038,-0.004625234627995446,0.014241766905336144,-0.7233015267650167,0.43675883923683806,0.21868547865453125,0.03601109035312605,-0.5314366463493014,-0.18376419770319785,-0.34459078401419996,-0.7642534876337946,1.438142539797179
sample_417,-0.24009820809427168,0.6091421779386899,-0.9454018570641183,-0.7830313628632829,0.09438081037946715,-0.9761992177054185,-0.3473134195367944,-0.2524999664495512,-0.9587860717745987,0.7131792271833697,-0.8727537057510787,-0.7389108556920816,0.9598685844610657,-0.2938789186750716,-0.4745373069186152,-0.5294480730684142,0.7632352626500263,0.09724436122574243,-0.3968668981028418,1.577252709422595,0.20937147627900127,-1.2464349951988827,0.6730309403707514,-0.2819176507865545,-0.013152477477677702,-0.20003137999480902,-0.27033176831966893,-1.069377881817065,-1.42769903289517,-0.8779240693465445,0.9324119274144624,0.8656439685554753,-0.45798816183707214,1.2683077115248385,0.6617996262337199,-0.2777047841626534,2.18395477709859,-0.47517719283269094,0.3368504841611906,-0.602927581810726,-1.4068457447296776,-1.0603376814472294,1.1609522906953407,0.4108453865339408,1.470140532264477,1.297611572267144,0.4328430532810836,-0.0503402825681319,-0.1458421318633048,-0.7055870487047063
sample_418,0.40593024057880567,0.9452942762863827,0.8099549968149453,-1.4357736866101136,-1.0852377376169473,3.1725894288659346,-1.2641109204427128,2.1262405007020666,0.1986535068165869,0.4603890259977271,1.0015496676826594,0.6003862386089783,-1.0848278130925009,-0.4313053352179651,0.023901611599080573,1.0670977479716646,-1.701808583301983,0.20601015804881584,-0.26607655106192213,0.08188449912191093,-0.6780556238447799,-1.8043807702513235,-1.5653815606757386,0.2672582568474453,-0.24400428108252284,0.6914123598825037,-0.5582729893302693,-1.9485502688123795,-0.2258510988505977,-0.5147744149158797,-0.029063685620492982,-0.9283660903054398,-1.347733471563801,-1.54751945521149,-1.0869712206261846,-1.818748876968642,-1.7280344656165383,0.5912534452148184,-0.056246905317081666,-0.03246461266143555,0.6856248755139678,-0.09432032733260956,0.5349252941514989,-0.11970440968802648,-0.26776754248271734,-0.6820910572613644,0.36563787476244186,2.5212765817654943,-0.0901887763525114,-0.07417597756992027
sample_419,-2.4461821522228977,0.19756131407990837,-1.2727727619062938,0.8274070967364588,-0.5116258446350369,0.07599831322021627,-0.7037040843873315,0.30458794180138365,1.4987915912305632,-0.8863143749379265,-0.793749119971701,0.9536072535182331,-0.12030645918720984,-0.24355019066941735,0.5033686140146647,-1.0135611067182193,0.08826981374994711,-1.674085015282921,-2.255671439618029,0.3157918953825161,0.6411196180060243,-0.7644180751576922,0.7401400074265844,0.8337681746809669,-0.1458148088190726,-0.09580865523507512,0.272743915680076,-0.032028091862258544,0.38818325022424505,1.2381902383174375,0.10725128328229219,-0.8739967749079107,-0.4458795024588474,0.04697877069788695,-0.9624001329942414,0.7921100122987459,0.8484734500254079,-1.2763226941025592,0.5596638411104307,0.3603046323800385,-0.951569186339759,0.9336290636729819,0.3608434337322146,-0.9718721162654587,2.0244268908671406,-2.4217068485922915,-1.4125219247698704,-0.7656027244412302,-0.19540997344956385,0.8029485676806555
sample_420,0.04050946585141972,-0.7227937452202514,-1.1082147838335836,-0.07243690295774426,1.2147503107639603,-2.236553625650456,0.5788243481086839,-0.4240354151174127,-0.17050350198603276,0.599381297123349,0.5049503540942705,-0.7711493471887055,0.5407793854020765,-2.2427631064237454,1.9360338533411046,-2.5267680923624427,-1.3978400845118732,1.0793792498933086,-2.234821033628464,0.9820968253511252,-0.7980763318499703,-1.244908077602465,0.5253642092373029,-0.32960719687091583,-0.20430741077759,-1.3342931542074843,0.6530675736396234,-0.6699776592997,-0.9258090728825636,0.7956851158881018,0.27099043223273844,1.2678926385043745,1.564793819173272,0.46451354099180664,-0.2866711198740382,-0.6440624561511807,-0.4985211488914606,1.4495238515735023,0.658165340182005,0.7108125401126957,0.08402355741543573,-0.7687549313259,0.6265325705173427,-0.4022626003350576,2.0585230519215463,0.8700323636867966,-1.2380744911538486,0.6281119824616116,1.1899550144683662,-1.1964465454451374
sample_421,1.0156121678520345,0.757566537489477,0.03786029282785669,0.5135352273455726,2.1803405455200258,0.659583040433397,0.4675126916343239,-0.4862782329476805,1.1789314267949649,-1.7517745186555642,-0.5551107640325136,1.0260204377230444,0.8096596736343927,-0.3704724196012953,-1.6999101340957736,-0.41831135976898054,-0.6505673801273123,-1.4148442420737535,0.3537636430242402,0.8759266342115299,0.5881844683782097,0.2204130487838647,-0.37290381736274053,-0.31963577955557226,-1.1257099559815118,-0.007501843082227545,-0.26366947997546525,-1.2389816974284067,0.5377222300826828,-0.9442405694640682,-1.2302331562177442,0.9687950885611124,3.115210990790178,-0.20254888345470748,1.1832685768082878,-0.3705399223546294,-0.4149212917585948,1.013460526959995,1.1323670737067342,-0.3500139897774531,-1.202563712763038,1.4922426150816395,0.34826028113091206,-0.899270879458172,1.4533739365428477,0.17833496957954742,-0.2326208947432505,-1.2493302735433196,0.2877592225571146,0.4931670839915274
sample_422,0.6024189235332824,-1.3820543709265658,-0.12600119493878825,1.3177016609013357,-0.3778969659376193,-0.5471126870271248,-0.7282190102606403,-0.8607412656463315,1.2771910299519047,-0.41652690372217344,0.6978770844467499,-0.7474020238332555,-1.1680883333587622,0.4731269883039358,0.3895172890984883,-0.7653248009460981,-1.2093551235648605,-0.26184163663693627,0.3001868150708706,0.009124323878032081,0.5555383816583194,-1.622296935354231,-1.478167587875736,-1.6328723510084842,0.4623613237736656,0.4527266792170853,1.6627929236631163,0.8518226926797042,-1.0385690241989411,-0.255321966206917,-0.9931493313195701,-0.46142060567388504,2.7745612937108097,0.8991005159171688,-0.6386432648265208,0.1795379613359702,-0.15058498950523702,1.6304786078770364,-1.4461783985637064,-1.4660542576689537,-0.10760451365407195,-0.12595464419883318,0.39908942548263815,0.21433817561222676,1.7329585214572611,-1.8506030215313267,0.6672574938953203,2.6993658580623303,-1.6434546870558868,1.364643124975761
sample_423,0.5001336160553311,0.008450813080804023,2.022141372901106,0.7317665748125163,-1.5259247268817844,-0.6147125317782975,0.14456795553552865,-0.9741872473547327,0.8052048176773696,-1.377728019100848,0.34820853054091616,0.8457474491748235,-0.7707037223431906,-0.4278654309458528,0.6895433133000826,-0.6014059322370818,0.29896881489359567,-0.864780949200701,-0.7582118047910209,1.445972805663672,1.6544608873270643,-0.35170896220702447,-2.416998405164145,0.9391208329214317,1.260686869732585,-0.1637398924969551,1.124843358158268,-1.6233207429836394,1.028806366508162,0.2557210184868239,1.4393307849789625,-0.35601727475170564,-2.2935604305566244,0.6723362458664338,-0.7109895211262675,1.3406606025332948,0.12505219147413646,-0.560786756744976,-1.0603744044508294,-0.14229913380337533,0.011825889945772773,-0.9453763978871075,0.07697829671076678,-0.6310550050954558,-0.19187527210330546,2.8338161908185793,0.4119489482713704,1.3808109358661558,1.3746269205789257,0.3939467645073827
sample_424,0.9693085827564777,0.5144932159542909,-0.8110524751579405,-0.6985433076120134,-0.2388391198831617,0.5224177381964551,0.5464368292877488,1.7783360477073744,-0.47049831901289485,-0.40107406585969513,1.7191486087302863,0.020282266190593114,1.171473433529742,1.1399644073723976,1.9781841387330925,0.08122343505975665,1.2536570754542724,-0.6818166887637735,-0.3868514836237626,1.3284439365814675,0.013380001036491543,-0.43746472354918253,1.2947790975319395,1.6370605895799744,-0.5899357128733831,0.2724136653170257,0.06640718750053755,0.5373913306410548,-1.2598348239670683,-0.8407193525836446,-0.11909595206184809,-1.1664523863119394,0.10181261810698639,-2.1759299527583114,0.37311748490587193,-0.4975040175861953,0.40351378659830534,-1.2958342372600609,0.7349998086644538,0.7600407994960802,-1.0068942755962094,-0.9830421045663622,-1.9353418918715568,-0.2550471572934227,0.2150553415404864,1.1242591606143806,0.015569477398700423,0.3258234589571689,-2.307945396927194,1.0865874642301758
sample_425,-0.19542738298155607,1.2379406659566217,1.6995816714043284,0.2328466536364521,-0.37729404191175353,-1.009460851050992,0.06443219753909588,-0.8201294437284499,0.45653569511661646,0.284176734203196,-1.1021942378743912,0.4082353309851203,-0.7097757991653714,-0.5587214180324106,-0.4877570089185276,1.9202818931106544,1.910600464794961,-0.8397122594481035,0.7408489030692431,-0.9254806620950013,1.7113633803602983,-0.6509685110478138,2.714663331764838,-0.4785700588771888,0.42894602568743706,-0.5635093679976061,-0.90824533998934,0.5921879860555694,0.5607480161381355,-0.528113682564343,1.9173763393697616,0.12284160435131534,1.8192929235858393,0.05586315543132957,-0.5519253865524495,2.497443625600505,1.404500893404913,0.8595931778995226,-0.8222500845005306,0.13128670836098777,0.798175301647196,-0.6348626496030537,-0.21947420891643415,0.8910420895658694,-0.34276413611301043,-0.7751443733539288,-1.5599722352965033,-0.4068182755642571,0.4166892163113143,1.2751737297647603
sample_426,-0.203386318657977,-2.666354219901203,1.2535760404338523,0.6910322861000403,-1.0569718220174862,0.669827133887926,-0.4645987266951652,1.2767131505368936,0.5347363484436096,-0.6975732198279903,-0.6830530211426549,-0.13626518169605112,1.7111036544546907,-0.02541517238365212,2.042789285349471,0.8787263598390246,-1.3493724643916212,2.0663718443356958,-0.837686938399236,-0.30270534980647557,0.7636321999534491,2.3389873873679696,-1.285377005084115,-1.8585337324455984,-0.8722876634987965,0.25156476699058494,-1.8773148245399913,1.293049898088586,-0.20988925725954694,-1.3154568790540142,-1.6533875950170105,0.7501352147325953,-0.2474337896859286,-1.3131659234483037,-0.4058427375733612,-0.395028274401364,0.024492974348283097,2.0250608816817612,-1.5247252087650998,-0.24248705734220996,0.35110430875690823,-0.20448604119149544,-0.7049549384077469,1.0267285260920587,-1.6510900791905718,0.9627855497621246,-1.3343586196404713,-0.8893140350306983,-2.0604062409200146,1.3696277671737058
sample_427,-1.158209828351377,0.6657875078598946,-0.3335191146035024,0.34182114483677095,-0.43712339161600655,-0.005020979284582148,-0.4236005734084499,0.3822421967757775,-0.3713390660861688,0.3961425058178672,-2.0350232225589555,-0.4235891329617257,-0.21749338034685572,0.9480043417839633,0.6954296967635072,0.052356462716054035,1.39546858606344,0.24075735119845798,0.3079564122445338,1.148093492565129,-0.10883653524839935,1.1065558077601538,0.9481565561430083,0.013417363937986823,0.34218581984211627,-0.6317091753547469,1.8546659252579587,-0.28990002817565086,1.0298989522862432,1.3640147768495778,1.4794868757925845,0.1177554129380222,-1.387530173991462,0.1988716307579683,-0.7301937993290698,1.341680119540558,-2.3330343381977583,0.06952650897597687,0.4638801000040856,-0.39801178432042805,0.5449719381447309,-0.8793275626717261,0.10591133167566259,1.3115223983915447,0.5541128604031704,3.0680915210656643,0.38970063908186664,-0.2887522625291781,1.052343350112541,0.5314233533300965
sample_428,0.8365595167181502,-0.12888697224351278,-1.059322978393636,-0.20868732836376327,-1.0293009481420878,0.28388541745946316,-0.5222798175680101,0.37581510525434186,-0.21011225925244176,-0.9281701921943416,-0.49467953853907903,1.2883705767897846,1.045672387061568,-1.8621671855185387,0.7718747746237745,0.0007650402311245837,0.698998638966585,-1.1202511494414324,-0.6876556655276079,0.014225218054995475,-0.6041757666661968,-2.380829678252589,1.9170439227890703,-0.40965391308501276,-0.5430602482598345,-0.05491021078317387,-0.29071058987677256,0.3598408503154507,0.2623361149835156,0.5404065850108569,-1.6418705274886274,-1.4808059572475119,1.3325420907103016,-0.041783181524771854,0.5485306320301409,1.2037566442856333,-1.4875846222574807,1.1568504033301208,-1.1354817940223125,-0.871641243345325,1.7076618832824195,0.349074363421087,1.0109188176505957,-0.07455480121414218,-0.10707194993118026,-0.0010160317383338243,0.2811353872910902,-0.8426565761518394,-0.7663311238930984,0.8213610707166203
sample_429,-1.6930193745803748,-1.8256902178270922,-1.7769371004324512,0.3436461470930385,-1.304436480007862,0.054392069891908076,-1.0513199440900505,-0.8977427810023164,0.0466441541257492,-0.9509126238203569,0.7214033341155927,0.47149331856908183,1.0214297140074287,0.3053803734927294,0.06545838569747003,0.13962601589132628,-0.7275849056991872,-0.17919926466664904,0.4096968625016826,0.8201470542484229,0.49027660800310086,0.01186250771380209,0.5738396033820606,-0.9985595843310492,0.4873285541870454,-0.43366845517750485,1.3333563202600989,0.323091820782975,0.1417117675164957,-0.2687741431606085,-1.4435128309937546,-0.8402121906088438,0.5805982155438671,-0.46274287357449634,-0.059408581201168965,-0.14323883201792145,-0.07914295026834445,0.06325367109047174,0.3385226743680605,-0.11869597675234837,-0.6449584208250406,1.5124158298120374,0.31845881230505857,-0.5389527696732882,0.4678828950952504,-0.536097640131816,0.9659279800357544,1.9342695347234466,-1.7403133785845113,0.08598337550470779
sample_430,0.1710234789031371,-1.4406813982046838,2.303664972386011,-2.2772690226642784,-0.3715884100862821,0.1653455285636143,-1.3130717918896166,1.8281016812868258,0.09555948672860802,0.8377907725802529,-0.1904142089753273,-0.25789978324386353,-0.5634106195655381,0.7874804019352348,0.32182232927206994,1.0071906931226053,1.169733622898619,0.3517190032273909,0.4783163711697107,1.3713537487753018,0.037076410667852125,1.924962381321083,-0.9867564876871165,0.9225745330901194,2.2885648789976503,-0.23484078445675763,0.330808779411054,0.9924748078591926,1.391246714721895,-2.2937458244262925,-0.5198428316289997,-0.4561332106676075,-0.13391670610081186,-0.8290035340429968,1.2243945960152949,-1.379692468780631,-0.29700493510352494,0.496051700933431,1.199958606629471,-0.0645743257120666,-0.05949764983425828,0.27499375749651433,-1.1847012273735855,-1.4709882924724174,0.25946357540853704,-0.6343415329837973,-0.06687496223863582,0.10671333911471874,-0.41551731627273936,-0.4020779231604845
sample_431,1.2789243496965803,1.7153272611470218,-0.5254346367510471,-0.6864542369478148,0.3980293057128137,-0.15097749533263888,-2.001203613434177,0.5366994216748122,-1.0160711194097065,-1.9318114431104096,-1.017342447536863,0.3975386857820885,-0.9016474025933224,0.1747025714442275,-0.9890378700770948,1.0443739810695736,0.05714154945884817,0.5274277551609673,0.6108807716648911,0.5374303791131608,-0.8183715791688921,-0.6539484517153888,-0.08526766245391694,1.1247586925953619,-0.01958863151759914,2.352457512866551,-0.6419749820804516,0.08445022447733051,1.621795138395339,0.8379935133577675,0.543450847151791,-1.012518825631407,-0.5482101013022478,1.1499919122667044,-0.23198942503418582,0.20547177530597724,-1.2327449919060491,-0.7456190281149632,0.7723505651719371,-0.15225500273388234,-0.03196497238562139,0.9354408228065467,-0.2209501881767302,0.8811608945763092,0.38780793375666245,0.5517123522948053,0.3361473183442678,-0.8726818613650653,-0.6672009762752489,1.0002623874456866
sample_432,0.3172457999283389,-0.7707825410992581,1.0738956679957543,-0.694944376949283,-1.3214150939677998,2.620379109857325,-0.5208075066272346,-2.512987807656065,1.5523363875070502,1.0249167939773483,-0.21801069184479818,0.5351963409600501,0.16176411215636657,-1.4580742906031676,0.7315390211830508,0.9851581281246568,0.409042697033372,0.4014009680796791,-0.20194696972115556,0.10415579836640589,1.1232148871748175,-1.0006758050249298,1.775481780166496,-0.3802385792409267,-0.04836999274229249,0.10194166168018962,-0.5893682655810747,-1.2759897192443292,-1.9465919864822367,0.37748632235342244,-1.3424731334015243,0.47690904167106407,-0.2855513392916756,0.09215682413212654,1.537360105001248,0.2829609101844614,-0.09806607973252325,-1.5184418930097985,1.9971014735807189,-0.768353463838671,0.5336267042696262,2.432635465353256,-2.4070962384469294,0.9098835615011491,-0.9627170410912729,-0.41432625318278204,1.0156303588354054,-1.197062348744326,-0.9722146075602213,0.4897492604473372
sample_433,-1.7093714646866187,0.1284375420161106,-1.3115085392150423,-0.8748416567714434,0.6417340672115597,-0.23445956832068005,-0.04662019313888976,1.6989445483513497,-0.978341894047618,-0.6518167932590617,-1.53073561703341,0.13214540528997842,-0.2662825235276299,1.4069256294516175,-0.8724202507482471,-0.09323682251672517,-1.8600979314982793,-1.6364636201770615,0.5141155821241297,0.1689962778947065,-0.5329705722048569,0.1592444755611937,-0.5194669143386442,0.2778968438516444,1.0162801811841409,-0.14198216249580936,0.2397296834468431,0.42916499600789626,-0.24813144924726768,1.3750288505797377,-0.3976941683634083,-0.3558050519780666,0.742570904641492,0.23467078055715426,-0.019631827628581268,-0.4262762628793039,1.166428612244412,1.2690932559618988,0.6555694109662596,0.8104168740543161,0.34338198333807585,2.892198010095428,0.4999526286307621,-1.8066661646632443,1.2355300738203516,-0.19311300311472926,0.3754548349436208,1.2840010143633696,0.8988943904679129,-1.1924201479309364
sample_434,1.3667177941221942,-0.8846795396567654,-0.6675311895569248,-0.5359911864833751,1.0897777453854156,-1.1550344770684449,0.5601494545035937,-0.12643846012303017,-1.4322001880841606,-0.21428675281662105,-0.7755421829170372,-0.9344410781700456,1.618769939582072,0.556415371983956,-1.3558185388661779,-2.3319042357118467,0.6023610912187212,-1.0183640468685826,1.4578796570537689,0.32115475187204406,-0.33682269913736673,1.19918192261517,-0.3931820514393976,0.08533714916699853,-0.23863894493169038,-0.6059629515423032,-0.6872993066416715,-0.840539603287207,-1.2329899474817265,-1.0536741292962541,0.29046579340209694,2.2793303072543893,-0.3712190076041512,-0.5981870879095447,-0.267663571202947,0.8547838559978649,0.2709564176747665,-0.4497572189028784,-0.5964175992357595,-0.0038654804844889972,0.036200780220464475,-0.08506867870295193,-1.1720754921052379,-0.024756093570823746,0.3627019138348811,-2.377301168905504,-0.7950288701003535,0.2531213929981303,0.35276931150633734,0.7496872703499632
sample_435,-2.183331838528623,-1.5299983304306302,-0.29348916546575493,0.04814665785029125,0.42570940903457716,1.2641643947290138,1.6573425063066183,-0.2709022632959119,-0.5193140242658293,1.3710871503466406,-0.20243964681975496,1.8977634458802146,1.556121079460198,1.7747601898436636,0.2203216695961678,-0.0643643968184392,-2.000625381664427,0.12654542459230764,-0.2749200147105293,1.726768648386564,0.6977842324778105,-1.2218735579567992,1.4301989729033482,0.266307787802478,-0.30466564960530323,0.2880092793259952,0.0685078862896341,1.4150874767683017,1.0177334968808633,-0.3374706037417165,-2.057367971284304,-1.9761753261269788,-3.0153694987667023,-0.5840768104931023,-1.344538015825715,-2.234118956524431,-0.6924318207272884,1.2544111613605784,-1.163214452996017,0.5535507506558348,1.0830245612724858,-1.1608696357793096,0.7790259297277562,0.021775969202040026,0.5673830591007758,-0.904343248253736,0.006757298718649014,-0.07586002424655293,1.2334545031865152,0.1905834785662577
sample_436,-0.6180655287310487,-0.6393417234205158,0.530610191561182,0.4984675745504058,-0.5298488087649997,-0.40176618479639836,0.4392969027290266,-0.05196129211268453,1.7126747393672292,0.7731498689271945,1.986542532762873,0.3616366316305485,0.987477077734344,1.0365949401774592,-0.5415639439148755,-0.5364564871560246,-0.06317079371149577,-0.30686301215571277,1.2566609651268545,-1.2289495881265198,0.42304914951231337,1.960798762328753,1.1640336052636646,0.2769385674065044,0.4112884199918212,-0.5800569225907272,-2.8739490545562623,-0.36903024939507056,0.42807447662344233,-0.28469700726349667,1.1316255418319594,-0.26325855097156436,1.0682673837377303,0.06175294227454078,-0.7844440310468077,0.47166250024055,0.6671613062513481,-2.9031912063502516,0.8957170240405523,-1.8348696585056963,-0.3059429073206361,1.7727998176315825,0.6765982134974334,2.3681031998803745,-0.8208462877553614,-0.8268244402585887,-2.015226310750842,-1.3976952676082626,0.6408756286581876,0.07221382474926555
sample_437,-0.8036303730076041,-1.297711813016203,-0.1593411148658264,1.0269778082328276,-0.6056323055303252,-2.209818617621796,-0.177822005531764,-0.5013309683776142,0.13157839186374004,1.0106682445834567,0.30534071491446324,-0.43366151014946597,-0.23905931206819012,-1.5432610865148833,0.02333731295697433,-1.41628878795725,-0.33751863353847805,1.463510903332901,0.34408901847323614,-0.15314293894419675,0.037919982151399835,0.14266608285932167,-1.0020424060441326,0.24487252992933176,-1.6275169288304938,0.19411589555058284,-0.4797762346494919,-0.24860068606760932,-0.37089314043108135,-0.37866857423002465,-0.5691133215076309,-1.6117514061765525,-0.2780026741374304,0.36704322478702944,0.05344621219179867,1.0087384030954278,0.1686088354025328,0.07765186895067996,1.6716612743145713,0.31528656806838,-0.8899645041427809,0.5565500338735898,-1.0485381757688217,-1.9204997171711833,-1.4348198935228265,-0.2951433118955687,-0.9914877398850741,-0.21048595259947495,-0.5694975592914115,-0.6663527411381192
sample_438,-0.9386553490571091,1.6452651293300744,-0.4252899821330881,0.7951135559161945,0.21400620343200272,-0.5656133301291952,-1.2144022393434268,0.9090794221606183,0.5731029440634545,0.9274995321977781,-0.8723766930194156,-1.2967333096059883,0.726929491023067,1.4385143365555288,-0.37297014651120064,-0.49817600342398666,0.26640592506840016,-0.7656280348108182,0.8007040298450852,0.8360207730942898,1.4433983336274578,-0.038102856674262664,0.11895348114147025,-0.7859802217546054,-0.2886129567451563,-0.4793661158559348,0.6372463141635771,0.6276754258900464,0.3190278158807011,0.026809752213922112,-0.7142836198467785,-0.3827727481715629,0.8203801869748774,-0.33064065389083536,-0.39275448949808495,0.07689357015030673,0.32343451947569657,-0.942082796257574,1.0520244228744549,-1.5974294828390165,1.2034555346180664,-0.39509499640308565,0.5290421583585464,0.9331961975845191,0.3901404682420968,0.26571454515795123,1.4371281737899477,-1.023213689774783,1.3219741899613886,0.27386329351784083
sample_439,1.2134587794962042,-1.4400504514141077,-1.6937072149813435,-0.9451308433064776,-1.0744590652142831,0.19830475489367036,-0.7519925206299602,0.1962154039732717,1.0186261662709732,-0.46259125230086506,2.566781025223808,-1.579809716542275,1.5339736261029082,1.0675588908355411,-0.655460979394476,-1.3765360550969639,-0.10984661803075607,-1.7790479902607368,-0.10558144308779847,-1.2038145596015035,-0.08316515905189983,1.535286926315707,1.1409146755338757,0.19945184297805685,-0.625247205460965,0.29957576982959544,-0.01615348833244644,0.6188746920889928,0.47474562245007157,-0.3621582972812042,-1.478206847687559,-0.5448540474372651,0.8471716221678212,-1.144587390370611,0.1149326364097206,-0.166318806696645,0.9896029855176411,-0.8419083128131036,0.024189704292617076,-0.6526537916643029,-0.6898546808953373,-0.49004243165257166,-0.4551387410369445,-0.4177080723408533,-0.571848064931322,-0.9838998118901294,0.5245486818277997,-2.456861285084576,-1.1492538132397905,0.5290784388372153
sample_440,1.0404584249679185,-0.2844091865279311,-0.5962815463815117,-0.14653795910072107,0.7723647405708468,0.9844845609968755,0.02808089302139223,0.9286867082612937,1.8057702267664142,0.2395286007040715,-0.6419337658369868,-0.4724269255589144,0.04184921926481119,0.1892277295897742,0.0198305134174131,0.19882526477392531,-0.4982235835432628,-0.028186764179792885,0.4300093555775957,0.6898423667767379,1.3871914665982532,-1.7578058447127418,0.40804026921564734,0.5335983730866903,0.38104951562409284,0.7227010851875402,0.6960827351763113,1.5689570793852892,0.33510719713300946,0.9508443040795617,-1.2361371812999626,1.7524554328381863,-2.1201707100330305,1.611928189812489,1.2844100391883893,-1.7511649154389712,-0.7835848335406765,0.009026870537029084,-0.676980365670191,1.3432101862373973,0.18633939523916307,0.08121640595927333,-0.09117129374315987,-1.5058934115839038,-0.5696124941226869,-0.5700185714123079,1.4292030498226072,-0.6658088914675322,0.551854838574446,2.9015068383916383
sample_441,0.4145988874025023,-1.6653293176651227,-1.8135098574955009,-0.7408980067190274,0.12002589114827453,-0.03512595908699714,0.40313603275222526,-0.48643037126532745,-0.39063512583752,-0.06290370119362172,1.2413579872550162,1.2072080330778736,0.2650847316134086,-2.782079675409139,-0.9515844121593976,-0.03131547469116158,-0.9999665132805493,0.6204250009015863,-0.178629872178819,1.453897187119271,-0.4925974312462787,-0.9408102903174771,0.9316142053165863,-0.833940607707231,-0.3013810376345958,0.3024180042574331,-1.4500242857611485,-0.2892141328834081,-0.3713488950370375,-1.1915084032445258,2.036491200389113,1.4713345903819295,-1.1167075114618035,-0.08313586616441561,-0.10433907668573701,0.5105214418118664,0.4600262340799156,0.14577543289630462,-1.194726745716039,-1.0358414503804514,0.5681175693179462,-0.00019700466384402389,-0.28842507464260964,0.7739828930683911,0.8230049852724765,-0.1309195580137128,-0.5632856027987397,0.4806186521428125,0.11854958732459395,0.36772422756531864
sample_442,0.8548158500986592,-0.4570010240823097,0.028640341903504007,-1.0227694033971828,-0.13375268546690372,0.6711207581884318,-0.8794522411600967,0.8331769360958992,0.39006853568312316,-0.5853776559481687,-1.0406754177772923,0.00030493966578597936,0.3970205807038529,-1.154629856069745,0.5689653843488462,-1.6847033633835278,-0.7240613831083774,-1.4068413352392957,-0.08109985875084426,-0.993988102790116,0.9919538105148389,0.2113713740395824,0.8409859535907277,0.3246602854420462,-0.17408962283545307,0.1668954093933133,1.8248402711643827,-0.8719720390208672,-0.16524577170304705,0.5961067441716249,0.46001930575933075,-1.0068794104636412,0.08331895963107601,0.6912351035262296,-0.31980030595780456,-2.365338224029451,0.8834933792280013,0.7709018208644917,0.9611379190509678,-1.4262042146697635,-1.936339232758186,1.2775490090135226,-1.6745574638938088,-0.5578920404819856,-0.8719519171988896,1.0888745316969275,-1.0264289883295061,0.511976741623076,-0.16994370606300224,0.0821182093239524
sample_443,0.05824164432559475,-1.3309316048076354,0.5726987172325091,-1.2300325564394674,-1.0889485770316811,-1.099257744415913,-0.09717085270332612,0.6323453144701189,0.39135093106158353,-0.9119562127697733,-1.721687488557936,0.048762693061943974,-0.10401494469076869,-1.178138964107904,-1.004555078274904,0.4131981671108533,0.5616645950693084,-1.8865655371175922,0.770738843002341,0.06858026062535841,-0.7467777015573284,0.21206657232052747,-1.1399190557001793,0.7432006043578744,0.9140769823691655,0.646722146757624,1.6910507244223059,-0.17922656121963962,-0.12404291298837111,0.9539501682743956,-0.1408200130827758,-1.8762398437472392,-1.510824369667436,0.45146265185566725,-1.1709073251720035,-0.036200128390175196,-0.37265129976414646,-0.0027460786546567102,0.8781024753322214,-2.1021544863343165,-0.05822199633085446,1.1968674419801284,1.6637259101816797,2.0810003986084706,0.9182774085902202,-0.007030845037660035,0.3494486784300443,-0.45373378084934624,-0.8744492607031618,1.377468833082037
sample_444,-1.4449215856521618,-0.650161613626294,-0.16066943198752007,1.652520765800833,-1.0044621570385344,1.5384498639911737,0.7719648084850774,0.16602657577010502,0.7222070085116856,1.5650764831598,0.4421221009481098,1.5795026159992382,0.25391511794650007,-0.01607330320189258,2.7998143229362724,0.408675520658124,1.133594276516984,-1.3873562429414208,2.8301203680796028,-0.6774272777076393,-1.6186649445456422,-0.11073784184897961,-1.1990934540353515,-1.4575431418317055,0.1863674091296682,-0.873320839511583,0.04400126983945057,-0.25078024340722205,-0.12257761120153554,-0.32783450383938223,1.3620565940656557,0.6581758370928792,-0.4955757169462126,-0.22367152251758307,-1.0802665814075785,0.1709021004582182,-1.526632449096157,0.21331326900958866,-0.8567192257121959,-0.5272003532042759,-1.2408705100298079,0.37418306649233574,1.533191285493156,0.060731551273814334,-2.3490836401881356,-1.3468199460994492,1.3866346918775565,1.5505852513788365,0.3005767639005758,1.0556094830226168
sample_445,1.0464146989337784,-0.2000379895218735,0.28757367326481825,0.030626547325697504,0.12984110918063935,-0.21630940707341345,0.11246171876911187,0.21268668853047262,0.3045970743084629,2.939279502841612,0.006825330331630713,-0.45075578441008635,0.13800596013589222,-1.2051117774345346,-0.179062970685755,0.07214634725674735,-0.2730209856163473,-1.5482641805143849,0.22186682125406604,0.6948748857569506,-0.9961317378125212,-0.8213131587622181,-0.6984777543388275,1.1163991382929028,-1.6777891302775365,1.1479704047913977,-0.3943790260510754,-0.5368218103816644,0.5873974789698233,-0.2404727182519612,0.4523733294832757,1.7701593211633155,-1.3125503667116283,1.5365535345729917,-1.3613259695853994,-0.6313698358490686,-0.8630157799779213,-0.5619510427966632,2.630521840475965,0.835730422669088,-0.29696378493349707,-0.47384366962265595,-0.3647049452973121,-0.5042186308153315,0.10874470980073452,0.3219418514252866,0.4074844455926543,0.12804739382392655,0.6286364208937153,-0.7990853534475477
sample_446,-1.2590223446810511,-0.16302709070271865,-1.3570772006039264,-0.18491666239330878,0.7667786657435512,0.11803169323353288,-1.3937045550400258,1.7330656449852249,0.0038511988220447046,0.2906965521717562,1.2719984881190136,0.6826585191403554,-0.8955326263674859,-0.8265692438306433,0.9538492800171534,0.434344056112239,-2.138521186105199,-0.14492426359444077,0.6858028505922531,-1.430208627080675,-0.5721808757441247,0.22756225499140806,-0.7143084454207372,1.1018367981743813,0.5017121578250392,1.4653188003815376,0.670109174298551,-0.943768963202431,0.4739635897423602,0.4643611493090631,0.1565622683324444,-0.3101641047011034,-0.66516424305171,0.34595456864806295,1.0743961213772233,-0.813162506022215,-0.004487908503939478,-0.6032145553360215,0.9555464110239664,-0.4330918964581125,-0.7159053295288574,0.0895809094271344,1.3968178137367264,1.4297385134018774,1.169384677449514,0.13930578346048753,0.20547847710451758,-0.8170812054905472,1.3825508053402804,-1.7590772610429597
sample_447,0.16361248462106823,-0.05899084213331478,0.8591773939184693,0.4374785525407508,1.0402933938613852,-0.5722798937096532,-0.7751180730456222,-1.1262835509848126,-0.04251014653073197,0.2885069729217774,0.5360102838016176,-1.8420275971048428,0.7793189388138049,0.7015659338510587,-0.762981198442325,-0.12356732511911717,-0.33546658574324606,2.0544528361094367,-0.23327874653426883,-0.772604030132657,-0.29400158006909893,0.6028462571424429,0.15313687919830143,0.10463745981611706,1.0147026922188034,-2.1797877527694993,-0.12491253600415406,-0.3904635599694664,0.19919007625083385,0.31727211340762906,0.7873754454044779,-2.274470983645657,0.5742466351884055,-0.7405349609925651,-0.6968816186993184,1.7296853380832002,-1.3007132979037148,-1.5822374560091161,-0.9075440296217793,-0.8437320813725363,0.31141314321301056,-0.5760405951795995,-0.6355576923687909,0.8622774749798241,0.7617977879180033,-0.21076082640397378,-1.142102477164273,-0.6701583207866489,-1.2824757363987105,0.6788147049299886
sample_448,-0.5292461126081636,-0.3295696227791728,-0.7956612056568761,0.43263667988862464,0.76138228470766,-0.3443007295793889,-0.3604972077010731,-0.5411097211760556,-1.4774714284071455,-0.34736939846944503,0.06271516137947747,1.2446940155128399,1.3260715618667518,-0.1372878869010846,-0.5531928219463695,-0.44426112550560637,0.6683096697765275,-0.007168612344141426,1.14890204193198,0.20500904177012477,1.0039725896393417,-0.6391762017170848,-0.6101897789213802,0.4014781963627303,0.6549086515188208,-1.4652808248285183,0.6214104081835619,0.7798422312164384,-0.6816116512359046,1.372798587254804,0.952063457799474,-0.06635608224939037,-0.3289074948755641,1.7442638471078287,1.2119280310784133,-1.298269722454588,-1.0411055154810407,0.596967659123689,-0.7180204288146185,-0.3280707891403773,-0.12465334067011745,1.3114061380544602,-0.4264510611794274,-0.8165606019365763,-0.8207828768335581,1.632660780077301,-0.46552364969893967,2.008812846819568,0.6605687508040289,-0.8334154305373654
sample_449,-0.052933060423161066,0.2105100830175274,1.0045431355933603,1.7539618591617325,1.7693803477800174,0.7835074351854052,0.8842479364068817,-1.0479613164616486,-0.12162331963201707,1.6913157231579627,-1.4035967793443629,-0.09032578618149796,-0.1475718396594064,0.7917839791272793,-0.9134538297470226,-2.2126762660461208,0.9463589959454566,-0.40453044368606644,-0.3794478792274249,0.4161115144077502,-1.0015066884074162,0.27549987345583243,-0.7896215388433606,-2.449091209017668,-1.3051505604306881,2.1737595281930795,-0.7151743544842379,1.3372770152783586,0.6693806252448367,-0.8824814280043675,-1.9825047195278007,-0.5928254810482179,0.6357033078446822,1.3536201407655921,1.607129021074109,1.4906992539621526,0.5845668539805814,-0.29035016165304545,-1.0027199951365857,1.0211591519036325,0.34920796716373204,-0.9535115043099996,1.814656659894471,0.07442962743816951,0.6066637788702555,0.5220686703993267,2.050487972895233,-2.421331453636521,0.4761244805436873,1.221453708567432
sample_450,0.6869858365693646,0.838878679091932,0.7099852207630606,-1.9056036458056627,1.5121748203482972,-0.20189603699087774,0.6343183353108991,0.9764738804960661,0.06533615061504698,-0.7415683946727337,0.022287239919478986,0.6800437158126365,-1.4632779892821894,-1.2850693672534552,-1.590438135717931,-0.07317442079174839,-1.4661165546882664,-0.2856517209717776,0.6847373286380477,1.0489123675036713,-0.6418367747500067,0.6354595517612093,0.5007160216867713,-0.2673965201184486,0.20171702917146933,1.1590187634591078,-0.33592488483110594,-0.9664098537905934,-1.2386053830197687,0.36375441555699756,-0.48365512150535495,2.7492029948039076,0.43913147856001555,1.575378673865109,-1.7128964701540126,-1.3153480246852418,-1.3630178094352845,-1.2202579072839073,0.9683337315403258,0.7738481147101003,-0.6236567765816452,-1.632876058495709,0.6691795426634767,0.2883858609193977,0.4356121737017415,0.05124882350073666,0.8679834454155826,0.8853990168941167,-0.5236764358597391,0.45957240438319275
sample_451,-0.331807624053147,-0.2897707387006114,0.1448100158117016,1.4867503518869407,-0.7394327913129697,-0.8789891132248138,-0.8661450160970402,1.3359387343056524,0.19312863572409233,2.806760653686494,1.3642857262710675,-1.1338826909888722,0.029403969310032238,-0.9841138517060994,0.05296927373984301,-1.0339465269071193,-0.1983937530855035,1.2991003359266868,0.9781080225146167,-0.7935216449623027,0.6813681427483974,0.03147200465309501,0.7105506476918307,-0.4054809042011448,-0.8060837367534259,-0.7896389327931743,-1.4085099790568223,1.701021872565208,0.32962923096600594,-0.5500497501716761,0.24743688026823987,0.5015530970535979,0.6437456089193186,-0.07710832192304405,0.7360772427990415,-0.14644694762996857,-0.19295884977442251,-0.45029257004586776,-0.09384323194703698,0.8021348777387716,-0.49021831698899504,1.3120926805468849,-1.362203584626383,-1.2062182474568048,-0.2792617473026032,-2.5998676495469746,0.03939642084954294,-0.3426315846088183,-0.005577811541363735,0.6861753192527468
sample_452,0.35999822802612985,-0.7044952419321531,0.21831481094374777,0.9493115107695075,-0.5412615955063239,-1.3667345466620426,-0.11729824354497499,-0.7584046193508974,-1.8141420663463403,0.12069094726187078,0.8199597131992485,-1.5496332336390293,-1.775458706432714,0.11074094386159467,0.4931311980903318,-0.8155704180863964,1.1918225345195865,-2.1867572730862865,-0.7300261747383311,-0.25844895648663224,-2.1550097880812498,-0.6325970071708241,-0.5475231929011242,-0.981114694711565,-0.2665607069995233,0.22777649908459072,0.1443946998080085,-0.5962765941100132,-0.9170547020343551,0.3366430404229048,-0.3307563837488255,-0.06603188037221093,-0.5360597034312208,-0.9219127562256898,2.6674434203069137,-0.1271192957598763,0.23106397926900277,0.8202853417435125,-2.5079064393175186,1.4001564446156902,0.3900159849658761,-0.8214166487289571,-1.129794591775897,-1.3765260854362138,-0.025767643393304417,-0.6753968599846203,1.3907480058518555,-1.289113815756897,-0.9977503095688737,-1.0974362099432957
sample_453,-0.5204499547154484,0.22798170563900683,-0.6643976650770558,-0.6661708974625181,1.2296330851098431,-0.08828426064228115,1.5246171753872222,-0.4238976928106609,-1.6673092167043815,0.5897633699765349,-1.4981902541752852,0.9289139310355968,1.4555095153459428,1.6509086746129968,-0.4073611000039445,1.3748530239399233,1.0970263564954443,-0.1493592920798135,0.15314441971805542,-0.8093528524088488,1.5781846721854347,1.2077418424746338,0.2858276697706493,-1.1202857773009334,-0.12122821273840614,1.1803223655458148,1.1597625922112416,1.2017088638034858,0.22232689714812165,0.5592553332593772,0.5297700179403835,0.14660623489019622,0.6730964498143436,0.11165988376676139,0.6531041376416149,0.22379528861724887,-0.4026369624197303,-0.12110778861098363,-0.7091361790390406,0.08380540161628428,1.4074919253073754,-0.4096199791998433,-1.2445397740017212,-0.1338000766789713,-0.42472400760173395,0.5592925249548111,-0.8612989981429195,1.0053848542972808,1.9951586345312282,-0.7036038103113855
sample_454,-1.3001945835113768,-0.3481969013799921,-1.4401241395292472,-0.14541499933941365,0.8158829117067588,-1.6894597585639153,-0.1309958380514834,0.3547095247293229,-0.8029491726782009,-1.3535362541879572,0.28818341164309663,-0.29991492470338305,0.0008868328596742907,-0.9395830669695707,0.9380677260656038,0.9012923963856856,-1.5649736178298825,0.5982631573678564,0.8465872497224639,0.8166674565164078,-0.3024648092460006,2.7578280297082505,-1.059211636624912,0.26119685938673126,0.19373610981668327,-0.6619978897105516,-1.2801236052497256,0.6291866198635909,-0.5054517428995428,-0.375912349795659,1.090392255844464,0.16061261395672005,0.568229042223843,1.4142413232418862,-0.21312726949169464,-2.160439203832829,-0.27400702277846894,-1.9983399953009624,2.4673089874778,1.052224514977359,1.4903328545037484,-1.3542632455282662,1.9365770624745189,-0.18444657531681583,-1.6031104379139687,-0.3956008051994062,-0.628407490605754,0.963885367680186,1.0277590638742078,0.17653650558812994
sample_455,-0.9424660718336458,-0.37996392281197705,1.7343373064730265,-0.566403251786412,0.18409968263424423,-0.2199133933570053,-1.3597988275993462,0.012671757430452889,0.33845702251544457,-2.00717619010199,0.32270105197673854,0.5279486142344619,1.2588929443200547,1.4272672980344823,0.8317374588631526,-0.5238528955041138,1.031630572721251,-0.614150497096914,1.4509950368054292,0.6002547563423052,-0.06314015365544759,-0.6018886650886391,-0.7400822426660774,-0.7816637333923638,-0.5216635715046799,-1.6003150179845782,-0.08261412711438897,-0.34416082656094055,0.28484333610186896,-1.1899275064707202,-0.7251944320453878,0.6759321478293308,1.2249644263062547,-0.5599846816826396,-1.0246156813600917,0.08660383856852269,0.11161553597479038,-0.30161478908168254,-1.543487420991992,-1.04766121286951,0.35765450608662014,-1.0683912471950932,1.0946496591593768,1.249740713118898,0.2164242727335605,0.7824375045727401,0.04176497757359525,-0.025314882320772482,-0.2580076679147573,-0.24756581305632178
sample_456,1.3848853936207193,-0.9133123105670438,0.4024922277909456,1.1043128402856874,1.5778332401411452,-1.035325565472162,-1.1116264198891463,0.7451878741062036,-0.0374105514277859,0.5916581300688242,1.676799479662733,-0.5375462886388394,0.35787548894503746,0.8299409351379561,-1.533151107537624,0.04702992064838048,-1.938153716190684,-0.5438895953958861,0.3194512108691085,0.5708904790437832,0.9893610861241907,1.4054020289020948,1.296288273867156,-1.5109087305991373,-0.030626893483496925,-1.4536458509240175,0.05411885344106463,-1.3230563888944007,1.1126378826518755,0.05859568274683633,-1.3163261491443965,-0.21873734708128362,-1.3838937020470194,1.218211774728586,1.2502523656218854,0.4779618705195427,0.11058192019910257,-1.0184952785133725,2.249520065455581,0.10969509298242874,0.12365977121439875,0.6346319656202829,-0.4312819015311906,0.41622183452413564,1.613787723705767,0.4970131600354479,0.0036504963940437655,0.04499798216691364,0.6005707245570541,-0.05565678803037565
sample_457,1.2304191562813387,-0.3063360403372524,0.8546137691723144,0.39469945376152854,0.739632185237714,-1.3178464987079095,-1.3612260955428117,0.6239917095172143,-0.8289257131864506,0.46829155154620694,1.1115955484471678,-0.061172295649821955,-1.7522265266820263,-1.1367981581418884,-1.8718643946492957,0.4515389065928682,-1.1488281098183044,-0.6069126898978433,-1.530241143012008,0.3668650072916668,2.909522864391123,-0.34027277635381864,-0.9074967211183794,-0.22920670251400782,-0.34641139785064723,-1.5684114045416155,1.0687914090307322,0.6477009755207161,-0.5831406029098071,0.07706642357445212,-0.8005277660432776,-0.5721918175062757,-1.478395812036229,-1.3649348977648643,0.421261315314303,0.7034505958020284,0.5446490052612967,1.3321504836854847,-0.22491263072141005,-0.6528933849001685,0.4910769155445586,0.0335045326064575,0.8534959254315835,-0.7839963597386281,-1.3743018416786248,-1.6535221605371209,-0.12652890483384716,-0.7921907740300571,-0.6570072031900623,0.3193214255291522
sample_458,0.9091764188832829,0.08575792524172922,-0.6829050005847999,-1.9274349360072927,2.2491812066922803,-1.0751823905797302,-0.8587094981707266,-0.7470794190161038,0.6648827654025453,-0.541091838208314,-0.8769029305173306,-0.3983076614428239,0.05012977520323467,0.31240645657564614,0.16864054843860415,0.7046244050115642,0.28368237348872605,0.9739188577779672,0.6111723051463072,1.7428411581990324,0.45857019711026825,0.7976234090261523,-1.0003916173994924,0.5588125491660625,1.3647608874904307,0.06629497860355492,0.2696289251981313,-0.7403422575345125,0.3360159839237458,1.7080500571653774,2.602745645543017,0.6606283712807697,0.08617949214063265,0.23224268475991272,0.07960735314883176,-1.9913933325890047,0.9924509928856772,-1.527688165205977,0.09830388646986059,0.26598048159809284,1.8824118028550618,1.3174098334905606,-1.810876536223379,-0.8419647292448729,-0.7528951669681341,0.29386835655293997,0.8498001448756843,-1.365982648572186,-0.9014949683259783,-0.2205539096885259
sample_459,1.1865826511220883,-0.10864941055893233,0.03628599576175704,0.0201437228894446,1.471846127291536,0.8424642852177052,0.6984570774169374,-0.6601646195752937,1.5346053615120927,1.1996118640255427,-0.7066387595479535,-2.725358390481675,-0.7948956725822441,-0.9189732589678565,0.20755966296116699,-0.7975733812306182,0.11027473699696973,-1.2662104384144013,0.3360438837417483,0.35241509963235307,0.48940584711366036,1.5995115692955184,-0.40956243559861216,0.7442213681539583,0.19737292422416833,1.094610610461031,0.39943920694570967,-1.2200932057024139,-1.0317098608418072,-1.0646603701624213,1.0003941481770005,-0.0262931431789624,-0.2929247261255732,-0.6919564484022912,0.37723526280729003,0.8872964123815476,1.024286819542008,0.5725730661403612,-1.2779110498700421,-0.20601298808179572,-1.637720426221997,-0.0833399383662591,-1.5344479610928528,-1.2474469517468867,0.2818668867031521,0.7593938477736167,-0.5882188502536164,-2.4262330550554387,-0.004372574034123127,-1.6873912952338324
sample_460,1.0238697932829703,0.5299202917121781,1.8337423903309407,-0.5580310367724968,1.3081890776005483,1.640617711156456,0.5304987086452817,0.569357593605966,1.0691485088148989,-0.2504849952065542,0.37193365985465066,0.023919326143298083,0.510307643814524,-0.07067606378801777,0.5965538134326182,-0.48629848251254765,-0.7571432457511719,-2.081919088647244,0.6964170272713484,-0.7288083583378304,0.14876445479964281,0.37590589051876455,0.7247883590642837,0.9336753212084468,0.20542437525375334,0.8793415259522812,-0.7086641365829253,-0.18130942967382832,-0.25239069969370564,-0.17046174218833582,0.9951496912520738,0.5988587962937089,-0.8852370820651824,-0.3377131943945574,-0.6394506392950057,0.5355228831892076,1.4410685253949311,0.47525408571119293,-0.09504610971260054,-1.0927949230403837,-0.7381997551576888,0.7395401350254008,0.041097810775796516,0.9639546753795508,-2.1013071927210185,1.8456018119545075,1.5937740099922235,-1.9266077562270851,-1.2582751874286402,-0.8126869496879818
sample_461,0.853905296724645,-0.5344334817959506,2.3172341372964644,1.4254241493265272,-1.0239775110160918,0.8999898776213718,-0.6556512238118669,-0.885822590296202,1.664785037106681,1.5765031704126469,0.6822744592945175,0.1903501656535952,-0.25868461350662103,-0.926337270515997,0.8895192224620019,-0.13781431175576297,-0.37098110459427275,-1.7644616984936004,1.046400006440688,0.8566046467796838,0.5382979389926333,-0.9448117022205494,-0.03245618253217493,0.7763895874780118,-0.10883699997525925,0.6395153352799581,0.44365281835332654,-0.5099970326663255,-0.799076945639202,-0.7714813726665786,-0.3001642984516474,0.6937184923008426,0.1638384156568563,0.2867023218137463,-1.3310146314262299,0.5113431582128977,0.5050034219158019,-1.5657549656482104,0.5545890731266104,0.2635860859798411,-0.06517586381978802,1.6505715222060404,0.7623886992318272,-0.37229773755146417,1.115105232099006,-0.14525734013797342,-0.019597158051649147,-0.011273327377969869,-1.6295736526274143,-0.1312109963289151
sample_462,-0.3257928287028439,-0.07478818532490081,0.6842194413857142,-0.6557775661355474,2.711546330362201,-0.21407223676180187,0.15477309969492922,0.5003805914021683,0.8185022426771956,-0.04919537223274528,0.8457094936472486,1.5154827771905661,-0.9394607705038903,-0.26808058327166223,-0.05613737454342885,-0.25536507505164663,-0.9681577783455552,0.05162541909208444,0.09634053157958244,-1.464900811595536,0.3344704117268113,-0.27285955832778264,0.567869056397751,0.25321969777408504,2.2747465196919046,-1.0879329405577725,-1.6047666273782695,-0.4353341572037677,0.8289746496982616,-0.62764430287573,-0.40756800316718406,-0.8170148625484572,0.20941139087286875,-0.21837410142875058,-0.6591458072238193,1.1476257677501875,1.9628588019037942,0.2509454122474806,-0.26384286590984557,0.06515094496711596,0.7949772965027523,-0.8587963494785079,1.9957513566377354,-0.6795707208721197,-0.8878740334124136,0.1583145171437804,0.9628953358624711,0.8189499965742222,1.9102127372881412,-0.6260472709741524
sample_463,1.3587585461511666,2.212452732576403,1.2049443888997753,0.4886945990481739,-0.7081939160723294,0.08054169162811581,-0.6103317127893626,-0.4537942254347862,0.20838011322673733,0.953500393252397,0.8779720185179839,1.2837542861526305,-1.198507982744667,1.1551355255241826,-0.2317094825481084,1.4752779299494987,0.14487518704712665,1.0113776435659565,1.698114395841241,-1.2502031203056483,-0.646753975555739,1.1009769839096801,-1.1729407601122908,-0.37960122334995583,0.7230658510311876,-0.9109450653404162,1.3586827422431023,-0.17680370841958457,-0.9252701772105959,-0.44752130724632777,-0.8838881129761783,0.032463191038249344,0.7506225120538853,-1.1361138496138707,-0.23913114387439072,-0.34501090124022654,-0.756154529228836,0.6138982123169338,-1.3914497055702668,-0.5809287010530995,-0.38297374992440153,-1.1543204815543227,-0.9689997699895363,-1.4531470537353153,-0.34711827781876636,-0.3707692323277953,-0.15482928432868576,0.7707688842713538,0.7006115686272842,0.6965771402825602
sample_464,-0.039023792989639434,1.9765547488433557,2.00525659010046,-0.364875533058498,0.5973621874164668,-0.383337013443026,0.15747847255133565,-0.6711050350670449,-1.82782854629636,-0.004946055766894255,0.2704044027950093,-0.5341519175675422,-2.3513786285537925,0.8879660411418508,0.8395337387164119,1.3730942339609913,0.9689078857854279,-1.6020073372401935,1.3787972665071477,-0.2992949673623595,1.4510664238855855,-0.18539357232872583,-0.19762812944593855,0.7540018831909316,-0.8657554816593662,1.29162872846409,-0.45291176270103617,-0.2555877420849661,1.4749282519110538,-1.3974334040595282,1.060771437790347,1.2565568869072756,-2.1472563279719736,-1.038056002127356,1.0514604759166724,0.8996853378653643,1.0687794070202599,0.24067316249961385,0.31066032792543335,-1.1725254061671921,0.7281146534791558,1.742002393740731,1.4001851109866055,-0.43965710188506163,0.7774621898237986,-2.06862810116594,-0.21825464742497064,0.10420200938789814,-2.4880325323318098,1.2990014095746525
sample_465,-1.2951532521894658,1.2595485604861212,-0.9244984946333852,0.17514960154352313,-0.3928945246647448,-0.8076766697735107,0.16815247103630482,1.1397734340046881,-0.332214244621535,-0.29595040581275767,0.8155177947913305,-0.573623948584501,-1.3210360495450475,0.30476182012784353,2.0837992719329486,-0.6305748692628731,-0.6897270462807704,1.1273702653567355,-0.7035559229779456,1.3632295548004532,-0.21567973502021048,0.09548119547916371,-0.7814426396156434,-0.8072743394816777,-0.36625722160459784,0.4631992775915737,0.23167396297376944,-0.7954619175516032,-1.047711284209688,0.45966469159031453,-0.4543715963781499,1.5851919966860997,0.4567088884108227,2.3699513584863015,-0.2936859899265135,-1.9100259402994026,-1.3719475315713248,0.42860374398088835,0.9834078774215318,-2.108317248790842,0.8355994557633815,-0.9322832104738205,0.07986831811014988,0.07975467168107883,-0.8108716063900031,0.1353802571451505,0.2562408757122026,-1.4497081136226675,-1.8373971452038473,0.6362746859445175
sample_466,-0.024247531828708986,0.035035423896385254,0.45623217580858844,0.5966069455098476,0.48577214719471934,-0.6892239906566278,-1.0896940342910237,0.038625280486357966,0.42498667128471435,0.71002240470048,-0.3960036351335256,1.24998109103227,0.08735282392079814,0.8621080338927205,0.2721760559714417,0.6861887487374049,0.2359698265706917,-0.9393916162163625,1.0157466399293789,0.2852094598411845,0.188113093053988,0.4623304791387109,2.8263824829503776,-2.655892565926299,-0.267269570986622,1.040476128394112,-0.6305067709897539,-1.338235586887237,0.4631686289410462,0.741560561328461,-1.4534681934602462,-0.5847244619418177,0.7992751526233394,0.014266356398184361,1.0513288165223822,2.264648103920876,0.17282255527459378,0.7058003966018852,1.254401975867848,0.9882258375403812,0.9150371537566119,0.37238528619217576,-0.8487532188254724,-0.10917336453801532,0.34307151741656194,0.3559239713263958,-0.10708080521713673,-1.7261202268228544,-1.3190457020191277,0.7238977140139613
sample_467,0.31025085238784905,-0.14391839081836424,1.01991310234271,0.09864812391195936,-0.9051935460616248,-0.059320770479701204,-1.157709382286321,0.27900511249135235,-0.7007427024688911,1.237215292338318,0.4080740933540153,0.46154629384732715,0.7430354297971467,-0.35684719885696703,0.7641793656748543,1.3275140381881876,-1.0209026507334624,-0.7538917020443612,-0.5817892679975611,0.33677669889014034,0.5982058083889572,-0.19133410949890903,2.129046452385837,0.056416997574026094,0.1882499115892037,-1.7799462381759914,0.8074218384022216,1.0387036755325274,0.6613115595479242,0.3496247697077129,-0.2035815966704904,0.5143874858597706,-0.488784606492463,-0.35729882746773,-0.5475373769799288,-0.18881505033105936,1.8313835600174655,-0.06099164677934272,0.9428340608122198,-0.06036209101691884,-0.022841751506063657,-0.35817612717465375,0.8881444436045164,-1.1133577624702067,0.4470138639699663,0.2743712648339703,0.31137228549151474,-1.1299424261855309,-0.011786977531563464,-0.9349480209181107
sample_468,1.8863113277167922,0.8310256319230603,-2.622321562379867,0.7023063896317998,-0.04879496894943217,-0.02840184025132954,-0.7629103095100189,-0.612272819791117,-0.677946908772936,-1.9975992673146654,0.4888488842339396,0.5169380042904238,0.40172166138276577,0.3276953128775388,0.9306632204595487,-0.3054526927454074,-0.014687995688521525,0.4541546383349047,-0.7766834110048635,-1.2301391740802323,0.32380140743437275,-0.5040170451097402,0.5921140370540195,-1.6909889249759291,-0.5815873457201723,-0.8080438044590578,-0.44072474845344684,-0.8194878317433966,1.2876163937478609,-0.9185247344198055,0.8251052513029549,1.3851142243221124,1.2027668940328362,0.666127592224722,0.13185080309566194,-2.521908899565196,0.3652934978055463,-0.7646924905946066,1.6199932887384667,-1.8027304320910476,-2.128468947866452,-0.03431723472727798,1.4664626832598593,1.275822506357715,-0.014577188804713884,-0.7561791191938709,-0.5212562726497448,2.1622001956591927,-0.3883355162799248,-0.32559631520944626
sample_469,-0.05457250836279053,-1.4437793483080295,0.18565044426647684,-2.775587573843299,1.6474933949865385,0.23751744259281357,-0.20723597248294773,-0.6321665811794925,0.6453359180643253,-0.02370133446974477,-0.4879178374196925,1.0822161337484524,1.964320582156055,1.316711319950175,-0.7746091616951511,-1.267156807047824,0.39859523788371537,0.6283212106561511,-0.7722863578044309,1.0172206532930528,-0.5155368921371821,-0.25975971754267313,0.2442212782706055,1.2553711616327217,0.9300159577242154,1.1556960310144673,-0.11959842926427038,-1.4329933456479123,0.32834065952529795,-0.9209125352974897,1.2274204453905553,-0.5453762551497084,-0.517594877194444,-0.7340497766549984,-0.009951955292355645,-1.0780206238974033,1.1851742131497525,-0.38092183930566975,-0.6043838656456904,0.6939802804420102,1.9108348695007835,0.5865290576510442,0.9291078212593451,-0.07706218609483792,-0.643656025555041,-0.4524815458864598,-0.40630568360192076,-0.7720744501164598,-0.10896456347719843,0.9820836686065788
sample_470,-0.15901999929009314,-0.5356458706023243,-1.3895428838065422,-1.4477757321703273,0.4560147902817119,0.3774543452127663,-0.4759534005204601,-0.5207271710072671,0.3510971666523687,0.38479662961772565,-0.7140305194547706,0.43338298527059693,-0.9305353445308947,-0.7135114340267422,0.2947666744478597,0.6390614379323134,0.6947769123379246,1.3999986441498473,0.1621146973331249,-0.9271380453272109,-2.1154120871157507,-0.20462351864340145,1.0714893095953304,1.1933926217779114,-0.23529272349304606,0.28814101596394043,0.3216123817176324,0.24156264543284417,0.6489041973307013,0.5931511613733326,-0.4657682902416215,0.2897089730274925,0.481411214478984,1.2020154548067408,0.3396287989079568,0.7585855189292094,0.6300294024403107,-0.0354900890999501,-1.345910641287796,-1.8387140608444508,-0.12100943901156212,-0.18662395050895364,-0.46190915522113746,-2.1322920121160647,-1.535232444684769,-0.11953251929381027,-0.870912116233662,0.626373271570254,0.19954129195184614,-1.9157598345550575
sample_471,-2.2197174894556686,1.7334149354257276,1.8036357819708566,-0.6700441197656344,0.08944050048474503,0.03379954496733739,-0.4908697885975467,-0.8053527209313992,-1.1028909274455474,-1.1140582682882658,0.1368605620158609,1.0197455895740084,1.78580069323311,-1.2273891697903483,-0.9190215451152141,-1.098868739067257,-1.4841765920854568,-0.4546931856428186,-0.47109554731892345,-1.033438548322619,0.8457416945394337,-0.9475974766253863,0.94872248407664,-0.3827753452882365,0.04312019596391796,1.2672340556738309,-1.8536413541566206,0.7433435431257759,1.4698791287457347,0.5049252722895068,-0.42293437220396213,2.0258087742090463,0.20078777488118724,-1.0402174272219804,0.6308726158517362,-0.28053113712156413,0.25407784510965004,1.0662339631475415,2.116834831544172,0.22730665402031264,0.331866876095058,-0.8227269680673688,-0.6526755608758049,-1.3361491945858144,-0.4030516090190677,-0.7090739344762779,1.0479243077191738,0.2741514149557717,1.6209578439578536,-0.5564644622202758
sample_472,-0.9518223299640237,-0.46165493092992305,0.7713993967205511,-1.569176101216902,1.5379759321114455,0.8626745160788019,0.8307903407140216,0.242304551300343,0.26984624178140054,0.4714928147049157,-0.48364480797737003,0.4260583599001716,-1.490481359602389,-0.05221085650197545,-1.3951764093095183,-0.023278800806343626,-1.7858873535945206,-0.4352465394775011,-2.3667092051000242,-0.1327634191718137,-1.2784558811233253,-0.534825348802264,0.9722250842561379,0.00556001350839414,0.28259081335382225,-0.5117719271523731,1.0034662853802738,0.08425940648191757,0.9192512508311272,1.0660915722963236,-0.9207367634635342,-0.2473446989490817,-0.027661362492361043,1.2789554146186268,-1.1826079919800163,2.209473570857027,0.613358681599476,0.4884687504373678,-0.3185316383129061,0.22896582989234818,0.03955283715630741,-0.7594858163586616,-1.445925315533911,-1.4885608036326161,0.3464132226281909,-0.6159279607254287,0.27704238809431125,0.8499868280677426,-0.44074664081043324,1.0205355837182382
sample_473,-0.060565116440476074,0.7457579359750399,0.4846877621949374,-1.4711584300005067,-0.7100237522658756,0.3026136821455873,0.8239699877917996,1.666536233217744,-1.5232668464257713,0.6095026080207585,-1.3316419355562368,-0.18453263035650933,-0.056688759838228076,-0.3151680099790063,0.8236890541824569,0.5068662206750211,-0.004423856723854091,-1.6817501749364043,0.39554212820705437,0.5843185240346035,0.7881765897075927,0.7487602162552524,0.45901861516492953,0.8282177942288798,0.18861433418388004,-0.2023188569663142,0.4341103819226724,0.9054274944351319,-2.3821529855447046,-2.034440634490704,-0.11805877517988661,1.484335612443702,-0.6613672924025317,1.4944485800491036,0.43383171119690755,-0.019184202815536636,-0.3703423178240183,-0.5113660476574439,0.026439793792622714,1.7799085536458794,1.1461143718958526,0.7367771442303911,2.545281035123299,-0.6943291408685716,-0.4715783313753257,-0.1552554608414111,-1.4826449627933929,1.1777029462807505,-0.10294022058418416,-0.32722155718814383
sample_474,1.2867354003027578,1.1865884313628423,0.5059775587821085,0.20553850345019925,0.38087116329606446,1.0311899811863006,-0.4841922763612042,1.3586594066734905,-0.14555196755310573,0.9343001051544941,0.4860870286827518,0.8004499062293629,-1.381583933433583,1.1762113296461167,-1.256641384017425,-0.7728664261887757,0.3369743594958945,0.485745360837319,-0.28645028130275757,-1.9205029484104403,-0.546142688406773,0.521732193980647,1.650336883672826,-0.2667676053103017,0.17680537285521847,-0.5629040837308453,-0.719849379788634,1.4392799966756353,0.714148795167492,0.4341658488585308,-0.42427254808028336,0.7583539969445289,-1.0783297724948853,0.9526247029117277,-0.8482334471777795,-0.4442620088992256,-1.8265072443481851,0.1270506218994385,1.1390162676238484,2.3533787031816185,0.5728421305714574,-1.216100634862567,-1.4564107681262841,0.996235433565125,-0.5683695450877162,0.6401236762980905,-0.9610043085556615,1.7475061837003656,-0.24311621853706536,0.5612814025987161
sample_475,-0.9924106254346063,1.0343412571423667,-1.7393908222463608,-2.5920079691924722,-0.7774411933667079,0.19752352516157756,-0.9364565143251942,-0.05897857268861313,0.06207706965036972,0.005979740225229498,0.3504584520272755,0.21940582579331075,-0.17363756066430733,1.3407857525320468,-0.7940232154917535,0.16177771588293752,0.3011633332793951,2.350697951764275,1.980259857342746,1.4616556441772897,0.6541937250254404,-1.399777181204684,-1.1050646360560794,0.9822076344520979,1.0796069049045656,-1.3280688450712126,-1.829794114724403,-0.17613382974946076,0.6578080382402268,-1.0395963971949784,0.1442352791431511,-0.9534257194732524,1.4176109202640172,-1.2758290541636361,-1.4010344670460122,0.5177356004424383,-0.39536142890505105,-1.2886044522531563,0.4726510886453009,1.090799072689588,-0.31165539459928043,0.3510399692903904,-0.18887792305319182,0.7654425788213483,-1.486428227109108,0.44865228827518877,0.926490502136507,0.5408909065411606,-0.772756526722847,-0.3800415445806242
sample_476,-0.3553557486822549,-2.1289426311515123,-0.7331026451011015,-0.401083619219641,-0.015147503439266949,0.398342564868616,0.1255186060213529,-0.08241934575871256,0.24920578507036112,1.3803471404570657,-0.513115935455245,1.2635102215144176,-0.11383127922985709,0.196029435820412,0.29560558169154005,1.660369163777188,1.0813388016107204,-0.6711014557210702,0.06904818466291264,-1.0048528845492808,1.154355473521031,-0.21079227756583158,-0.8132475481914918,-0.6142122100719303,-2.054569068381176,1.3983602615021966,-0.7683483881091002,-0.6439729457962998,0.8416588543846264,1.4712242504907702,-0.2097235397807867,-0.10869894020260028,0.6864911376054449,1.1376846373994536,1.2230480792387513,1.0432877018567033,0.49448535037891217,-0.40046841749294926,3.0067571858206357,-0.7439568414897927,0.14263633533921088,2.0981797835639675,1.0728842001571497,-0.6281079435030417,0.8510571022772543,-0.7831281265385035,0.5366496156818971,2.882313805447612,1.8377231450994582,0.33578372984605664
sample_477,0.9072760554204169,0.0824049792207847,0.4362623155647931,-0.2461674038167942,-1.4248344087613491,0.9050819682281047,-0.3135869501044268,-0.7279822464005025,-0.20296147454052227,-0.3317662312452828,0.6845590569089827,0.7640758662167039,-0.24213619326685315,-1.0336271100518537,-0.6970739925447023,-1.4520362594919474,-0.5370975798146544,1.825379787163745,-0.49549630056734684,-0.2570712612789031,-0.815304236924495,-1.2198762034722814,-1.2363748019022296,-0.9895459774598742,-0.17569381917966606,2.9738350399587503,-0.46619066949202054,0.5445985864455509,-0.35423234588191704,1.5894079740064913,0.6107124010377554,0.910511798272988,-2.100523861543326,-0.9647395544494953,-0.7806152232182112,-0.1685099206488828,-1.6885095407179211,-0.22537166491686672,-1.0777738454674808,0.1847894066236474,3.319978406164466,0.6525067809427348,0.26541167241064656,2.048950715454175,-0.47281506118724015,2.1113757908446265,0.5285998365783741,0.5520526060797458,2.2009352274175558,-1.9494801928242629
sample_478,0.7996688719847564,-1.065154037266827,-1.248004139755214,-1.5302672900484093,-1.5125479474833634,-2.5546629405939427,-0.08902944408922894,-0.06617072231213988,-0.4122589526743816,-1.3802577964669742,0.26056604618749646,-0.6287778707234175,0.48777923844522153,0.9696245045324023,-1.109614343555426,-0.5099977576991777,0.4758781460723338,1.4142784481936606,-0.1519396899665431,0.41930948871414697,1.2203281436916407,-3.185869505703675,0.02267199032220188,0.6709484347821457,-0.02717151365819876,-0.4483232363011588,1.0630119214521365,-0.042499326773474254,0.33272204221111573,1.218293846987846,-0.452287216916616,0.9746803036874818,1.7584947527871853,0.07261501410007834,-1.9823337104525338,-1.4893907305019634,-0.4990604322651296,0.4266023370558945,-0.0022936424187713486,1.5778306589808926,1.3754427452463298,-1.2905527464856883,-0.5090304488364571,-0.8584021318399393,-0.7645694906683397,-0.612369488589842,0.11836818297772159,-0.08004102912899305,-1.0489495052456126,0.9789932519750782
sample_479,-2.096202952827426,0.8901356843742256,-0.16645899406707843,0.3944548241619188,0.31227472833448117,-0.8676209561615152,1.0364893967058881,-2.726919312080612,0.5539375015725088,0.406896094463569,-1.125558792474931,-0.7936985744246642,-0.203032739081253,-1.140695355857079,-1.8992492338157865,-0.5741105131297867,-0.19413217757778703,0.5941990354685387,0.4507104741736423,1.134840330503169,1.3366409130601473,-1.066456897963141,1.0432696422803205,-1.4434169216415256,-0.1312087425229919,-0.5917704144804501,2.6026273649039795,-0.3569499406130379,-1.2272544154188783,0.014335245810162964,1.1793417983173498,0.8833912353122149,0.5712787441638895,0.5474765649678389,1.0014344420250407,-0.14470969939388542,-0.22769976084845017,-0.002539971917794044,0.36506180359312956,0.18241932262468294,0.9122596775680518,0.3528642804052298,0.431374041503583,0.818000823215893,-0.6197153505265689,0.568701625016086,0.09587796109201067,-1.1280369159652446,-0.5366539967111926,-0.39834868215953495
sample_480,-0.8529336962044937,-1.2528048165419174,-0.3469891205119423,-1.279697127318656,-0.8637750356912314,0.021052522558979887,-1.6110608149159347,1.305502019333501,0.34924010813248263,-1.2363288660321778,-0.013884365596563952,-0.8914652086984594,-1.3287719558645374,-0.06786776428635527,1.821994317085173,-0.2807459087062908,1.5498307805637535,-0.016844491647075778,-0.33948393131669746,0.48111200947576654,-0.9054844682341772,-0.8797944018444437,0.21430386056815476,-0.7489341790420603,0.6081298603043815,1.5227783091155416,-0.15687795216846678,0.018460378010494116,0.5415854563839441,-0.4306030768369603,-0.635510250380871,2.3570605547254107,-0.6887619011508481,0.4390507994930912,-0.05908411924283801,0.07329276679677016,2.1307869871150245,-0.3036814268631002,-1.2042908915645154,-0.9534394000239685,-0.308256025529714,1.1463466307142713,-0.41750434184316493,-0.34359149111048026,0.44616687625483265,-0.1308691663738357,-1.031701162351344,0.5272383687263711,1.2356149359015316,0.18141326558488524
sample_481,-2.228774509015663,1.4671361765072117,0.08049482392921899,0.1840629437943857,2.9292368132936852,1.1124125917215018,1.5351398642682696,0.7945965820012039,-0.3374748499584745,-0.5125958233927602,-0.8349326098507213,-0.36489751380045815,1.3108926885181729,-0.2943809686294386,0.06527433267493275,1.301295600022546,-2.958465705041075,0.5372494158355544,-0.644527496278084,-1.4547093253677654,0.6432448192493361,-0.580787106351472,0.27816911101872543,0.2808225709429468,-0.2837282696990448,0.19124910004690393,-1.0788021945378454,1.9422398249503714,-1.4382917236064972,1.06875414582296,-1.228688908838452,-0.5131899056467697,-0.7066134273535392,2.2204060931213423,0.20437825083339922,2.120960747192564,-0.6220875666905366,-0.8893346455242046,-0.5235524455715007,-0.28174529066879883,-0.36153963761669533,-0.3458383978558843,1.4460751738614406,-0.24155887502642437,-0.49419773217437624,0.07171706037519623,-1.4825309202301409,-0.21194808124984635,-0.9085112661733104,-0.9337719990792673
sample_482,0.1680787310215205,0.8450798183257351,-0.661715068755732,0.8075661353720193,-0.8654474396081054,-0.9392308583529779,1.3438656459845395,-0.12737266333063735,-0.7190801916490319,-0.5903029570527248,-1.6872598773865362,1.0722493852450035,-0.41082388220933913,0.7806087549930895,0.2939645553327213,0.2646331081516787,-0.37757168693462045,1.072490302079592,-0.1241047805428783,0.689111849938821,0.23259240108410517,-1.5693965775127658,1.3376443805618006,0.7307132850681485,0.9507063608620865,-1.8613906476000421,0.9597702471657873,-0.3632207778811726,-1.3641535326872034,0.7878594629263382,0.8467672675309075,0.17496535039532388,0.5742906153253183,1.4726306781504035,0.4733675505428479,0.32253408928037447,0.33198555348337977,0.25488901317248197,0.6980173084974695,0.004980269222510433,1.0036874251225922,0.7409169785569071,1.0648326043522032,-0.6224882545700192,0.15627518135475155,1.7336733840209586,2.1264342808484553,-0.5443476975377338,0.7033301477896532,0.6245291693884237
sample_483,0.08109430050417182,0.1204099778955362,-1.9398687982074267,-1.089267041910947,-0.33939555002988814,-0.11169706776628413,-1.3386033595037983,-1.0873988834434827,0.051949478261468965,-0.6599967881559109,0.7755202102324253,0.4076770144028416,-0.7536520653902768,1.1275259537092397,0.36690347683465446,1.0514950832924206,0.4695730275063557,1.2789002168974073,0.4611284325744533,-1.6241747032087142,0.6329174345722058,0.9971129472916866,-1.8044201712723562,0.37369198131997,-1.263980069474846,-0.06319999548439763,-1.0503802335033408,-0.4919909456178211,-0.5292766856698922,1.8965351083398505,-0.6907669194925576,0.4282929679231182,-2.965842243727739,-2.0589209446886354,0.7041778683874398,-0.6608167947449296,0.36376439187450665,-0.9215681200412568,0.894345545371666,1.6617643182382618,0.1265718468103967,0.09781215419386613,0.7215723819762482,0.3173507354197823,-1.0704258998899638,-0.21246777135041997,0.7624767373513214,1.039155442521635,-0.22479710440469944,1.4288430539545431
sample_484,-0.4339186611505071,-0.6443086784557386,0.9096383968168491,-0.7981079090539015,-0.14079009061235787,0.07777927079897287,0.3092829352704395,-0.5824189022268943,0.8415349499619529,-0.7938821121878956,0.15050285396754043,-0.6518908495187583,1.434819126650271,-0.49103813165540716,-0.9128365747057129,1.2959637520905933,-0.9690677739213449,-0.2049731290408451,0.05338612775480371,-1.1193918536407432,0.6881400132576102,0.020146594001694242,-0.47988760171268346,-0.1262848373536273,3.4630757360105475,-1.2599708323356003,0.49926661781699716,0.02898511448772441,0.7208023772031921,0.4360779614930701,-0.536613740709007,0.06510775629382905,-0.5715041772864461,0.14354917906254044,0.7488439268571963,0.8853834140033473,0.3405273181030806,-0.10003090021308216,-1.0757999263207438,-1.1580034040721416,-0.36137188497305794,-0.13213716025557087,0.21209406242700957,-1.6812710450135913,-2.874833791606523,1.4460059060175259,0.12026191650167967,-2.2330131555822477,0.16327118649944408,0.8931882183865921
sample_485,0.4110341487591293,1.1958302201616506,0.05335965792429153,0.1623590900748189,0.4145902639924953,-0.18595349354660173,-0.9539877503045643,-0.9980062349250409,-1.251848109387014,1.6794321115191282,-0.8897601211701078,0.4286330808753758,-2.5520908747118387,-0.3958191014116401,0.9354456161064547,-0.5162646715169865,0.7325228646966299,-0.25355763000390935,-1.5699409567320735,-2.1581886867031366,0.015704812702506454,-0.47890804301814605,1.3267077719429898,1.2155316245340713,-1.8468637104841013,-0.0943738986246658,-1.3841289144715119,-0.8999221561300516,-0.6758837063127645,0.20007821319242133,-0.6174278429097225,-1.9946045430108925,-1.3834340878162854,-0.35502827946344645,0.5320385132216426,1.5718519262835928,1.0037945076109087,-0.24480085524851042,-0.42958878721671584,-0.30026754501684755,-0.05752964937739862,1.8914910539919594,-0.3389279092773201,0.27638488448968457,-0.6150317428522803,-0.06998650483423433,0.39472701758888445,1.181785910506562,-0.028244106022567918,-0.877276539442022
sample_486,-0.5392583756778124,1.2966111315661248,0.8964563613698167,0.4134859511259775,-0.7804499474251654,-0.7404868648388325,0.9043820984780728,0.5787766875668287,-0.7691178741752045,-1.4665684700398225,-0.20421522407634962,0.55716529937125,-0.3212487227667713,-0.21475261954943298,0.3903109258036107,0.15058023044163002,1.5109146410489613,0.007092438593808033,-2.1048218113057144,0.18383431525479493,1.5679467430735126,0.3271180203267692,-0.06129611095613834,-0.22700968866100862,-0.035974682449006166,1.3667450563990853,-0.5488564994913613,-0.7307139280915252,1.2272878257681854,-0.6070983630832176,1.2801531143722003,-1.266643595385176,0.5292841424946805,1.1105341040395738,-0.15523045717486728,0.3633330369738727,1.0452000609138037,-1.4771321814569023,-0.4327959510715861,-0.36373862037863997,-0.4654254872973,1.624282612249024,1.0060894883889564,1.083318071407979,-1.3579219729668672,-0.2119883812892381,-0.9058857554925922,0.9650991403754151,-0.48864751796926725,-1.8798410617577437
sample_487,-2.150874157239901,-0.6114889564698299,-0.3940519056281914,0.6651505947288748,-1.5797164484068198,-0.4179035283798036,-0.42793675462267283,0.4942185894434546,-0.4246007658785276,0.29055368916846663,0.8723758742602367,-0.6019357639795504,0.16055854048607282,-0.6427202152831368,-2.045745474099237,0.024902928695047392,-1.311640364480795,-0.05525759759556119,0.6826113604215834,1.5630052209396572,-0.37797837835287856,-1.0665607453707744,-0.21960525251252033,0.8277928929157389,-0.9074130459194779,-0.698461630301095,0.19527963113338156,0.0013732006376754931,-0.7285441643559183,1.413668754284911,-0.3141498418857211,2.2576365192253314,1.0276856712589042,-0.04292875334497626,-0.6774473721275207,1.5726432769929615,-0.5296664727598288,-0.2817237824296132,-0.5789386285806787,-1.227057277390958,1.6581433778560501,-0.054127373354583536,-1.6707421142167378,-0.024323579756173108,-0.6451455850432231,1.4818106277033358,1.0026642383016573,1.4962918027460679,-0.9760459992878283,0.3017687073737772
sample_488,-1.8854516387807714,0.3028632733657468,0.627738537684784,0.12800232113097107,1.4316889723973347,0.8001527033063657,0.44702292350686684,-0.35292155133047237,-1.0863289176386683,-0.5197638946232702,-0.9754206967858498,-0.4306795969077493,-0.020791424757897442,0.16763264999761332,0.8059160751945152,-0.3373612555925802,0.4106978271928187,-0.5424757119839081,0.6586150163221547,-1.2509133538619908,-0.37255111079214115,0.9536273177941548,-0.15238899600986122,0.08862369642171997,-0.05769740334561731,1.1014799844721,-0.6524825129474733,0.5521753342930527,-0.20749601484487104,-0.5096709383952785,0.5736946837948498,0.08688298291427897,-1.4831237060976763,0.2376289554239407,0.36902520190998844,0.48474841878539765,-1.8057522782488924,-1.1284853651041824,0.41786897662435474,-0.5952590106025786,0.2655114822409905,0.09223230524225388,0.020526437924340096,0.997112385645463,0.3598334279987383,0.23170285695704476,0.0649574157263966,1.239120449782648,1.5218066362171823,1.3584141623080692
sample_489,0.09347124414222746,1.0588429043617438,-0.7645663001712387,0.6110220225921118,-0.7159861461418996,-1.0903570345438585,0.6417815706311145,-0.29689048132251966,1.403492761977384,-0.03711376377309067,0.7565961699431115,-0.7865980582519768,0.6980920127457015,0.09310894928205021,0.8146584721422233,2.1667193599322174,0.1507577661131962,0.9117842213285159,-1.7350014103130431,0.4154560065139767,-2.9887051325928207,-2.6774945621102137,1.8880973822504212,-1.3708505805234992,-0.2568848124938871,-0.42859326781750373,1.073370816738681,-2.043542626513033,-0.4748190271741423,0.3620950821808802,-0.01868212514391507,-0.10825688467083011,1.4932942893629686,1.0334318856631197,0.00019971750879838637,1.800928206112165,-1.383723245385522,0.38474921321110717,0.7833322372880596,0.7003194260866944,0.7705123209586346,0.38373897239424354,0.6099182393640272,0.7429316018880759,0.9348398369127153,-0.790664666129279,-0.2786552525358237,0.18849570748147887,0.07893673588752771,-0.4153652762683045
sample_490,0.08568439366795556,-0.2265011271332288,0.3772230662083282,0.6875397525960892,0.05220320607203385,1.0261637344068366,0.37573830009075204,0.0071549282797616935,-0.001094994006397967,1.7655520190336909,-0.2563629257201686,-1.351999930194548,0.8345761233739861,-0.09957680006108828,0.4743412839914774,-1.5094022484352965,-0.12957766616588687,-0.6999602973733684,-0.29953601894228865,1.0812660512909213,0.21320256069875104,2.801531360872762,-1.3622650877826625,0.2616690980374973,-2.9567689757780355,-0.6089109445017252,-0.03790949964238091,-0.27331311824260884,-2.113766967418847,-1.4964863023970958,0.5415847104162779,0.3624558689063561,0.7263758157292401,0.34605281096525214,-1.125000236616479,-0.39283947636919986,-0.19208475682912304,-0.03623818199614939,0.6219930152957511,0.2965514283436776,-0.15069296502810556,0.7055217636233494,0.6492891759436917,-2.1133240946754337,0.8342972481747092,-0.9321939463577235,1.6023026777408604,-0.7277265249515747,0.6359816624327108,-0.138932344149039
sample_491,-0.02285067938717016,-2.6345094405864526,-1.6973630802805564,-0.34403446279946087,-0.6535561981214226,-0.2126181163225996,0.41454998361260714,0.8781988169022227,-0.27881976446543943,-0.7007045294261005,-0.5266811103785197,-1.9950503623004814,-0.2790502887941694,-1.0244679620807353,1.960150790930604,0.6736664032410425,-0.21739479457284736,-1.9808847317908012,0.23086797117747082,0.4607700344260081,-2.078611283517391,-0.073447113934635,0.2463533593443176,0.27625789813964924,-0.22391764653689775,-1.6699050069661632,2.345318361709871,0.9758538998753185,-0.7719007710223272,-0.5568313328638177,-0.20934333672993083,1.1463660180391877,0.4447117757134752,0.5782144927756138,-0.6599810655719092,0.51132894842998,-0.1793497910878595,-0.3287818448634877,-1.1437832142628448,0.17787569350959107,1.6079997058276065,-1.0670576592438632,-0.7986567228933739,-0.22688799575348548,0.7258768997432902,1.234410036581656,0.43263712101542634,-1.6620208717803004,2.1781059570298384,-0.8944246249772759
sample_492,-0.9872057713462035,-1.5513343959983243,1.676365550224849,-0.4922935565441299,1.1923312502716341,0.979737850781116,-0.42316942501042515,-0.98012762184244,1.0047806315174705,1.9048199058521025,0.208042450741901,-0.21885197248228605,1.2881522718900784,-0.20221134068502564,-0.6846816776442805,0.10984262741595215,-0.640517479618212,-0.6976825156218117,1.225646197309048,1.3755330202851768,-0.8564598830644568,-0.30229455760001067,-1.3934989796237032,-0.183090723359115,0.3163502730504285,-0.8041094760770493,0.8799295298604717,-0.30299127116883157,0.5204567246410019,0.20033662410220554,0.47730133356384596,-2.273371609027803,-1.2075050695571001,0.30551030075381974,0.2790005992231993,-1.2234440569463956,-2.0422101538901725,0.5864656673653895,0.16435388647954818,0.3970031484911691,0.46415476879908496,0.6975401100475624,0.4233161230773698,0.2927442522888617,0.567698817433014,0.3299644017522796,1.682815636059344,0.10390743384365074,0.38796805343363283,1.1761848920501783
sample_493,-0.6693482327248943,0.5299475865100958,0.15611618613365186,0.09008065151047065,0.37189374416180004,1.0153021915088174,-0.46169548703072216,-0.4604596053294343,-1.2029796539207058,-0.5960898382988065,0.7458850922154109,-0.9407636518911948,0.7771606742743675,0.2857778620367486,0.9413654879132588,1.4860872319824963,0.1842645123585813,-1.1588081028008104,0.39064881661488005,0.06856759701085341,-0.051351986438286645,0.7201014068649092,0.9705767217391593,-0.854094589123716,2.0304704674326484,-0.1415774740207869,0.1970993811041484,-0.3918114657228701,-1.0977097137774432,0.2977519831197024,-1.0624561280769877,0.6932623052690828,-1.8912040689534828,-0.12558078947506238,-1.0188692426819075,-0.581270548745005,-0.04621857285254447,-0.13151617315754438,-2.3038334072974287,-1.0468746911890106,1.17326812719918,-0.1854972419391349,0.5656499512129637,0.123537251004698,-0.06434326932599271,0.9203532757009485,-2.6966976129751523,-0.17895679756377683,1.0695218593190372,-0.6463948298085155
sample_494,1.2709258547381947,1.145274814079131,0.07844872636544992,0.050479163591025264,-1.057441467141372,-0.6146192658830099,0.6445443042590385,1.8456623656933397,-0.22009018871382025,1.0186331482391755,-0.33468313393884686,1.2526019603629448,-0.16890473646198695,0.30699096356145594,-0.23724171511410758,1.1885362721095356,-0.689820380380572,0.8211262854733693,0.7597982333000214,0.4218781744796921,-2.948639609660406,0.2548024795412346,-0.6272405536157544,2.390217974366351,-0.05556641695033907,-0.5914014732299923,1.3336073109345736,0.2545108730599649,0.21532219336074448,0.8791335973186256,0.4165644290194072,0.9629706570867842,0.3820070320819347,-0.6893172162727649,-1.4713261183658144,0.3137455668280316,1.03559803689976,1.062547001195089,0.613083194498646,0.8887035091492467,1.5323967813809285,-0.014975098868432958,1.550317425135585,0.1925208960150314,0.057521694385195714,-0.7964456643851054,-0.09149883901510353,0.28787847298408137,0.26321348935791083,0.169207851004704
sample_495,-0.7820674066472618,1.3460555337012359,-1.5714867655691651,1.075710662157082,-0.47067598969958924,-1.253641570528847,-0.966310405048446,1.692907997281639,-2.187201016406598,-0.5652577384150519,-0.2639605751884622,0.9912852364581023,0.8090322612018375,0.02899028009679661,0.13155550137271757,-0.8420761530436622,-0.59512699636504,1.6348569232663417,-0.8306489153178401,-1.4931325659129595,-1.545246800756706,-0.7020306968828284,0.38928784287110074,0.1383177667153653,0.34560937091475247,0.06681833128472384,1.452927364242604,0.274334841471301,0.766258494630833,0.27470659259677993,-0.9814780347562211,0.6179988490988373,1.7325726644853856,-2.2910244206725343,-0.3085207979063349,-2.5165543433254802,2.1892500333546807,2.153426128705618,-0.39029248893086954,0.7639777136347929,1.498090294139863,0.6214059599044673,0.5253061315525,-0.7799071784417712,-0.3901830619814422,-1.9480956417398319,0.9851989994747044,0.16728190950356037,-0.737877200727506,0.8117104674137801
sample_496,0.5605839391587027,0.9428388243893134,-0.590093277252517,0.2228464198577671,-0.09139523259351526,-1.2375075698944376,0.4491792035438274,1.4044861819191674,-0.7020662849408019,-0.3231911918489246,-0.42377821680888483,-0.721892504175604,-0.4727441091150086,-1.0909225204368627,-0.7205478044067519,-0.7242232313607013,1.0138968695029908,-0.48146547641879367,-0.03902644602005187,-0.6605422851676964,0.9893378486451802,0.2920324112442071,0.6345134599229495,-0.10596267746723877,-0.23829382533817908,0.8383734426457126,0.8709954344018315,0.9036973020905719,-1.3590685727104763,0.14929477777172587,-0.25690089465137067,-1.603721989388813,1.1079924100003176,1.241961254371981,0.9697653205106168,0.9559031540360788,-0.661885084085721,0.21951334751089202,0.8750442979779426,1.0582769517081623,1.1020081233996344,0.013728153249579603,-0.2838050623667422,-0.4039464784734473,-0.19801141133202793,-0.9021908713355189,-0.3237942194277202,-0.5455291680542396,0.3528406864987196,0.43434923351113935
sample_497,1.717351925062332,0.2054833132726516,0.020407025462122298,-0.5867573334978882,-1.5539447230106205,-0.821240885282995,0.10852154930898972,-0.8742617287436534,0.2964929676365335,-2.038885753306645,0.5663307941470479,-0.02764130874551566,1.6676129361905352,0.532046281680408,1.2279035339295807,-0.011827133895340411,0.27619662003096823,-0.37106189719515,1.2349564936232655,-1.450191410102209,-1.8806996559674547,-1.4758046484473253,-0.18443171741195824,-1.2726883280646613,-0.39157093752275296,-0.2053656313317148,-1.2898941998816627,0.8777937173889833,-1.7226865550461257,-0.35685178391596456,0.5631101939853591,-0.28354761223286445,-0.3213081734123894,-1.1477449048392265,1.6696109789377107,0.970581475345683,0.5016211451845384,-0.32577311899135747,-1.0880098443394912,-0.9422714890829323,0.6547680497430496,0.3391454556746916,-1.6573085405220875,-1.0583598027675147,1.4661500186921648,1.637019746276816,1.683003690010437,-0.2147680194324134,1.1532609215514775,-1.2073467571857286
sample_498,1.815864801590202,1.9251301659877156,-0.5660994739651445,-0.6422513850249388,-1.8598963837443592,-2.0588817049137087,0.35525653828594156,1.339861490569918,-1.0220510962757425,1.6857775259230876,-0.9532881779156795,-0.4357043068721439,-0.825740820017741,0.20055990051606282,-1.0103182273598088,0.7332471306358512,1.0177566231389077,1.0898027687174852,0.7418314924741684,1.2119128718717065,0.500885089477755,1.0378452739135262,-1.1157255017914967,-1.8266867814387735,0.7463553685385462,1.0407231457540083,2.553979282416067,1.3922440284211919,-0.6573830591527801,0.5265778758721511,0.5626570829149624,-0.5948020810458239,-1.7073913197825594,-0.6326614058850931,-0.5815423241879618,0.8886356982744342,1.2299600177580798,0.014628651822828057,-0.8727350389858469,-1.0555394274428176,-0.7479842815188378,0.2794733563770357,0.1006035602888712,0.3041058269231788,0.2125933254623883,0.6982529153487185,0.38772104435792465,0.7526349945151799,-0.7065618450650951,-0.8784222773047005
sample_499,-1.3246207140319244,-0.7956249749434914,-0.32968170258550994,1.5867296875795112,-1.5610699052569017,-1.0996337317219482,-1.5126969669264687,-1.2287177109841072,0.22244610491250427,1.6344064115366963,0.2760987261473271,-1.061346188645127,-0.7011612541557236,-0.03401867985101144,-1.6649336190043162,1.7956992088878077,-1.4919373296542837,1.766698536143494,1.3606790331695768,-0.41975170196976774,1.0715855201156712,-0.8410322071321554,0.24069440443894363,0.8767632340357743,2.01808250281985,1.448562773524471,1.1181835437175676,-0.5577063715659704,1.0395690156663935,-1.1243865203512047,-1.3689511279869078,0.813039382732356,-0.49512494377786215,-0.5054833309385192,-0.28546008695929065,-0.23554527230484415,1.650132473232965,0.38403831080339046,-1.9174689146450437,0.6207881887942863,0.9572681874692972,-0.8486469038250278,-0.21663027748066294,1.4687609608725019,-0.9856815440056799,-0.43286656098523757,1.329589269797694,-1.446887351110481,-0.3536769839518067,0.09099294639362913
sample_500,1.2421667832952814,0.0905232455842994,2.0759482958190887,1.230651698837273,0.7428406107447671,-0.33912696756824895,-0.38784064889666614,0.4855270061073433,-0.8823962218922438,0.6699482506399336,2.197740971834429,-0.14848489026243078,-0.7201759934566537,0.0922432318512725,0.012517412348411862,0.1907293652391133,0.14024814789157639,-0.9642574175548043,-0.8577533655559583,-0.9607705138172894,0.49282445981925466,-0.2563883984933543,2.3645693407972006,0.34718589646535025,-0.3156826527559722,1.1953790633450327,-1.3184704536139817,0.1992755433280853,0.5138916040782296,-0.9967701017498606,-0.23439732350445058,0.7560455155400204,0.5074999025541505,-0.7536994348136554,0.31091452486411914,2.404333379154057,-0.6987853638172191,-0.533324313761333,-0.45693425604453675,1.5062989998435221,0.9286835204363548,-0.05237633663411408,0.1898593594766899,0.16908335545761874,-0.6864069165252551,-0.2002145490140432,0.6995827723653258,-1.0226527577215545,-0.4517145020819989,-1.1384504353949416
sample_501,-0.046784389319631935,1.2762398277552187,0.39075051786507164,0.5652480668373523,0.5712949008247358,-0.15391298610820162,0.9179069796595674,-0.11257629690783677,1.2869861654099104,-1.10993164947623,-0.6817951960451036,0.569082256882823,0.3549195066503996,1.460457551291937,-0.42851430767156723,-0.8953225048852167,-0.47161612458127405,-0.5686732104259572,1.1831011181634998,-0.006606266151820229,-0.808152805200982,-0.9734188275890688,-1.3100731939343384,-0.8721957494134377,1.31052166791119,-1.0497134916077535,-0.6289210578630103,1.061041099287203,-0.19134577356357657,1.4070517750697495,-1.570132474095798,3.2298080163067246,0.49684673156170944,-1.466183835962621,-1.0180274323465508,-0.5935701710120619,-0.676557180867255,-1.2316382007603401,0.8612204921958322,0.8048479548969892,-0.31532655720826275,0.4137527068847211,-1.5829266714929935,0.26139351702682706,0.40577376719153646,0.5967282204033086,-1.387076757543942,-0.3971332285475438,-0.5796204171481678,0.010286297563995817
sample_502,-1.4406131085880498,2.144759102616039,0.6231562729705692,-0.766333485517262,0.8333830600651165,-0.6270126568671325,-0.4475585671083848,0.07418852820524803,-0.274868078912666,-0.39951573278914443,1.3038733172498285,0.6875417847965999,0.7622326626251835,0.09217468316170344,-1.1512473649697084,0.22793590939174269,-0.923343364754118,-1.152114126649193,0.5546429001771045,-1.1367318299189046,-0.004869198087756722,2.059752280717844,0.1394453272818818,-1.0878027125046204,0.3668385341658429,-2.022544612884765,0.9358363571627227,0.13628426170208313,-1.774034309025882,1.174321393711269,0.36929403984671794,-0.07007536066349408,-0.35496655315064685,-0.21850964885559343,-0.6408653626691154,1.1064559178207116,-1.094809026159855,-1.473966516537446,0.0753089804451677,-1.551575038996365,1.949259840180202,-0.9608983101394758,0.24383483175923404,-1.0719914363834313,-0.14747747647013904,-0.18708088201895395,-0.7646810732706526,0.4581583071814669,-1.4140200470062128,-1.1577955618129843
sample_503,0.7936289768144491,-1.9782595590945422,0.8311160005374169,-0.4783204044326787,-0.17845074027461755,0.10390873534275852,2.0283703813727887,0.6411390098036407,0.43649574522761586,0.13934526724285057,0.25302221297376265,0.161296623036545,0.8892095914011112,0.59764927855929,0.15849306603692445,-0.5827212345289597,-0.9459739954286263,0.5885612128533314,0.5920562252562676,0.19766305047506053,-0.5065863048813044,0.47853572874849304,-0.8182374505247455,-1.0293023312020513,-0.8612483997669319,-0.3504116042646527,-1.3305238468361713,0.3005880623817338,-1.1098194383733788,0.6423336725397808,0.08297589088255937,-0.1746206404851747,-0.4072053458965541,0.43280957545611454,-0.6172737722397773,-0.3956221922511256,-0.5787694683688054,-0.4364900345880289,2.095006226606951,2.0848832293065436,1.607601149261454,0.24997445319340486,-0.8227124386435115,0.28834276199793,-0.061427479643685355,-0.5528604804114611,-0.793581030041578,-0.5839459552913788,-2.0049606829036875,0.11335562580828254
sample_504,-0.525050669188717,-0.7511056177021262,-0.1255833594877991,-1.2586019157580495,-2.2612020165434252,1.417744153167805,-0.04772297001024286,0.20965046573009063,-0.5620452618391869,-0.6129278712895736,-0.20814899410011897,1.0130827684868826,-0.19480148427832,-0.524286099964974,-1.9060874036821205,1.2838382025553008,1.2111694247761398,-0.8252635888340821,0.509341068716273,1.580753948965851,1.4579557162899692,-0.0010194576846596405,-0.6235296110765073,1.264871948034585,0.8082685115537875,1.7412021256936616,1.1725640074994166,-0.8635699809712704,-0.4958964915794449,-1.1646008676281854,1.1495072723552469,0.6522186282403605,0.18972844336358147,0.6938501930091998,-1.5877185981264308,-0.7226416768491667,-0.211380725455779,0.7707848808877926,-0.5013787194078108,0.3812289568595791,-0.5161230818307464,0.6297997296250164,-1.68435155967077,-0.21829026835598633,-0.7825586716694509,-0.2727040820834146,-0.08372433037276052,0.6509007298385381,1.476204445934892,0.1251104782267037
sample_505,0.1884703713630683,-1.1509716321313292,-1.0637688130155498,-0.4980817427082279,-0.1255336730979043,-0.23884957361651274,-0.27339230466976117,-1.1869610190811346,-1.1066286734646233,-0.9463829566448154,0.9411934941289583,-0.7708381400323554,0.5380401098357191,1.3903938730972223,0.8567947096561092,1.5580840430574734,-1.61033034140285,1.2592398350741942,-0.2448302194851063,-1.2445593388820977,0.2652631425906903,0.2979535591722878,-0.8348574611108429,1.257863021155416,1.1186526674921855,-0.57651253997505,0.4454387784819773,-0.39143689590912883,-0.3122903002645487,0.20830147968707316,0.19771955334201552,0.47207687712652335,-0.08193251580387984,0.47359333081663063,-1.647218029109218,-0.9599712804241423,1.1096345512861203,-0.9897368282270411,-1.5675466995619716,-0.730040165546942,0.7818978814598204,0.7576700436615373,0.28228594238709664,0.9510804786103215,-0.00991997900151382,0.6844676135234974,-0.13083175748441336,-1.8828059118989615,0.02888784775538897,-1.3368461968246408
sample_506,-2.404010473345575,-0.4346727552090418,-1.052148629757242,0.9008141984471153,-1.7490550879961577,-0.6052184271448707,0.06240183919082172,-1.633071154299789,0.3305495227538586,1.6166940048773373,0.6431575454750464,-1.5977794765163669,1.5889245856972263,-1.8953441224169012,0.1668882325613157,0.9139787328261396,-0.10444457943544692,-0.19613009787880678,2.832002383755926,0.42004104606167775,1.9572354688723896,0.03671529856763764,-0.9209108354852521,-0.4982887230735559,1.1650843316858308,-1.405253762414557,-0.8553395365800076,0.7488988490311935,2.0532474609672238,0.5336222405905712,-0.9026076737249333,-1.3789809786572544,0.8319104376030131,0.0746422238917287,-0.07308258421922835,0.6233701861360591,-0.5436829904300661,-0.5456888319659134,1.0158592431842521,0.23977724331909195,0.43686956971756397,0.03966581686995849,-0.8095916932613648,0.26544621118923745,-1.1564859941568268,0.4558214457275399,-1.1046653188486961,0.3926861061275978,-0.5427746262032253,1.1268363296498922
sample_507,0.7036902558904423,1.48136697523949,0.26710692452590873,-0.054421306490684426,0.7229979728598946,-0.08291224018672332,0.11656943034595756,0.04070155272087841,1.3629744892198945,0.5190834826465038,0.005364795846404322,-1.8612476287425526,0.35746509122983416,0.05361576040974167,0.9600700352433951,-2.0419816282488403,-0.5516457736495743,-2.4556469039751305,0.06920398660889746,0.035027394046910465,0.209583516578315,-1.7201432006284803,0.05845164532864255,0.194366992988366,-0.1423504237213653,-0.3998770757530909,-0.875525048021013,-0.04059218051879995,-1.5314084269942054,-1.0584452655339602,-0.9494217137593906,-1.195333718634474,0.9379502003369413,-0.7380383981985509,-0.9917003789159412,-0.24655787904498344,0.48203650085251765,-0.7149219457598337,1.752425465968132,0.6831947327960205,0.20927626369166075,0.4342349396126647,0.722476152149289,-0.3620533957002454,0.22560552414450244,0.44813153594040395,1.5687639288169262,-1.0457683500706818,0.25600117059327454,0.16428569979555238
sample_508,-0.6224715462195782,-1.3328263009965542,-1.3108057362710996,-0.2538377611710119,0.3937425965012363,-1.8667226129108392,-1.244777098186964,-0.2022679075782193,0.7767171812382323,1.945024082771242,-0.03899256176543348,0.3868381320946926,1.6114481599292172,-0.31859931303246425,-0.16599878336970192,-1.2165288078013665,-0.06554002186112706,-0.5273545733316419,-1.710956311098637,1.661415002946743,1.653627607383053,0.20015631855648738,-1.157349352069956,0.20310786030183514,-1.2628179944442606,-0.22827168647561358,0.9430958308031048,1.3605355342789291,-0.5922534817670346,-0.8342303828745767,0.5804796685819755,-0.5558811244753259,-0.5509700829709132,0.05188357190236625,-1.5465365481730142,0.1140419013903776,-0.18495680851852467,-0.07952544630607472,1.3578189141225707,0.6557103900846766,-0.4484683701509318,-0.19808324006506497,0.40205176151527217,1.6368139925880616,-0.44212815537377914,-0.21478658219257038,0.145692428324802,-0.20921527148440142,0.43244350144609955,0.5864363609971224
sample_509,0.5799403200092895,-0.14888662324004226,-0.8798759445112941,0.9460702353953306,0.5470893675959728,-0.7545678137669245,1.952412633528164,-0.7494222920282555,-1.6510505041169927,-0.1803496052819627,-1.784755355226268,0.4113831981126508,1.0832057136726574,1.2566885227411961,-0.9314571780298205,0.05004653658372415,-0.20660119840303837,-0.4394700164309956,0.43191405687256607,-0.35146984905640416,0.17739874834580058,0.10741013638355082,-0.6757834467332532,0.8276287564866606,0.49777988013661123,1.697200659390568,0.20470622645485193,0.22878247998632756,-0.8851230282045551,0.3937949814476453,0.8783467927834301,-0.653827743066461,-0.4429343655509803,-1.5726888335738567,0.8071130610374799,-0.9634722847051791,-0.3526322288306696,-0.13818301443368988,0.22873355189213093,0.17883598111155716,1.6684902134949577,1.0342081307038662,-1.5077154114662619,-0.3640804852735133,-0.052296995428593555,1.61549483901895,1.5095856618351424,-0.11979724506142335,0.9818475777096348,0.27275349321963116
sample_510,-0.09460312124121999,0.4341394104499145,0.1026668197818042,0.8065790033617367,-0.26140953789149574,-0.3336086661372997,1.1484543689498175,-1.4310887707456281,0.8367034951357036,-1.8788137639898934,-0.3507743922912191,-0.30530690687003764,0.477803427915215,1.0617877326016814,-0.18722830069129592,0.5303881298667429,2.026210249259068,-1.8576114921817848,2.125809058182996,-0.01479479735903462,-0.5086732420926859,1.5805929230912061,1.9015692403573907,-0.18341941552420668,0.46254056166042845,0.4874648021205203,1.6431529384975778,0.004614234392499682,0.852107793703128,0.8715712422454828,-1.0230539168651192,1.195646000392684,-0.3367878829358711,-1.1772045409106084,-1.0832104948512409,-2.1503916442875073,-2.1600840442787685,0.1327799904757362,-1.8704846803375659,0.7811997170782161,-0.24430392326098305,-0.6974446379430888,-0.35136814282606904,-1.9077583213747795,-1.237684089980672,0.4075237113860551,0.3640675817700071,-0.4780105382801289,0.23453662369298547,-1.914949580702487
sample_511,1.4666057818449538,0.005289249499694735,0.23081255701899897,-0.009763033054409669,0.5407369255576616,0.7560822976710746,1.2741899340593377,3.089971130438814,-0.2138333611212329,0.8728068965086632,-0.21802984992016172,0.40422379706164413,0.18345329345673614,-1.3083098195517,0.0824119616037831,-1.9723039877205033,-0.43131072020513384,0.08222774646657392,-0.058156290606040745,0.010215795286326726,-1.7104319028636334,0.3514046608230148,1.1387649990691202,-0.5069278168308055,0.5603205861933324,0.5387808651283678,-2.2881683963962445,0.39136546279587897,0.02281551906226041,-0.721785377697225,-0.05362006461897805,-0.4092708087330695,0.8331327583629289,-0.9316980619998876,0.5028563006647643,1.4285241142511027,0.6578399754965565,0.6134553055700327,-1.4669577918069416,-2.1833663021357905,0.47173064709068996,-0.5068756198862139,-0.1503255720748397,-0.40830526203133755,1.379009647204525,0.1781296547419449,0.04298704931048669,-0.8394122485977984,-0.529371801723962,0.054072118176992284
sample_512,-1.6313462350604977,1.1671915276195461,0.962025077410893,-1.9422730706213056,-0.3437111911273216,0.9497872515282116,-0.23395405716195913,1.2044177089414312,1.0620992491208412,-0.3595181430596384,-1.0232128935547105,0.1500450471286742,0.03656093112168284,-0.6237356509363471,0.7733599457628171,0.4204156715466372,-2.069019541948121,-0.4399157337047941,1.4782480969326945,0.3178881554906788,-0.8948613592979078,-0.5549555378399119,0.49384208581012057,-1.2753165045459176,-0.5478181633881843,2.0955484092309993,-1.1040782847515038,0.43643170131521525,-0.8208143493351172,0.508192857340926,-1.6351495080390055,-1.026906347929125,-0.3419717543630581,0.5432823919245816,-1.1032453288876716,-1.7495716254672224,-0.22142581304686798,-0.15216628122811063,-1.1730255243422856,-0.8697947085625651,-0.11597010865897772,-0.8799727624049996,-0.15662811734234394,0.5484783983831393,-0.5719866730236158,-0.44309944647318805,0.5378179872787322,0.36278110621366155,0.648181273085361,0.8209472638851215
sample_513,-0.5321989606628926,-1.0217398236082855,1.2389661024746268,0.3813111365954876,-0.3664698401889338,-0.5449933552974116,-0.10629809316721987,-1.3711931154773713,-1.9053938208983718,0.3515065163319982,-0.44992046249325773,0.01025898611169179,0.06937782711256155,-1.1983750038923415,0.5286900465618151,-0.3740297192873845,-0.6003606476791821,0.48963761197713485,-0.4569558000152631,-0.32321936690627334,1.1913184124511556,-0.041724541819150904,-1.2977814978763518,0.6033325829679189,1.0607232303967817,2.5889227171597047,-1.567125055262655,-0.06825503575179781,-1.332896846845157,-0.44445014864671495,0.9477959669516773,-0.19125570841188844,1.6720199423079838,2.092974223539067,-1.4278045573283522,1.7119921171106514,-1.6324232440540096,-0.1264491742940271,-0.30802314178726525,0.9760649952077923,-1.1083093232883579,-0.13455972729373517,1.4654927015693184,1.4045546404078249,0.053159679559036575,-1.630558021971644,-1.5807105421525973,1.3256450084778675,1.0950637489299349,-0.6393402735179735
sample_514,-0.9185684861119151,0.5014969111482408,-0.023306637309751892,-1.0665719239336036,-0.5156654875479862,-1.6654172921001058,-1.135294195756181,-2.190302969238936,1.4408045343896612,0.015986798498081278,0.5581948583239635,-0.3097082297793373,0.38145633897947356,-1.352756711480136,-1.402437848616184,0.3010420365425371,-0.514904158149692,-0.8784471788026684,0.09537840203157598,0.30456015857036683,1.8170664052958834,-0.18621060175421045,-1.1318417204026818,0.529318009327636,0.7630443936845963,-0.039016101736973056,-2.2881535923728507,-0.8404011218741765,1.6725693249408908,0.8391446968579443,-0.6101835926473415,-0.5601014451846547,1.132164107990231,-1.3853193374708703,0.7458801495816871,0.5573342742541862,-0.15316417975016625,1.5054623479000642,-0.007080257972365118,-0.526060915627904,-0.30628837835539335,-1.4862870332207825,-1.7197858752955375,-0.7763258107517942,1.1127835648253876,0.5132809557251167,-0.1335569810426894,-0.1470330325193597,-0.6026066531241832,-1.9054690112860766
sample_515,-0.17304072911644525,-1.1574932810444085,0.055662362703313865,-0.7398861305115471,0.07798609500952282,1.4053575856864493,1.8991996110816365,0.19001516283449907,0.57071053381545,-1.4741655121955262,0.20616050048171727,0.36222887940051224,-0.36789130201246145,-1.540237808987045,-2.674884854254633,0.5895673646939645,-0.3185106059161802,-0.704987549167596,-0.11592512736213932,1.1663583054284279,-0.45562422456143437,0.9338005297900044,0.8581778014360969,0.3502199410589763,-0.5774766691011468,-0.0388566855064441,0.05437919838082538,0.007898709176966305,-0.1744847841495426,-0.007945633900677424,-0.250174262623263,-2.027697277598436,0.35344561329574453,0.8532394146591872,-0.9003947320578132,0.1367891049583231,1.1868558187438876,0.38727017460868857,1.6329248955194204,0.7930600793072317,0.7034819041536856,-0.22202222691164666,1.008361173269811,1.4759399140629148,1.0589809645351302,1.1210394577149323,-1.1608067295030289,0.2628440832092744,1.189772748313376,1.3676701540517824
sample_516,0.5486586981131799,0.3996945405181438,-0.5578718166993487,0.679581238377368,0.03476338712791673,-0.25701368074951714,-0.6205723959138711,-0.10625456446139463,0.19307134198537834,-0.5888647436022355,0.0036310073939199825,-0.3754855524062773,0.4616497639631792,-1.0049474937079357,1.7509980411958161,-1.7986828105781205,0.6209645804109397,0.16969134919408285,-0.32943443284034124,-0.8516780688941972,0.017076253846347034,-0.6318444770307725,0.045195906432556145,-0.7776781420719425,-1.3854022134137456,-0.2148169136996908,0.36166039193763366,0.27382323275951387,0.678826961371632,-1.3062847919179137,0.6480693714515188,0.47283699575920257,0.5563652574282799,-0.17257129847509606,0.1357654955307557,0.5773668936284769,-0.26393936652785677,0.5817029321230944,-1.5323907300322501,1.1070275851681968,-0.13423909180529234,0.8962581346766391,0.4608405756398602,-0.965778868422281,0.6921101814519753,2.1766892447635353,0.4732444502334023,-0.01179131901658431,-0.6311086999047921,-1.5529262937397081
sample_517,-0.6317345618672056,0.3934474353961199,0.9709917943708128,0.08500221684654813,0.6310814973320986,0.007973079725336583,-0.46270062512078775,0.7209355895235511,0.3862342597770645,-0.38090942778912756,-1.6215988445312726,-0.44313459895065044,0.428911057624896,-0.13980679820743566,0.6266825080024327,1.1328378850734524,1.25230825409659,-0.6474308596367115,0.07130445391943192,0.3077227227561549,-1.1333028895824055,-1.4480901676078695,-0.8395385570506497,-0.2010146429647376,2.169742186399208,1.2396535208900115,1.3358494347202863,0.8063594578506759,-0.1986834355114113,0.8215329766675622,-0.30828132787191165,2.436633052302139,-0.2609323814160549,0.802640737721689,-0.29011000580634444,1.967289586103195,-1.3215313862996927,-0.46987138393622174,0.6697448667711364,-0.6741062292415737,-0.07411783710866719,-0.00011487459761366022,0.5910559403044622,-0.49569280075437316,2.666556146608107e-05,-1.2330723758419573,-0.8209847911448611,0.7629385061922568,-0.7993701351534543,0.46422184245134385
sample_518,-1.4980987298725392,0.6647894572969517,1.2339758892174444,0.09391556971311614,-1.8869812565349051,2.1498281982672536,-0.49264288032299014,0.3927951770739285,-0.5134251433743358,0.9270694718599558,1.531560896394406,0.9012723512464548,0.14244015416410272,-0.31281945455480326,0.8294544191591776,-0.5099147772739759,0.34914548197698336,-0.9731096980659972,0.6150762842575435,-0.06955838011675339,1.3687848680845278,-0.812494941818747,-0.9064935385379217,0.3932716481730272,0.2033537277966139,-0.6528840891043162,0.5981463833601464,0.21377403480573468,0.00019369681240701095,-0.9822686787292787,-0.8362704676297802,-2.2795385477546932,-0.38946269247950194,2.4050350234523057,-1.8374767025639585,0.17043023953662773,0.3072458354207028,0.9895323614990635,-1.3317654511291361,-0.3985523779153307,-0.5041624006780617,-0.9110109772308409,-0.33483494529315144,-1.0396520357743335,-0.8837013226588832,-0.8672056948155289,0.06685527848779359,0.22019289293033098,1.9579008205934527,-0.33740798417378737
sample_519,1.7684925662670994,-0.6088764810570696,0.7732283805356994,0.5848560555521061,0.5636830173637924,1.140906717818268,0.6970409515846168,-0.43765860561413766,1.049702823146749,-1.0974730287460035,-1.1759905073959698,1.2643639803947082,0.8926444568803327,0.4107847612804157,-2.0288578876152568,0.010375731888098552,-0.24652275650197172,0.019458035091015853,-0.2202096541710247,-1.0598127058422182,-1.1025158119892022,-0.1312588674491648,1.23309868617227,-1.836718136999862,-2.0170926682007075,-0.02698064970756787,0.4836511130604885,0.28316132940679745,0.5993947385916812,0.1690905937257891,0.7091755132151587,-2.86823309637498,0.21051067629807857,-0.9644589766736215,-0.24858591143199388,-2.084603786095654,0.4975074138844332,-1.3059815670714245,2.3157864256247502,-0.0388391530198431,1.2043589613657562,1.0907868906252514,-2.309418889435466,0.6504399936422948,0.5544791185721072,-0.0671593828232777,-0.6576323785086318,-1.8571894614799294,0.3061338385511733,0.3455797354999472
sample_520,1.2689653546365358,2.319320480647503,-0.2963729427132057,1.5808406105948454,0.15030424050148844,-0.8215083440835568,0.19453117774857173,-0.8135487912072702,0.7982729218905521,0.18305595227688537,0.7390062483756158,-0.27073970782908396,-0.6050829946490475,-0.060903274477001265,0.8178421563422962,-1.2994049376011496,-0.26294655857842303,0.2500204993776226,1.018871666000116,-0.8505097568518779,-0.36096743376316964,0.2956979362368918,-0.53943846785882,-0.7512786333266885,2.000413637058523,0.42707570757139274,2.2057995912488724,-0.4692722573308017,-1.219255710786595,-1.7500786757130702,-1.8544541347923948,0.6820039412942811,0.7164525436896598,0.4841031947304951,0.8497224169420177,0.6514750556079664,0.352163044640236,-0.1904516641080247,1.1686994212951962,-0.46370894110835853,-0.2544876985651845,1.5222053073034971,-1.2222385152063695,-0.33003904592818545,1.2546438735179914,-1.354371425843882,0.11361903700529918,0.11717532241003849,1.059506460922686,-1.5999963808031894
sample_521,0.2235752438439951,0.12965639577907348,-2.6707791204309745,0.4977959196734099,-1.739967373751161,-0.6766047705240847,-0.42769945129387793,0.11164922644402422,-0.2352499294778816,0.6957426728333326,-0.0203971247169932,-0.36289117766214535,-1.163429003624106,0.04691080178380345,-0.5587456167048115,-0.9573037937620048,0.45694776364081086,0.9596050411605447,0.15814227103022926,-1.5244272669761023,0.4546390475077839,-1.7178551419908024,-1.3243183839549562,0.16450786680444218,0.2950966923753198,0.5371208258865077,-0.0939859436288451,-1.1720131439974666,1.2599284729531242,-0.20378873190549301,-3.0867299732891618,-0.8415720755581868,-0.6397542325879835,-0.24291995444910566,-0.3076352749349879,1.3636359366075486,-0.4833516438020082,0.1273985100460126,-0.8315032491526899,0.871937830933519,0.32833014562963286,0.08920770826923402,1.7529281853766727,1.499786420493723,-0.36443524241375,0.6742839814002696,1.5526369577050982,-0.21104232014653948,0.8501703032882837,-0.48787452313601
sample_522,2.049471831423784,1.2301766797791809,1.0408951021933979,-0.9133124050764131,-0.06411615144067262,0.21709283388783324,0.6186450747579793,0.24698520433562118,0.3992158032635982,1.009329584907481,-0.3668008580742575,-1.8893511212794902,-0.9109980737990425,-0.682868784514602,0.32900970866039453,0.3375283232758031,-0.2972501866342698,-2.347479415242863,1.4301341546515962,-0.10930460699965301,-0.5895474112054482,-1.312182822042376,0.6146771657128907,0.5577916601799364,-1.9274753975994032,-0.8348831240998463,0.6133626866718779,-0.13072992591882787,0.7984584585405393,0.19270167938047097,-0.8158546638217447,0.17565787712286413,-1.0473135929213537,-0.9786335100592793,0.7746542320817715,0.29013734878822,-0.6222192896149709,-1.3288926501548468,-0.6356274740590626,1.708219655449661,-1.9825330644159196,-0.21196872924416518,-0.33275718757828665,0.9967068593561557,0.8046152244173562,-0.2833567577145632,-0.05410118919056429,0.4292153782594198,-0.9604899085526588,-0.8222113516813744
sample_523,-0.6891060007302239,0.9912603602210278,0.2210287054959148,0.3051645028067904,0.12373756988228132,-0.8032994775986163,-0.8941434697498568,1.002386169681585,-0.012079071187456361,-1.6850992698939444,-0.640574920833862,1.104761679153212,-0.8874911032997279,0.12719879582947155,1.2685606022597735,-1.5381055232249314,0.5119267217457738,1.42690721972111,0.5682499876040492,-1.0691795637665185,0.1107191318405528,0.34229282798643257,-1.6541262010588071,2.0015761575710265,-1.8956138203801725,-0.36215227438652803,0.05284254913534287,0.49852770587891354,0.7109859222242826,-0.3065700266966277,1.191655405673126,-0.4892309795197691,-0.19498621730373222,-1.7413893415054218,0.6255155102087969,0.12080828486624269,0.22012487532984787,-0.3767992774205245,1.674246482524273,-0.9406293886876134,0.8091625577677931,0.4279120086708655,0.16812747967731115,0.058131859316926646,0.10591989998250545,-0.6728794534636666,-0.45046983357369264,-0.8980490659336424,1.957114938032987,0.9831892959336967
sample_524,0.6643821808018883,1.1840520526950427,0.9035320581216683,0.8759403305774253,0.22814315467404853,-0.7549381438814355,-0.5774724689378748,-1.0321188517285294,-0.03976146745590427,-2.1513461831088256,0.11066377372076294,-0.35778485029717366,-1.1095388997374418,-0.4602340769086187,-1.2768701159959521,1.2388974884959314,0.5284769503973606,0.3519362976694225,-0.44871603139232147,0.27888129719335353,-0.9307235538411737,-0.48104131883469176,-0.28703694298069204,0.8324688995893247,0.6620852113197182,1.2957585678345573,0.816081551839066,-0.24414764548435383,0.5482407860121618,0.19916828446939536,0.7635092133441859,1.8936686426894735,-0.285746538225072,-1.4287317255365983,-0.3194151371353166,0.17112374708559416,1.8655046922947145,-0.5066876799045036,0.713063725310108,-0.03227634032530405,-1.4269266801137006,0.931375210220297,0.06684292193950292,0.39628668635304853,1.0210026124676133,-0.9353350838674042,1.1158836067041993,1.0421005623562172,-1.0564957840555789,0.9854492059122368
sample_525,-1.62136528498375,-0.0745264434977274,1.2262007791927687,0.4982901288020588,0.5830617212207764,-0.3604829349178519,1.1467786104430346,-0.30230607774807194,-0.6254241076447717,0.6615038310148241,0.33382067285367845,-0.16052794999201014,-0.4161629667268954,0.30302621547488456,-0.8886054009511968,1.038640913519819,0.11152039705872757,0.4347407687997091,-0.9867731940958022,0.2622539931347702,0.043965212325487155,0.620820618071714,-0.49337164467089556,-0.43518413328852845,0.5425214203755298,-0.7738574275892856,-1.1530786850651453,-0.3288292407195838,0.5558620310789547,0.1343196025067879,1.3070084543566525,0.18690679761017867,-1.4987112765551127,0.512855755194886,-0.2950059684526062,0.36149338872552167,-0.241845402581072,1.2976627876827056,-0.02414371512570038,-0.00045831352473162655,2.1657651336127826,0.6634578448504564,-0.9191677695069722,-0.7810170262915489,1.0955162178336593,-0.7877676754710378,0.699551199634965,-0.2805921560962101,0.5300222236603069,-0.1896054512114645
sample_526,0.3993437542470096,0.28672295470139947,0.49993369907561824,-0.6483608498352351,0.5573351094874076,0.4654091004649165,2.057138918284512,2.578137581036241,-0.0220416574262298,-1.7788782972656032,1.6663282047549925,-0.3513605537510119,-0.5351770785048894,-0.2705233496537566,-1.4109729305727092,-0.16370138190446978,0.49702947842848094,-0.9046169855452302,0.8071534494104662,0.1896205278393881,0.3517937930597636,-0.4312618464232036,1.6210290519404846,-0.19092753388232,-0.23849955930303604,-0.3719802705605402,-0.15414725946975835,0.6161907675231489,0.43414560519102563,0.6544296904506279,1.375206019762765,-0.5396935581634624,-1.162241153780415,0.7792299927333343,0.2068363704503484,1.1891470863076554,-0.7976338006549286,-0.022994221587062047,-1.4068695809939407,-1.4102347079717676,1.3315459962681044,0.022097753444594397,0.8772557050043068,0.7921691765529506,0.10088727258728485,0.44000664889300545,0.10957631878410572,-0.8051619184305971,1.5551051580026471,-0.7143472232471346
sample_527,-0.30732649297037196,-1.365163827404351,-1.8453126218378009,0.3447310537197154,0.1439870575557415,1.3239713896701724,-1.9737245435441995,-1.8548809424629575,3.316112243147418,-1.5365448522427296,-0.5677295106705471,1.7629976688698163,0.6329146182907223,-0.3385826440731183,1.301078012948948,0.2112435307866935,0.6348340035351255,-0.8601283471395443,0.43638699108562895,0.4570473595831765,-1.2072810188252505,-0.27935762120393015,0.06988409977364375,0.017368323060846954,-1.2220553617110481,-0.37337777834622865,1.3743706420557404,-0.6640762583019392,0.6908978725964267,0.22641182274014726,-0.20222915972917463,-1.5295238333647454,0.37581537588976627,-0.8505012530925137,-0.41430006086016025,-0.035745596214137976,-0.31902563881809437,0.645290420186153,-0.9490527689417843,1.016452685774409,0.6505869465986097,0.14198365104121669,1.760415067002659,1.4984221678330083,-1.7117345194279312,-1.5654099801213184,-1.005216068278196,-0.9417068396316508,0.15149030521156193,1.8346369107594058
sample_528,2.2784423145686925,0.5631585646273002,1.086127466527349,-0.4045820305979539,-0.06134794352712618,-1.6188774561729906,0.35887551523588035,-0.7227489148707991,0.6036325648077553,-0.4247191829502711,0.11076558879391525,0.40928985025955716,0.19906508092853945,0.786082049667621,-0.04964521377343148,2.7951681961411494,-1.1028081031199983,0.7564613476015888,-0.8853315615764179,-1.238349810502864,-0.4245897558503329,-0.06348765647585285,-0.18359932289560463,-2.087499631773781,0.1524661172937536,1.3583570246506158,-0.6880606397319008,-0.8358790462883611,0.38416857074054234,-1.0610805204910607,0.08853765139019722,-0.9774907297113672,-0.2694010474444424,0.12653330164328258,-0.48499015546605834,-1.095327122300644,-2.567356442551467,-1.0269382132783926,-1.7253643888860037,-0.08206511288188832,-0.6327652938507036,-0.07826426005739713,0.4716694520215864,-0.35374668399217984,-0.0948182495646512,1.0256359297571476,0.6780084785342242,-0.10839305042620014,2.3455346530520247,-0.7070373490916814
sample_529,0.6766775885560138,1.1115701083007856,-0.6842906454399963,0.16366239625908363,0.3127779981035698,1.9876189931999992,-2.066398878292369,-0.05100444502502064,0.0887021510707171,-0.17214396522517117,-0.48047574737858106,0.40294030781412876,1.0381613084080965,-1.316584858530614,0.04826628328611261,-0.09741743436259483,0.8275611725260064,-0.142040678095613,-0.11033687625042858,-0.8927532059931479,0.09094678783755009,0.8864838148386315,-1.783376221421294,-0.48437499221178115,0.13696120632648093,0.0902953654149248,1.3948294157923564,0.9243624179315727,0.14217752332610467,-1.259968781220689,-1.6618267322458122,-0.7102040564640122,-0.401370146011902,0.01396787552160396,0.5421078262408737,-0.5855878722099238,-1.228211409947413,0.15329781806896842,-0.5911087863622979,-0.5345543829309365,1.0374998554225099,0.6216652368131128,-1.1322950449030253,1.519410137758372,-1.557132239083439,0.4365659241126675,-1.0259191721010765,0.22004507010950056,-0.01832824013348422,0.28749224744290186
sample_530,1.2842293347165468,-0.5763238917069667,0.9441269148003618,0.11750592912148912,-0.4887081255562089,0.013396751696009627,0.7539723955395279,-2.045489929605814,0.7346210294706812,-0.3861993267909355,-0.10794678847459133,-0.906300120264575,-0.6564764265886626,1.0508037421294834,-0.07673627388521889,0.10197064826323762,-0.1988282904052318,0.6675113458620028,0.43735967614019844,0.013348448273443095,-0.19367462991317275,-0.637382880549367,-1.6420522200245882,-0.5269841964784199,-0.35702969122380707,-0.3242432270781831,0.8057717419379844,0.35487056815588347,-0.13230833052182053,-0.8630774941601013,-1.8404609302399155,1.331609240898645,0.9629465492445057,-1.7137747322826327,1.4798274885131193,0.5210807754081919,1.0156735056099164,1.0086555295583854,1.7822748752499975,0.9027211701667187,-0.1263140046505377,-0.32114148119968217,0.2945752229065424,0.94498416667364,-1.514232815790458,0.4187589598503866,-0.26977576767035866,1.3616683249995876,-0.025675873374388845,-0.8972377690629991
sample_531,1.459085415506448,-1.0457059301219351,-0.4630892974481775,-2.2946371085733226,0.2930314371540717,0.3924994230865901,0.9597827816657821,-1.4435078891745625,0.41377826285686325,-1.8062271434588828,-0.89369760171786,-2.6244725495987558,0.07104955765996429,1.0048264604512753,-0.38650942791046966,0.1063557454455956,1.0926318466489933,2.350223413176696,-1.1936447190562165,1.8813608219237612,-1.3274727862457683,0.7671590033709766,-0.0986833361817494,0.09068566199524024,-0.010697058789437537,1.4530600498422594,1.1521285335721283,-0.18405262153345178,-0.6941172785122022,0.6615392947985929,-1.1485015908067826,1.2481399770417667,-0.22767847645319556,-0.19906117801759368,1.0593511332295344,1.7617817905777686,2.2947330530064636,0.6899790218107972,-0.7485783612200456,0.8056279696900939,0.5175816194196093,0.5516277861639902,-0.1471086319553968,-0.12930799190468992,-0.6122562309736455,-1.3375385945788343,0.8323726911696939,2.211603501848102,0.07115395041359382,-0.36291149769674624
sample_532,1.955501364075921,-1.4531233615693226,-0.5785794418420586,0.6968164054844094,1.0314244128088041,0.24750189383049614,0.42827820838225394,-1.788299396905283,-2.4034036071732507,-0.7607179574284718,2.459937108974247,0.872028923130348,0.4114126507422778,-0.4074919151173216,1.1579302821116404,0.657115062416667,-1.14745994691992,-1.2685763495655795,0.44770245123165764,0.21927663183319815,0.16396383629931963,0.0013531762492919688,0.5181520953921155,-1.0833211645966547,-1.041837395352688,0.37642989095548296,-0.7055655539853338,0.38039829061622565,-1.7685719701523057,-0.38834945470286114,0.8344753556748292,0.3637773496645559,-0.3504223979834745,-0.9635695405768997,1.656889865871667,-1.3000950804821334,0.17238333044376522,0.30797816714124504,0.07642733487466927,-0.8514700580588352,0.5667738783804056,-0.4087978903199215,1.5033439779531137,-1.036642414979873,0.0037866537377850046,0.6284257075199131,-1.867422319624386,1.991009015281449,-1.091851592545139,1.433053977823484
sample_533,0.5619286636815812,-1.9501857069533515,-0.24444332929751778,-0.3373604664914235,-1.026302863484124,0.7160045369673668,-0.3046365561216043,-0.3693055292846735,0.33813225236975775,0.3270092926010301,-0.6906075658733343,1.3493731125554542,2.5688616400826114,-0.01585475334858839,0.4088063715410657,-0.5918655422215109,2.164232430639422,1.3898819789684635,0.016814831294362797,1.195557257636571,0.416983363018304,-0.138388289691939,-0.6772400425467979,-2.046709938854341,0.08234593771138812,1.272932625334543,-1.5891636122832793,-1.292137355633979,-2.1902836175502878,0.12760126323444676,-0.21106041237210946,-0.5888631620455383,-0.10867362474373506,-0.959671921146375,-1.5488859013317458,0.29506242289630596,0.48356677438236595,-0.36249590019745936,0.387675902133089,-0.2977761849222741,-0.9457970895427582,-0.24667024796617798,1.1097856317867454,0.1258602108558463,-0.3426149307751308,0.8034638677407384,1.346633601624146,2.0350972236182856,-2.213923451576186,-1.0122234622252333
sample_534,-0.3057052972270798,0.32714979509848396,-0.22752281879339178,0.8888657654542843,1.0013604843101453,0.5061552395732969,-2.5182223908347687,0.823484543118287,2.0989085430334806,-1.6233508966889736,-0.26338469013196003,0.8641382000689165,-0.2718037740065584,1.506274394104095,1.42135606501565,-0.15528753771456413,-1.432132523287772,0.9028330177046578,-0.875047080187969,0.8967317998121302,-0.29048143295023165,-2.2270364998616836,-1.0331233273191212,-0.6549179531435684,0.8807699112447244,-1.4551899299909141,1.120576745267405,0.09795260058773111,0.8358389504546477,-1.5384112527609701,-1.6196469742796022,-1.0459159067889618,0.3072046370330399,0.6347128451213584,1.5836282905881736,-0.011457905701543765,0.9018348761529071,-0.6203016733731656,1.5955798594483346,-1.5976471975191924,-0.22788017939655114,-0.46576846927248106,1.1253869538585837,0.9086737708990869,0.7738836263751532,-0.6930574851454688,0.0121630968115885,0.6426227080328551,1.0690325044422166,0.06400286686557939
sample_535,1.483090254021593,0.13817995792798837,1.1774825088439425,0.5702767481394254,-1.6428716438400344,0.8396796346829268,-1.2707591751773915,-0.6025165873105655,-0.23553734458711484,-0.5194269855078633,-0.260368144218911,0.1426516023845035,1.2285941059289671,0.06099050856363466,2.104415928259013,0.16488173513184243,0.06862987468027999,-0.14570496363939317,-0.9636431851831943,-0.0917986698836039,-0.7657175518920084,-1.645013297126547,-0.8633812165965915,-1.6614487130249853,-1.083576919049829,1.4942519218188972,-1.4849284511356353,-1.528986800668657,-0.22307609054724314,0.11683349073431223,0.21871332258340062,-0.4880408873994795,-0.8942611512214746,1.6242704327671216,-0.6517596994446292,0.5539838372374486,0.30815753641130184,-0.9707982800673203,-0.18259736266842494,0.9115286647632321,1.1545987420670294,-0.2711098325842734,-1.1234528705270308,1.6848186300630978,0.9197275121522471,0.1569421528146191,0.7408317393265172,-0.06682115215164747,0.30575743344124584,0.6897068886388248
sample_536,1.1457695178646083,0.28391905546386326,-0.30057766456128515,0.2740793976048567,-0.1062118951594482,-0.9693681078427626,0.32065720335620096,0.5673722975847323,0.6623159961499275,0.4530697008013452,-1.0657443500784285,-1.3818976639029745,-0.4955582598401815,-0.30472507068163984,-0.3164045762227649,-0.2572046850103681,-0.09967607275598028,-1.1069331594047542,0.06984321120808706,-1.8872556548685253,0.02558698680487675,-0.7845051448953532,1.0631693309664951,-0.6090543255089151,1.2954597247388357,0.765667999550776,-0.2127701661756113,-1.8678464818683043,0.37958791854545315,-1.9417685333155437,-0.4101468125612814,0.7462643220184993,1.6659365214935802,-1.0638845180346193,0.1769639676140468,1.8386236645330796,2.1272333718851613,0.031329014245117484,-0.20623779785885032,0.1807266844974641,-0.39735380526312264,-1.933805198118778,-0.3856418112338863,-0.6410230148760657,-1.875390383096503,0.8736890268827774,-0.5205869298943663,0.10557080061057493,-1.4938039077900132,1.652478806381784
sample_537,-0.09698379970013464,1.122989545726494,-0.43154090019078456,0.7086160230157524,0.16591732051897123,0.2714848182764268,0.5045989394883031,-0.8101003949818537,-1.2296614720164565,0.9679799115169476,1.1469944714912792,2.1918370792182875,0.9710076165214245,-0.6503967438734726,-0.9985216587033602,1.4679192788035835,-0.3548598318337862,1.0411496695329352,0.018970873725031704,0.5775404336483803,-0.2382589903698548,-1.6822998889014145,0.3620444454574952,1.1771399988540237,-0.7907316943872331,0.7245050415889988,-0.8871137967097537,-2.1271552847754456,0.4220589298526311,-1.1776629489880825,0.2569523511607305,-0.11008909422880868,-1.0611491280720724,0.02404402862323488,0.8112180862619919,-0.21110171181027204,0.2908260298609494,1.0555961726376157,0.7354708662996456,-1.158059359640342,1.4347148971437702,2.7597046946248747,-0.3867412132027912,0.9005412609081526,0.7245129910647067,1.446109067662854,-0.6736284169923484,-1.1387613158627727,0.7169746229929014,0.37033083229057767
sample_538,0.6205167998857715,-0.386275030829795,-0.7295364518193398,-0.17469737174563246,0.35200251112260134,-0.1347797490787323,-0.3715575157171471,0.4924877625604034,1.525566131853888,-0.051016370534078564,-1.0127018306189708,-1.6899173239223568,-0.5605194624615202,0.233735715131403,0.6154065036301696,0.5824594615294502,-1.145620548161627,0.6964707460668362,-0.4753069253409182,-1.4163274179103011,0.16070030437395016,0.25283863435080467,-1.1322045142125872,-0.04641692271693753,-0.7347389465936842,0.5382487073192919,0.5376807667378,0.27102957075334183,-1.3466839857111137,-0.8599388023892887,-0.48216069611894913,-0.2141950529821772,0.49556844653271226,-0.4670860470063915,-1.3255655215142992,-1.305512063334147,0.24601262898737802,-0.018222767970479052,-0.8144807648060438,0.6610433415877868,0.014063931771558577,0.36332820899070867,1.4965709033396295,1.791765386276579,0.8269749228699497,-0.0940544260674749,-1.3778384438593554,-1.4887611176558189,0.3020770084593212,-1.4576027071979203
sample_539,0.3834586220616717,-0.9992432732254138,-0.572062790392416,-0.10843240671017326,1.5968221154686757,0.27056050802225573,-1.5783473483995858,0.7824044756368991,0.2445426188805089,1.2354298220121398,-0.45545500836782093,-1.7021376373800439,0.7509174597970336,-0.917444769790434,0.9450344427210697,0.005711005496470286,-0.25669106983063505,2.6391111976796835,0.5885664901296267,-0.33035344987404053,0.9894875325158459,-0.33928228368408786,-0.48021576686373046,1.5449721148855569,-0.551961871962443,-0.7355021562550743,0.46251557524332326,-0.8901101426633613,0.6824159235160014,-0.9324095315617144,-0.39801989184297026,-2.2197262074112643,0.3698712725125984,0.4658432918481476,-0.7494964304482925,-1.8699290272995022,-0.6775917465191846,0.5688628199185788,-0.880063318082718,-0.9703671041415507,0.44177078937588243,1.6326664266958757,0.5657035319319514,-0.4237878028218219,-1.5170884725468199,0.11487098746927892,2.13778334258306,-0.26051478653233706,0.9913265927087553,0.9415837719082611
sample_540,-0.062583080548108,-0.46986006216024884,1.6329136132538473,1.5796124520253958,1.7076514714621462,0.3513075842666008,0.5693783330459479,0.4411387646628563,-1.9946334794431166,0.32988529481860257,-0.635549524394831,1.2127801697785197,-1.231406423639949,-1.552704715938122,-0.8178421914148094,-0.24141438054917505,-2.455080136196567,0.3126694920347494,-0.19913406892011923,1.0894553355482388,-0.8177189596451694,-0.38189951593406257,-0.3384920316395098,1.3972574615066786,0.6281891039880243,-0.7880330548542167,-1.1048483548365982,-0.6729085061308122,-2.5196734546315316,0.6802343925215987,1.0573703096034972,2.442117612945159,-0.6701330043452719,-0.36883386543099755,1.0365757655228915,-1.009843747629877,-0.040435587598480524,0.1838005765232503,1.6715914512180021,0.3978225478784835,0.2229240560986871,0.743102312333045,-0.9697158713152314,0.37761447823319877,0.2380362873405433,0.028962781335761235,-1.3508455620559012,0.544705257958411,-0.1024913712572855,-2.159147541350289
sample_541,-0.438998123125437,0.5436003674968258,-1.2882594305378103,0.8590950616849162,0.6301583211544141,-1.0676719529550212,-0.9833206293368013,0.39802034656641927,0.6052431466716153,1.0619325107917443,-1.3525434943187993,-1.9279056149358977,-0.020655948891031395,-0.5978107913271136,0.7494594008536906,0.5946076286394648,-0.6544243420398526,-2.5005397746751794,0.5676678165237454,-1.2382131328654813,1.2093249433165671,-1.843761891575408,1.1630786018927048,0.8627505280964539,1.1991448927229462,-0.7305093579516245,0.11372913351215806,1.7773900066910788,1.2036026631657077,-0.6254516437811899,-0.10893276716749205,-0.33625716341407985,-0.39129388588229874,0.2358568134193792,-0.020222384854556553,0.3774684767153145,-0.37397483719996494,-1.0063073112337146,1.121030412248291,0.8393049575039611,0.9424097501798755,0.9229827503067123,1.5462281294218971,0.10376299247799385,1.1910465745387688,-0.40670757012473296,-1.3379060956697215,-0.5206228815066135,2.209388886574734,-1.4262816106598573
sample_542,-2.51944465630792,-0.15481337709536613,-0.5502704136021257,-0.2466235885631794,-0.49733665444983294,-1.019393853301454,-1.3281141146800846,-0.4309063114268223,-0.5999761735019234,0.39426362669101567,-0.3127805606620562,0.2456984588419517,1.806075589576944,-0.32115345133744577,1.4336311541549065,-0.38905952676843064,-0.731929329204311,-0.6025381284852962,-0.8435792579875754,2.0095249278507357,-0.01865698965209667,0.7627740661725374,0.19493561666644177,0.2870872433560744,-0.4954226046192219,-1.3376144991286614,-1.4961330257733771,2.176198116478837,1.214650187904199,-0.7444778475532173,1.3000497557509254,-0.4138007420722112,-0.37232365111030274,0.3628367374858291,1.052979612309169,0.11133385068990699,0.5928725150096078,-0.8059335716085659,0.8784067724572424,-0.13288736653598443,1.490018533822767,-0.21473247252576863,-0.44704291932664025,0.7449292372764384,0.7506553284118249,-1.0142464709271442,1.6006282330504873,0.10792401505228168,-0.5394810548766132,-1.3414310236164382
sample_543,-2.775455269330845,0.5910438885285546,1.0268124877232512,-0.5760757086620524,-2.3273602561542064,1.5287711079628266,1.883993303906436,0.5282258515840175,0.5107362656169101,-0.4330300657959667,0.2366491616667006,-0.3427207914463426,-0.7224234064929369,-2.159632488190262,-1.583004712007657,0.15355500271990344,0.6984355406094506,-1.5317738718935292,0.8779194379445081,-0.7791457435136346,0.08789960005325714,-1.7011576826529033,0.5897730699872485,2.882041433213063,1.0769585199112333,-0.6036119381751343,1.587205400550033,0.2068891248401183,0.5020188196249334,0.7764322698799628,-0.04688957570786119,-1.1394887471763686,-0.18370585891146535,0.17458499706539807,0.985046521956722,1.0377518504673338,-1.4172459664497064,0.1298555727752425,-0.6921509492858255,-0.5188817160550703,0.03897538769531251,-0.7209754411355067,-0.3408407901750945,0.40549168271815395,-1.233979138424084,1.4155969314032946,-0.8540689873712235,-0.5738736285200503,-0.49137152786766375,0.4303783415355327
sample_544,1.1999518370821833,-2.035988594658681,1.2986704374257039,-0.018104178245691088,-0.6875950709354519,-0.6845138960923541,0.5225091754399167,1.2645923949825308,0.7066200138730467,-2.1064846356017557,0.6595765998216494,-0.8261127904084907,-0.6870819307751556,0.3727869633692149,-0.13149279693115734,-0.025454110784561165,-0.5312067607872805,-0.5034573944120784,1.519891361638693,-0.46435781303822754,0.5264976964902343,-0.1607540737305287,-0.21642435866910514,-0.3348021327513127,0.2561710082337075,-1.011829618680627,1.1911346603179427,1.7120178128994512,-0.49394048535301044,-0.431242460997541,-1.0424706210254593,-0.996769518178972,0.34693479429831137,0.6693499557708524,-1.1531862282820544,0.05644885226012855,0.03805657564610282,-0.11767865190044034,0.08160185606861449,1.332881847873248,-0.8615625556668665,-2.113216918033557,-1.1238552481974986,0.5046984944225053,0.12165022891501197,-0.8014983025506213,0.6540519995482441,-0.5971231303503625,1.2506639023702992,0.25326386020945907
sample_545,0.09968779739656436,-0.7398169424202035,-1.2329078545559646,1.861747830262953,-1.4943678808098566,-1.040582614133938,-0.6752614769949588,-0.41447381966090796,-0.5645257022303442,-0.7766434842014438,1.1834815244359649,-0.9903316079027777,0.2727990288002596,0.5959622038819986,-0.15598398058256085,0.7409077892128233,0.21801986034257748,-0.1276673786141794,-1.344093032127485,0.1787753819308934,0.9865389043012457,0.5756680896370484,0.1130380175527724,-0.48931268844154086,0.6337930215935564,-1.9500258518171236,-1.3436794629550037,0.16411227547667387,-0.7328126836974569,0.4935365191753194,0.023037875787052055,1.5985851546463452,0.9687412165004204,0.4390271977011855,1.1476313809076126,0.15463493403037154,1.8830829008682946,-0.038221616109232914,0.33612636578940847,-1.09952917920816,-1.3260267005290431,-1.0120454490606283,1.0184365688830506,0.5769057798153567,-0.9100278719723522,-0.7109512207003849,1.0863171921376167,-0.325400092643206,-1.325928673712231,0.07939765192302946
sample_546,-0.8546765619041317,-0.5021631501937138,-1.8903196507785134,-0.13279126706218428,0.7023949114969877,1.0998190425193932,-0.7045547971053516,-0.8514290575466883,-0.6690297049020977,1.208337240596114,-1.6759339052100788,-0.08894136764138587,0.062085991377230115,1.7724979794187319,1.754202900215854,-1.2520641915782933,1.0776452695037528,-1.695862512943119,-0.3974411616560277,2.1595830090507606,-1.2426055692587592,-0.39059923404971236,-0.6577098618909752,1.3741339952961567,-0.4823593147101103,-0.3237315022529112,-1.283576214827619,-0.7737415701165965,1.9133834409594537,-1.878523337768446,0.2647723414531681,1.1201766511251534,1.1491008838323034,-0.2786749340877678,-0.5463636415818723,-1.9616516021019017,1.5595240443567446,-0.3983482360202528,1.353901271143916,-0.783038289703385,-0.5145070734036092,0.9539805304954976,0.590486933416633,-0.17423576313600284,-0.5784520407026686,1.00702174230653,1.289648535605925,1.1047354049428484,0.2692826158627544,0.4099324972931614
sample_547,1.0977556654736125,-0.07652601624804818,0.3829771745595096,0.35745132311721356,-0.5229764941038771,1.7121791593980173,-1.395289484630661,1.6644983636453652,-0.8072032023697834,0.2454623487220756,0.1848653609471275,0.04096099951382542,-0.8542241901373708,-1.407342279208842,-2.0196428245851887,1.3288846613274357,0.32426679140762643,0.15804000958597558,0.40170935095119903,0.784248361238953,1.8337075316174614,-1.1551862882314843,0.8921988731423873,0.17766227877855426,0.3477636333447218,-1.152580906402599,1.4763032250450456,0.1995887412906189,0.11770393612619025,0.24776469450075872,-0.8926492602406747,-1.4892102647418541,-0.04467981689317042,-0.2488560084007541,-0.327751960705539,0.24921416716406264,-1.693226298548108,-0.03734987679143466,-1.3732711461616947,-0.6438437396874417,-1.3692742238857698,-1.2004003713684688,-0.7387277465118746,0.018512392808613526,-0.1849733482925454,-1.9596659133285503,-0.9724922898927213,0.0462482564655436,1.0710404484606038,-0.6405284069824771
sample_548,-0.5693796037728923,0.121049786224609,0.42854186158903373,-1.0453651495592202,-0.6270493434751626,0.6469544282595366,0.8261851386354558,-0.26944328992540245,0.4683822861144301,-0.2866806915735255,1.203358319511787,-0.721141872690907,0.3118464276946899,1.0723082322802757,0.6395782543171606,0.6345340304467257,0.5564975670766867,0.013437090841736615,-0.10819117451043574,-0.37184164200130004,0.6556038869454809,-0.7033928791768969,0.8670907544723702,-0.45891661868075123,2.0359429087035923,-0.4583929281986661,-0.43468162207195865,5.76585489193579e-06,0.022330877897259127,0.5209593872719843,0.09833836168022743,-0.5300896520923933,1.084945212579707,0.2741690139515039,-2.443693732977078,1.485064568893428,1.0367651869320484,0.4250124101199934,0.38984687048332894,1.2209517209567076,-0.7378520531730548,-0.44832237683489823,1.2976167781278818,0.0251153386829074,-0.29147000420012803,0.27512900673773905,0.3574222107201237,-1.413370544282683,0.529007053673164,-2.852159831847697
sample_549,-0.5771172695639795,-1.455524205115157,-1.1785089404700952,0.9299633387805546,-2.416928396687988,0.3300394464267856,0.9380272652554312,0.6702620160373367,-1.5989617503965954,-0.30129402081335804,0.18519182919173632,0.535558418813443,-1.0850759426463767,-0.539190703953706,-1.5532965649290726,-1.6585997398998455,0.16462140813865073,0.25134852985557044,0.03995413560946886,-0.7152298035466681,0.6501017045386827,-1.0730003504959356,1.2912796958704582,-0.6758515047239456,-0.3346122010792318,0.4665958357441676,-1.1154395221212687,-0.057479596915036305,0.4201021384141028,-1.5973182133336512,-0.08004418085037993,-0.04073080741375245,-0.2667282387531787,0.24479490463213918,-0.11724047131961655,-0.6635347597950452,-0.4727572042813385,-1.1223354999995176,1.230084697535085,-0.20850353349029183,1.064339741760831,-0.8161005719132222,-0.9764718705433824,-0.4112606793008445,-1.29158621761379,0.5515172745009229,-0.5307919721975195,-0.1524020726506039,0.21737344207546103,-0.9422234867131001
sample_550,1.4141627204822709,-0.3749244607483702,0.5752198706818532,1.2905803546391916,-1.9387277452309606,0.13077513302028557,1.5862403190553491,-0.19472386781116816,-1.906479400002577,-1.4610082938196052,-1.644132997385562,0.06787963347374339,0.3484149957156293,0.05836718349781254,-1.0231562678933366,0.6136550539311713,1.1819390966342866,-1.1109238768708125,-1.129043046716145,0.057691960173013854,0.667590480308671,-0.7366170611311896,-0.012933687392050053,-0.6474569392244781,0.7587375364920915,0.18435859090261433,1.3798303642470906,-0.6080956524882807,0.3117609386245938,0.7783050300602885,-0.6536236963985883,-1.8684125451037568,-0.33132934892548893,0.6509558257546842,-0.2999515746804509,1.2357918048861196,-0.7610229836534946,0.266947277356974,0.2916440899944764,-0.7264288437000206,0.17571058400978576,-1.2224655094668135,-0.25465915284612417,-0.9707418131644364,0.002667162163161921,0.13849437500300474,-1.7643897808840654,0.8641101757354623,1.2189432306719437,1.4881591801658847
sample_551,-1.3001286011438327,-0.12205355430609209,0.17440880570748238,2.217187022808449,0.6764194440994521,0.13409490073786967,-0.5206190675646779,-1.0311669676382602,0.5710465688963471,-0.43375592325274726,0.7117687705112125,0.7526494773232156,-1.0264106556703325,-0.9738329170949089,0.792557183451336,0.030729983682065937,0.19625837127330112,-1.465180206739309,-2.239356410083662,1.2953175001351631,0.43744184266716596,-0.26839718895405856,-0.15159590904650388,-0.34442047527546427,-0.11430902015170417,0.1297491366917841,-0.947748412874542,0.9419550533657336,-1.1216872432520963,-0.01955432125891683,-1.2395221279228106,-0.13478120546918837,-0.8107648264821434,0.953669939520639,-0.7306795763407485,0.16856179559841009,0.6960438029938822,-1.5803192099952967,0.26190115164713923,-0.7082889107918156,0.8624444887934992,-0.9673137635258977,1.1257966347426347,-1.1453072340203383,-0.8439802663077332,0.03046034322073866,0.13984017158027387,-1.4332326950091112,0.179882287827933,-0.07015102174475563
sample_552,-0.7732996172656361,-0.7676138618545993,-1.7217670153226223,0.7986065062312179,-1.9535647911560081,0.6592016661152621,0.4546303201532874,-0.502324527097893,0.4461529522007622,0.07627080061276471,0.41819367529662704,0.7619903325584819,0.4729378411873426,0.0872168510808651,0.30528933563786875,-2.531288387610515,0.43953479044336735,-0.4684905766751549,1.0209343498691232,-0.9363291420792912,-0.5116158137020251,-0.39376083709528137,0.7512212786153069,0.6257554489395598,-0.41388398431808404,-0.05934534296519117,1.3661362995306319,1.2458697143235047,0.18029362479478114,-0.7425341446551182,-1.4121126173037775,-0.06410391353547802,-1.0598910493958293,0.7000602045188153,0.833510784231982,-1.452745633307175,0.15361951818554023,0.6512972375489813,-0.9929308826700773,0.3758241173442247,0.269274079838571,-0.2567842313533308,-1.5509020397542668,-0.038767954651374344,0.07736165065656112,-0.35992785481858697,0.7132548040796453,-0.5628160840518901,-0.33316019794738877,0.8721866883466215
sample_553,-0.2523977425397996,-0.6530414245628641,1.3931745366225305,0.03250855202133773,-0.5259719025135472,-0.9822841806860465,2.006903014193825,-0.6870175925076882,-0.32822953692031903,-0.751852250936327,-0.13874113229971674,-1.4078714439610145,0.35072799908768193,1.2390810614382295,-0.17075405323363096,-1.1447374085586939,0.34560250045826896,1.3879133297787953,0.2176314647814884,-0.646529015226738,0.053279080572096744,-1.2847287611316593,-1.3383737193348113,-0.01837938306671553,1.1930315733406727,-1.0540701617751864,-0.7767040818848204,0.350505607024179,1.003853527973091,-1.524556592916487,-0.23116694218799544,0.8079159047433504,1.279365377899175,-1.0849826301430654,0.35107905991233995,-1.6710090338824992,0.718508007543472,0.6677614369618193,0.02217097570923273,1.5460968063657454,-0.29991891742239335,0.06967993411504214,0.684959238759359,-0.8697977277526494,0.19448802167157145,0.34056477150493686,-0.4525791226325872,-0.5962811635475826,-0.4858032953256073,-0.4329590665462436
sample_554,-0.5995229534995387,-0.21584039509842487,-0.28594753625512287,-0.7300217850228308,1.1966700044404164,1.5743200485811495,0.30702422321511014,-0.3438940836109927,0.9713119671194637,-0.25031735053345644,-0.18714363056689098,-1.1537712161254519,-1.7960422179642606,0.14586644718858888,0.09707902227675756,0.9435989804985532,0.953829852392799,-0.903713183151014,-0.41629556299376047,0.11976274059187329,-1.295919614418023,0.8875657982074243,-0.878063192293386,-0.13159148527403347,1.1825659717674588,0.9499815695917803,1.8706713061406257,-1.4349322043871164,2.5493258778236982,4.012094724882291,0.7741938651771963,1.3854736336315998,-0.7325740811372592,1.306128347469129,-0.42015068768528446,1.520270840010098,0.7903360953684954,-0.8083093407866665,-2.5006272404451124,0.10202643700023932,-0.6187056306979264,1.953851823164223,-1.1110669280844636,-0.5108292882063951,0.1681174210056769,0.7429297784567029,0.224367362368778,0.8154844610753693,1.2457491212556315,0.9490550690982045
sample_555,-0.24746308758886681,-0.3346575503183516,0.2454793494267621,1.077942526918804,-2.045309410012845,0.999430195438242,-0.15915315618662473,-1.0279285549732398,-0.40424820256906174,-0.34654741367889813,-0.8463560321973671,1.2221131127034977,-0.1976460630740886,-1.066601119901793,-0.06790189617293231,-0.38694722452466973,-0.27761210949687914,0.16409048554118433,-0.7991385671983989,-0.008361530050181042,0.28709642617548137,-0.14283032926678754,0.3610557345154479,0.8572626320048229,-0.38072701434252343,0.6798829084914856,-0.9431142998202813,-1.5364571547313957,-1.2628802104177226,-0.6112272916801613,2.1014240860217104,0.2719937564989898,-0.48928610387560106,0.6852414079245625,0.2505752654749927,-0.9105923358895684,-0.5213170859765981,0.14887913308513454,-0.7171371248819217,-0.11526584678461185,1.5363495615809493,-0.03530927585764981,-0.6140799099893288,-0.5612524933957437,0.7410407695184391,0.03680422316723075,-0.2695477504071401,-1.4798229198703592,0.3951226725169083,1.8377531963661684
sample_556,-0.68653858894329,-1.2364107364829309,0.2367838264376491,-1.8115407054044215,1.0720905711277353,1.305686936944049,-0.33734278220969005,0.2558970118248313,-0.27648295403141704,-0.5712681678665839,1.842083469047921,0.2778361067010329,-0.08254885363777915,-1.6767429667381333,0.4672072605487846,-1.2702004532218902,0.34091427756151627,0.8208716051648762,-0.6748297616010438,1.6910307985440287,-2.2201386576489073,0.48392088160867086,-0.7293599132650741,-1.3159175407743589,-0.5278771786935345,-1.4462387837565356,0.0919658374906887,-0.5143867204087905,0.44970706628054885,-0.3680226053341594,-0.8718347525541355,1.500625166019367,-0.08262790576009063,-0.1751053286977293,-0.12428014944837298,0.6486487619580662,0.305921570246991,-0.9565422962223538,-0.9457914003260791,1.8290935190872895,-0.5114157563879942,-1.8595214837537017,0.8592134989168256,0.2279684895826799,-1.8692204535457164,-0.18451498110167386,-0.4007000874279955,-0.11178437619857633,-0.02541063801381314,-2.888882998173002
sample_557,1.3325596956969872,-2.314705796044372,0.6313080534968518,0.9503260804142907,-0.9628592167140637,0.2151792240076083,-0.5183670327070673,-1.4660137990624655,-0.681042386565636,0.07228845345219216,0.9990363099727024,-1.3350078759690165,-0.4991312547253376,0.5600447852382824,-0.3570591211953676,0.5207193164326758,2.126733382579362,0.19104785325234003,-0.21409600486332142,0.3582386941543459,1.6116734096199248,1.0060203688472569,-0.7924288643084383,0.6547946785301992,-0.20523867168734017,0.10096494308786015,1.4340621198484127,1.4482769622906801,0.11198922214716203,-0.509216520799197,-0.19199123796049758,-0.7141870510405701,1.0580214914293835,-1.3836623696193022,0.39804675469397544,0.1374593683560827,-1.7483930536622534,-0.11631213519011427,-0.07913769226257344,-0.5498430115657035,-0.22785218819149913,-0.007495439907849296,0.5470973303233726,-2.2907222922126027,-0.09361991092836752,-0.5062262342312188,-0.2557739381687055,0.02748823269616777,0.9371287595444256,1.9069793720195043
sample_558,-0.5591243769195179,-0.2678246534100052,0.022563164697670172,-0.42167983210909643,0.5176822620803396,-0.3911874817857996,1.4504826787006562,0.05658986669294281,0.2915164787554728,0.4463195060150093,-0.9825618637364829,2.0822310792213647,-1.4644044589709067,0.2520870181598974,0.7734086778437982,0.76450226573164,0.7222443588652682,-1.2363486490484186,2.3158366227889196,-0.8204678440031836,0.7992209348718723,1.5536027545167457,-2.641298082980938,-0.6495473733820483,-0.7251025716699595,-1.6216734357602385,-1.2357142968112238,0.0663690765305123,-0.014359464964428473,0.8369102069838502,-1.385138441126854,-0.14251455269343802,-0.060437769472784585,-0.31454319401572406,0.7066415764207599,0.8164599852863504,-0.451555436458039,0.13161698346384237,-0.6157830961507084,2.4658593636809525,-0.7494201927517764,-0.8083550680799918,-0.6572697158320768,-0.5601897800534388,0.08885514592149436,-0.9505252911336958,0.48425502245550534,0.740161862086456,1.2545302506884994,-0.7178285898107747
sample_559,-0.6244019601735059,0.9585261869050483,-0.9613943890714174,0.3829970439964227,1.1157024248074574,-0.21875309095149545,-0.24277583609961992,0.450344552813975,1.780034705915758,-1.9407849825904073,0.33526875875378187,1.8043271479827576,-0.6805183976918229,-0.833530931139827,-0.8541879748144154,0.7814929697239256,1.7512450315888644,-1.1644357933441112,1.6674875687515502,0.3763099032618764,-0.3736864630004499,-1.4500029853815968,1.0585496826888943,0.8918230751675512,-0.5235846397678517,-0.9655783342921034,-0.5405252176446883,0.1798644193599099,0.22085757692360905,-0.07973559989378935,1.181743640616417,-0.5215393778071491,2.1328336804170362,-0.12037820698842075,-1.1158328174348147,0.041194570786453624,-0.10458122049202748,-0.42607638797716557,-0.6957607595880221,0.42146065166680236,-0.5709134670224336,0.8237332286414567,-0.3798085561878026,-0.4362600030451364,2.2430478458213607,0.9305187300222358,0.8605434882963929,-0.8858670369979301,-0.445488377583537,-1.6464996673087833
sample_560,1.3579836510702568,0.31017534705706984,-0.2991018732400339,-1.3981641626371166,-0.07813207084560804,-0.7042096806779464,-0.6788068232132962,0.16874833772903886,-1.3741525257415539,0.414406407064108,-1.799944823804995,0.9445945144149751,0.37048655230022576,0.7462650346044432,1.8856792169331162,-0.2577580198099762,0.11699082433690075,-0.9223686829573229,1.2339716957785727,-0.41945829349329505,1.0439475381527508,0.6920515990089654,0.2688589776956963,1.3588279397090366,-0.8782251583502924,-0.5605458162912613,0.9757028074421606,1.568174306693869,0.3212576420990102,-0.7828665886145304,1.1531717968672255,0.708124503725912,-2.119974796687275,0.914766141304568,0.9669753855945495,-1.2742059591864547,0.16843876187908918,-1.5462012469442579,0.03134980889674084,-0.42748523186945375,1.1114028144118564,-0.14835826565111934,0.12655301222686377,0.2803874862322811,-0.2474788608608457,-1.1291927085293374,0.5765655817314909,-1.3711775351921163,-2.4687105986230238,-0.516065704536404
sample_561,1.057822597876483,-0.7595698807517737,-0.27481796838948813,-1.3322507311969898,0.5483045834528301,-1.7842567081990146,-0.34790243603115845,2.4691216111991414,1.7312958872472979,0.4499087099896407,-0.058098319578227524,0.5879079500163659,-0.4037658379101951,-0.4419830050119415,0.008549438028668054,0.6560928620387912,0.44887201373214625,0.6006981118462729,-1.4702814730956086,0.8013924510115581,0.18970501513796642,0.32501108481185914,0.02215842614372783,-0.2743130024835951,0.28298219546669334,-0.597033002225376,0.5277332701234441,-0.12046586992428404,-1.1262858538673708,-0.7472208302859704,1.4370211443240308,0.374318171948894,-0.06770816789021475,-1.657281787971527,2.2514987334980225,-1.2194816285933159,-0.8980261883630971,-0.9393686363463551,2.0102568944000807,2.4509600148460025,-1.6953049904319915,0.11328165075723022,-1.5575120819550081,-0.3619850479299663,-0.5950595027513933,-0.05618153151801245,-1.1031276642373675,0.8748528669365371,-0.5928582660693621,-0.11352260546747699
sample_562,0.19342981865598505,0.12582749706101534,-0.7594650222865936,1.0069482662216798,0.48552999956603804,-0.2271706040079053,-0.24499910156828014,0.013649798869811524,-0.4117701445582836,0.13674029490325557,-0.29914723412712124,-1.9803966273282234,0.19887896882837225,0.2600560205904636,-0.8483786684005531,-0.9783677861600294,-0.49453979235042345,1.3353143100330398,-0.15449167330726518,0.7074082224114614,0.04239509540227656,-0.3802193999631399,-0.329967636721003,0.7023531125712386,0.15725714006875696,-0.4772727186115648,1.14063425829653,0.8196503331122317,0.2160932349383836,0.31916205299621814,1.7165390185713911,-0.04072344133035229,-1.3778318861498333,-0.9300090714334157,2.5875776248717743,1.80098989445606,-1.001737652933819,1.1176890200440142,-0.5044290642879747,-0.6918364065589446,1.9461639301056335,-1.1875735500229518,-0.9409139037044651,-0.025909762751737446,0.6504273110038162,0.512367202125162,-0.7799874622083772,-0.03847043350171848,0.9239251279730252,-0.09198218353487453
sample_563,-0.3588696238645099,0.8584638570759779,2.6404317915401054,0.510622420572779,-0.7932836186513306,1.5248357182772474,-1.2093705450886223,0.3510396084017709,-1.2904659209681806,0.018032898422878793,-0.5283499561545955,-0.8585734352319585,-0.7901990395598988,0.47489530677213376,-1.823200371226953,0.07015552371403024,-0.31693673312343035,-0.09671531520766877,0.2678787540429527,-0.6527666915365495,1.2732110381016668,0.6275477274906812,0.09637985452253744,-0.024766212285607974,0.2935833226491913,-1.2416076512124943,1.456721325928361,-0.4344153425044123,-0.6632824573065361,-1.707891259689536,0.24858446872907772,0.08055786611575748,-0.0667101460855893,0.5961054508857871,-0.015253959338917015,-0.5661487571706355,0.16409889894135016,0.7904771045376258,1.8250268717069058,-0.5070385592941845,0.006033600578653353,0.8267276984968385,0.059593150988231765,0.1298740824986998,2.1190964529852256,0.8296659771033903,0.20686348742597185,0.8321982808503607,-1.1143915148744383,1.2620504548152303
sample_564,0.1300089403435414,0.540402302009315,1.2932739495459995,0.12915822833821305,0.047636501150799454,-1.0440608295184461,1.4503129853089716,0.02192636438124351,-0.7501451055911016,1.1097023578430958,-1.4642170583790397,2.04447400258851,0.6252855508338113,-0.19451574268033658,0.09437669888468579,0.30098683247122826,0.7593492938792689,0.9043850411152374,0.6206073677424278,0.36775092772597195,0.6786517191942486,0.8024488396669514,-0.4942700447991991,0.22928053270725665,-0.2346177591447964,-0.21824137114651984,0.3793166337699936,-1.249452516099743,0.32681079131182356,-0.5569489347539421,-0.0005451824082377388,1.935514682077782,-1.3457974279925304,0.15615801397584073,-0.8053197267604808,-0.1308002289000818,0.23536103692035598,0.19284086732414635,-0.43461887125961357,1.0967673567918452,0.02087273863991439,-2.45603989065768,-0.3640928209920519,1.4996430557023102,0.2560676587490316,-0.30033279997551393,0.7085671833319255,-0.17345477625971462,2.389763234013647,1.0105207101233322
sample_565,1.4282121963638046,-1.03229250806844,0.22923462681513773,0.5891896664635919,-0.15760876482040098,-0.8114017049033112,0.7593673357692504,-1.7885438976403791,1.7643182863392637,0.46385596075151686,0.8067435251056114,-2.045043433017432,-0.08757962838937808,-0.6830163744067851,-1.7195234739604486,1.1508564974706257,1.691840197122541,1.7073291957021544,-0.01856385468672195,-0.9283342801149902,0.23053867485518245,0.1179349548422117,-0.10451409434725023,-0.40071112853221075,0.06214255103868579,0.25540824161613307,1.6244408194226931,1.5767581558082,-1.7912745953861813,-1.0452928135737307,-1.2172759504900845,0.6684936258564952,-1.3938663108926135,0.17019046161313764,-0.5300575758983099,0.06691135820504386,0.21037226158918887,0.3050965905579058,-0.48512294125603733,0.28685339496500684,-1.0707594547142467,-0.6295606260149126,0.2749071280067259,0.03513626417608539,-0.6756384241259051,0.6139850794521539,-0.3511546344736213,0.0009632576772772892,0.06475941718294613,-0.8905114109774306
sample_566,-0.48691839443205304,-1.758136303548216,-0.15524445207574797,-0.9144279965719613,-0.6442241656179852,0.044510814339536284,-0.9867329086106164,-0.09561872825425632,0.9598957118437339,-0.2006720615724456,1.8230454362707815,0.41718327033939934,-0.19839582804967876,2.706368562530115,1.0814867465244733,0.11625762252325093,-2.0217771650372858,-1.6480549474001631,-0.9024558916372463,-1.4051542676333177,-1.5024428642291892,-1.2506889334750924,1.0832915706256787,-0.008597410251291187,-0.4510013853718497,0.5515392255740078,-1.0465124737214402,0.6767313313365693,1.1112467144846232,-1.3497134760212808,-0.7709344727263986,1.984436373966141,0.43374873921833756,0.005177291229757047,-0.717731101869716,-0.7310704743204142,0.8222553471682431,1.1881632843197796,1.0482773090791253,1.0555486683566537,0.024902632669390187,-0.30807698511182113,-1.0737114486736308,0.14240830957497858,-0.2549668996870504,0.38372388286381176,-0.35131032458547057,-0.28666911782202603,0.3298647827114403,-0.6734171837103285
sample_567,0.5411798326845114,0.2952410347070534,-0.35743277687520003,2.0028568929283708,-0.24921429031048992,0.3687114307180218,-0.1207760323140172,-1.3648733556480717,1.437152154348096,0.6397574520136443,-1.4607625721031472,-1.674298647650246,-0.085532138498343,-0.20616494453945453,0.053871358404869486,0.8480377358168725,0.7253372582645615,-1.0002345857928339,1.1264299478807165,0.1479205991933055,0.4866441515652297,0.972097727585495,2.2564532120154794,-2.12945728767598,-0.7117864077073365,0.4860997050784647,-2.055310636919083,0.5675979691545269,-0.4871354360174104,0.26899817073490706,-0.13038734765770307,1.3938574442018998,0.8192516968703973,0.08576896839881723,-1.3125958056378233,0.32980386912674425,0.7234416936012935,1.3332558966731283,-2.097424302455349,0.537649821491845,0.9586521875797911,-1.0769290750047305,-1.1915346552786485,1.461303721008811,-0.3468276957405677,-0.3481146660605307,-0.7867065292645076,-1.2300073535805303,0.009869070927699345,-0.28650324117132797
sample_568,0.13200291373068587,-1.415732298408213,1.1086109485946143,-0.2311519635412867,1.6627320685031626,-1.0653885318336234,0.6883033779744097,0.941019356820218,0.7397709901441585,0.8478672411864604,-1.6786091032236476,0.1934011279305696,-0.10243405928186235,1.097743024030337,-0.2527368841076466,0.46103719834464246,-1.15104975784792,0.6128336469350822,0.9079106097715327,-0.825994507927679,0.15853474370934223,0.8462412571475467,0.6465257149341996,0.1407914630918841,-0.07040668270314164,-0.21384635892434364,-0.28942487184433524,-1.8758341399314686,0.4646604461857252,-0.5322244501792847,-1.952127890299984,-1.3229954146258853,-2.3438768886085954,-0.8595968880899709,0.09465808789945165,1.5076789605809917,0.5523432380158956,1.2208684520075233,1.6352676263016797,1.5159170243173326,0.0041668954927266645,0.11941894626512013,-0.6588183906154109,0.596940197096866,-0.20805180074071372,0.5205846841971707,0.9709727203840132,1.0420794166792868,1.0711297639915884,-1.7295875545038673
sample_569,-1.7754175730708182,0.8578819118484143,-1.2839588556129895,0.30546095595304246,2.2147296060967747,0.25973860879015936,1.2240624478652218,1.176333477376057,0.07839325897183631,-0.6659120990215622,-0.5566315307794207,0.18557099239656613,-1.0149796415406147,-1.1357888110132286,0.9955658852216601,-0.39989574927732074,-1.3558527641057903,0.5365227162986014,-0.015029287100061958,-0.7799584068597298,2.220747053834043,1.9556133930962751,-0.5360966562348847,1.3036503422354278,0.847473159657387,1.4679925419666995,-1.6942964718509033,-0.20501696268418193,0.13177424424233836,-0.4073885349048908,0.19746988555443912,0.005480561981657032,-0.24789093720974448,0.9396814364611049,0.05125914571793499,-0.41628469272656576,1.3710948790291353,-1.0513568963991715,0.02049956953574084,-1.6735536633711672,1.1078087665471692,0.18767979822738562,0.6582597756362891,-0.008718120000245591,-0.2821925863613461,1.5549322728879076,-1.779421309098596,-1.146430943358236,0.3685219394910428,1.5122907977237827
sample_570,0.7612746259635389,1.781419659962316,-1.6833712692621359,0.8148690558969712,-1.3149889882577799,1.1772309671981693,-1.1309193626240077,0.479127941680015,0.0840104887379011,-2.065642313144749,-0.4778931709013585,1.1468837821767177,1.494420144729901,0.4216860708910664,-0.8942878364824215,-1.518458911220473,1.16216411504713,0.061066558743156946,-2.0733003312037943,0.23135911839760953,-0.7089890575282886,0.23233075376296186,-0.27396833698917533,0.7705438879629501,0.11815476329933465,-1.1999641033440447,-0.07283593114767457,-0.3032641984016794,-1.0943945346763375,-1.0667208124092369,0.001593217153089673,-0.06214235096921897,-0.20011306336479617,-1.4284136913806253,-0.26661229142941895,-1.0701860319248024,-1.27790533963783,-0.8536090708263436,-0.1385602098578471,0.6611702325143287,0.5464086765999767,0.7197243345311577,1.0890908044335483,0.8535800959526104,1.1345766424293195,0.03416985703891433,0.9041502173227073,1.0349581360513365,-0.7689362201209448,0.053781958540211186
sample_571,-0.36046523323465623,0.09712463137484798,-0.22836152319455005,0.9125657693210844,-0.38250722533073844,1.6380956955661392,0.09416869481139599,0.009442486265201137,1.6279259369413437,0.9435626888698665,-0.12753497113332263,-1.260490690541548,1.0593692092986116,-1.2433489550326888,1.8813871281593484,0.5191697463352535,1.765063628968533,1.5201723424220204,-1.0223596777149668,-0.9063074526069,-0.17166842476778457,-0.4744593404292054,0.4903960373612203,0.09480449582240814,1.3492257752574714,-0.36758662661200675,-2.0152372619015897,1.8977094924716655,1.1407108819076932,-0.32609083938218253,0.7447787776746219,1.2069819556967554,0.8663272199866665,-1.6763883099992674,-0.6309128217964237,-1.35831093897701,0.045267802401474676,0.4954304177186899,1.1192572762879367,-0.3827745314062967,1.4461531834223544,1.0670152573388554,1.4263512675254613,0.5129834613465746,-0.9266577026835942,-2.339457356298551,-1.3317089515599938,1.946767384992489,1.4202801519894672,-2.5872473691283613
sample_572,-0.5808523710802243,-0.937687852109526,0.6250608362917224,-0.6835751546549799,-2.4236820392142038,0.6618702545590011,-0.1063430689838729,-0.4892529566573545,-1.0210623084636734,-0.8839925590120943,-2.4815473207361634,0.6128835796289819,1.802056175905689,1.1333382654925948,-0.4974341705682313,0.7844546431212052,1.1625496153575798,-0.07290383978193016,0.15086043146764427,-1.4929198880321166,1.6916363260767486,-1.5529700379736655,-0.21741758117411095,0.062094480011863865,-2.394597811071668,0.8034559639183475,-0.01014870604176296,-0.00331949619507298,-1.5369035669342828,0.6212560021430154,-0.1393414842845414,1.4751314324319587,0.6378496330467401,-0.7310639588962199,-0.9429801961294337,-0.13609121773452204,-0.9967862934266896,1.9857612388485637,0.016290728805130522,0.3539125358041502,-0.4092062591186052,-0.8752114636349673,-0.38794250720593115,-0.19112636118527837,-1.2065874108035044,1.0770064543361015,0.43579088644379055,-0.9802257942930309,0.6994868990110927,0.7175101978038757
sample_573,-1.7816287614726343,0.41729250330106843,-1.523033499696784,-1.2705351741703412,-0.840202372297836,-0.13331949310250477,-2.05626862100978,-0.5224429555811875,0.22388243079211942,-0.3381336086643762,-1.628067023045158,0.05438678497254462,-2.4259119245285508,-0.6176964640783359,0.1714426080903762,-0.6738752594414006,-0.21962261413352752,0.6888263367182812,-1.7506522201045072,-0.9621805656659486,0.6471335607677988,0.7588289833671178,-0.8266469552936557,-1.405153036009589,0.03250885973796516,0.6520483991443564,-0.522909251811991,1.0727692932186674,0.03335500377356347,-0.3031121564964218,-0.4399592827037201,-0.36488483146126416,0.5906756646634959,-0.8029290791638596,0.7171516862556029,-0.9449908346275386,-1.1774191765020685,-1.076901995910372,1.7523701272198697,-0.0319577268877841,-0.4012546887520673,0.021014633779146353,-0.24289050568781714,-0.4669281984239782,-0.19218488259954386,0.46743405892450013,0.1882914034459484,-0.5154137071597167,0.07130536091842547,-0.06404904165986719
sample_574,1.6254980854727332,-0.0023711467814187927,-1.2477010658627996,-1.8485929953018743,0.6274947252823643,-1.3649814460940228,0.5464077073414312,-0.7544663100631237,1.1480500806956895,-1.9709366531471844,1.5985249779923199,-0.025530275754416132,0.8399372461087786,0.6184206054334717,-0.2888621821471087,-0.22952628600766284,-0.2143275966393994,-1.318169832547596,0.7470137580357037,-0.6661507151234569,0.1772378223493309,-0.1235961915933246,0.9221874665108227,1.1081702143536798,-0.20363281997903443,-0.42976791473950793,-0.08976881077420062,-0.8863461299093893,0.29665560420605036,-0.35810220748366095,-1.5067338707612479,0.7638195390437352,-0.6965406220871405,0.4665581498456136,-0.5408198579470386,0.5327299755793734,-1.0893291616495284,0.03990549682719572,0.37897431318677394,-0.3515394296246985,-0.15393029630157146,0.04987761516980739,0.1583324083942947,1.13062610702693,1.7251269181005808,-0.01965058803815992,-0.011050602764712392,0.4749569549002652,0.22105833083790127,0.07659446232623567
sample_575,-0.38417006080182603,-0.901799334187228,1.8696442710190624,1.4673806012387847,-0.4029208881849581,-0.6888615897616589,1.9447823788548335,-0.7188535611358775,1.06671888950859,0.9327445155843681,-1.4304409842658474,1.0325164983884358,-1.3231215527411415,1.4121927030927952,0.7905710433644694,0.13155395592002778,-1.6886632280571339,-0.61644832273288,1.0958758945656226,0.14455367221591303,0.9132250873038068,0.6896924686310978,-0.7120877281390301,-1.9860880331826487,-1.1626203279940017,0.22283851311443525,1.4091067740406,-0.050797206942269704,1.0749551329174891,-0.19675685174958746,0.13301052886396267,0.0938988198851965,1.8252729181073115,-2.4224416464969933,-0.776567747413248,0.22930683958328388,-0.5275398375139659,0.07916286790278966,-0.5364553152682567,-1.274256045259798,-1.0177050309535358,0.4727901746693749,-0.874713958270115,-1.1085326840907566,0.05933882609801156,-1.3467469886243246,0.554356235146427,-0.6789180070976888,-0.6792632980972888,-0.1105934614423033
sample_576,-0.3633439722432894,-0.6480953736236756,0.2683800163630413,0.21574328175140067,-0.023500760128259905,-0.8128336821471644,0.45119289332129897,-1.1573771588599806,-1.8911160772200528,-0.8953245436031961,-1.0940114609544573,-0.9694172556596963,0.08856003613718255,-1.7691119217087807,0.4265432955586075,1.198038843135163,0.2563237922653015,-0.07466797584037625,-0.11191438237654117,0.2598029915657427,-1.0308299932558194,1.6265881793250554,2.1361964997826575,1.4256989939752758,-0.3514838742661795,-0.26836932215724985,-0.15024936475179299,0.8029678132960077,0.2945623678630945,-1.3656698935482359,0.6273986616639089,-1.4277100565966374,-0.07442067861635317,1.305926372228479,0.2947547072769076,1.024871758219999,-0.6440581056460044,-1.3105371991158878,1.010434800749614,-0.6482483897572152,-1.1911745456683391,-1.4092497363828196,-1.0045033770826852,0.7390269786745713,-0.40992547625080256,1.0924536666979845,1.2008582545080062,1.1084499593533308,-0.23823610899030606,-1.6142013588130004
sample_577,-1.5333466838846215,0.5224372501305983,0.15184628316682372,0.030053090059711324,1.191504125736172,0.33775928589059984,0.8066239659666805,-0.43165319822307446,0.26994942824961354,0.8178331023700051,2.122859633231855,-1.2612384035690336,0.4406086874550645,1.1555675632474018,-0.6228649153498201,-0.8351333604642611,-0.32632933658210583,-0.30562191866588917,0.49221161206653496,-0.0331679236590195,0.47591545967138044,0.4929606701788902,0.24165742516681193,1.053156611009063,-0.417520808107356,0.21680909240756893,-0.19493402392868622,0.9631400389480006,-1.3077792957857073,1.2356014025302111,0.38230926328793563,-3.3248422135143394,-0.6113820211083337,0.21327047891809842,-1.797926832762739,1.026263935319117,-0.28104443577201627,0.15093863259218057,1.560604359929134,-1.776303043129214,-0.2183949733335796,-1.279200187002414,-1.1072149036669348,1.5881348381004807,0.1730334133673884,-0.27767699279781716,0.22688578224316874,1.4560515598694361,0.7546547486387333,-0.8423062383688643
sample_578,-1.0315659361560792,-1.3401929431868536,-1.9244310698397076,0.059309762570848745,1.9652091644139233,-0.660508428261879,-0.7437111775530973,0.08175550882646568,-1.5003250835179793,1.860981987275843,0.43665416343277474,1.516155357727911,-0.8689572599021187,-1.3495921259584025,0.340296711252839,-0.08616729452356298,-0.7057051203024971,-1.4599019166465563,-0.24102060859735483,1.7638330010987693,-0.4636815773115001,1.2605219271700814,-0.8510571193658042,-0.038525354438052474,0.25801387850604646,-2.155380364359027,1.2720300111179685,-0.7491162246382287,-0.6999783360967131,0.14057713631713847,-0.352649955135978,-0.9428730297458886,-0.013909797503285628,-0.750432046722586,0.6817940686210586,0.5034261499950535,0.6990388028867264,-0.3329836698823924,-0.6089371888473532,-0.7945890189779049,-0.5286421343137107,0.9711135417959474,1.3616645853525293,0.2538563695291675,0.37352506911894384,-1.1638756617450212,0.7582098434151744,0.6385858265300939,-0.18405015505510453,0.11912720375298037
sample_579,-0.5711742356198072,0.3697809410209795,-1.1179523366705493,0.22451719336598316,0.041145884712717545,1.7654643774486338,-0.5836244498368552,-1.0002967457310856,-1.4064838865472806,1.072417162386113,-0.27765777802051794,1.4368774348577347,-0.015404946556093684,0.12151216352107312,-1.2663239586273025,0.7015366780999861,0.40842931604306654,0.8651646927510922,-0.2495637342958608,0.038914220182564865,-1.5838284386807664,0.14867377395755974,1.5935469290630409,-0.3864293076022605,-0.7837674162436008,2.8773356351664576,0.6884129128248065,-0.4325795415217677,0.1822840909317522,-1.0191246882318954,-0.13925281495033126,-0.30077945214585167,-0.7359036000774045,0.9717848658064945,1.2103081683095045,-0.46479540299205496,0.8628100585630217,-2.125083135034005,1.1783456212549808,-0.15049349804467305,1.671993359886064,-0.6528267893831389,1.4181546065186006,0.5645465467924748,0.07120008360414622,-1.2297356501522936,1.8236684678597261,-0.3970205641376527,-0.03884121991516808,1.5004610083674326
sample_580,-2.1394457905668416,-0.15312678650309783,1.290307994770717,0.931575175217181,-0.0237847032929807,0.20604999097702154,0.10948551059898937,-0.4291985809351495,0.8921682213498715,0.3124660848439677,-0.48495514371565374,1.4005490621348768,0.7890906963632711,-1.6516843835139425,-1.23051481372514,-0.2944341600972759,-1.1198159419236007,0.3154639920844583,0.38897331919641087,0.706266096757945,1.6472831721935697,-0.4176325626274621,-0.6605101303463798,-0.9467153911619014,0.35092015254628584,0.3611738542547289,1.2903586549518038,-0.36739696219853135,-0.16596583144342447,1.3089955672599414,0.1497661388991026,1.242008334359985,-0.7342395032365743,0.654665165479891,-0.8024759658135552,-0.5471960855005057,-0.21228044662920348,-0.18902900947533288,1.4306336300243867,0.6120369478456934,0.015540583649726939,0.11604474954765753,1.8240730666332898,0.2779715465449804,-0.6433219242179932,-0.08010215575362882,1.4149608743247302,-1.331707743778362,-0.4886177555915548,-1.935638783723491
sample_581,-1.1879885860318398,-0.6492505286263808,-1.3938786401587209,-1.1796049939256328,0.43956775920585694,-1.2214838011408367,0.0384629065914243,-0.6043458000896695,-0.22382589632434016,-0.02977754735493867,-0.13659475778215727,-0.4421920016791823,0.2472596714702182,-0.042304758718699306,-0.9029635407689932,0.5415900526018458,0.30880610905006967,1.69354064523435,-1.3481676853314446,1.0127691979631015,1.0061533125562718,0.8028218165264198,-1.689758841776158,1.8287575873554631,0.8327448412457916,0.40070461256018886,0.6182966786570769,0.8168709655401921,0.11306080000397606,1.5634623723129575,-0.3427643659290508,0.28920309363055025,-0.6495679005329156,0.48808855930279427,0.6546588296390505,0.5884962233099441,1.347107438012333,1.0885906737811404,0.3477803339297271,-0.6437473961373489,-1.8322646098442623,0.39546892503452935,0.0008015343461056231,1.01562729268122,0.8580740453209091,0.5948017970540286,0.6401950217185739,-0.8584631325745138,0.38592490166747384,-1.0451042780837905
sample_582,-0.5436506794391494,-1.3782909890993393,0.11076736898831512,2.6900616371889186,2.573201908033405,-1.3462810110231371,-0.8067092664849681,0.8086744694031353,-0.6761022866552333,1.3879793643850753,-0.17132371652947406,0.40598245415616263,-1.4493001676805408,0.23751287518480027,-0.1004575818822558,0.8224168432124727,1.3356861356242915,-0.38111673470072166,-1.0876720827910311,0.7763641225397271,0.08795926197950725,1.2028440455960194,-1.1798765197258834,0.9590404956038141,-0.17588664125929707,0.13745610494755142,-0.29362720231238887,-0.462594163680094,1.6683320378315718,-0.8321039288127614,0.9823495786823686,-1.55894323025569,-0.22434438171644586,1.1963242569712194,-0.31795368765295556,0.6234827441477206,0.6524173542932115,-0.45220102436676146,0.4235532188422809,-0.5570305464398891,0.27734948312397645,0.024145316700281923,0.7275806707139848,-0.08317633932964592,-1.5587057694961346,-0.14109293775763568,-0.9905745633429175,-0.5999702496529838,-0.8730134678629069,-1.1746724432613571
sample_583,2.7389202350365704,0.193660444969932,-0.9055834245805038,-0.09415944012883956,-0.1033651078803939,-0.2454569437029869,-1.0016810824377447,1.328614592246125,-0.627738987961485,-1.1143105922404135,-1.787209751864706,0.72428614643656,0.3005075483564419,-0.19844271622400642,-0.11819258601052914,-0.008139529449479037,0.8384659106378014,0.06516567245214341,0.5551682149166797,0.37133399589869365,-0.2984437944933943,0.8341725005274919,1.1411496998887027,1.0197295808399256,0.2957211229882913,-0.7841318297079114,1.7448690162984766,0.6153361687015187,0.48296231647309745,0.6870546437360594,0.7439802900726947,0.6837740431378503,-0.1006036162968826,2.1600166439369834,-0.15038917669188728,0.6261982305143907,-1.2737639423446585,0.49105810954231244,-1.0539549499932146,0.6397827277720763,1.4056301153097848,-1.0781126712699187,0.5745119649816245,-0.39548697411178163,1.504708890713813,0.5428614879067667,-0.19584357364039176,0.8055968532289663,-0.04661213696135203,-0.3876526280124529
sample_584,-0.38535464268783537,1.0579210745852572,1.999931477880883,0.36407013798818455,-0.8410643563977087,0.15541853657728608,2.0689971797540334,-0.4781287178975193,-1.0319292380155372,0.5241521339954219,0.9806551097823825,-0.6167291765182209,0.7957602781078637,0.786027490700499,0.9848749042844724,1.1137774535765133,1.83111734295434,0.793374143484735,-0.158317599409723,0.13280548409323578,0.12199957800993548,-2.0278554942367117,-0.6894196475498428,0.9126322856517965,0.04013571479505733,-0.5397944542530486,-0.14876108283072126,-1.350035254318649,0.1851499094919933,0.13390730816710383,0.031151573043037038,0.5338318832476195,-1.1984474986369713,-1.1835390181437662,-0.3016140851816698,-0.8460945689275542,0.2130979908818497,0.6707441214393162,-1.9886464876346333,-1.147536906432377,0.4175949087717139,0.24483716038473902,0.3559912504870109,-0.7726374486659324,-0.828513338572714,0.8149838835670379,1.00238434685128,-2.3955882558449395,0.5454835014088465,-0.07308320697931775
sample_585,0.47463972189906434,0.29025793421706475,-0.9793594067326932,-0.7154584870431953,1.4330467002433545,-0.762061526565211,-1.1843403849613776,1.550814432664282,-0.7259579084640128,0.30625247920917964,0.7363128322754546,-1.1228193268093896,0.05191251064904894,-0.11246505524402496,-0.9971799991062631,0.03948364666647457,-0.09722715530136379,-0.19039197052961754,-0.37465289949644937,0.580606176585242,-0.39902726855613874,0.11603414758355625,-1.9086729479182092,0.16873312388084213,0.011039373970739137,0.3935924151294522,1.2079292287308885,1.7554984793183173,0.5459791088517012,0.23366323131285055,0.5255030907852763,1.3999290955766468,1.5617957499578472,0.15467744341047807,1.9458330876408734,0.6369332568314253,-0.4419788698595745,0.3243512517320434,0.7757823514980358,-1.4011818776484635,-0.1691519359202721,1.0924005004041601,-1.282868856775877,0.2031706461375847,1.3507091413528587,0.17661601863577586,-0.6702470871376842,1.1924118042866285,-0.29810192381128364,0.8527820054369276
sample_586,0.5032226666450171,-1.528910673073917,0.21726486371771103,0.4393322112034387,0.15772656803174678,0.07534918944323185,-0.880882210216749,-1.0581748203663566,0.10368106163002891,-1.1991905588164056,1.4179797126692935,0.05774075056634965,0.386234799590218,-1.4263811400409536,-2.0868032759926143,-0.6659493329338901,1.1280047120992187,-1.14384406574186,-0.437841572454223,-0.742570153370727,-0.06828858301018949,-2.6041829763588655,0.7786909642551189,1.1092976746393475,-1.4945996401114847,0.17748255498171173,-1.2194047321565185,-1.3067819189982535,2.4600281076918336,-0.03890356934206738,-0.6537931866133097,-1.3881943821622638,-1.9711587547825118,-0.1576768989845308,-1.3544437822949025,-1.1382002638928541,0.19728596104741933,0.18581465638297173,-0.3585514046338418,0.11291595658811222,1.251921484035786,-1.001080013780794,-0.3866858637896805,1.462587425177697,0.8386541566178823,0.9180502902541983,-1.2039607820158713,-0.08617339312914966,-0.2517107855407058,0.25206560495864544
sample_587,-0.11695615022817772,1.6280928088339088,-1.1248189381921105,0.40350876246614775,0.9004305632384009,0.30451082552088654,1.4308418215558487,-1.3894763978947013,-0.6245236303681609,0.3617793740321733,-0.4925842949359114,-0.38965555254552453,-0.29418386944104385,-0.0421422270629652,-0.28860784921031835,-1.2416868876868687,-1.7300584298579484,-0.03720688534305261,1.0658202922891051,-0.9317728036734192,0.5042326912891237,0.7066448020280415,0.6171248714485472,1.5732673401478572,2.0950135941543144,-0.26898225317147717,-0.1029681653753882,-0.3061103588271359,-1.673889154848292,-1.145232198959055,1.0997183271111615,-1.308002669977929,-0.6293486245771539,1.5029640287019344,0.44780255449984785,1.1654781954274565,0.40269244307180735,-0.1090590777577067,1.1877458532105871,0.8407750977884773,-0.32324813593211255,-0.28565420807879005,-0.6316511151799818,0.7028287920150107,0.5439488943916253,0.5472873092584659,1.352090384955183,0.6317178337027182,0.9006009795054793,-1.233108353781737
sample_588,-1.0604903508919714,-0.4527138037905722,-0.6641701377776665,-1.121944277670025,-0.5664331196363989,-2.7206481854543716,0.5538889865574957,0.2601354150237971,-0.7468368521921345,-0.3758012365361655,0.8051795591404677,0.3574988295406342,0.11584646870258393,0.9476594566346355,-0.6241043047232682,0.35929710778202417,-0.4223953047208575,0.48139054697275685,0.6482592204036848,-1.650542814536992,1.2854478760493961,0.017575328061175573,0.27511073810424136,-0.5842604936322673,0.19033342369399858,-0.8478549302545347,0.8623281839817264,-0.8159605233208385,-0.22175400738857115,-1.4260738480672142,-1.5180054509016743,-1.49470641819609,1.8098932734722974,-1.600770607773291,1.1866402737826347,-0.17268948958860728,0.5960948105014179,1.0676540446459213,0.18738596753063658,0.32979085190764557,-1.1339584976166377,1.311722477062096,0.46974191841510926,0.8655583763458398,0.4062869591580271,-1.1209600750129094,-0.7895755243950286,1.7784147888458612,0.5929383702206041,0.14007386859398271
sample_589,0.22521252443407977,-0.6094839970078387,0.5186416135713806,0.6656048355676276,0.3106353194623301,-0.09608601019380747,0.26327000700484526,1.141020049932827,-0.25529470063475973,-0.8054889463531864,1.165558195316708,1.4593152947957546,0.11277538437313629,-0.35970916179162205,-0.9407108826096955,0.757425788761318,-1.9771666906861407,0.3754056907883136,-0.0498576826674194,0.3214204459583167,-1.0716943142372843,-0.08376551681138548,1.138820009339642,1.589522721545733,-1.4002486576089008,-1.668694442963858,-0.23942942866640268,0.49370473206467286,0.4236512477924644,1.2497431709433526,0.6245614917519177,1.5155739518920777,-1.2802155538308952,0.012173372453109326,0.21875837215339752,-1.4707178739529645,-0.7571373440299244,2.6466541277155167,0.628373231188938,-1.4874307660342263,-0.4673692714248252,-0.7014439972809176,0.33759954409445203,-0.5813274015021229,-0.38038595343188963,0.45536026853751616,-0.86341737944451,0.6908990770610566,0.7810889614191358,0.06527502898846622
sample_590,-0.6889495480102933,-0.4001874249886451,-0.2928286135836883,-0.5917927981769923,1.1709508572477692,-1.1528645965115387,-0.07208136728082742,-0.7693392465047844,-0.269012267694114,-0.9211385224742455,-1.1176040710168724,1.9258466867109443,-0.42131539306598287,-0.10395028970372411,0.4330274630213272,-0.7646313672920417,1.128165858459572,-0.48866186419976876,0.007140678334573433,-0.12928360339832634,-1.6154632890225362,0.8083828681515481,-0.43003056529910616,1.7841861062900468,-0.10174130289263125,-0.47713972323068005,-0.30458235847446813,-1.6120651269748258,0.2804702134867682,-0.2876946684939165,0.4487692025828264,-0.32962258991390786,-0.2783539778279047,-0.8218145992094368,-0.3881644897449753,-0.8033208470961322,-0.110217501317588,-0.47305127211634423,0.8068229104478712,1.0953126816122258,1.131213287320722,-0.5160406226895669,-1.6937281688710977,-1.1455232392691324,-0.11345162222362265,-1.0654309197204317,-0.8133238699534713,0.1442226487743433,0.2327609052668219,-0.2388980408475613
sample_591,-0.903618802763505,-0.15667844991787178,-1.5865141501949085,-1.1526535263009223,-1.920678678455783,-0.300912617544652,2.0322171209989475,0.6309408963554468,0.07819391486159528,0.019658383527882,0.7754297649127786,-1.2250993188602883,0.5770637970559976,-2.0351318824511866,-0.6021269533417425,-1.0815775947191262,-0.788294581478941,-0.6772696493481087,1.7001577874568747,-0.3167740404491383,0.5904966958606472,0.4704343967206072,0.021659709114564916,-0.968126086978832,-0.39644916037341116,0.7055072850449573,-1.4322633319043656,-2.2875587407153484,-0.09187188168618445,-0.8607934807683264,1.7791479739765037,-0.2853433220773112,-0.5690152301414184,-0.9338524142879149,-0.5246345489981187,1.2341252710469135,-0.13230616969100997,0.4718899765552382,0.824897200077832,1.265986963423149,-0.8673579767627445,0.21815988779129716,-0.256689324801705,-0.1491793537017323,0.8187338599888929,-1.6810058203524623,-1.9397492291009468,-1.5922014701115863,-0.1334294250427522,-0.7020736553103947
sample_592,-0.19457314139610404,-1.2142251135132118,-0.08905619347071923,-2.1730881428718147,-1.3492824070046514,0.42362576180939404,-1.5256010340924786,-1.2610625597550473,-1.3061247776987805,1.3750347566262917,-0.7439654425046365,-1.6502232107587198,2.3136129493177284,0.19542786013822672,-0.21482431516188646,-0.12643476518686797,-1.6136871369084884,0.9271627431035029,0.1024171830228162,2.651565969054007,-1.4539951101675435,1.3262382620751072,2.123461454644574,-0.7612157018358616,2.632634539266846,0.8152429403253171,-0.1859375271000764,-1.088203440052248,1.522343747083369,0.39926070145535286,-1.4378025293868464,-1.0626089971419246,0.33005965366691287,0.11137904874054276,1.312140989535922,0.41283390760905236,0.0036733109529306545,-0.3130199812997187,1.7869426037341716,-0.25052593397126627,-0.2435936452851316,1.316234103318503,0.24139737638310058,-0.53679328756922,1.7378655826164533,0.8252665253778891,0.7190774598924388,1.5565660496997302,-0.1820661341996047,0.09475569352992178
sample_593,0.4985426909966068,0.2833458138399101,-0.21797899901574627,0.8942740173458215,-1.1072900885492503,-0.8917641830532822,0.12251326038016104,-0.39264193734990527,-0.956508993918537,2.148250852428703,0.8321033454594419,1.347468091100864,1.6178755243910123,-0.710551192427419,0.6042947703073726,0.11800068721837577,-1.1524305172254785,-1.5057158290246686,0.2607898515266161,-2.1375260892776646,-1.1685794163344454,0.5817624759185365,0.3453781835794236,-0.3708938764288357,-1.272610596259722,-1.6403696347706225,1.807671883666467,0.46768765673439056,2.910027742811696,0.8632534655276519,0.18175285581922002,0.7941193412847891,0.33097993103930223,-0.34300164867614336,-0.45430419471095906,-0.11528900849278313,0.5114465428693892,1.919944639486716,0.0313839127550375,-0.6745321234086723,-0.3211938366372398,0.8712827808755009,-1.0670977469531209,-0.19808051754799166,-0.058078699159813896,2.318001758673681,0.25744264125104405,0.629916039048477,0.29721276101856353,-0.6486454563748196
sample_594,0.3224990117811737,-1.9215753646490419,0.9328251155697184,1.358192646220736,0.8407431572317383,-0.22118411689473558,1.1940155301087036,1.3655621985338362,0.2304914574268538,1.0635520926723725,0.3125251935630635,1.1302591562056448,0.9527574695893171,-0.05031012228383958,0.6021722915636005,0.8665608178249296,-0.8719189943116883,0.4625821768883648,0.25936129894172594,-1.2301334939180102,-0.23197629796169647,-0.3570048430705665,1.1288875749391856,-1.3060000200778714,1.084884839142488,-2.105872374233467,0.41245716891171164,-0.5693095352234581,0.4247034136855254,0.818123580319559,0.261918736348871,0.29785398088311826,1.5968802992215663,0.1213636944509192,-1.2463716917770467,-0.2865828270659433,-2.083969132619843,-0.5043718237716447,0.9650903764402642,-1.527108513162993,2.465981220936709,-0.08253704052431764,-0.22088606226966961,-1.1059514917862114,-0.38494713881017467,0.8446487498150355,-0.5639054526812115,0.47685863302229586,-0.3279919002614659,1.429885329541568
sample_595,1.1931352848871402,-1.0547212739004261,-0.3103069499578252,0.8156571850498581,0.863045559021391,0.8320822672405938,0.14713237027117843,0.371313557328193,2.223162776784167,0.48772890017659815,-0.6873661657531024,-0.5274648358057187,1.3800444664132578,-0.22538001826083187,-1.3700216200865905,0.6811152277461993,0.15368915266664618,-1.501715896377761,-1.8101909358017905,0.44890540576361365,-0.4405671729097021,-0.39946380490737765,0.5072894937960967,-1.6693950874375163,0.013968899735457636,-1.320691125727789,-0.05387680838728276,0.17766336767233393,-1.0015269581587904,1.8110334222373312,0.9945334225476952,-0.5422585164024567,-0.3446678921287797,-0.12899012180526567,-1.6397746890669245,0.607629393490895,-0.6630042153841273,-1.7039648125283626,-1.02379833784546,-1.8189036512329797,-0.7096097736973553,-0.5299575901456519,0.6167549605408044,1.2898060878928173,0.3025448892417334,-0.46997356580793215,-0.2589414576076908,0.5995791232709582,-1.0748115842689179,-0.5021652030133897
sample_596,0.6979128579108819,-1.4181525819601444,2.429512602949249,-1.8640820824409208,1.3108962113425167,-0.1767369060860248,0.11511682648881283,-2.221641118103428,0.08103695558011846,-0.958500767053987,-2.1761645322830114,0.037469517421990305,1.6229315252162573,0.9150455615683099,0.24314052620116455,1.7124153758409202,0.851857634590904,0.5042294656327905,-0.5063611422078169,-0.6546008738891442,0.46271052748479574,1.8187537853420424,-1.1040875672650263,0.38769647153895537,-1.5574728701370142,-1.1390071713457885,1.1567745452376,-0.691785703795307,-0.36275385278403655,-1.637305539247288,-1.0167809672858206,0.8624144691603158,-1.0467786436280158,0.17499904035833078,-0.35985877220091766,-0.7281071016604761,-0.3745589704713064,-0.036470030058952045,0.49000986464801377,-0.4104668605979805,1.3387569361497025,1.057045250599383,2.0348040167131822,0.6049517142523685,1.1986567153659444,0.9631865548775383,-0.19645619467719222,-0.2049527583368065,1.4215310844614124,-0.05726322864860962
sample_597,1.3706367884876545,0.38962180933899565,0.10136278098205043,1.0504493534289252,0.4201159397926878,-1.8234685442211342,0.03958394165700818,-1.0718531397155697,-1.1367168896326854,-0.8963675851564279,1.4037991408248622,1.4767424146476815,0.4073006579422692,0.5591079592604999,0.06325475210582428,0.18899185541006636,0.4179847432457538,-0.740206322713878,0.1664771596192343,0.6856044857073041,0.46295724458181886,-0.8192825298051755,0.2770868850978946,-1.0978948497951124,1.5299706835449762,0.0663202551370837,-0.16569348610005946,-1.7335485486282614,0.9633511138709352,0.5930923975223714,-0.5327175175441173,-0.44105422989072485,1.1209466129609726,1.5696720610540793,-0.26620831918299714,0.7645293142159681,0.4576142140890244,-2.3039248665359433,-0.5845063338435247,-0.5610331552702981,-0.8845524831607997,-0.39044368708689453,0.5238299976158804,1.6470171842506967,0.540337624574436,0.05367209700116279,2.3258159280215165,-0.8963681808652266,0.3271949694937729,1.3802421707102104
sample_598,-0.07140797660442262,-0.5997685187316703,1.9415516244983388,-0.11599836056221134,1.3661497199097934,-2.3433786000056482,0.2488557803632736,0.7361457152778959,-0.28570928319374156,1.7872653584522478,-0.45503823545293987,0.0005971248809719311,0.02374896091086009,-1.3194850289597384,-0.007203480160184655,-0.07652121878984841,0.6767776592574103,0.5309263420727038,-0.7432657602195551,0.3958629872299137,0.3831027914322167,2.150029080540314,0.49409507839032357,-0.68009835397896,0.524686972517306,0.5910548845196157,-1.095091978007137,0.4446069021610174,0.9005471115990816,1.3685285642694847,-1.4149037076399558,-0.14314094394613538,-1.0079695045612802,-1.3499433256400717,0.97304905305081,-0.040183443455521585,0.8479003880409345,-1.2944676673452824,0.744093507348788,0.7061797233458951,0.5977320802368805,0.29850360685478133,0.8855965364842665,-0.13716101820258572,-0.44740918559581044,-0.47386032618994817,1.9980357112073281,0.6869966873327016,-0.4419873442142989,0.22249143367219945
sample_599,1.2435960860348156,0.32123660757978545,0.13280691608893608,-1.7945909401789186,0.7983330256906915,0.5344041966183493,0.34270142845130463,-0.5491486375840462,-0.5068388408100808,1.0426410107878707,0.013313360518888824,0.5029488376862762,-1.323218760382064,1.5772322607436866,1.7584468559619586,-1.1235397495197152,0.4467746375801368,-0.21307627901017662,-0.2440749052797157,0.521351741576413,0.2729668394400257,-0.38845608502491286,-1.0198322132494915,-0.08476451042088777,0.33102992556046223,0.12398921289257343,-1.3894111127269548,-0.4737746040511316,-1.48837121965478,-0.9958439412608024,-0.013880185301855004,0.6492995434371458,-0.10918993362018563,0.3770790461968065,0.5009705935310412,-0.9692344816628309,1.020458056069986,0.036329230619580107,0.7968636871325947,0.2817373100107138,-0.5541146899126771,-1.373543782331095,1.725127765128987,0.8047983931115633,-1.51796209654163,1.0195776544598585,1.2503313192638574,0.7721483545851612,-0.3404317751205865,-0.8246860957651238
sample_600,0.4563199585248217,1.329588809992797,-1.8191967412057184,1.4527788853130068,0.24302650279388965,-0.5338892926647232,0.3486414696179758,1.1217133694706014,0.1288947320889519,-0.8810948606838612,0.8420713301591669,-0.2965930855330537,0.3689339170648513,-0.5363509439605574,0.7210478009944783,-1.6525130441929428,-0.9501740212798623,-0.542341015190267,-0.9564703769762535,0.7428758352127617,-0.7831137820730437,-1.6822791964261652,-0.17786876914216573,0.2392402974524556,0.21355395915387257,1.7700617439004713,0.032427563299080815,0.9878050617988022,-1.671438789002354,-0.8259739219559527,1.0944079219730494,-0.604869321131373,-0.23807405690163477,-0.4531489159884677,0.05004769538228152,-0.5724921638774051,0.9269998342990826,0.12834957013551765,1.0277108440403222,2.8305133843952572,0.7195231553525885,-0.07876783214249665,0.4121180787049002,1.6231061872858883,-0.4021889487848346,0.9395433989522071,0.7201371288030604,0.7858169228380515,-0.5581749975279319,-0.8205294370068781
sample_601,0.2516155509308054,0.7331640077821385,-0.31740375629776524,-0.40797958445607907,1.2774686377881748,2.004468225671957,-1.1080151183917681,-0.44248474042748903,-0.8550788046564296,-1.308520559747383,-0.0574802565309632,0.15558454819328596,-0.48674217010220416,-0.7222378354497492,0.6404758432213208,-0.7873548421754216,-1.0203015774527378,-1.0846411042987472,-0.18332437728350484,1.007289781308972,-0.11035828470009734,-0.04833915500214476,0.22382382713741245,-2.1019797657057224,0.31139535552682174,0.27779396588971844,1.5651968947838528,-0.6230689492174324,-0.012146326543352083,1.240640939002227,-0.06826420349507235,-1.0810154292375649,0.6398153572509456,0.3871446761752129,-2.046706903978696,-0.19108077444895927,-1.535007044809212,1.504608191947202,-1.40510112861475,-1.1532427219701569,1.578723743212564,-1.5497555302565555,0.11709721258167018,0.9869232345001249,0.6448756465407562,-0.3852393843572912,1.098874086079735,0.12690925023727812,0.4432410205325908,0.7204612389647478
sample_602,0.9725086627856298,0.027461715466709564,-0.3407604500974069,-0.9296256112648223,2.4269350236046647,-0.9921881860027048,0.4527059876262272,0.0854941144628105,-0.8976830810365559,-0.005453202673809708,0.6027403489367916,2.142495948018057,0.04053551945975977,1.86053762007598,-2.445719536465044,-1.1736043440407344,1.522347390473419,1.8856657756027595,-1.7612920576321782,0.4590401723312561,-0.20903095026439997,0.40517961449653933,1.2972692916112616,0.1819065407491002,0.9533349519426755,-0.825191589601065,-0.2102758000462708,1.607789712350514,0.3761610998409683,0.570174777970608,0.696246197603124,1.0606322819904788,0.307251947779573,-1.3983596719931581,-1.3162239183035422,-0.8562989845708484,0.5570191968478458,0.3777233921865827,-1.509248353064804,-0.698164846999132,-0.565509213193604,-1.5277184778837607,-1.5698186627073727,1.2689439124969963,-0.025042533420451773,0.3526195422259186,-0.16550702091386055,0.5296697517351187,0.5859768609590477,-1.490681895790365
sample_603,1.3778182774930792,0.6981559281164459,-0.7106615327599767,0.17284633550666198,0.21029033400329414,0.8373687463551508,0.7592084832173724,1.0787208565894313,-0.12906362666880636,-0.2911612385436989,-1.2311401677664124,-0.13880794554339315,2.017212335182707,1.703799716605525,0.2124218229634263,-0.7112832714241967,-0.18213448019390027,0.05853816102052341,-0.6698576923870796,-0.1621763565020522,-0.3866261000309165,-0.6670034813515258,0.05412612503333361,-1.6138697905503006,0.04584809143754633,1.3644758281364113,1.1892866481848567,-1.1796428588556174,-0.9656846452105818,-0.05770202485260488,0.19182637673038377,-0.6847830964972652,1.601536087824703,1.5195576245654605,-0.45008570619759836,0.6065794213554039,-0.6118329029745396,-0.7455505205896087,-0.09226343845435117,0.7099783322476542,-0.3334351588446681,-0.8769795507076711,0.9557720413506898,-0.4903205166694215,0.9418573330014492,-2.0672074392222948,-0.4794417709253689,-0.8244067965135226,1.2564039987487832,-0.7789032946935907
sample_604,1.1798331947454956,1.620442635855216,0.6027941638380161,0.289275400746563,1.0159218556807008,1.073869974265897,-0.7260116394510637,2.1401059652978303,-0.020992937136674255,-0.6437572019151195,1.3165382257380722,-0.20152180881019968,0.17636494859252375,0.42131504388835656,1.096687473730225,-0.20665894180802005,-0.5701815988743706,-1.8504422957295057,-2.0440365020509916,-0.6184271497564232,-0.5547348712353322,0.3487184823792407,0.5760720938221283,0.38723312310659214,0.07903270250945238,-0.8380654321650017,1.2761283535514243,-2.5837863573558044,0.7796953906408244,0.7296429521119236,-0.39279370281127846,-0.9304295432943355,-0.11770984639107576,2.0184518264831963,-0.9096703554012785,-0.7306423193784313,-0.21833249926303452,0.710872033121933,-0.8115719939533262,-0.384466061098539,0.6207543812633209,0.323846774057377,-0.6637690487073473,-1.0226898253516186,2.3873271943463803,-0.49203635868185647,-0.5388110325777036,0.8798236349140366,1.3155780636589594,-2.4074670283580746
sample_605,0.21186417851632341,0.4925112742343977,-0.5376269075982086,-0.0631851903831653,-0.9034707933917496,-0.01391136381403539,0.9602535115908003,0.04953138922822832,-1.2773407040813236,0.5384567129669473,0.24627581020291173,-0.080754579896275,0.3786777231484764,0.977476431518243,0.7174575991408645,0.45854559312532595,0.029779963312895907,0.6960030803802073,0.5580694952768042,1.4018501339602614,-1.470967317229267,0.7033296648572052,-2.2633857644208217,-0.21676002880615453,1.9506671420355206,-0.3830833668348548,0.2338978572436996,0.9091666332199126,1.5961089745687151,-0.21013785468121754,1.440442717362667,0.8524525483448049,-0.06861119518918997,-0.738834603749604,-1.1704184704026492,-1.3329088483525124,0.10053061161853329,0.7935034306296251,-1.1948785034859186,0.3436170262943912,1.3253427882516213,1.1644025931303026,-1.2566081284644164,-0.9428979493649868,-0.1393457595106673,-0.5691011048484755,-1.4191881436440668,2.514231303146278,-0.530146217501134,0.23037466026887785
sample_606,1.61338445162384,0.2594681526922864,0.36106680182351997,-1.2271354244840602,-0.6685429763071439,0.7667896656492542,1.3715633715463271,0.1694361544332085,-0.06578779083478895,0.32202182487283426,-0.008817530439384443,0.4710397787098772,1.4305976072492537,0.03336430690522173,-0.3259049453815192,0.9007499710416476,-1.4069697746472014,-1.6872344092703915,-1.5859179017632676,1.1553996400485351,0.6602192592441227,1.5407278404867262,-0.6866236260335665,-1.7952545434268745,-0.922546346404433,-0.7858466837556369,-0.6819930500380184,-2.435774089882948,-0.7553812400425566,0.8065205668825063,0.3976986670833353,0.45170473524820404,0.8549931403088313,-0.45637692808829877,0.10442892045630951,2.5198651771344163,0.5115198382666869,-0.5916768477814786,-0.5789426492164786,-0.6201566189666732,0.8745062321747636,0.2036926707323749,-0.10807660131716225,1.5370017634822961,-0.09609599041473031,0.3743132980143046,0.35644487713731215,0.9627466687762851,1.7282145201934396,-0.08603187550195168
sample_607,-0.09057332876227216,-0.5832911047394685,-0.582952573652949,0.6123321326472588,0.8896957498183422,1.1530492435617106,-1.2266901978838793,-0.2722050972570652,1.1224735294430297,-0.11907410635551104,2.8240069009243642,0.38821864369746817,-0.7101785163119055,-1.0223806690362385,-0.04274972011524946,0.7389182067001157,-2.7742062822976656,0.16362910165874744,-0.7378576844459395,0.9716811189963491,2.590482517003541,1.5765560965303176,-0.39628629932916454,1.3688900877320782,-0.38867929895514275,0.14928659079347395,1.0993393632678632,0.733956221439368,1.255610964494732,-0.6237276467323714,-0.16283738693280767,-1.2245475110328214,1.3826693597802282,0.28704419234282913,-0.8426704766392559,0.8770406254258494,-1.1317386104054485,-0.8092165958426012,1.7672342167196673,3.4126938657599615,0.20647039387921254,1.6776874182888237,0.2589844202303755,0.2806233473943636,-1.274541094414111,-0.00842448112923786,1.2358060003703168,-1.2216133799658897,1.1955382719105103,1.880180744982676
sample_608,-0.5129507067920566,-0.6689127896711056,-0.787323365100246,-0.5789039390585738,0.2961910744867105,-0.8962336991749802,-3.0662370440627367,0.6796146768065039,1.2680145966570753,0.38692218857211663,0.10889962860877457,-1.0897351727428157,1.8615224582445533,-1.836492649075907,0.7576087022589074,-0.7199791848028577,0.027589510373278225,0.14032117302112232,-0.9201175676877827,-0.9777686371587256,2.407339812828603,-2.02443301528579,-0.4206316651529027,0.8180115573047604,0.8777519501553117,0.057010843986325825,-0.36076254239707606,-1.0695097709615418,-0.4144996154392449,-0.42514779478430076,0.5893135054303832,0.9401230127453511,0.08089106399026598,-0.1200934447621635,-0.414360599449002,-0.4418353664623498,-1.3292908594142898,0.2058883736060128,1.600138825189696,-0.3258002780133695,0.747326174693718,-0.3496647268142614,2.259913092431586,0.996052767036006,-0.3093967854944202,-0.7020248344345364,-0.41981825569581627,-0.7232404738460517,0.39611972321082844,-0.2994712703350667
sample_609,1.2925249243217638,0.605277398021178,-0.10124598923487725,-0.020400203779473942,0.014191454627615405,-0.6942310788174453,0.32629772705606,0.601040800130816,0.7188470706582615,0.5571545916175142,0.36934989641651944,-0.47228227831562497,0.043216599539986064,-0.20478589692883561,-0.38414582114754575,-1.8365655349624335,0.2772616845874816,0.4419007774430381,-1.995203029420961,-0.4266082749016851,1.7492663760313987,0.11801154946273805,-1.3211509991778023,0.5654030416069271,0.2970508167954473,1.953177900531635,-1.3782287634460315,0.959448851540534,0.1649160680922861,0.6554501345766981,-0.8416977138867597,-0.8713853580597879,-0.015337981239567883,-0.45993965327315706,-1.399573506937053,-0.29005308635620464,1.1704712076717174,0.7494422566293167,0.952125167659893,0.2915759431634673,-0.9669604265264167,-0.794382112617529,0.06727405742310834,1.916574852779006,1.056109820104137,1.2675214750371435,1.3200338087555674,-1.6562496222358183,-0.432466421619154,1.5338143726958737
sample_610,1.2576830184491956,0.7542971056318007,0.9125581511931259,1.5122304625018463,-0.19306508476053258,-0.7009510114876976,0.5051032058953482,1.1920049747427657,-1.0294242711155333,-0.9289498653084959,-1.5019522699205459,0.8709333998932217,-0.3598363922386447,0.18073413635907018,-0.5439816394702955,0.7141351195515806,0.5834914387742148,-0.017234775721501457,0.15333996519190882,-0.981026324532476,-0.3088698748091644,-1.221888316579582,-0.7158644838893586,0.8525261006927722,-1.011985452752408,-0.9322439381670384,-0.19773179939821892,-0.20832033979727968,1.1456985752599003,0.1590668532618388,0.9052260259822887,1.1891288054638494,1.106472069469134,-1.7434161529597594,-0.29893909364896154,1.4041307541140218,-0.6435331166418712,0.04456946302885266,-0.4796699972370134,-0.7470201353085859,-0.6204300950057233,-1.5593805968492744,-0.456148352273039,-0.9513602423059423,-0.20642904116399396,-0.9215088991324475,0.8871820340941813,0.4392884110346223,1.2911407485524082,1.216764231588449
sample_611,0.581688000335302,-1.2203334264289791,-1.5820723406640347,0.09399119696097312,1.0869266293665583,-0.9222559447013998,0.5272222729480622,0.8008127504392105,1.2786216720152108,0.434932499062653,0.9063079277288904,-1.3941059837648064,-0.6141451586972155,-0.789297744744292,0.8320559943307757,-1.3680602830683812,2.6152854727320842,0.8292630970286003,0.07747740177807819,-0.6359764849362782,-0.7697390995918783,1.6051880414244235,0.09097582105948916,0.3404403607044407,-0.0942675249836381,1.3536132805347594,-0.39814375148340325,0.21337796652779423,-0.9247857738471771,-0.4679314641833798,-1.5537294801022408,1.2086488026947413,-0.5072416236312809,0.8083460065392062,-0.04876368302875691,-0.21392833009649623,-0.7877524344049941,-1.1099180209689588,-0.2882189692989498,1.3238130952090237,-0.9646385975741663,0.12173523918758096,-0.744639071434322,1.2637847051483122,-0.05236594714649868,0.3845093725422814,-0.20720059846647743,-0.35554195441709624,0.17770407886108378,-1.0915579283261014
sample_612,-0.15958578554475047,0.23816729604292777,0.27736388017154234,2.0813924393645564,2.7444026086387923,0.17236822715394137,-0.42621514125358706,2.0902790276373695,0.08749127175889933,2.176963212275715,-1.1092047102430378,1.490463243636996,-2.658765632253424,0.16713469514979018,-0.4473413548318218,-1.0285118222259668,0.3795410716760718,-0.2461747345721599,1.4612434348927181,1.3609045918060247,-0.2594163590149807,-1.1472900139044993,0.10531633959602826,0.04826438830954318,-0.7808640004869554,0.23727357324579196,0.2500339269993624,2.000942491507698,0.7293401573879771,0.5813640089189938,0.03684147599409901,0.23109289460023869,-1.4168778306631749,-1.610835328175971,0.6283547020587829,1.7696228897911952,0.38240607682090305,0.4124630258217745,-2.028083560785673,-1.2599496063199975,0.5016274536151083,0.5148794823491933,-0.5767175751432322,-0.24004976326986097,1.0214505379199375,0.9425779501148116,-0.15063152819991094,1.5376065700050863,-0.1141322264871236,-0.783073269675312
sample_613,-0.4980602394130141,-0.44221568935225075,1.3786312631868742,-1.5962175898412048,1.9108372165524212,0.5255039080695847,-0.09404124140060466,0.4467247034095212,0.8103130906859785,-2.02024496858972,-0.06945710707237075,0.5542191555014966,0.5143730509307839,-0.9372643586309631,1.0036839390040284,-1.326383169101937,0.1165114706580266,0.9386242346201117,0.11720846518044817,-0.15068996440347585,0.06948724907550732,2.330504773613809,-0.25286636705359694,-1.0823153314515999,-0.5764674131237564,-0.8464004757723577,-0.06664618115129649,0.2066492308913466,0.0675772518422272,-1.8157338560092435,1.0412676658817157,-1.1377384949592402,0.5015281519062782,0.6994198387823944,1.4234540415357542,-1.483872958719242,-1.540552154630064,1.4591898236647738,0.6358127058094275,-0.2978074044337259,0.8136840577142608,-0.20627275145938348,-0.2327527883984538,1.553189638711714,-0.6250488836550825,2.158534905160631,-1.2454818222728723,1.0236657630287012,1.279707934971439,-0.7343594322829612
sample_614,1.0720664420714128,0.5534894161288577,0.20505778113308584,-1.3500586081297423,-2.1068512746214183,0.3547582582056052,0.39433231835267996,0.5478345093622042,-0.29980492365045064,1.215952164631976,-0.6345182256759707,0.05991090386134662,-0.12575914558549012,0.754064547545839,-0.6624701842523061,0.364715404189272,1.6099474101625846,-1.7004628029006703,0.9274911239929462,-1.7851352644549456,-1.3467997474509463,-0.08734303586896139,-0.35069563837591733,0.9451311573070823,0.07716147900825648,-1.4917470548482683,-1.1992100808897976,0.9807005508331322,1.0919002758284102,0.1374305031716751,-2.391671182765406,1.8808633398299148,0.12744334056521303,-0.10554531080587494,1.5848647688767672,-1.4168706067638435,0.4953850999704288,-0.21552573801359975,0.5131794656885404,0.7999925981923386,-1.3766207969260615,0.3523779553970258,-0.6791340101893468,-0.4216437502409161,-1.0504736823408576,-0.5643785021948703,-0.37379590375595384,0.9937770564558414,-2.4998220537246705,1.4915651210026728
sample_615,-0.34572569702006645,1.3934736989780874,-0.4329645261495629,0.5938225522931634,-0.08197203103424681,1.3718499475636126,0.9124759330159563,-0.8376860257801922,-0.23260483252085373,-0.7014299050359881,0.6903892999642491,1.2519136664206856,0.15457209608947353,-0.908892181535648,0.37002431768418637,-0.510213722466248,-1.783581156448908,-1.2839872890062314,0.3771774058670844,-1.8408952847675446,0.4403068603364442,-0.6044046414987162,0.41121863687140586,-0.3198762794446022,0.7310027369455139,-0.07831557607464458,0.1833072531037954,0.6446524010090189,-0.18607874292266288,1.1063042204419646,-0.31080920632562337,-1.0829982377958767,-1.6862435507012035,2.2634217917158,-0.036018190563852207,0.6522599634746566,-1.3803842828266495,0.704850622748548,-0.11799077465463224,-0.14416329224206606,-0.4231185525613541,0.06026084251424297,1.0887441922023693,0.18286342622924667,1.1207956619164001,0.5509381719284858,-1.170543893522501,0.12249970700890518,1.3685329297544555,-0.030390076214218246
sample_616,0.9260880312265231,2.6291314743111514,-1.9917459421336379,0.5683350802331538,-0.7537692147186918,-0.21425351747969998,-0.8781826797212913,-0.7384529482224799,-0.7746560879229981,-1.265102541091362,-1.0817312077801335,1.2123984169428366,-1.6042907010169016,-1.121929342728301,-0.8057286321751891,-1.1660840002860327,0.4670100148219592,-0.5891580550215002,0.6595004682558766,-0.15167166403189736,-2.5861667985060444,-0.2134017769969136,1.2198493800132137,-1.088968419149853,1.9409032988443276,0.045155395103452005,0.15102736463837266,0.49262594413186656,-0.0721938704473912,0.021667100869594672,0.9021043435290853,0.05279849050079722,-1.5498357225979371,-0.20226530304099852,0.6019787929581859,0.936490546842804,1.3158467030234369,-0.7662502320469521,0.015891117356282406,-0.25490380463188267,0.262141984592122,0.6828209200411516,-0.7252764783411767,-1.161652298845591,0.950422439793553,-0.16581674419064624,-2.3461162103981907,-1.220284971820823,1.3895650464076321,-1.1993310511709525
sample_617,1.1052383592859831,0.4535864917023125,0.1197753380062902,-0.5354036591296124,-1.7490755266736437,2.9364091156957444,1.0376855805331313,1.5114811625634996,1.2858158872767715,0.5012774287106699,0.5930500235143914,-0.9015833713230605,-1.6260065475850924,0.2782452127172235,-0.6076365125626259,-1.550996841305288,-2.014941506771584,0.7227634643395188,-0.7513600247817918,0.47726300488196616,-1.8620378636683343,-0.9465985355172628,1.7704442001833176,1.7196098125128942,1.0640248544267963,0.8050569020587438,-0.4322877274146828,-0.8759606550080752,-0.8062916525053677,1.077784497181523,-1.2599545535841719,0.01645478346349537,-1.434328870297819,0.08478703966429621,0.2797335715158114,-0.43655883407652424,-1.8528495267214287,0.44801012526990824,-0.2153851445707851,0.7555085929830467,-1.7163886423995465,0.24756644345083526,-0.20846716030834508,1.0037452378966303,0.004916814070975152,-2.129494338745453,1.3640941184337716,-0.2853289884341367,0.2311528508434758,1.934238973345814
sample_618,0.93424473439152,-1.8815436115311175,-0.16898821768827207,0.11933741124298564,-0.7426834214590254,0.2579514112586846,1.2915831073835156,-2.2354201601267927,-1.7685133697716575,-0.8724935701608736,0.26044160752186407,-1.2597029536940183,-1.1946370861581779,1.0066558695064918,-2.426806269339241,-0.03099841387471022,-0.30548080507818715,0.32651008816317556,-1.4931247728345753,-0.9137711190341435,-0.8684578408445403,-0.30009150102077475,-0.6557127244042902,-0.881493642581927,-1.3884977346888534,-0.2468435571824011,0.8382721030046141,0.908387796280806,-0.7412971169034722,-0.7936180476386703,1.630877878454015,-2.184294351974415,-1.0004125063354636,-1.0483838376870485,1.4129905242961713,0.46808219369008336,0.3483566734413341,-0.07787463372812922,0.399327037620325,-1.6384508248460543,0.42045910968804434,1.424670486022994,-0.53418386997921,1.5039293395030235,1.2073430555027227,0.9451244505311045,-0.2812032509472776,1.3114836756971295,-1.0050090417681177,-0.14316907039096002
sample_619,-0.20656449042936603,-0.3928897188942803,0.8256051705692155,-0.6692135926759565,0.6590906151228115,-0.5000732204720127,-0.537215930635421,1.0945030132648887,0.5483089306541289,0.5397773610047926,0.3983796334220308,1.1667046329204973,0.24130863130356303,0.2616375021794481,-0.33190976259855587,0.8001035925748333,-0.3673699336088274,0.0031969438985697336,-0.08542497079633439,-0.19217977302287806,0.25272249366556765,-1.3144522101424037,-0.7638177033071301,-0.38103849197876105,-0.12747228235306748,-0.28378620126857534,-0.549409095987791,-0.09540624482926426,-0.8297224543023426,-0.9989311437522134,-0.3042238163743293,-0.062402281199320335,0.15139334512365954,-0.8527220743792818,0.44301215272011774,-1.228847247223169,-0.12865916324298912,0.8176542767492389,-0.5384611768863306,-0.8873848109775073,1.2829875161549462,-0.20245810502647446,0.48813235636372454,0.9447002622452052,-1.303805754790321,-0.8206818623614902,-0.0798510681681689,-0.18882703353082578,1.0004853010882273,1.0613759413105421
sample_620,-0.44097324046194447,-0.20594200178161953,-1.5005669169299203,-0.10289967712038928,0.008621633296367988,0.41975654123725975,0.952240813856059,0.26721688540825067,0.26009892088850434,-2.8015093364791266,1.6384478541822776,0.04196863824626667,-0.2873767586692296,-0.12234736100931619,-0.14068550081400175,1.251046189445824,-1.0978033706129326,-0.7215429173423139,0.3376562635235797,-0.9375982985799033,-0.5871761989325678,1.7798360618460272,-2.3047366395342523,-0.564428821843116,0.3391308729041405,-0.36929088230968593,0.9376340450754301,-0.17130168434392576,-1.8764139408433467,0.3418195477502913,1.7882825040268564,1.4295042303066745,1.3015406067651702,-0.9833068438441234,1.201494421710725,1.0986593007950483,0.24514839622250598,1.0809806313152714,0.2613289826683763,0.09244033584677101,0.5433266494602106,0.5388058996263296,0.5318265277472235,-0.2376804017926026,-1.5452114945318614,-0.97751068120431,0.26783532488268097,-0.5588523880925864,-0.9365741083412945,-1.5958718091424238
sample_621,-1.2554725351467007,-0.9050031498805647,-0.5464659718612909,-1.1492024051814773,0.2656906104127077,-0.7060018701625053,-2.044976848652858,1.6217880324633231,0.26054580933295135,1.213874140078529,0.1930313179177267,-1.0491948657069952,2.055998925680646,-0.008015379626851097,-1.3090997747257616,-1.4127903178963301,0.9444799472136269,0.28114994138106514,-0.30696406633623424,-0.5275469480947805,-1.521640971123706,-0.6403973723411426,1.2049873711219814,0.07529012614652505,-1.4407707931340399,-0.10256692825129102,-1.9196368377146444,0.31759261802452593,-0.26804122656197493,-1.1488892698662336,-0.42508527199432505,-0.030896644521204206,-1.0055235012009613,-1.243909062723737,0.3807879832582302,-1.9586891320564852,0.7144912379842489,0.4429614849988811,-1.449037962591899,2.1145644426650447,1.22108625507951,0.41253570186195365,-0.8804227592500493,0.8540947270990088,-1.0235741657773094,0.9181679732462545,-0.22580147314349824,1.17290068590524,-1.80926138969591,-1.604428731474196
sample_622,-0.6815494731338569,-0.930287029720635,0.3921834443733844,-0.3039306955348026,0.5735678492990003,-0.5517509519497286,-1.1933312134526124,1.1251881467326117,-1.2173019574818316,0.2996579368317422,0.023223719161175098,0.08528502381507719,-0.9054898338013182,-0.6189235932970367,0.31825646903920013,-1.616389437646702,-0.9113307436156612,-0.6126539632785052,-0.28528146259804094,0.613080624000768,-0.5125345965951883,-1.6646481619243596,1.1871917941097245,-1.336020002481112,0.2626129492536562,0.8155461788068089,1.1376085506769766,1.2693688354400483,-0.7178156298674224,0.7182686518536086,-1.5037690141709321,-0.9720227521517112,-1.6274863204859995,0.6916459642684436,1.8401818194650408,0.10094600922287647,-0.8299986632479949,-0.07713081089434494,0.6333903482542149,-2.8532271318344207,-0.7287001239828811,-0.24240271308898423,0.32162025175815434,-0.6578425723198215,-2.0761673356995196,0.5992307292818606,-1.1010212561555177,-0.6147638898822425,-0.11290281331065727,-1.335642849836027
sample_623,-1.0531853732830616,-0.45752174544880064,1.506950241225336,0.23638961730941638,0.45031970344816646,2.200544723257671,-0.8013186689918752,1.3387367243431583,1.2769079502642737,0.73125847149751,-0.65765392316177,-0.17815003102553964,0.7635882115685481,-0.3885531426514996,-0.14467795472668513,0.5484800887940581,1.6139575201528498,1.383198222352363,-0.598089331843493,-0.7740908348285898,0.7986662835957482,0.025846978419290394,-0.6079665191237056,0.4076323359268411,2.1299829972653175,2.3026951261098167,-0.1946846996065783,-1.2671282624658737,-0.41001899099225186,-1.1280827438358307,-0.2616410486643836,-0.1693948465952581,0.6484516499077347,1.0314708431839281,0.11500592323393505,-0.800018033819606,0.09531857367782856,-0.33751910169663757,0.7633364593097856,-3.020802395560071,-1.1149349467421785,0.5082821714041141,1.2707810810409392,0.236837034997673,-0.04514869769971304,0.592014046483254,-1.1642289157559462,-0.6555008637242148,0.13725986366310886,-1.150422520185594
sample_624,0.6891869809653478,-0.7003567925728579,-0.6899906280016329,-0.2827241185941501,1.4954511699602897,1.1975822444722557,-0.6463974738298037,2.4144353841037254,-2.697204055812007,-1.7129326195103471,-0.9636040401933932,0.3709175566268233,0.1678618716106358,-0.547273781611049,-0.3465168193555859,0.6802359665311923,0.08842885257094349,-0.3556508005229955,-2.0569865869803574,0.31645051986147604,0.6779910141088767,2.0812319587997616,0.33158921147692677,-2.1217709871056747,-0.8121915812669015,-0.21221939597021397,1.216654079434288,1.3736604090316133,0.686688600494056,0.16634851936190276,0.5196247463763826,0.7770032302022909,-0.8039775532850058,-1.0083623866128069,0.1239847766024789,0.6898489157875767,-0.11555032556499152,0.17315262799716563,0.90319787343469,-0.07013819998751038,1.3352213902306937,1.9347254088579624,-1.3633769720706548,0.5871005818609143,-0.025093839736152528,1.0370281492922329,0.8523707655026551,-0.5105957612591953,-1.4444496411695829,-0.31587174362224
sample_625,-1.2015639558356817,0.09069287368915267,-0.4018748494410081,0.9409867852719143,1.6183323681270263,-0.07407125262979783,0.0651727542284484,-0.8355423224470748,1.4557869043710703,-0.6022986651509745,-0.2546225431593732,-0.5875666394858357,2.4885688700893125,2.270115528438019,1.0139973675234406,-0.5410823527603323,-2.2605975794610234,-0.578900597199996,-1.3641227530755309,-0.46988269521381787,0.184418459601245,-1.4852095736714246,-0.7023168368237185,1.345160372239154,0.1268869987575793,-0.004965533147565739,0.7491817065301198,-0.06921708499819272,0.3750276357976271,0.7379749153571861,-0.8009895323377039,0.05779900754180064,-1.025635064903146,0.025471636885817807,-0.025036871416705457,0.569191497151413,0.9961075241806108,0.9468558433686847,0.05880563888602535,-1.8776017059269945,1.4597680415997543,-0.9055173800368064,0.9145034305446511,1.401587442156447,-0.9135881987373452,-0.6853753600638476,0.4749468171177053,1.178771263324799,1.1261981896727558,-0.5559727277755195
sample_626,0.8015722569570332,-0.5537970678993293,-0.4863025857022635,-1.3345752855789046,-0.6110103084097142,-0.6498169242881463,-1.2478174957270107,-0.4576278012919694,-0.3734991659108446,-0.8642489307800422,0.10277482018384439,-0.32878509956086427,0.15490770590889988,0.248507546256837,1.2039491736294436,-0.6791674340804867,-0.39463539345156373,-1.0009401848967714,-1.2577112519726599,-0.023460919053147723,0.161261475694633,-0.2662035314696744,-2.7961444478081536,1.1426421352992708,1.2295552212357843,1.2754948541912103,-0.7437405003969748,-0.7715407338789784,-0.13112631917187986,0.12810115478738315,1.1908146812567804,-3.67942695525864,-0.8775062583673511,-0.28800317357599076,1.2200102683007805,0.12025892700367996,0.7133401646313625,-0.697187928404817,-0.8991185667833188,1.4091763848083887,-0.40060687389880195,-1.0779156960776797,0.5973332311711607,-0.25695113973896216,-0.11462981715352795,1.0028837433776547,0.6864211441103836,1.4333570753714802,-1.2761734911518017,1.6962516156141103
sample_627,0.6027376440962156,1.0520449750879182,-0.4249662958814214,-0.5501108380786702,0.017933054234204847,-0.11157845691267848,-0.08151635533984475,-0.49150224764953276,1.1826804430685742,1.6059405948801557,-2.0614259991428763,1.2148527738145167,-1.449984774730947,-0.25921205952232396,3.2525200978559767,-1.0314632709523381,0.7301348461101601,-2.9675881530187316,0.21657934204222556,1.0456392272794193,0.08226394469167428,0.03282012810404539,0.2485066181868277,0.2662360168417437,-0.584890069061962,1.3212971679485839,0.888273604070083,-0.6508506753970256,0.1877226228150789,-0.05559497374967558,0.8174999972208098,-0.37763308638124066,0.8326200808730494,-0.5223979533346129,0.451502642708916,-0.5288496581184429,-0.5215412141868793,-0.03692736649517837,-0.6318419965138545,2.00136208865752,0.44294703020255527,-0.04017243979397302,-1.1063939812027621,1.6207871393466187,0.3772262313228482,-1.2032492812659095,-0.8179640582787415,-0.057508498110053395,0.34225781410761164,-1.780443506770649
sample_628,-0.8277883027998946,0.20249885358432815,1.157051866714203,1.7399758678688362,-1.005369043587444,-0.6102687307445301,-1.3182562973399965,0.4009589429589069,0.9589699181201118,0.17032235044117824,0.8330879773730128,1.538475700151878,0.6001008491317437,0.681818242868502,0.9795275343733166,-0.869190686141839,-0.8193605903125445,-0.5823056089174258,0.3263413534284126,0.756578174260183,0.8744413287213412,1.381190808371115,1.1291481895632396,-0.6660810171387512,-0.7109930208347596,-1.5915942328855541,-0.8693344403615808,0.18067232008480402,0.07582255411819247,-0.9865570729601153,0.007303230635994245,0.04344273991220364,-0.1773239017571592,0.2557568181175653,0.8834648100492329,-0.8543595637605217,1.348232854248346,1.3415625937494995,-0.13835764991070654,-1.3020279659935794,0.7096997845411704,1.2980620132377167,0.807580210090701,0.34684017812857,1.4759256339449884,0.5789136796083799,-1.771779682976411,1.8182563502336846,-1.0224878263190988,0.5173757923623028
sample_629,0.9814028724945023,-0.9405789318164838,-0.2406984092235711,-0.3200074120798512,0.10426438496184438,0.9063971813303527,1.1985018846280795,-0.5407769393816423,-0.09755719803320285,-1.7344310813486654,-0.05762559412319769,-0.1326387613359229,-1.1998616074762536,-1.022577323890344,0.12775933515616086,1.849791470580151,0.9435605782987334,0.2888568087734656,0.1392925221353315,-0.15835594410801776,-0.5935344385658042,-1.6910087551447628,-0.7988414173451265,2.8043742010606114,0.5911517801363746,-0.8714077099018369,1.1087242304887892,-0.4424414559179149,-0.9850959070137536,1.0579943376465666,-0.5906731371130598,0.847518590369335,1.0888812049310543,0.717014014627158,1.0416058792231422,-2.221491233021839,-0.4459544567055637,1.0729983311412468,-0.0006550777422943937,0.5800362138965736,-0.023904948466342762,-0.2905951159324514,1.1317621386262187,1.6152091814001566,-1.11558474224167,0.138579092292857,0.7380107856477934,0.06254730705995444,-0.8185641776528354,-0.9216006358406875
sample_630,-0.46227599859285057,2.0779496679690617,0.20599289692662814,0.26545840389721526,1.6514203578799937,1.9719722798056964,-1.1852607043321617,0.438520078500866,-1.4587121476183258,-0.10599556473161491,-0.0776506294591381,0.5893749272561936,0.24796753466184468,-9.801152326191705e-05,-2.9150949019198658,-1.3091648094361914,0.5577498712332845,-2.5740414570228545,1.6258284716493827,-0.11330668167894686,1.0068097625578434,1.5944988847337034,0.33584491225536955,-2.2242681186666933,0.19842784273745961,-2.325740915731798,1.1280474878800808,-1.966620971979404,-0.6083380437543029,-0.3832744477749316,-2.72532702407167,1.3453932561409976,0.7610487229100702,0.5265421573824987,-0.12288540024619822,1.1529975169030944,0.5319631959387027,1.1862340954365171,-0.31786809861609266,-0.792301482343065,-1.7827011017486243,-0.45892670737184127,0.924721526586919,0.4822261394426522,-0.47055443065606994,-0.8965976770308909,-1.7178097869057938,-0.3462969677337133,1.6773508503923562,-0.036960748576469346
sample_631,-0.5471984354326761,0.27032102748891873,0.06562575207584856,0.2099680222718793,1.0358433769017144,0.13328219316247164,0.7669511054026881,0.3932048758055377,-0.2808793142568466,1.8209397090500001,-0.2779695494998575,-0.18450184878854323,0.7712760526195699,-1.1540244080761495,-0.03652925592367168,-0.321098232105116,-0.5774434516226455,1.5346102371180093,0.895251488471752,0.3113953567986752,1.5052211439723462,1.0394607600071102,0.6117095115244767,-0.8073113724125887,-0.4486552506128571,0.5121195137927691,-0.7911713327030229,1.9366344610200423,-0.15522065535301516,0.7952742473114804,-0.44288278549232263,-1.841017579850347,-1.4443626169186696,-1.2019356840800268,-0.25131135672776816,-1.9883516399672883,1.7774774211968642,-0.8578959343564323,-0.46950955647288223,-0.06360047902854998,0.23300301820983838,0.7379705343169726,-2.151272079821813,0.9405130710557031,-0.05716952606900354,0.10279905865329313,-1.0054309148575202,-0.2380709073554598,1.2242778254443276,0.9546360370305637
sample_632,-0.9254658884168931,-0.15363359737679416,0.6773669839950208,-1.8541201762837503,0.21698678001291538,-0.6162545914386779,0.06916889190438492,0.7969553759918298,-0.6694686459366619,-0.3233128300504333,0.5361665690764579,0.10116847670550569,0.44504416307035866,-0.35624722087908983,0.8357650499996274,-0.9994804034972403,-0.22962843916091186,0.5461483263550694,-0.6702185345401929,-1.198054057944822,1.5597882019358067,0.9957008724685269,0.5338362505696067,0.8401350008119592,1.4619822600869437,2.098931326244161,-0.29833239457032146,-1.4456140650856002,1.3847249212295663,-1.8447052859237059,0.8519663694033437,0.6220542232428169,-0.34308116035851677,-0.07540806967491834,-1.6875780399636517,1.1025410726491744,0.3403181346956449,1.4939922192413442,0.1677866178581371,1.5227280591158274,2.601039395243201,0.37173194520532704,-0.42131949420005205,-0.5766516762921224,0.48358614212389306,-1.1167385455167618,-1.2237985706608696,0.9566699834683342,1.020997335202298,-0.983689384321659
sample_633,-0.7952067203270446,-1.8834150335061102,0.4530227376970802,-0.14581893836087031,-0.8566064933025195,-1.0039452428811189,-1.341033913886012,-0.6149912355923968,0.4503983732051028,0.8884942149685675,0.14965656260607266,0.2944611896804018,-0.5331545722092547,-0.4477110340579802,-0.06730575101463655,1.1151909333238532,0.8539315412670577,0.6034539119436919,1.595239230129553,0.8300558288293486,1.698087911758482,1.7385727295890474,0.17938735316907334,-0.8024858110530674,-0.1597466777512963,1.1496656524831708,2.1241442252063063,0.29776830623374,1.5877100284839267,-0.7604487858317047,1.4362930028773877,1.3043885838166605,0.4347420166515173,0.027977572423378064,-1.1398680849851714,-1.0466825197273046,-0.4735501171241535,-0.01482823028602017,-0.6034287596070764,0.14935116939337656,-2.340196418905731,1.4408586692980514,1.7334878572204158,1.115837397701756,0.4468585085995093,0.5965325137549301,1.4299885318357626,-1.0602991331438203,0.69044910921868,0.9247907289248326
sample_634,0.49871151490696314,0.8271773373965405,-0.8184577226919005,-0.14541278691347342,2.289831883183096,0.6541335893996579,0.7424286535964346,1.5326262302151659,-0.16712051391806163,0.5887717459493109,0.26093279167440325,-0.07404599069532161,1.9030986241084826,2.5087425996429675,0.256890930178444,-0.9879855403486238,-0.541935167715197,-1.1434720899287698,-1.9688268569942735,1.6084550417949017,-0.060695296478306106,-0.9106696392970244,-0.8229276522630381,0.1205078976419939,0.1379027458987931,-0.699582069051564,0.8751227651967812,-1.3122235617764944,-0.3630980750081987,-0.7522557362808058,-0.5926896388286284,0.48660102494788077,-1.1946792691613848,-0.70255104992709,-1.3313066411148835,1.0561713585863035,-1.15234303927071,1.4647003055468415,0.8692057229413441,0.4800162761521898,0.7211032061686083,0.47066229301862567,-1.6280041786295216,0.830690503840336,-1.5284241246457326,-1.796756198058046,1.2709052018684126,-0.0960407236902255,-0.7023765897592094,-0.5535253103274448
sample_635,-0.2217789376817653,-0.4398755809291966,-0.4279316180499223,1.0151062870060257,-0.1614121659561052,0.7923322539149219,0.87084484406917,0.2831750732652777,-0.1914065477491701,-0.7216664548733698,-2.0711219064113355,1.0602843892864864,2.446315190513048,-0.5708943951083372,1.103724192775833,-0.22002929668983293,1.1113081642025666,-0.251806790979552,0.6716349968765685,1.1014287277734285,1.5219520943006242,-0.5120288631121653,-1.824763046466645,-0.05566568555167442,0.3232916915461084,-0.7447149851133101,-0.16538827687478144,1.7425496176088726,-0.021554351219188164,-0.27505902370013185,-0.7548477557520719,-0.41538064302474226,0.33446351578806405,-0.35999185130480504,-1.8417672465405128,-0.11405486869857612,-1.7224714929096585,-0.7410175301281366,-0.30466184523953943,0.7575309614945394,-1.9523114402245738,1.7424743847351,0.7016882703722539,-0.334711921355195,-1.3916409272207797,-0.9858930243687015,-0.9924194322135288,-0.3561906635265031,1.0144992979559446,-0.27253677652886416
sample_636,0.6835386876183565,-1.5218083962841997,1.23213354581263,1.0072266547577597,1.5261373547755799,-2.5032454893894776,0.4300464256601519,-0.12109477976907405,1.21671748626829,-0.35920769954621273,-2.392114288959531,-0.37253462889818745,-1.3410405681089357,-0.7109118346725696,-0.9829248880457013,0.4529755249221076,1.1438296299453765,-0.6882254680112324,0.34718274248813424,-1.146203844304017,-0.7390107362028188,-0.27240916830909806,0.6837895094862187,0.6347017724746901,-0.9158186376382128,0.9716908299856534,-1.3352791794965595,0.3820379898050712,-0.4887807653608015,-1.6271313690737381,-1.4945229320386046,-0.11701997295817997,1.5108342223656486,-0.5908533209567814,0.8913134833212822,0.9062794435187347,0.24466507834871465,-0.3014048217986668,0.13583143914473084,-0.08729002537906984,-0.3199575955910139,0.4130811926465027,0.09022902980818921,-1.357117235996723,-0.3661893861564669,1.1414229487881697,-0.03939920372213221,0.12386740421863897,-1.059453857391466,-1.5352051248237795
sample_637,0.7507172804916437,1.1117110019355645,-0.09188923328331333,-0.21434164318901203,-1.915590755292812,-0.9422474409334526,1.6455868931964213,-0.14164564456096143,0.014582507314239811,-0.8827263842717159,-0.1817596732060309,1.4154230941997448,-0.78589292839617,0.5279237698549527,0.25313759105720873,0.3017273000463255,0.46246988128761857,-0.018552764999434708,0.15788926269150153,-3.090605390559293,-1.7007926364610173,-0.3417405671602924,0.935136230153106,0.5340964392316421,1.851901285932034,1.4869155955467113,-0.6424160995874019,3.1301007577979427,-0.3505328344893332,0.7952020918145294,-0.1312818760816728,1.150695197508516,0.5695274800555573,-1.8549261183718513,1.4923815103694518,0.4570369299980692,0.6314088033308384,-0.6369752003441883,-0.344104394797442,2.2071681106632144,0.004453198399549521,1.1002645124942296,-0.7548501258702519,1.053752707418694,0.0327183565718308,-1.3368215760041275,-0.2857147807907545,1.6169035692352767,-0.10386727904580473,0.44461792863764676
sample_638,-0.578266089782822,0.2960588678286522,0.45111589899915383,-1.5033869919869502,0.06571501201599869,1.016426737997603,-0.5425441426274823,-0.7970658539976294,-1.3790643626253885,-0.5187020582518118,0.3484986436949348,-1.5623017476037886,-0.16530600708542884,2.0001037503026535,0.024530236954821035,-0.397593801965131,0.3856455327884302,-1.2283421292823402,-1.6326852486103622,0.9626954651396944,-0.6749253669957419,0.06501633210526707,-0.9859638328452782,2.7371744442582826,0.9542156132443892,-1.492220455474896,0.767876253408002,0.7405466904167772,0.8348625020055265,0.48245340902212835,0.03993816353209331,0.617201066685002,0.43866504359921105,-0.5916604657264657,0.5533669841970725,-2.318910253518858,-0.19107497699833614,-0.08077061089964867,-1.183260934026068,-0.742428347181989,-0.26337398744608304,0.18719801503779596,0.24909136182704725,-1.3300881957516757,-0.7443242563064166,-0.34970160825033353,0.8451330095149968,-0.9068694785023291,-0.684640090245457,-0.0015942249721790304
sample_639,0.5907789560510043,-0.6242213139056282,-0.025595205167243604,2.59754335381698,-0.2808230431138507,-0.47169986688123516,0.8233126134107356,1.2943318776007506,1.0146112635344677,-0.5524008930143723,0.36289015311564554,0.4724077516014158,-0.7913001389870832,-0.3646815698470071,-0.5777429182219826,-2.2559538948029805,-0.3726152142452447,-1.0566294445301403,-0.9976681238187166,-0.454775061838313,-0.9773465587730147,1.7260696062654985,-1.3145209002205256,-0.9081318416273321,-0.4811233072157208,0.3447414863520058,-0.9070215020047496,-0.8659988505163374,1.6234445748227395,0.5506486796257458,0.9245982248015929,-0.4585988508896696,1.808458078572024,-1.674834601510238,-0.10315156108950298,0.2863154998896383,-0.7775840731423559,-1.0238208052329283,0.1817079116798635,-1.1491802583346278,1.415468086824066,0.27836319615416755,1.2939484694052632,-0.641332577975115,-1.1267396118561086,-1.488782269553471,0.7143482860328197,-0.04369639770209073,0.12699329597675374,-0.1927612361065722
sample_640,-0.6210313332062621,0.7774116474273662,-0.6243309761380682,0.6201832598787188,-0.606050008436856,-1.6183607745412363,1.0564222549354363,-1.0166818940981266,-0.5235111870802149,-0.9833364014684914,-1.2048746676622049,1.3520383722758014,1.3876239782473792,0.26912915424413814,-0.9671422526050911,-1.434965388911234,0.04912901704789844,-0.3619398674234597,1.0828502651035614,-0.5768811447734294,-0.19693833318927087,-1.015131164443894,-0.9635764142399234,-0.27380002401963643,0.3953670398211339,-0.9473233844031851,-0.29121646472639473,0.7348133766504713,-1.3952259694304683,0.33371986553487515,0.6000442227056738,0.09290033665586467,-0.2804923189087374,2.437243616744014,0.1373240422184698,-0.9177249372584246,-0.6621624411738634,0.5221320953915053,-1.4181828960958214,2.0161516724889883,0.7718826164034703,0.2371858237933644,-0.25332592766724543,-0.22853437547935415,-0.16852102690213822,1.1582858834724947,-0.7925086564679021,-1.3503814944941284,-0.13261689027606308,1.390480690971201
sample_641,1.2239843737831915,0.22966058395256947,0.9883242758745738,-0.21680453574904593,0.20846793696049185,0.005603574495341217,-0.049419231483580066,-0.09043900475111531,0.34707691737613733,-0.34310245006631196,1.7022199470024606,1.2837071613332767,0.24801721519417938,0.27601450636023167,1.4965086070782978,-0.1242220778499225,0.18866083849974766,1.0469250062900042,-0.6057433245546775,-1.2076140297144298,0.8964995633032606,2.0813297212165702,1.6994623776823956,-1.151958220550938,0.03866631923532292,-1.1251727864604433,-1.7051685215509027,-1.957220334866018,0.28833524095659957,-0.5990323794828005,-1.6559548372528912,-0.2883225140423311,-0.9474736280288717,0.10955225278861247,0.41405728248660184,0.974182274670378,-1.0502533356909196,0.6015593957175824,0.8998723320585094,0.1022970575019964,-0.2597038710045872,-1.4879234486648811,0.41002274075570544,0.27103745979560623,0.3263709577277438,-0.06661607263878055,0.8356373170934637,0.4046206324803218,-1.750036450811987,0.2724604336490949
sample_642,-0.2647322006825776,-1.070674722187603,-1.6385749038241322,0.5460507002631428,-0.43861319908979873,0.09696003143372392,0.3590633184705978,1.2489886715273542,-0.24170341335631856,0.7794322042014301,0.5168268804119697,-0.11866561476863127,-0.931938627071095,-1.444859911788311,0.4381706462512027,-2.1531709078171737,-0.6276287173445189,0.3073461973978595,1.539814442507268,0.564510704817592,-1.3105792988709513,1.1611434355127301,0.5138808374916837,-0.6255925326887971,0.9054710444944882,0.8297175610144785,-0.35295601581235314,0.8457012532787052,-1.0970718922890985,-1.195649588235811,-0.8374978101106388,-0.270248300045394,-1.170226692826829,-1.2134526485368757,0.884045641343091,0.1876563249148842,-0.08088794612299365,1.0858959434431055,1.4408117009500139,-0.11330763782069248,0.44336580422689864,0.6202146729194817,0.06497675915756436,1.520631589151901,-2.1932194745536044,-0.21082686744397286,1.9637395826646304,-0.6868908510478652,0.16878111865768392,-0.42533045838621536
sample_643,0.8051969680785576,-0.10258266373589611,0.6102165910790637,-2.0348481979758075,0.6476502203004393,-0.7321940430124593,-0.7592905990246444,0.5452178292964184,0.07594204560225219,-0.5954960257802985,1.173662576102404,1.3929220631666885,-0.07811331457484436,-1.281895258985076,-1.099569492899699,-0.5810700182651162,-1.2238537258535,-0.8777905980273975,0.4217530807094785,1.2004421895671586,-2.182711171055254,1.710244470908761,0.12480563075382135,-1.5277651937024377,0.45525350250313407,0.18390382591080887,-1.1837644210135632,0.9696429176686497,-1.5581663878736611,-0.009792493850972396,-0.024481762842336077,-0.012446365323583012,1.467513859451529,0.0022671704636521546,-0.33258962084276195,0.821522386295714,-0.695697423720496,-2.162128559655641,-0.5160161374125548,-0.43610908739284754,0.20120677373262916,0.6617941440887882,0.24153853061919991,1.0547952378200312,1.4074847618362507,-0.0007583157197587346,-0.8978395244959322,0.22144414095680356,-0.8152326679646061,-0.9677663426890715
sample_644,-2.0698295341948043,-0.5123805769151863,0.8256950669656633,1.2247584114536454,0.30016556162956337,0.10223822711199548,-1.052411265224346,1.4747065842298401,0.35134732617815095,0.9909018639236735,-1.3317412731254812,-0.12270033337290465,0.05951914119237207,-0.2683282242220807,1.5493032575624632,-1.57281064248394,-0.214595453124138,-1.4064651595404545,1.5997453368875358,-1.138703954118613,0.7976300110407004,-0.564746262238587,-0.44611835334350664,-0.7143327204557609,-0.2519920300113707,0.3758924898583693,0.607555381802497,0.44207838389294435,0.06939033350286453,0.38487078241580214,0.1392280013797507,0.46907173467434415,-0.6564688128886264,0.5299506614272036,0.3902851932440297,-1.7175317479641052,-0.6657591060832141,-0.9785797424944777,0.8488993539530201,-0.21254941625858648,1.766984076621412,-0.7994242458587374,0.7683549562224128,0.7617070224449329,-0.6558660580602144,-1.0169626473548947,-0.8477025554343586,-0.5666567457808624,0.28305243851843614,0.4527607990157119
sample_645,0.47446043813655914,1.2726884648557475,-1.9365244006833826,-0.7288277526342655,-0.07439209862609839,0.1852983703299976,0.5623195396142332,-1.8912301041564437,0.657580331311098,1.238728127189937,-2.514973943719578,0.7898870856204335,1.7370463681178527,-1.1768814925893356,0.5934614824188477,-0.5186448364966941,-2.2458899140994384,0.457319528789848,-0.5271929751011274,0.46120324830603726,-0.4247860321351031,1.0306534960734715,-1.4827254572173292,2.25726278062251,0.40858736914554117,1.401067343617287,-0.9092852626165404,0.7291081200999124,1.1737561405849664,-1.2422659471719095,-1.166454206779879,-0.24182892408172257,-1.842001946131819,0.02930662142526802,0.2026423618341783,-0.43667178899628084,-0.5157789417344231,-1.9616848148018469,-2.160931605210179,0.9056681066559065,-2.5102580056951647,-0.6012547645174857,1.809809701771022,-1.9512679211453814,-0.4062431809136452,-0.6543128716852469,2.451249300686524,1.4317560776442884,0.2576257282493217,0.8947957417481587
sample_646,-0.8152951693191686,-0.9165777597687065,-0.9230198540035612,0.858787469990787,-1.1179438881700174,-0.5955441125906119,-0.04078635538167265,-1.5091197335799262,0.39776220667703016,1.8699396452542207,0.2050002533458235,-0.22781434382094568,-0.2967945997756044,1.163445484474525,-0.06248373388405705,0.5117040081124281,0.781106141674225,-0.5188769408494347,-1.2973814814178146,1.6805859062014643,-0.479397763157406,0.6683074159268401,-0.6382642304107544,-0.7915692667184901,0.589193260180273,-0.6911680048003906,-0.257928103078883,0.8007518473420117,-0.5225540152433691,-0.48188331063791395,0.1637671467597807,0.10230228459399214,-0.5744194574390034,0.2998493916096758,-0.6088819026493711,0.48896386568117006,-0.022854515835251814,-0.4025597594838583,0.9439608476273703,1.2277128265053867,2.285609058732605,-0.1095185016503593,1.9327771723431388,0.5805781135029234,0.5785056153287079,-0.800639637537616,0.20813864327421958,0.9699072125280859,-0.781486018255327,-1.2784298117022967
sample_647,0.2721015939153919,0.9874406860666053,-1.9939890046384976,-0.001112027971193095,0.7659693105113563,-0.6667874657957377,-0.20311054987119934,-1.4009951529030704,-0.08650216650661177,0.07729933923369364,-0.5975611353945811,-2.50010935380526,0.4548061163074981,-0.8383144845462952,1.9726160269176785,0.3807080437691664,0.8313840751081722,-0.31479578212086,-0.22706493591454044,0.49048705377621127,0.355266444818546,-1.2138104703960517,-0.9367678138532683,-0.1154750552131609,0.9957056804102193,-1.0371659730415832,0.370289614545932,-0.3388740855777274,0.544787076506948,1.0382355148970008,-0.6791240820988256,0.39047097088982796,0.4392209433465574,0.2443805275845575,2.118113467408777,0.6418259845533225,-0.5553020619548855,-0.6965204236164617,-0.8461675622447119,0.4626744241624645,0.20479067650904417,0.13086261475517533,-1.5057151821735097,-0.1097003238572993,0.6637858012750292,-0.1391124054240956,1.686746995030872,0.6007401239995872,0.2280440387970036,-0.05140393418078686
sample_648,-1.2296540826312428,0.3549237813767219,-0.20889619863154948,0.21065772147130463,-0.2950012611512481,1.294341505666985,-0.6006902898419896,1.4806822697217563,-1.141466367847303,0.003685402776681432,1.2673470803320295,0.9374640819910848,-0.46961325394913345,-1.3801871792378047,-1.6436066593515235,-0.2652535090135537,-0.646762956116882,0.7006410443524693,0.8163079073124692,-1.539961877433475,-1.189712539951844,-0.9854616908744253,1.0640737957188815,-0.06421156313087768,0.4858051793987779,-1.3747808935905346,-0.32096693763534484,-0.4806653773994218,-0.43998533829849706,0.4448813714068437,-0.5487491628250967,-0.12400708029456191,-0.7250118524034849,0.807568160183694,0.7555105827620598,-0.3701405584029219,0.4492360466196932,0.7047558167574689,1.8989553335732543,1.7082915646272923,-0.3892604967754432,0.22543308224763103,-1.0911120945431692,-0.6994613636768322,0.3621408506209295,0.24504930119932058,-1.2908230635831306,2.4859861347396857,-0.676529142876223,0.5627180336407878
sample_649,0.863921457147766,1.606719009933513,-0.40513585961247717,-1.6007660858109383,-0.582856641638135,-1.4272467103178375,-0.871949642360378,-0.7989906356536228,1.1947204057958587,-0.13022369307429946,1.2167211147197419,0.4794627681090425,1.5674108925031922,-1.075157830328949,0.13985314251587905,-0.03897665397271024,0.7656654804386809,0.13280521158391506,-0.02397836356574089,0.23594498633321612,-1.5419814792232502,0.45261702900852535,-0.03164999051650558,-2.4164930556425266,0.4159035821018873,-1.8702130755116206,0.4462582339759579,-0.6011067193826072,0.8171012435553255,-1.2005144311129239,-0.5986209916326871,0.3526261247818202,1.3668621607781137,0.7945934377457556,0.7467571381768505,-1.5778203581805375,-0.7427168932309653,1.3934529221836618,-1.53644155447328,0.09643487085027945,2.4258817476212977,-1.5373450816035712,-1.5540472852623666,1.5032623642324703,-2.0784447348983104,0.9092036298825856,1.9418561643535728,-1.922894113794683,1.4412783882034146,0.4565387450996784
sample_650,-0.6789572107858916,-0.2942408312475861,1.8334393515026524,-0.952943095398775,0.7219504900318958,-0.8169783465918247,0.17222950912774782,1.6001412709413665,-0.3549179446140891,-0.09970659461207691,1.2949355613449365,0.615295360368329,0.5772272645464545,-0.3078894345739013,0.3811325952910132,-0.14566495978105776,0.4392815034810355,-2.1196908516553163,-0.5607729004523391,-0.7821312109220837,-0.5244754961791078,-1.1496597060401212,0.9766650908575534,0.5254594174454229,1.3484596648103693,1.2343772510871438,-0.30239089169513655,-0.5782228984347381,-1.630118776097946,-0.0427931159723453,-1.0327065504848854,0.3856014448973064,2.2699579902081735,0.053385574518722854,0.11280087104549312,0.3975815732081175,0.9260075099019953,-1.2724476776657105,0.600978219415102,0.838223040777269,-0.35590750193133264,-0.7337999501272217,0.026638616414559897,0.931516444331075,2.401240760663639,0.06997833994445875,-1.2730358445852732,1.9373933212461587,0.9993963646275914,-0.2205415415077601
sample_651,-1.2852096406129139,0.1442361139639503,-1.017566720784362,-0.2809387350393039,1.942301841685345,-1.4340758617113178,0.578203221179873,-0.08625156110629363,2.097979240369892,-0.43211777490915065,-0.022667975031657253,0.19391185568093017,-1.082078846814502,0.9462618644875395,-0.6292219860629804,0.669297515705879,-1.3758578111792452,1.6936405910291599,0.6010278247222575,0.37222598734824397,0.40189938212379045,0.323535923269343,1.5742385619209098,0.6135517529372961,-0.22587758208493447,0.7170468060371263,1.575970198192185,-1.371256028507402,0.08724612383909446,0.13400150874743086,-2.5628296333310137,1.6428123592964374,-0.18228025015623303,0.9671332691663846,-1.195751030269743,-1.9055988733885725,0.4868586613447423,-0.4394974742054079,-0.11158992271789644,0.8696276154437252,-0.1210134617775975,-0.05118488370091141,1.5777315031080186,-1.272865106204966,-1.0819018783860421,0.478910570681087,-0.40376694028817856,0.7025148450807247,-0.5758469687312545,-0.7707873964590573
sample_652,-0.9761651469916143,0.41138558949462317,1.389665061156651,1.6597903172716744,-1.2977191771515266,0.3967230305392195,0.3464532714525793,0.10510934252823667,-1.0655710764462403,1.4021497997282821,-1.0771931972919484,0.9077991837693695,-0.6675072685280786,-1.3868678345036345,2.9911768617065464,-0.7907027735707608,-0.36152930833156016,1.0036845871180773,0.8464636124402954,-0.4460387371911634,1.2493445514813106,-0.043250212812512304,0.9936005536164653,0.3100439764732347,1.575925184574257,-0.8307304295809418,-0.11951120051584088,0.8840929825859093,-0.1677331976693534,0.2209957269795667,0.05094551015181149,0.8091411109587147,0.4810815706235585,-0.512268239572233,-0.002526508149790263,1.1166873994068607,-1.4946206558627941,-0.2735602279780511,1.68387526662331,1.661303536151066,-0.6112179221071703,0.2662303118112707,1.345192106921184,-0.2063147323036573,-0.8503762046479054,-1.4102128466141985,0.02588969207947879,0.31865829242245763,2.236708349981727,-0.22695448720194938
sample_653,1.750343735150425,1.5806487619426954,0.5216418066751656,0.668440823565971,-0.9369651290975608,-1.981066398342574,-0.6650173217161764,-0.36532141187851647,-0.4555983479959456,0.18165644885500262,-0.3872819903612633,-0.3094798376037478,-0.8122225913316735,0.15510299318650617,0.4110981955857771,1.2393854680897103,-0.5704301517390146,-0.07457108161368313,1.8073001823029533,-1.384918136281171,0.9776161591445918,-0.5837730772401651,-0.5378544410564575,-0.08568665110707352,2.188502824344934,1.5690301681528809,-0.8942069214599737,-1.1887963911420025,-0.09798283456104792,-1.4912120754659257,-0.40489089572643805,0.14075522780117095,0.827234321765605,0.0162007394701184,1.3037005966186275,-1.2838221937548562,-0.4015658428903981,1.321297070959488,1.0163636050117026,-0.8170041348042566,-1.4010665735624834,-1.684493939168467,-0.6942132145070411,-0.6729400628567322,-0.35804693065807647,0.2648194693018637,-0.2683732315049883,1.0979269086064745,-1.7270025313856305,-1.1613348000497008
sample_654,-2.290656349277898,1.2076890015239676,-0.29467778099355024,-0.2593813888605685,-0.31854799137752043,0.3007627102705059,-0.1418727641408847,-0.972707028554924,-0.12912951583109938,1.8701396319622912,0.5518107974497642,-1.584046886015873,0.2815553338362913,0.6197175880677986,-0.6198896530001057,2.110792811854725,-0.16097472347031322,-0.8817592382547653,0.5533066050529938,0.9388496028437416,-0.21676711219215034,1.3284095358235855,-0.6350247512109745,1.047999400222454,0.27292600961173824,0.9029150781292516,1.2499162415912484,-0.10060194334375377,-0.5899601461948586,-0.27395331930701744,0.4115081297295198,-1.010903507382953,1.138412595354348,0.5187988707849386,1.2132187279105684,0.04273741271724204,1.0034783094322715,0.3460230477909319,-2.1340188810450478,-0.4673032289349624,2.086779921816344,0.11695910595546202,0.923748353718119,-0.49702165464513004,-1.1214748219505195,-1.8434292299050268,-0.5988711617708989,0.9619057612484475,-0.47706051380001885,1.2956921625341764
sample_655,1.2051054242323747,0.1079956793408177,1.7298580607277776,-0.41843166819613914,0.8154621854898413,0.8458841907222149,-1.4863681755337927,-0.25484768292405224,0.8579625575218368,-1.8469313956476292,-1.2123882271118533,-0.9136051110874334,-0.6307531088408632,0.5468195597630334,-2.0758840983708193,-0.4472775071072223,2.250095715514154,-0.20950935232431298,1.1005548644941276,0.6065797181803058,0.17025740361628242,0.9496370148053258,-1.005888914716044,-1.436567347174382,-0.20376093308819282,0.2967594168310584,-0.7214103722380057,-1.1323799393864058,-1.3892704727840395,0.37033016120577156,0.5824629202801618,2.0624322135022526,1.6332735621125354,-0.5488663003957488,1.7145271913076854,0.9076267218031816,0.5769546705914353,-0.425929924989373,-0.40909370691833924,1.4312802874294435,-1.531624782835277,-0.21133017244124044,-1.1548067725461968,-0.43324641840016587,0.6532962528595635,0.858566086883108,-1.7065332043141601,-0.9771009931278005,1.4550217329062425,0.05612803604776129
sample_656,0.7624828139468388,-2.2653028349599444,-1.2990572256517225,0.8512970513951068,-0.8980705724977807,1.360626199581563,-0.4659615944972988,2.436728084446216,-1.0675668826833014,-0.3974800373591305,-1.0131329250657446,1.1770795817930135,0.1645375332295657,0.294995805791187,0.14886252572194145,-0.9223927649319734,-1.5948830439937285,-0.29700056582277423,0.7547021191850235,-0.15019935614904614,-0.5722564944757781,0.7258094011824049,1.1163291915852738,1.0138127939400043,0.5385943400267623,-0.14295740320747413,0.20459750492829587,-0.519302281522774,0.2701343018913662,-1.1278528792855549,0.4918681929161165,-0.6454184899468113,-0.27023245736915,0.009818453632846127,2.2705798233162264,-0.9836209666159831,0.7534356607709423,-0.08610989713704309,2.4065582317415557,1.5302252482004486,-1.8726092810536217,0.7269663921851366,-0.152546541304799,-0.3839552469102993,-0.03511498172317382,1.586048882519199,-1.0140334705382867,-0.6159469389721698,-0.5412556404110419,-2.375698535795317
sample_657,1.0883423978519406,-0.010576586627251581,0.16413646519058223,0.41993358971302536,-1.1815571310922584,0.5693727669142218,1.1092245094221065,1.1654208253710951,0.9701715860962778,1.0583381165890768,0.10396284033629677,0.6699491796208009,1.9996181905261796,1.728231617088098,0.060928364332066824,-0.3089458624357164,-0.4555732944737103,1.6301300752977548,2.6675701785532953,-1.350090621991609,0.8756095249343966,-1.1531052450222805,1.3664856952573632,1.5000043895785495,-0.8104511828835536,-0.44623193044833187,0.5449927328875522,-0.14567827091889202,-0.273310500282445,-0.13168811194411886,0.01888790527624047,0.4062786593783042,0.563812437577475,0.4832931355540106,-1.6401715486704604,-1.114478196348098,-0.07936934340148223,0.5722397730459264,0.27923544941866946,0.12381387266301887,-0.8212874569138727,0.06685554218881103,0.3387756396484578,0.6714747429934772,0.4990278320387887,-0.6630668612655952,-0.7956096844463405,-0.4663382548956556,-1.5326774044569327,1.5479388740000106
sample_658,0.2155641795654314,-1.3965937656399154,0.1509106327464079,1.7693196370156377,-1.1323501277382546,-1.242611017733525,-0.48041034182309633,-0.2326002132754249,-0.8747016684592945,-0.6661521206238793,2.1395346781093356,0.9167706682047503,0.2615643333359908,0.37408727733906977,-1.8409081410497334,-1.1125478317993438,-0.16503209973248423,0.1892637204917115,-0.5790334422357957,-0.5206046597310671,-1.5978396303962785,-0.5786209434518593,0.8296610097431466,-0.17530175695179617,0.6384116549620896,-0.7904087470062441,-0.9527560737505282,-0.40810709681316437,0.4405732844130533,0.20582405820335728,-0.23189434612111995,0.21426840770206726,-1.6246324246501163,1.547841439217456,-0.12806292181461534,0.5370616575260684,1.9299078854067189,1.3025283155158331,1.1032611903908434,1.117218755147178,-0.14870054056748855,-0.3087625431852553,-0.4909722131726702,-0.9132186811458822,0.7965830287438423,0.927201081548207,-1.9658765496386386,-0.2115230070503664,0.5055052547395316,0.23507442422294308
sample_659,-0.7157264187410848,-1.151845345012329,0.31556130263489995,0.34072500215806706,-0.44878752557586127,0.4920992941135978,0.45409548403753475,1.1221091639367835,1.0155091514043693,-0.3832135622714566,-0.23671403536960145,1.5901599157388984,0.05369506400820355,-1.2225710016276403,0.4209501721493159,-0.3700588570219059,-0.43238656826654925,-0.19367930360365546,-1.5064197028754862,-0.10101131974368666,-2.789352956532861,1.27491732713077,-1.4211272592639284,-0.08886040034549773,1.1262497537570664,0.3767693798040766,0.3677160024331474,-0.6539955507467137,1.3405720927080846,0.4931190674976683,-0.258894938146184,1.6457515023865361,-1.3573752043685066,-0.27463964612381964,-0.09859818426177443,-0.18935858688572746,0.1261450779907584,-0.7563275424929027,0.6091341733596171,-0.14969215072554548,-0.7506124851640288,-1.1137447426513476,0.7076173638907672,0.3591221299005384,0.65143027228038,0.3446682670809819,-0.3228514505330457,-0.8714226998627868,-2.2501679220596698,0.801869994255215
sample_660,-0.9785364823395387,-0.2374434282852108,0.2488597116146498,-0.40480275037735775,-0.15386273283412108,1.3072066904079704,0.4316437704343353,-0.2774075470814215,1.7314376212913316,-0.4537975436420581,1.7804776799819448,-1.3136193984254159,-0.028229460995547316,-0.6434712691949107,0.9841856378795303,-0.6314761064518835,-0.7601982907784287,0.6093511176517031,-0.6722038614427681,0.4914640023166434,-0.3698788632250615,-0.968990571736327,-0.7644084317572151,-0.8616415407688904,1.9578027078091929,-2.0165828510750594,-2.578466998971174,-0.09295606825712463,1.7093837918843755,0.30807552900903806,-1.13234731409243,0.6015433761653457,0.15624556596152772,0.7649350520215736,0.2906832257632453,1.1556126069092367,0.2106015383854676,-0.09990520103787291,1.5526342015587147,1.2658355375650006,-1.7211757650585755,-0.02320132378025232,-0.8486894349504845,0.25289106416910895,1.0508556376112483,1.9914261317099289,0.40009456221997264,-0.01676389611585893,0.023429137666750782,0.17249141518823863
sample_661,0.2388756287346774,-0.6351405390520501,0.7359664480817814,-0.23459263126610416,-0.4378549612081173,2.2903595648474666,0.09273737234386918,-1.3518120205105848,-0.968254357953072,-1.1120591899580048,0.74930164364025,-0.3882027950594996,0.4024000574372855,-0.43757368180787864,-0.005590511215726745,0.960425061946527,0.3860462602422778,0.026973971519920214,0.06970111460153998,1.3682272711883454,0.06466783004490574,0.6267007952292452,-0.8563554847930183,0.25766187403548935,-0.12232739350661645,0.7258866555983626,-1.4024128903073807,-1.250753442710729,-1.4082120816272414,-0.7005119113489584,0.3871065177672764,-0.18769256657621242,-0.9299076608462624,-1.084543809354765,-1.2371458245131557,-0.397654569693819,-1.2680620859083052,-1.4232587461465698,0.08383014288656002,2.3783215920101113,-1.0843270189941965,-1.7568916686000795,-1.8784300450693994,0.7416259730105179,1.3410837790544665,0.21508914308709687,-0.899484156964836,-2.769704480005012,-0.08354749690981106,-0.09348895605997988
sample_662,1.2634752152349205,-0.4557331623391044,-0.7701001506297583,-0.4078665267202421,0.9784625706992316,1.2385131474147257,0.05522469292892395,0.9197397022703707,0.846684421439656,-0.20061615785558973,-0.24017291209107777,0.5454854269844456,-0.3475628237991395,1.78962854176861,0.549886653374127,-0.9543372431827174,-0.30857839200411863,-1.9086176039218083,0.13509351483648724,0.31695291974668666,1.6267259172090185,0.9058121692376779,-0.5226428297829986,-0.15828916090526024,-1.0880097726804216,-0.5881867759741053,-0.847961708213093,0.32614238716910177,0.4287290216576218,0.7736599753423755,-0.4158877665601473,0.5684405347388521,0.006843727847375144,0.5450628146058448,-1.6460138804397146,-0.4985202306780552,-0.5486533906011484,1.803911797449492,0.48486257021888834,-1.3548764961616464,-0.39243468358789213,0.09473266794588352,-0.7094378768761607,-1.1563997139799702,-0.1834906113600221,-0.021266155779031484,0.40509006409623,0.4874362844880597,0.7490153884823502,-1.0148381219166858
sample_663,1.0362324742171616,-1.2001996641794235,-1.6691415574231951,0.35717647981502393,-1.0497307852744289,-1.0265246575925393,0.5377381723711651,0.6372936519383557,1.2078315632615912,-0.3748025449619822,2.0022744223507236,0.008173217828514233,0.16406115454608952,2.173560415536119,0.1342495493003872,-0.43301920504823804,-0.04127722952192656,-1.9901170111709403,0.36436904841488665,0.23424002871441071,-0.4773364081638265,-0.5172683562290202,0.07504487191016283,1.470244213967272,-1.8849022293098894,-1.1714185651072524,-0.5778508074399585,-1.3136087342184963,0.21535607105356458,2.451087115256993,-0.9684567923915726,0.8593338258057115,0.8991481491430815,0.3684699907392314,-1.5303455625489046,-0.7087889906020715,0.8818549788141462,-0.20190815171698973,-0.28952247938726283,-0.27669568005618805,1.0252928597809958,0.3529945528265776,1.9745125337466904,0.46595667334872126,-0.4620770550675872,-0.9903232178941667,0.8962913635553175,-0.41147288914911173,-1.4298416650810855,1.1277293839191112
sample_664,0.4649231803287933,-0.23138876267254074,-1.4463897726431318,0.2424506992027101,-0.6761167851701996,1.4458167585758266,0.03425374590679449,-0.47371315099250505,-1.3504663159752475,-1.8329051402640386,1.0436017404739035,0.43930199635007955,-0.08174122583284796,-0.5777420288930766,-0.13476253509227082,0.9818611944328357,-1.2977408303758786,1.0355773407496263,0.16396000271573866,0.09219311102628623,-1.2299945659527327,0.23702922380458846,1.6907508326750236,0.31786084704673034,1.818095242839189,-0.5984486335325282,0.22795902004669186,0.727951892754138,2.217165299439321,1.0396742473151162,0.3698551142117305,0.9443868005062916,-2.232255413869412,0.5456835879879823,0.8020088956726631,-1.5735032093572419,-0.10597139233187877,0.24817210265364376,-0.9680746225981469,0.4730587051522459,0.11787823535398567,-1.22518845426971,-1.1129857078546215,0.6828921349149611,-0.7077534744485695,1.410130361321205,-0.15317452474209584,0.09025098538935625,-0.49676743038450566,-1.543477604407318
sample_665,0.7119301534196792,0.921333305954351,-0.26584834337255103,1.6737233964818874,0.21221383047160802,0.22060299997913493,-0.5564301455124256,-2.0584790584652097,0.5396136011022339,-0.3211530608228003,-0.1440111259455146,0.9597717954602148,-0.5642444782344436,1.974211578152326,1.1650897881657618,-0.4143342565733261,0.15132992637851983,0.24642408008153724,1.8618520567364063,-0.08014281539780574,0.3723398905627252,0.9686825184262793,-1.3660477967884583,0.6232644832719489,1.2003490463714848,1.195358106972905,-0.41817459788190003,-0.5328100606020381,-1.3867450585751326,-0.17749682975461167,2.185576826808367,0.3583824413451526,-1.528151453417784,-1.0604971394978653,-0.4763596647256983,1.4687271875948493,0.149720326002924,-0.14311802591697823,-0.28474831744886575,-0.07030859803001248,1.6183221296330947,1.41798348489351,-0.6638829358355042,0.07671730169606729,0.7404474188094718,0.9936846588903873,0.6762878012826579,0.7365887658444132,0.7715761921142346,-0.9272483199616336
sample_666,-1.0490255298047737,0.13141245603100765,-0.49906642108953186,-0.019420642103095187,-1.1417994611212001,0.00812282071571678,2.5782926425552044,-0.7760336688944075,0.7899164251581053,1.0164796164219696,-0.06855582164098564,-0.25064316693546956,-0.4558815557088407,0.5260809639393907,0.20157558166005318,-0.5074072959620738,-0.6235241885784562,0.13404490865934324,0.5278978007988324,0.10585340129019691,0.41312170379284263,-0.3443402285580692,-1.0221696403219254,0.6762477304828544,-0.2911300927535516,0.8194797281922096,-0.7919369358413126,0.4925490591528774,-1.3262741404627556,2.1699551749123627,-0.7131604098332196,1.3662928855559395,2.546442618826994,-1.2030393868208713,-0.6200016245494429,-0.9231708321360238,0.8304729018866044,-0.43976222958412464,-1.233356680168968,0.16134262464288449,0.2609025471149854,-1.456099893326105,0.6361261822715362,-0.22826834975835392,-0.46479677012820003,-0.5167304587630014,0.1775153004524222,-0.8222910498331815,0.17796914578022838,-1.9658091170734
sample_667,-0.9605752401681712,2.7683227784794444,-0.2714461959596546,-0.8307285100484283,-0.6439156040251706,0.43741790562341,0.12603737565469147,-0.3896060502509083,-0.8355651534734221,-0.7394984695229331,-0.8109492842157187,-0.324102358516317,-0.5796141555968032,0.7802079066948376,1.708648131869289,2.012912903749576,0.11162216769355397,-1.6257509169922675,-2.139778041199211,0.13591942522049535,-0.1946258415857465,0.05013118963070749,-0.3712428051875056,-1.9201307476911373,-0.851668425918792,0.758386393558768,1.007468928407499,-0.005675495254841538,-0.6168256193580695,0.381297195285141,0.6865606180504784,1.4732248004551114,1.0258898054492853,-0.8741106806309157,0.3228645536241396,0.19289800842922913,-1.0536817655843742,-0.5949535805438202,2.1944484375932958,1.4227124882018198,0.08284706771094445,1.0429026553540208,0.2542346169344395,-1.2834930196629841,-0.963092267457169,0.7750459409265387,-0.2856782840160648,-0.6941298464452244,-0.33852663772256,-0.9564699992212615
sample_668,0.3012061136329893,-1.9149681123887219,1.5565587042611924,0.030005620901030195,-0.11276399760839069,-0.8203243156728692,-0.11021203031839365,-0.5499196694952808,0.7371546532940477,-0.1794917739864302,-1.6631374173780136,-2.23256634624123,-0.27334244493388793,0.9585437633173549,-1.5091999908024545,-0.26642895676679496,-0.636071164724979,-1.8156059300345295,-0.4573887277877096,-1.0628893715922407,0.5712175197773971,1.7893470907036275,-1.5310484066244003,1.4836507138087691,-0.4083744316982551,0.8974482909807696,-0.0980958959119893,1.1960278906471937,0.19591864506485546,-1.8878399238657089,-0.2920338030532138,0.6500306926937903,-1.0705301426214513,1.9825993662294887,0.2938278744142703,2.5157257633910377,0.6020722805854496,0.37025894334335924,0.5398477077107225,-1.3475603084893812,-2.3634218790147385,-1.215841483828962,0.9305744146718157,0.20114883451032328,1.3306527364272398,0.17983195698612808,1.5377478067299686,0.5113454161112535,-1.238414941529841,-0.21603925699140494
sample_669,-1.1681093672117182,0.3384842904709165,-1.205164807708785,1.7395636870778741,-1.436123006255284,0.28416237656412474,-0.8950728007346064,1.0485545157332905,-0.30251221291911246,0.7267818078137391,1.4292269615297333,1.318801860376464,-0.6648606208005731,0.24508988326312142,-0.49965350244424017,-0.9242244190411705,0.38074552780809634,-1.1425291468104257,-0.7124864276853535,0.08099129142056434,-0.6417826224374878,-0.10073231807195801,0.5538789835851284,0.68878856565638,-0.5545772849219609,0.6249706513898596,0.27773120803120277,0.22803608816942358,-0.6117764126714054,-0.591881103178139,0.6316696347282562,-0.5733951812641174,0.10968931386972296,-0.34786198783354577,0.15709584198912196,0.4682873066699867,0.9543314891042057,0.5469823234120085,0.1134188008563817,-1.7278568368065577,-0.05779931044584156,-0.07397126156653881,-0.11750905440764171,-1.478752588999797,-2.312086220457238,-0.5953613941375716,-1.1158484006771252,-1.213245040093256,-0.04363414994851636,1.0811371598848807
sample_670,-0.4925836953667759,0.9974423728178419,0.24459645737001162,-0.2312899631378716,-0.5027242773890092,0.16135679558350516,0.1805316029377972,0.7671498036011517,1.0652472514906557,0.6686188102581179,0.7633557401893688,-0.38134210237081373,-0.4112860534870838,-2.2685348543004933,-0.04985979783583076,-0.656958452346537,0.3307622985966643,-0.8958116625923179,-0.8121786299432766,0.3040996172431107,0.7326481566511343,-0.6918680052864731,1.1129481280303688,-0.36208368469674496,-0.8382640533551106,-1.3463055961821921,-0.7212357022986828,-0.9444846215180932,0.09017443140423193,0.3971397975569702,-1.6838898840991716,-0.8666651647368128,1.3388280599788542,-1.7588119307333778,-1.582154606392046,-0.48661784632004695,-0.7859120314018831,0.1022476044806828,0.26161928702778026,-1.220864198149618,-0.0637399501902032,-1.4470128155609676,1.0799711661843947,-0.7337066932750237,-0.8526083746505996,0.07508363540394722,0.6352148179708322,-0.10804527969272724,-0.1141943987928137,0.021117581285927983
sample_671,-1.5060514216022112,0.11063211232518412,1.4732659279786107,-0.9141321255559162,1.0504676273743083,-2.1695184570169626,1.9450161078989632,1.4893539684053945,1.6689259015365134,-1.149625059899493,-0.5203025178478613,-0.004095433368727493,-0.8485689234523449,0.07438900631081319,1.12981403337517,-0.19515133175417398,-1.0490206489620137,-0.8304395484408256,0.16616452755516212,2.417459337502138,-0.7613296942820845,-0.9745931334813789,0.3763218905500152,-0.2661149117293937,1.01300624221114,0.9413045490313866,0.28580093687688807,-0.59677500449579,-0.8133796950064511,-1.1641010693350817,-1.131846938764341,0.035900421338372554,0.3173641213351239,-1.3221988246190624,-0.4504721533308916,-0.9930158257365816,1.36597802681237,-0.8042037628952822,0.717383398654704,-0.12526309147187378,-0.5735071512271898,-1.0182505498989307,-0.339743224035867,0.5456216239747034,-0.013055738443573684,0.6482000094228928,0.14276027255864177,-0.20521500859886121,-0.6260257463684292,2.0011356705877175
sample_672,0.13427744664859873,0.3006714712335783,-0.5535386899284774,0.08766349814042701,0.08951313590415369,-1.9986019726977828,-0.9651268700590149,0.42512605798668573,-1.360140976405119,0.33903535468195267,1.763416553231417,-1.0410330714602358,0.656283331000576,-1.5983995036886889,-1.4534969209211883,1.542531558576004,-0.38455621040904203,0.5734846828693884,-2.1938850403291688,1.2036185751223463,-0.3323072196454345,0.06133163288823597,-0.7700584034725275,-0.531662993656916,-0.8683226825145839,-1.3865859078045326,-0.29492026851355063,0.04102282404068291,0.2500014909648326,-0.21606893677562258,-1.3417243826816503,-0.5966207278763599,1.8016884064144179,0.02959730362838839,0.2590094396993963,-0.25950004073532723,-0.7141776078472191,1.5196928457372194,1.2072283557227101,0.16179914725741698,3.0899784695801524,-0.835198907505017,-0.03390638879629482,-0.2452053155257631,1.9941168249450962,-0.0495126142155776,-0.3918003204651041,-0.3605384186133637,-0.07424974913827866,-0.11258390609411495
sample_673,-0.4969035182565146,-1.0340639883994251,-0.22781058127532203,-0.9900728050389515,-1.3616106974335924,0.3351246049048004,1.1861439959142674,-0.6406623525316537,-1.5227630644526904,-1.0536861606287178,-0.18466382605456783,-0.18416903959848704,-1.4549547080896155,-1.2045388776518713,-0.00932825052302228,0.35575080679660775,-0.14860130101610197,-0.7390884967007212,0.27177932582693787,1.9902465713386523,-1.0182735363011735,-0.2934446172036748,0.7132812282402602,2.261275408172945,-0.2198384343865023,-0.8638159683645616,-1.731461061823144,-1.6371659413581052,1.2934824854268376,-0.9304673373197396,0.3712508890331341,0.6204906294416883,-0.38802642445115887,-1.0141176891248849,-0.6439021172646086,0.9249175960648853,-0.7783777915514332,1.2414316973341044,-0.8299147629552168,1.2904605059702805,-1.7995365257185838,1.2815287315029764,1.5840522596605164,-0.9824721470889012,-0.83602360420405,-0.5941136178058527,0.0984855374757097,1.953608449926286,1.4337827516336439,-1.9054529749333147
sample_674,-0.6051841334811411,-0.8163053221074299,-1.7494201039749264,-0.34786274540857787,-0.49091312233501416,-1.3425639093667123,0.8493425721271188,1.5357316468126725,-0.21222275312872993,2.3939285612065717,0.8055138557583754,-1.0276818453190315,-1.7379838653797528,-1.212947530936215,-1.060046369384745,0.021543632299395016,1.561472829526101,0.3245347451839524,0.4300886052157686,0.05484773891180036,-0.6194995891695154,1.3400469251138252,0.40043379231217596,-0.5289469264183245,0.10918211625574584,1.6970255991511676,1.7980729658942356,2.0176505428971003,-0.5633668400311724,0.1343667383113275,0.7917286422419041,-0.9397563526556237,-0.016990861853622332,-0.007831118277509945,-0.29865330915520777,-0.4093617339151703,0.04519536307627355,1.9901446625800605,0.9778866103568159,-1.566379298365553,0.7573319876874535,0.6818228052071175,-0.9820782330831127,-0.5333901398443774,-0.023721761091337838,0.8511619868449685,-0.28668305569479213,0.6078223242661427,0.3761249453894856,-0.7112719747938078
sample_675,0.17180290675368987,-0.6177328677411316,0.0781451333431074,0.11926452985248835,0.18328122487846346,0.9806409657409709,-0.9040805065026107,0.8914066897486937,-2.4980987417172282,0.1290608030275476,1.5579878349197134,1.035332747713676,1.4313756758281448,1.273492431358557,1.046550990060003,1.8170340311295783,1.6959265775087784,-0.023287602439823748,0.201956082444611,0.9782069068889442,-0.21517994820463057,1.0581307594349372,-2.0431587468737145,-0.6418881472619499,1.0634079646319363,-0.019242137251984953,-0.1627947441515958,0.498853089849138,0.38549770834258545,0.24472494211993417,0.03262095097932535,-1.121072891675944,2.1567312454995173,-1.4408228281535045,-0.09450788795514921,0.612696384140593,0.5265839768405106,0.033653290879089325,0.01751596164436716,-1.4895810223340362,0.3957120371310957,0.5981244895167842,0.9941875906171607,0.922797354265162,1.4072413876248389,-0.2396878270416336,-1.0345252485816565,-0.32418778942607246,-2.9025599490957945,-1.3971723328735297
sample_676,-0.00011825604948835886,1.8058981912009753,-0.8823408871540803,-0.659143718567819,0.12194928438878502,0.5115400220749107,-1.0814171336463896,-1.0475163409856079,-0.4605541131416396,-0.7278768260878213,1.2460393599203572,0.48713525517842016,1.583471336924964,-0.5004249711563978,-0.297618103244482,-0.10588801671616503,-0.2850267075926898,0.05308920442465001,-1.4615129777480096,-0.32764009681124534,-0.35030379792380023,-0.36931032521844914,0.9705509250487201,1.180012838450516,-0.221366242431748,-0.2746894045573047,-1.125852532621097,0.6149146311441547,-0.7945467694569844,-0.5884241296713092,-0.5215110169382144,-0.8438256521629431,0.43952424417808,-0.29012361415512694,0.4861237790763439,0.9025316386958326,1.0126991157413838,-0.38959166169729936,1.496003615941615,-1.344640744976416,-0.8161573810505287,0.48202528761614466,-2.542462952832336,1.7049874734578607,-0.43354433132943293,-0.3158186152252989,0.37656586804742165,-1.4506388515786812,-0.9289148999051071,-0.17141067205042382
sample_677,1.4093928200637966,-0.21371766834699812,-0.41654350118338207,2.6521048433501857,-0.7275842573623182,-1.4744687488205777,1.0123827225278244,-0.24338260756137797,-1.0036497864575595,0.7696333681944595,-0.16771513428574478,-0.6523388723661502,-0.07958146187884144,0.14045666408755939,-0.5070283016447542,-0.30902136908974626,1.7083304029979138,-0.5440215419576621,2.120261252227398,0.0874820350531981,1.3579983424324447,-0.5654591090414385,0.5545451806218924,0.9500994954148069,-1.7151789672607385,0.4557859407775358,0.4696493513473366,-1.1049669344177737,1.6005879876481919,0.36987011330777164,-2.422230910313767,1.9274570601245375,-0.4538542099724153,-0.126711255653764,0.17961468247175963,0.01733091600522244,-0.2929331237043897,-0.6273993140083884,-0.35884410500229497,1.2408668506342468,-0.4473747785836195,0.47392730815562045,-1.2328809805130239,-1.0415740757374723,-0.34743836919216714,-0.16643122926091194,1.2008644455241158,-0.9422284994492722,-0.12119201886837491,0.10777627111513363
sample_678,0.444742413792652,1.1711865464285958,1.085236940806635,-0.2373648441623177,-0.558625812198314,0.035911836007328723,-0.7452835386021623,0.15764954782475502,-0.817903675450433,-1.9539231034571867,-0.6592066152312852,0.8350037687263226,0.47528958104076247,1.4257723859195957,1.0627978240044111,0.36352680056602543,-1.6982471449559016,0.9184654019397361,0.6115100368279408,1.6413912011430738,-0.9859660675176487,0.5092814902660984,-0.36296306295492764,0.22678482036389652,0.4480626581542217,0.32741777124293664,-0.22433800944445212,0.8680801376742413,0.5816097435349108,0.5856609445782595,-0.784575946761203,-0.4371999129547951,-1.5371276870025554,2.5261252188350944,-0.24624277525947935,0.4399608316453363,-0.4634400387577846,-1.2561523407669568,0.07750970762042686,1.0268196478044966,0.3811099624092103,-0.841018076958108,-0.6338872802980725,-0.14096239187049223,0.3833059979668341,2.1818834321604736,0.1828500279946494,-0.9514060098003149,-1.0622657529783976,0.3138162264920673
sample_679,0.3324719131583736,-0.4603052254221986,-0.40015715370007915,-0.34268383998653457,-0.11628872949991799,-1.1183263898348994,-1.0195754317114225,2.02338104629949,-0.2609961208843385,2.4592472734570427,-1.468210378794736,-0.34524179236194347,0.8327414443925184,0.9325649143669842,1.8011577475489478,-0.9259438352921165,-0.2284138105076046,-0.06937468762339466,1.5585744801615988,-0.9000487445605903,1.1058304287110783,-0.6375961814190061,-0.5361906216156633,-1.022300683493855,-0.9772767663470446,-0.1441825866103383,-1.4526543092070405,-0.1451482812368874,-0.4014797485011703,-1.7389468299921433,-0.583571341461289,-0.9022120148054715,1.5540452873076462,-0.9273724019059033,0.618491995308691,0.6352207969673674,-1.2827861983480233,1.34552461481757,1.1482463267392353,-0.6683242083948541,-1.061208380210995,-1.2643362707867816,-0.17832997816322602,-0.5914840533880592,-0.3593676982991143,-0.037453889789908074,-0.6076373639182301,0.1519277749854238,-0.13851979750253834,-0.5726271072780638
sample_680,0.09632195936524861,0.13756299735069125,-0.27234954604642697,1.1987444082245078,0.9695979524333518,-0.023509890609656907,-0.009635774288201825,1.8134264082780878,-0.428269498266916,1.033965524315672,1.6062196870500516,-1.6901713200933322,-2.336409905342836,-0.917981816017568,-1.4824750328775471,-0.30669133850902636,-0.8792110721074425,0.05757534645442058,0.07844705313706953,0.5871723787942558,-0.8263526667616226,0.19707730841742027,0.47590922920434703,-0.128560874468663,0.10493028977968583,0.20802984156834575,1.066442518550041,0.44790297344467006,-0.18065453821975777,0.764061316031918,2.063332421939429,-0.5658737296357048,-0.6835731596862624,0.7433921868805197,0.9658165329761929,-0.2540788945950013,0.7066399992307396,0.6409292515164525,-0.04087871343789688,0.6277208568225946,1.0132297802915833,-0.8348353791658184,-1.2983107606668707,-0.3704113871340988,-1.280106634966325,0.16546373259931638,-0.9563846927438919,1.1068434458280598,-0.956403575170562,-0.028664655233005317
sample_681,1.0741808255006853,-0.5621401347429678,-0.23915221108356594,1.3514064894453472,-0.3787464462253241,1.1418129256865568,-0.4205063975008143,1.5823450969672141,-0.49194485794600457,-0.8866001189717695,-0.4843155791375276,-0.5374456717072736,-0.13139344450800944,-0.6558873354181443,-0.2434219052039665,-0.03959641019934058,-1.5635360399821177,-0.11401805961404417,0.2687386598383727,1.2414731628299152,1.5352528771436007,0.1090506303172721,0.319156758510223,1.816778314616918,-0.27352118374737405,1.4270143002669697,-0.6756451991870841,0.5611410941890129,0.52706641426746,-0.16548758640601693,1.221465944939569,0.12725041789176272,-1.779275077132657,0.7085217436807527,1.5268612995306656,-0.16905170851818402,0.12931582263486055,1.38908492062899,0.7565168921768952,0.09144314229416135,-1.115055784722332,-1.1645059290318196,1.4557009599021782,0.9473796638877313,-0.4087428575794506,-2.011166122151521,0.45517897650029404,-1.956684045816403,1.5667777829428668,-0.029629072235589325
sample_682,1.0481447732126252,0.10446194928225573,0.9946985642007394,0.013669599615165897,0.5638585430901438,1.1111009220372654,-0.8888121855898615,0.7654915469626445,-0.3157247421636375,-0.9470812111226459,-0.34394784556745084,-1.0390717330167194,0.7101569617388294,-0.1939473082126676,0.6129820139826893,1.0293374132388242,0.005702491744495216,-0.0923623390418353,-0.7816692581149716,1.4345819183365822,1.2614769334837788,-0.43589320651278546,-0.6170430582951844,-0.27059559554872636,-0.2976780300293628,0.7947714552784196,0.6245612317712462,-0.9814525022289046,-0.5121282003300531,0.31997804772796296,-0.4841475915650042,1.0408415586354693,-0.7802650591305194,-2.0857114249432596,0.5852690437181994,0.949853133180024,0.8535829289830068,-0.2655162201193019,0.09426601065239387,1.2493508776680042,1.1447169273276125,-0.7351449363731872,1.0258567147707278,-0.39812595574029935,0.28216181685168384,0.9963857979220884,-1.735012767356074,-1.1983371571977528,0.5859276499488251,0.48626572841250626
sample_683,-1.4792701001818327,-0.433470619713292,-0.19671558873815767,1.1167161555981022,0.4269656691120339,1.7427465350942652,-0.014125478620778733,0.17230032797217953,-0.8636193724873155,1.1400717866543384,-0.40865706592361645,-0.16552116193954033,0.3446013072389896,0.23741122500550288,1.9748081022104984,0.3231114305024802,-0.9960704680125123,-1.290185673995543,-1.0571177192114214,0.12283734042472531,-0.37849212894882533,0.5959039400899052,1.209588404509375,0.333687754373,-2.3113808622599263,1.1254289536749003,-0.07165780320842301,-0.19097844087506066,0.031968375514427806,0.8813763662343882,-1.292936093453108,0.9776405996307771,-0.882244655929382,-0.9816051829242727,-0.11964276667011714,0.7421456250694036,-0.8810189746979048,0.3477531957536064,-1.251203215054471,-1.4952013671679047,-1.302372291551966,-0.3468147876200201,-0.5332735785362506,-0.35981853791795676,-0.9863141407971624,0.20040466669630577,-0.3995657153326939,-0.3787041252828375,-0.053436916742982656,0.3465929424243816
sample_684,0.7821147564751177,0.48674727357824593,0.0991623550047958,-0.7022818716033549,0.5137245573095289,0.9617343190204616,1.362476007318468,-0.9514434615804128,-0.5146275249151606,0.7440722153903541,-0.28848691750464284,-0.7068579408066462,0.2339763414929381,-1.2721157433346368,-1.2467498184751649,-0.4785857697470452,0.6177184552675233,-1.2796651215139618,1.1208927423496529,-0.6159665388447337,0.4939087536565491,0.3129780208499267,-0.07708525838867923,1.215827798394623,1.2914698244847027,-0.3679915160315517,1.643265304021699,0.47950336813276717,0.1704765649134188,0.6444544544467796,0.5964378507238538,-0.6020561619840802,-0.5180085362801525,0.1847554100111118,1.1049230492137052,-0.10810374202612093,-0.39850989531428077,-1.7899930510748525,0.2944921826336902,0.4785035841461287,1.1802991945419454,-0.8938718241799182,1.6804221838131534,0.1198327377708474,0.11553817028466543,2.642521933172974,-1.6012925129654447,0.9159913894186571,0.11107653424686025,0.2205476513716337
sample_685,0.5542096447112248,0.47099750279415403,-1.1160940913437387,-0.30851324480004555,0.4632234903728309,1.7778103975724673,0.6414999643097874,-0.6089392414463919,-1.4872962293746994,0.7186128258085243,0.4574381266479291,0.15702377700487707,-0.3309775811167551,-0.619265608951986,-0.15637229376281445,0.7381066779944951,-1.2289806952050297,1.609750181159953,-1.1414170362284146,-0.07199416167868196,-0.9170736192909344,-0.4269817420423367,0.9058016726284432,-0.0036506980679780793,0.7685822623503183,1.5910063550723519,0.0036006950076998417,-0.6220809969522271,-1.4667464802520949,-1.4919790885227755,0.9910281125721305,-0.08773315158782699,-1.2136979616421069,0.09579305326869408,-1.9507407587963992,2.83976940862291,-0.1281175418834039,-2.0868866152026984,0.34373293759813073,1.1980450971814478,-0.7060505949338519,0.46731883235803656,1.7695969673440395,-0.3911797722785529,-0.029306946884838463,1.3992325307445033,-1.0293678463129516,0.27078930501776327,0.5458428966235984,-0.3151069403912215
sample_686,-0.18650757177451727,-1.4335837721990328,-0.4638453129222926,2.0151948881744555,-0.4586785892099914,-0.7947179603766706,0.4300248708744241,-1.5294981513263852,1.6452620015185888,-0.6385682637739263,-0.07892916453413627,-0.12724236216756077,-1.2860514414075368,-0.6274397621255204,-0.8711272961441232,-1.6879372445079228,1.0375040441657128,-1.9490159787325512,-1.442195633304515,1.6477626628067326,-0.293127809869736,0.802479842424943,-0.11717193226360328,-0.7727960183010314,-0.36515937084279065,-0.5085485183410701,-0.7047819330051532,-1.8405592625905312,1.1887756471565338,-0.07873288855153389,0.7870797298552362,-0.4716444570704467,1.210580814797396,0.7986741310393565,0.049541642034085745,-0.25318253128074386,-0.34896667110911783,-0.14364504368349715,-1.2502119289403544,0.03009487211599174,-0.8532905934002786,0.12871220167703354,-1.4099533713164545,0.3493335253864203,-0.1199813779900015,-0.4340731962299123,-0.4672276431253364,0.05785762263681364,-1.2315024363851452,-1.6386303546995935
sample_687,-0.30979345574693123,0.16414490920849364,-0.14858318805562187,-0.22937071119915187,1.0766528286836752,-0.0350008373101541,0.12487964648990087,0.4163355794184184,1.0853567143081793,-1.407932520024573,0.940608432674364,-0.5804478217892791,-1.211813541908633,-0.5185930933535625,0.6102101439703936,-1.9905747535989535,-0.7767525751166081,-0.4494019094194023,-0.30438539251113783,-0.37937864961619594,-1.4674129359966726,-0.21446509193797544,-0.5412015504378097,1.0543386231739427,0.911197425764385,-1.0739743932022017,-0.9535231096571227,1.7460500271861168,-0.4976700569949045,1.6650876627227413,1.0569512127455098,0.6747757556876919,-0.33734751657238665,0.06840023725022744,-0.12904874826711024,0.6774235935412912,-0.1970956635739443,0.35723750134916693,-1.0423725454677533,0.5576709228521315,-1.0152144367700173,1.3324553519231555,1.2902324836782226,1.0762564916196602,0.157859593806525,0.16454046933978134,0.5382406581394429,-0.5103956750171468,0.7336154835039082,0.2780969735982881
sample_688,0.33621731615133144,-0.1303902512929903,1.610834342996907,-0.7527638851820433,0.3373761662511104,1.5703416814607352,0.02186398992740026,-0.5314733845057042,-0.8590372449597685,-0.12450989229738045,2.13115233635206,0.8765377658278517,0.7626725547280109,1.082918904147322,-2.0581083806733043,-0.4248868032683078,-0.2809227357880539,1.3823365220204276,-0.6371990006752164,-0.9519576282663451,-0.5103270101445143,0.30400542901391725,1.50483379713417,-0.9224458594856741,-0.963649925994972,-0.4751866872616697,-1.9761788006809793,-0.7590660838453674,-1.3254136804751782,0.5602852873345004,-0.39758880138363717,0.6914923387687459,-0.35050205737627094,-1.1775359528645097,1.9771910658583602,-0.529586953071856,0.6615241716526824,2.2031405927544525,0.373420744627397,-0.7204494907597886,0.055894024059063165,-0.12006131219081193,0.4107394075921635,-1.23518045689891,-0.1747089109923031,-0.017010393227264237,0.13895127478445293,0.04701385003309241,0.6247298419719771,-0.5569968407043018
sample_689,1.1909664843959722,-2.15408244923989,1.2380400137570429,0.0422169690869206,-1.8308842437158312,-0.1691599184014972,-0.8940498020106827,-0.5243164559131608,0.8932355424479366,1.8123261566241122,-0.2389070226149481,2.519848538303208,1.0550513887374453,2.270096184924929,0.47852047667950437,-1.7947479760641876,0.8905885392096706,-0.9038618894129483,0.4875017323192649,-0.23614325271547287,-0.7657387880806946,0.21170242302611159,0.018970001032506453,1.1436746701088525,0.41103522647318186,0.8029552789112706,0.7784051546745006,-1.2169724235570156,-0.3950194023474801,-1.2041132411900315,0.0960809875746365,-0.847444162747181,-0.3567982124858176,0.1561166721445135,1.7193053415704185,-0.2251908236962683,-0.354184688315018,0.350567378858478,0.7505257145111351,-1.316632024349186,-0.961485052284778,-1.2318924119392276,1.4691058077863408,-1.3268436696240808,-0.03310532910379931,0.4375284300621734,-0.8051151914901359,-0.16282563191707483,0.4090456908045232,-0.10139708394100568
sample_690,-1.3216586360155693,1.0415727244771522,1.6282961871472756,1.7082897326021025,-1.5682369838517307,0.5404742588771266,-1.9453471025527458,1.2692342240745138,2.5452845002460034,1.4847963063416345,0.2687271670466011,-0.5789592950368083,1.023339838738777,-1.2505753777970174,-0.03121169032123509,-1.4782107266255884,0.6425352073570239,0.5733916112961458,2.541049629546929,-0.9450467890320955,2.3082757415186324,0.2118555957473036,1.4135266298801101,-1.1315202289128323,1.2893537298326248,-1.407830490512612,0.815453371730856,-0.5834724904452394,-0.2602934649897864,0.027341438608278187,-0.933542724863866,-2.3297797081405633,0.09361198198374904,-0.7230482650033464,0.49022873883717505,-1.024040221629656,0.9561015034364511,-2.0005331452273043,0.9664286948515026,-0.6283867814129039,-0.21808155461236298,1.9580139818694222,1.0746332218125607,-0.6534385550292532,-0.7665999028274827,0.22309713849065155,-1.8716469870376191,-1.3259595160589306,1.4348707407475862,-0.7544262335499473
sample_691,-1.6727467092596398,-0.7874134480447018,0.06661317462174712,-1.212772730071737,0.26168487598790363,1.0997529332266014,2.554029298916187,-0.7465710691858825,-1.2475108387329008,-0.5760427911564726,-0.34001175689998714,0.07237011947013482,0.4985765619240954,-0.267979340511566,-0.2546543808452008,1.2312510930568843,-0.6131131238243871,-0.6224519088511975,-0.8504114152397445,-0.5177678434882629,-0.38488852384942185,0.5940281843799853,1.6980081032450614,-0.19490860453258768,0.11587526296328939,-0.52444068012647,-0.06016496985566926,0.3353442183397729,0.43647574161380975,0.201468015590148,-0.5283898236283355,1.0214176359806326,-0.9893986721019815,-0.5289293658048705,0.32667244941270135,0.7929429911031867,-0.8925616525132496,0.11630468573950156,0.1664267524994275,1.414308533426769,0.026032391705572533,0.9702128885750715,-0.11405821252519803,0.3134795407227411,0.8320220794857446,0.8358328058478731,-0.053153804458622354,-2.2132120239452404,1.355261151770047,-0.47181530415858597
sample_692,0.9310110708106009,0.7022876987123441,-1.0027264317014661,-0.18172931875675635,-1.0803986509045662,1.0974037859611647,-2.412403482698878,0.3917921415798842,-0.4475820738208845,-1.413825476633296,-0.7645209731979972,0.3309221262659457,0.9413144406533653,-0.24288557645234157,-0.058544324957151235,0.4694468395697636,1.7177681106299203,-0.8461560321980156,0.3837545011788126,-0.48618180479815426,-0.05186763732951772,-0.48263315654122263,0.01821529133282022,0.72876573154826,0.6235232074626048,-1.9219973937322872,0.11781115179178452,-0.5848503762354399,-0.9847065029813887,-0.2589011603663294,-0.2865642546252359,-0.1275211901237549,-1.4454707703923977,-1.629768237757769,-0.5051442277955897,-0.3138843445390911,-0.21022021576757685,1.7622702134454804,0.8285219461326014,0.5975766207555481,-0.8154383647560007,0.35094608433668145,-0.24100608880979543,-1.2910282514369478,-0.36300648741668523,1.2295381264993805,-0.4279252297169697,-1.0232455024705005,-0.5231012409898131,0.39251438482816675
sample_693,-0.8414796601889665,-0.028788673372215197,-0.1640168738414186,-1.69996831784237,-0.029480770088594326,-2.340953259183177,0.3168954266678178,0.20202198182696673,-0.029665461680686043,0.46958942754242117,0.0073268528543192135,-0.26320501795198037,0.12572423187639886,-0.22665339449360128,-0.28783292053965936,-0.7503066100800518,0.13690782914729943,-0.7697027345493798,-0.9025853434805601,-0.8713410568692234,-0.16113358039357792,-1.0075379456499085,1.6029973269939082,2.297708060557778,-2.640086938426449,-0.26521461848644484,-0.17299195143487958,0.6773544368511485,0.6234234663963971,0.6676968830924184,0.03357601655432651,-0.8435354882416066,3.1762064383859734,-1.166700088203866,-0.19331436634480242,-0.539056959051043,0.7687615179082071,-0.4693177703726037,-0.7869944462133938,0.5504403012882427,-0.8251664412419554,-0.22911635644148592,-0.8888713674971072,-1.4194464159103353,-2.408734844719127,-1.1093186053178512,1.1528656856385893,1.012399925016636,-0.5717384543920047,-0.07437663028369054
sample_694,3.1641618200662163,0.48076514367571876,0.5957347226065272,-0.5988185337941844,0.7739370113409151,-0.0032935245448824165,-1.1030594637374749,-0.4597490304168954,1.249568608275791,-1.3218153188813162,0.21779335128299726,1.132004616761976,0.48024631664176226,-1.603821904516768,0.8131885010287527,1.597717401842422,-0.6582666191035722,0.9040415603283913,1.724893353040066,-0.753662665488011,0.3277202890137139,0.2218495714198911,-0.9716123612932357,-0.12207760051310085,-0.8699785888551707,-0.014044661458063106,-0.30832601217207883,1.8950753117012389,0.3598962813971796,-1.5986791880453721,0.0007683337983383486,1.2444906463373522,-0.49661331257246183,-0.9343098614410396,-0.36889428594342943,0.019250602954268992,0.051470483282114975,2.1273254456926503,0.6572357801794677,-0.5136200477289004,-0.39164153133372104,1.5286144618629303,0.6207479904742201,-1.1372715876875343,2.284491879438763,-0.43383661105221394,0.7908197863322939,1.2120074179993998,0.3277378716841639,0.3835939125837708
sample_695,-0.7858006372720988,0.3339704634335019,-0.4987175509283463,0.6731442978563942,1.3799012500373806,-0.6119829809420579,0.16818139397640725,1.196884319261137,-1.28660582040594,-0.37370119917798,-1.0892152639873922,-0.6660186772850701,-0.30029420967425985,0.43578221878883167,0.01953103964134388,1.5627449524718084,0.46874607065120816,0.12634393175095707,0.18740131349672942,-0.024777940176143185,-1.414902982024485,-0.26302800444861807,0.015579527153819692,0.8398125932484465,-1.0690808744110099,0.5259898071645973,1.1267843981658523,0.28609079314372243,-1.2181370622602141,0.7485912233524871,-0.9956070611955843,-0.4717863046514491,0.44891446029921345,-1.9570525559984,0.47907520269480697,-1.0151873622090881,0.4973703886243906,1.3772308515619982,-0.07802164794570503,-0.9949525784354736,-1.0397106650919699,-0.17259089724086657,0.10511093843152716,-0.5312884193676771,-0.6382432914231656,1.1219362374500967,-0.8281847050811253,-0.7338795998595986,-2.426019738379377,-1.1731922323760091
sample_696,0.9706469121988636,0.302367299675602,0.3518238090778014,0.2869289439365467,1.423642712623643,-0.7066371806276034,-0.6282607228697313,-0.25403853402773097,-0.500144536353067,0.27477243671653245,0.7622717568893032,-1.5887284958707422,-0.5160671965718329,-1.1936430238316202,-0.14116568337877833,0.790096279863984,-2.411739440359283,0.5657418224952473,-2.3747112266460886,-1.7982445614743399,0.27138124923564233,-1.0441697222271897,0.6340446916820742,-1.5815206886266855,-1.1503258985916687,-0.4767426844679066,-1.0421196226654141,-0.9280374832625445,0.8175358758439826,-0.23807721507797752,0.2642082905013737,0.3999080451159909,-0.6346632514495458,-0.43218951760508556,-0.8678116363763548,-0.14528635562148892,-0.3089257171558512,-0.22589772507658254,-0.572453800295362,-0.15190681041684712,-0.9378124677217753,0.18287187572197602,-0.11452251673362426,1.4383496820637853,0.9140534820612108,-0.12084954478117421,0.17950698128980916,0.026031699236925374,2.3969865647723454,-0.29353554227868844
sample_697,-0.7826858477315745,-0.7787259770295623,0.13595970928497592,0.5442953217313365,0.5007814765632388,1.2831214557664963,0.6181913179119646,0.7076931191592505,0.5858712776151224,-0.9244345470885954,-0.462504788248775,-0.3547903791165338,0.5883054543157759,-0.7444035134279052,0.05518407958309105,-0.48565813163662314,0.5568779021041339,0.04043954102460212,-0.15538797956634093,1.285380084870143,-1.219760176263165,0.17416874559254095,0.17025291964826214,-1.6268745271149438,-0.44914003008056846,-0.8588215632938567,-2.1193813958027143,-0.4858188056460373,-0.2846167567309907,-0.5494576240525154,1.2219302054112111,0.37330088076458323,-0.39026938145714385,1.5358327045220652,-0.40115305109583743,0.06765987439560528,0.4701466296083988,-0.6735883475825465,0.9707283419434783,1.9547939741011229,-0.5402505125254339,-0.08680307915852341,-0.06101907905456594,-1.329501744275883,-1.7657702825290258,-0.8134830284950654,-0.02948803286266797,0.39275873908765213,0.011572316897877476,0.6877586127753892
sample_698,0.6787612205226718,-0.8061502516178104,0.28463489694757477,0.8734179398646787,-0.44371959194791,-1.3954625164579684,0.6711661762688819,-1.3952022735731338,-0.003941838984299672,0.41245810500755764,0.13419666429791016,-0.13443417585308592,-1.533129575306736,0.0979096683983088,0.646315109645821,1.4250306476431327,0.23613781481314983,1.306357032162054,-0.3339522644250053,-1.656104289056165,1.3272185956675542,0.06041719250502041,0.08930938537388519,-1.5831876653412702,-1.1284196396505908,-0.5991955137929239,0.194987864872418,0.8993818541279374,1.8134901703766595,0.06812546668698397,0.4458578830362574,0.21649140201720307,-1.2393278927858384,-2.1297501878431975,0.4089066793016887,-0.13455705976251375,0.006616116695417432,-0.044767588628164295,0.900086488516676,-1.0939857282511798,-1.0260489268526014,-0.9594475863587129,-1.5493111796788692,0.588272346968742,1.2072042777175722,1.511713657106579,-2.5272657562904097,-0.2623729404207295,-1.7083986070094315,-0.37320587140261696
sample_699,-1.1029628669948042,-2.197408646052889,-0.0011484255577795337,0.29152056639526597,-1.4851087867255213,-1.2308198055372832,0.906941998697222,-0.32542258783699257,-0.8634085738942763,0.1793007518696874,0.4177086240411534,-1.1328685768713054,-0.7627583351885986,1.3977683707903434,1.7013966165888557,-0.6928316968796331,-1.5125710930099168,1.1031947538025524,-1.4034451615595647,1.5241150013292595,-1.0766515701412231,-0.3180060681443605,0.25080338523682727,-2.4089194779294774,-0.30362105322864613,-1.442557425537632,-0.9634924523821603,-1.5030612230835474,-2.018045642801402,0.12633072607918872,0.5952583281083001,0.8627283286381371,-0.024065150087629886,-0.3980774222472563,0.8354939245723702,1.4963565251362594,0.9483049416528895,0.10895194984509435,0.16607558619576251,-1.4369154850539168,-0.601067208066082,0.24549669626564657,-1.118263002660594,1.4197766164282093,-0.6134094818469817,-0.7768495028259168,0.9801936083162394,0.5140199603845481,-2.0632697718416195,-0.7279114022612686
sample_700,1.115367676808651,-0.3788406802973096,-0.09854582469409924,0.8673204696431173,-0.6288632743388793,0.7413845210380939,-0.7634507604917649,1.5782083664196214,0.17271206538719364,-1.9661279208836329,0.4362536387885027,-0.02178039578449088,1.513109197445438,-1.1869626082779443,-1.3256156696059578,2.756599497910337,2.1538010298767647,0.5740530089108641,-0.15098068631550096,1.553139252005401,1.260918034309376,-0.14903727015305207,0.8317357736869024,-0.5000728817159121,-1.5996508213558456,-0.8736506156549749,-0.29910439781184134,-0.9199351086623588,-0.5786747552792036,0.619667337640068,-0.816635437356047,0.035983034109730264,0.7380220608510139,-0.7942095998569515,-1.3496740639790537,-1.198075767683119,0.7468192396592419,-0.8730199515329488,-1.1076001006084923,0.35859456203536216,-0.29156649072065405,0.13077041639659834,0.35202592917872133,-0.5534653373575588,0.538266309804583,-1.8003371041717635,-0.0806668154228453,-0.2943400457075758,0.1755767877046118,0.14179905277580848
sample_701,1.9978938273646052,-0.5625390539168861,-1.270857941721542,0.2692632277114033,0.0055557035988432245,-0.0008402578732667628,-1.3204053813052734,0.5538040999853535,-0.4009796874652208,1.459330547632478,-0.7745141428357348,-1.6273865804487913,-0.44517432975190263,-0.11243899472382435,-0.5508412422772011,-0.10585134207894503,-1.1407445073763505,0.5720687654792539,-0.10867189781732374,0.09327365462666942,1.566336016613202,-1.3439712546499356,0.09529390864567364,-2.6947892524238575,-0.3985238370660858,1.1482177223495267,-0.6020377976963741,-0.08231925008071236,1.8532605775752735,-0.668741183370741,1.165690693448191,0.45269458262486006,0.03556842035145954,-0.05721077986425277,-1.1796664726944692,-1.0488246755829405,-0.06515601723460962,0.04008951453793785,0.8522743336284196,0.6801716343722705,0.966626559887698,-0.17048000907042218,0.9482297480831223,0.8970525228287888,0.21945187859957643,-1.9714659128585492,0.44722914722789836,0.8998498757344882,-0.8136418233080144,-0.020930391097798033
sample_702,0.2782022264565349,-0.11714289597024588,0.79221199916368,0.4285749282462514,0.0292934550377272,0.8296079538201065,-0.36058204830716606,0.193647384316813,0.7958811618995382,-0.7598194234925907,2.0467098214690247,0.41488626201926704,-0.6190691773617376,0.29925924534921655,-0.48266003916690997,0.286752910112885,-0.9246534623302594,0.3187303480839803,1.1941679525629043,-0.8066274585667237,-0.35717299653380497,-1.016077554997094,-0.11655399423445288,-1.2078884853887912,-0.35033889262867957,-0.7475564923652473,0.3089207475031935,-1.0342263067947914,0.8660789486994178,0.08122981762965659,-0.2787892774145766,-0.9366480546208487,1.751094964694362,-0.7760907245027866,-0.2808858437770516,2.5545523940831125,0.6043702920255016,2.312452688866771,1.3668203393836917,-0.19062201704713355,1.3929611993222026,-1.408785276697645,-1.2718066866602256,0.16005506742294848,-1.1885004823053906,0.0029422801945036036,-1.704590086886222,1.6794442581218978,-0.03559940525810929,0.41484432782503355
sample_703,0.27441926495887736,-0.800596627703947,0.5081662421383404,1.990606772694109,0.32249639320595075,-1.138816650838733,-0.5101013672349431,-0.17245728161726523,-0.36867791702689934,-0.4921140907535291,-0.31388650892099285,-0.5208210658065981,0.9454811450467543,0.7375631183798387,0.6966001710439207,-0.5728834446368569,-1.2340994160413716,0.4250508269930512,0.6228545739111682,0.8226116483683137,-0.14943408692154259,-1.8302459534178919,0.1804251856830737,-0.9494314341138039,0.3121070461990166,1.8404909246213952,0.15155609163883732,-0.11191658923571181,1.9378277302616829,-0.15453984198900758,0.5630733157623644,0.09157603760437039,-0.34043532220206024,1.030277394709781,-0.08917897660974972,-0.2035659329679661,-0.9452217264950854,-0.0028157797149407043,1.2699355571382764,0.5531570423842693,0.9944499929999081,0.9206100872369357,2.70326869934268,0.04523588063154817,0.3483789694343566,0.5981369746537999,-0.18384816995926906,1.1512283780501347,-1.1444008121789015,0.602602938943255
sample_704,0.17823515282476682,0.7514491849957498,-0.08821684780378097,-0.5483913660203984,0.1176355995590467,0.6861999293586124,-0.5064267618283559,-0.16318287259913794,0.38388342391277525,-1.5487527148966167,0.27826312359947697,0.9180655693718957,-1.5956672946149215,-0.4238788036376755,-1.3248166344396524,0.010995021273007874,-1.056651794105884,0.13202223734027074,-1.2138439284791993,-0.7844206304101873,1.7379947876792747,0.22551163497607676,-0.6474246920181477,0.36837601402848036,-0.9251748748301708,-0.04799443560988742,3.4129703684755066,0.2230721819358971,1.7735449541215325,-0.6756997533792993,-0.5707868006610095,0.5375583036266236,1.3135961820453033,-0.8711509861472648,0.5713290668005918,0.2595800218934147,-0.16263253632626204,0.8930683500588913,-1.9461556044179764,0.20875775162324278,0.03300371116380084,1.9856919897773668,0.0860521742450935,0.31917910226322577,-0.47002705861130134,1.250658983913299,0.27045602364253446,-1.2404959918058838,-1.0866403787721148,0.9138423436999404
sample_705,-0.45965326719138444,0.6013747303900515,0.5226242416432267,-1.802554511186485,0.6570288810882087,-0.22262419506829176,0.09501979798165486,-1.085584614406288,1.0476580049671205,-0.06063354075523523,0.6064449267484373,0.05771058197105289,1.4480852627974472,-1.843137093496322,-0.5376773652980422,-1.2562345395278138,-0.9498680187770525,1.8611094202478322,0.8835004612608324,-0.6849902716113445,-1.201243309298093,-1.1102710548473393,1.109514562286679,-2.0476888124996595,-1.0237170599794807,0.2701342846956589,1.523004408903629,0.4845512672726877,-1.1459361356674873,0.19952733377137183,0.22425209990696454,-0.256459990012584,1.1082909914018173,2.037352588578921,0.010644414572133894,-0.9845454525371524,1.486949152928628,-0.44515682669022805,-1.8627768706618975,-1.2308060918009749,-0.25439549374338455,1.8150940209097328,1.0625800746561098,-0.7706753293518002,-0.04824454795195495,1.801194475572895,0.892153791872785,1.0839562781913543,-1.2255542345935309,0.8676768241227267
sample_706,0.05004569039841726,-0.09366965730332291,0.18482361776388265,0.15431970899913522,-0.3488223795750381,0.23349953111617588,0.9024250312679287,-0.3478577656157522,0.7650538138240195,0.6960984049572244,1.7981897914578087,0.07295535153730201,-1.4403091218218063,0.8134998942505822,-0.19948847852769303,0.08458227840447599,0.3950979387037111,-1.5255561733412037,-2.355676210089328,-0.16454117694293793,-0.8172724097557731,-0.7228022484550387,1.0823333911923443,0.06614644807650477,-0.6123249726948745,0.8947549254505722,-1.010255738103557,0.8154911786785934,0.5477430313172793,-0.838401175419038,-0.8312937980330196,1.3733910603642427,1.0368164600489436,0.7838103437061845,0.47345624656531804,1.0900003282222603,0.6304851082612962,0.12282704642673206,0.28525720728661524,-0.19055076834283138,0.9082112717274166,-0.033596189964543687,0.6295302505711432,-1.3496545634179755,-0.03507140327121133,-0.917225222739003,0.5290286419899307,-0.5826024968629661,0.6023515275248896,-1.562707433917583
sample_707,0.6803125416118765,1.2713877074745774,0.8140759652912195,0.24468566579950563,0.13861779785080752,-0.5515301981708429,1.0240769275431296,2.154131501874243,0.5082190342298197,-0.30898455334642805,-1.527232917170958,-0.20481100609100397,0.6494960080949815,0.42404189232135364,1.3103280303735374,-0.1557907613498673,0.572973819718274,-1.4183839106379135,0.2864757366498392,0.17628581648792616,0.1679317432102993,-0.5457018862322505,-0.07527868233556419,-0.17952883076350123,-0.527024283222568,-1.1208966997575092,-0.3163929967740491,0.44258252272995924,-1.2697967765038034,0.18441203693971256,-0.7761004314697917,-0.19520542996230084,-1.072827405793559,0.32765494376230275,1.4715116274032631,-0.1951338038832293,-0.7448019585016146,-1.6554695209439703,-1.214929188469755,-1.7553481480281536,1.6023616215455903,-0.817003861474149,0.0037753861566614906,-0.19344527885147342,1.9275897453834732,1.7867430315111668,0.1954634680926274,-1.306252619876994,-0.7989176535899192,-1.3034487319105812
sample_708,-0.3141871164469303,-1.7866453017929176,-0.9717460076164612,0.22220303682979511,2.2918213519635375,0.09609228571228433,0.8050609233302483,-1.225999153126651,-0.3242990061195813,-0.7797177764891774,0.8190217929645027,0.24207852730452323,1.057601434330251,-0.1439483043148227,-1.0827159205619472,0.28060164139459565,1.9187273070148714,1.6713148889263092,-1.506052845891973,0.21166287480474388,1.817224233452072,0.879601003629134,0.24494560885642694,-0.6127648865997443,-0.6279304739525082,0.5885401664274548,-0.7642444496965142,-1.3445000436906553,1.8204782064754628,2.295963088004263,0.46869193096505246,0.44435097430775644,0.6877757375864525,1.9318952520438166,-1.678201907236338,-0.39545797494842844,1.398248002526182,0.6077197624518276,0.2519110411859304,0.6395700396966356,0.9506383568794717,-1.1629226557929457,-1.1721049852768048,-0.5349282322465512,0.820727334991165,0.9314379053903704,0.610027771846098,-1.1045447328833848,-0.26998382726497105,-1.9330348973988434
sample_709,0.9346920748386884,0.25884712484701056,2.6905187534190653,-0.4063649855350959,-0.20690848387799626,-0.7068004831991122,0.21653305988030125,-0.12457788673380332,0.1957292892523658,0.008050988349073768,0.8454522685908236,-0.3354810833924249,-1.0043535608901206,0.18874968602547768,-0.889446784659829,-1.3221894057881387,-1.9761680170662876,1.426007130623276,1.0795406912360839,-0.6875272772276689,-0.4307559327053793,-0.7669219641305505,0.38712792439456767,-0.6238295122231702,-1.077266166429735,1.236036794621413,0.12411977485994778,2.5927995502962164,-0.1397571221526239,-1.0613139015726811,-0.23025714041904619,-0.7213300740693046,-0.7177543653201073,0.21244980356055873,-0.4281970785311261,-0.43340064897113734,0.8059827199793926,1.1415680612728238,-1.930087572818501,1.07444725765827,1.1436810187700868,2.194256324290614,1.8941623125551428,-1.536412048252855,1.158967779835721,-2.3368366219945695,0.8185255585044319,3.1608585368666042,-1.5700563580115876,-1.4337212637392216
sample_710,0.07914603420963673,0.32283576193053715,-1.6746477799015227,0.7254751198662497,-0.21452052286704495,1.2220285126409498,-0.5299489327003869,1.8477141590942534,0.3312170760926928,-1.2158052559023838,0.0490923392112299,0.4763028293098149,0.6793260142581574,1.0861285099115363,-0.37702213616379016,-0.29158457837923385,1.0864299223462495,-1.5245082549863243,-0.706109332426627,-1.7545303678978303,-0.5632522697355128,-0.29775948621768045,-0.5022175571172676,1.0420388651173287,-0.25046761762186187,0.1423569390001428,0.07379895882397575,0.06751263359567376,-0.06164835468992349,-0.6307589257733499,-3.1122388004481745,-0.5789185525965251,-0.28868856073551197,-0.15931923226892938,-0.6122781119497087,-1.0193743538117088,-1.6215197974952822,1.9463718084519959,1.3485360665489525,-0.8733717922689352,0.29956510076466075,-0.03998195344694133,0.8924166550497911,1.1949366474490644,-2.269511638992701,-0.08590059615608094,-1.0197197309634944,0.27221386194993746,-0.8730467384227875,-1.4245709138101499
sample_711,-0.16191423460507984,0.5314749504465474,-0.9413885502610361,-1.8712571159734814,0.0022369179244731813,-0.5100420978233056,-0.616715597330469,0.23564990547826795,-1.2170009054636357,0.5975620491935989,-1.0915298529019526,-0.10852857645795361,-0.20303638409182698,-0.6068403480489416,-1.3729205588586444,-0.2413018521387144,0.7099755408057731,0.8777337216298248,-0.5668875256696019,1.7833638689264877,-0.9735521489038046,1.651808065976939,-0.4277700514333924,0.3907006876929855,-0.11010724304869435,1.4229772409030441,2.049735501389722,-0.4700067264277811,-0.8904015392226846,-1.2887323084830433,-0.022681525171858445,-0.7308207698308957,-0.24392884011927052,-0.4105168293132993,-1.6904609111387117,0.9044396602051653,-0.7480485792139462,0.24924607003195462,-1.5119247138883587,1.6445790625415817,-0.22679830038833462,0.3825544366091719,-0.9527301330324287,-0.900598132254095,-0.020778910506809592,1.3340397175665355,0.08851115991165837,0.06030422756074681,-2.0981680090274843,-0.18855888237208673
sample_712,1.890863509775532,0.7744441994455662,0.24983442274247133,0.4741474884559036,0.7498636763406482,0.18033970978597677,-2.1293809864888664,-1.7371325797682367,0.6075416758835113,-0.6752652714096079,-0.2809984568019892,-1.0733566829537124,-0.19139799283962852,-0.18569274893391433,0.5250133184954723,-1.1650144983522133,-0.5783347469150361,0.22574086703789034,1.1447162566205635,-0.8363974537649749,0.11428591683522213,-1.014330373646628,0.676687762231843,-1.1522109863312757,0.6886719825824049,-0.9142635708869145,-0.3288382054874916,-0.6756119587319653,-1.4471061652945947,-1.0021274261877604,1.1800925066275896,-2.149836271367521,1.3603506920401034,-0.9176047710908147,0.09756905125840572,-0.49278233146197314,-0.363784291048185,-0.6842962532241668,-0.07430546396211407,-1.5011673157641103,1.5483110255381076,-0.6674645398106172,-0.6471324128494516,1.0598305826269536,1.3819154201734567,0.6973782640212317,-0.4153753879926992,-0.594190767470408,-0.870230532074624,1.5056967665791738
sample_713,-0.8554883031561918,1.1539212180325134,0.2590866588084896,-0.3806745549802979,0.29402389395864037,-0.2682835471384095,0.07779437330906037,-0.42047334707970996,-1.605468937942016,0.3428305807748589,1.478067054898839,0.5550118082533504,1.1125086557173753,1.177401510859484,0.7431892877141841,-0.5724816666530781,-0.10226541575025111,1.2377245476663263,-0.15425052710449005,0.30623695058372963,0.22278740566110047,0.3680694112209857,-0.07334901909640001,-0.07354444095036648,0.034480646506438374,1.321521144496714,-0.32336459969428616,-0.05558793678939463,2.0203973591939435,0.25170615070805635,1.8872712296772478,-0.7053830936336566,-0.2458065519726544,-1.3309358832036096,0.2662284427747534,1.038888959035792,-0.9939352874461765,-1.011850359746338,0.8713847024949125,-1.8328280223274724,-0.5210902692369415,0.1569451784471498,0.5430715920024531,0.290512395453317,0.7080132162519387,-0.726198983358263,-1.3080908082491982,-1.2424173874471887,-1.1025633742783014,-1.507741370561359
sample_714,0.699112598389916,-1.1670286352950683,1.360868179040392,0.7983089355067021,0.6711357278953096,-0.16607913959839346,0.7072973544061167,-1.2039432281342197,0.43957954904814667,1.0151896649482899,1.22930764963707,-1.395740024465404,-0.43045525159369263,-0.8591711244233956,1.0009335181707937,1.7292993364130331,-1.031044538488417,-0.780707601396302,-0.04167769085587468,0.8108441831228338,0.4302206976693727,-1.151970707001719,0.18442879899451442,0.7283121738174616,-0.04838401206897945,-0.14679936020661039,-0.19733774712989038,0.2675824936454305,0.0968409070397649,-0.8157228311371405,0.8358636058919399,0.6168122414097513,-0.13492683302142186,0.446524454558633,-1.305897235120917,-0.37926738436210594,0.6844860100682324,0.05435415741412559,-1.285920456858341,-1.077911155629772,0.6023626378127912,0.8831422284963404,1.0563303998335356,0.32737931625979877,-0.06150525632097765,1.7359195342408789,-0.1394492000645748,0.045661312018656176,0.9536069966982484,1.1138769394968524
sample_715,-0.5353827383994928,-1.5146895681833685,0.36662106275324197,1.098869222834394,1.42728481859198,-0.006200311411745071,0.3059906346059635,3.0525508916874866,-0.4076920882128182,0.9786449895900347,-0.5109314190330556,0.08937896399933613,0.6135312792884964,0.5089612137885761,-0.2855501557932329,-0.5534185414383521,-0.2780699359314775,-0.6748058244573643,1.3507640415926359,-0.8998948158391479,0.5876090837457982,1.5274229573426952,1.9998121406716576,0.6617224424452894,-0.6449292964478146,2.71259188101565,-0.044700604743488595,0.4558465109854134,0.3503205963799724,-1.9036929482796536,-0.23652489791476783,2.278354991385583,-0.5328340712182974,0.11006172907770145,0.08704283132874735,-0.19795669496664395,0.0536362647910195,0.033003644050052204,-0.22864580718605915,-0.8430102896288786,1.0142938400257453,-0.3396524798945498,-0.23484400585233087,0.10870851313011974,-0.9815460509142742,0.8114026197391706,0.4115977819388077,-0.8379682414854001,-0.15306205405670614,0.565950261711997
sample_716,1.0692469470092223,1.5547458000511494,-0.26793653883474383,1.43829060291676,-1.7641091432742984,0.8635929783164819,1.3236790315214133,-1.3232662104010973,1.3384292098014372,-0.82405251045651,1.5471613525659358,2.455796126333225,-0.6666223181784415,0.9828474223926276,1.3444471072609294,0.9512231066098179,-0.9908315051401827,-0.9368951074835721,1.1363214940242312,-0.5581503588654458,-0.822898335814281,-0.8669440672306605,-0.446212426170217,1.4776472745637195,0.9198735671382414,0.3107534837116333,0.8358339915349164,-2.165204634583528,-0.2996131606922178,-0.3475289038104371,-1.7673869302462824,-0.04704637698920647,-0.8780219059756467,0.7592363524802926,1.2066396026988675,-0.1916503308439231,1.1991757973844694,0.4336168963178581,1.5681953018819201,-0.7442360165197808,1.1965234793221773,1.3964809706027679,0.6055166742838792,0.5686051429751379,0.7304638559208295,-0.9909127148269653,-1.9477239113944216,-0.43118101931878056,-0.65280791950289,1.3472578004530296
sample_717,-2.075211268187767,-0.448244834555639,-0.9182341247838038,-0.3934340650100496,-0.013637025411723498,0.1841593018723466,0.13597871013094662,-1.2723738338365453,-0.9937130374235432,0.5065469126769464,0.6096971143765275,-0.6477320322562623,0.4746945256267991,0.3717628865773512,0.29950884159363744,-0.6405638898388512,-0.9131238911452848,-0.370705411193335,0.7792997333224645,0.1433072981929009,0.5721191892773829,1.092657101698295,-0.7662011455386636,-1.4966457277209304,0.6769042225125932,-1.107093063917996,0.3562259194730588,-0.9585747650607518,-0.11676123533357174,-1.2714954567979437,-0.4104340197772253,0.3844342622481493,1.0416725865911463,0.6742245623957411,0.8492326106936713,-0.9753439473649327,-1.300852120085054,0.2681032723046419,0.04967846358603697,1.1914285139023053,1.106352713138226,-0.9691472480190397,0.4365055892648743,-0.671052052112134,-1.897894801312241,0.39121320919343017,-1.2081415236054247,1.2753672163961887,-0.4450786558116082,-1.3719032167679943
sample_718,0.03613648387233949,1.249959706481692,1.4114683789120228,-0.8495633362603986,0.03241095719272086,0.18308126122497245,0.9894950413657644,-0.7254764568266703,-1.133627073889596,0.6369220385345719,0.028554069525031863,1.5204244859703908,-0.16822859485056565,0.9604773026531407,-1.09024389285399,0.3967270665347914,1.5697204942937144,-0.4191296913165041,-2.7017152237742286,0.9646099137022215,-0.7570033023627161,0.01729214837170705,0.6062932277396831,-0.0948587124228589,-1.8320066225494016,-1.591034755052321,0.10442422638084675,0.6812124306148722,1.9197066005256338,-0.6680052157309415,1.0326980700980426,0.5319996692718504,0.4896944118220672,-1.2944837199368096,1.159883231634803,0.6038874867738726,-0.8198820416829266,-1.7555933016507974,-1.0614751493884544,0.670583051521817,0.45570837896336813,-1.829239062982536,-1.1210221501514483,-0.10716687390764866,3.6020573650728536,-0.8541552806292091,0.4459849393014148,-0.02868263682437058,-1.03802197275299,-1.7928221036442233
sample_719,1.7778869808276285,-0.5067216517672871,0.4439871599362382,-0.22653867418818066,-1.442171643109844,0.6103375342610902,1.719078724636993,0.22990106655436468,0.4612760920340095,1.6716442480296376,-0.4700735214033313,-1.6335556487035963,-2.3866906552024454,-0.0014158972266888321,0.5938395549312062,-0.2748402162451577,-1.2310168380081428,2.34583581663893,2.041129266957347,0.7765605184183239,0.6052906556949598,0.8089695041398907,0.6523699434036947,0.34155852469813164,-0.042531393735349345,-0.8259504805610176,0.6304780433997674,-0.2880249193431785,-0.1120900670382942,0.4785830928964572,-1.0213507373884032,-0.7399013091966041,-1.4382902590418718,-1.0290275077209239,0.1479914291912259,-0.12551455371083273,-0.12000274951768863,-0.2490121694383368,-1.880963944733744,-1.30830588729907,-1.2610654334903029,0.4972768903543876,-0.89624485855878,0.35662723965052207,-0.46455584071071004,-1.2165486456713444,0.25382419483021657,0.41399728618259735,-0.05628069454707615,-0.5728320158227748
sample_720,0.23989322671535854,-0.32221723653263523,0.003207687930824122,-0.6353081759410473,-0.1882430374812299,-1.0470267759392864,-1.2195145116384645,1.9837309530408824,1.0547207792806947,1.5934222750609752,0.2340585337460414,1.664287808682373,2.0532162673204972,0.04432259834508613,0.4667186193897822,0.3528401256025663,0.16427435415050498,-0.303443121919862,-0.34772067915225185,0.2907923381799109,-0.35986943355403306,0.1453790155007408,0.13342535465191893,-1.1086949654080858,-0.6552554601109851,-0.03759777931327445,0.2573930486762223,0.25224590750791054,-1.5826786536955781,-0.4779378520177025,-1.4259365360528902,1.6032454216725531,-2.9504269125835676,0.5262018469303179,0.9345755559380804,-1.3637433752904724,1.2146454292728492,-0.03749719281689039,-0.10327978628721003,-2.0411782304731405,-0.9773082070431158,0.47570152382680697,-0.3900941972416074,0.7260875471891322,-0.3745026360260088,0.8461295801260287,1.3957864362277068,-3.4212514893102455,-0.12109582778511126,0.31795342227519335
sample_721,-0.17342971478540217,-0.3257564423586462,1.0774565518585253,0.3334328134886589,0.28607467069868187,2.2188704205960703,-0.2545200970235603,-1.6394419885452056,1.1039304015139857,1.6822278281527863,0.48970711825503843,0.19166068824281718,0.8954104077408653,-0.9530449481562926,-0.6334693786437654,-0.35718838452925383,-0.35785074488819746,-0.17212811868559263,-0.85399953352841,-0.6635730541433399,0.34312976998963973,1.0177863511420953,-0.13931357276072145,-0.43505779432395386,0.5030368273881407,1.2287450952874466,0.22418457214982018,1.2856953100886666,-0.43817544724524093,-0.8357572788906236,-1.0874871749598727,1.7867056010265676,-0.37580792180364425,0.893094236759733,1.5178639363756874,-1.2764977102066297,1.7346019363769696,-0.5092244350828918,0.4447929253985591,-0.7705287922068755,0.5214835582328802,-1.427846903320146,-0.9563779036923598,0.3905896544052191,-0.2659587626537644,0.4831209344340587,0.1963030118305237,-0.5475729049550466,-1.343390166413756,-1.0954515357920709
sample_722,-0.6605136876696338,-0.23801606225536742,0.38524466393094353,-0.2556832171908302,0.6036399855062564,0.9676508596639303,-0.6877622116033935,0.28943819793877856,0.3902274088234382,1.995130312820594,-1.3901062522001082,0.8874058647679115,-3.113061305887897,0.21595865883789225,-0.15266581068329452,1.2869230289899967,0.507322267392816,-0.029746218855889888,0.8764226289758961,0.7642506338161227,-0.9747412297153274,0.9321484594532763,0.8517192351738826,-0.5133411525950402,0.8518761111364443,-1.6279013352916654,-2.4416258998992606,1.9154458067574083,0.08954233656469272,-0.6079367631921482,-1.4999283530878342,1.59900643086995,-0.90012943917517,-1.3732309669676068,0.14804554512222287,0.7376356883199079,0.31857192844813786,-0.0036402497008250715,-0.798454432882863,0.5040990695488998,-0.26015965726216284,-2.1845456785362423,-0.9687065394704124,0.4375577325402365,1.0363204528977932,0.6608620587755212,0.8761369387388587,-0.01681005104100112,0.08715523026421956,1.5514254852366178
sample_723,-0.29483814274198256,0.5446682778439467,0.8791513341503724,0.05408459120410883,-0.20046507016255508,-1.0580193251514094,0.20460750997634441,0.25071832890941514,-0.1924647135937858,-1.5882276431584812,0.4249591005642941,0.7886377708700439,0.01779288308346775,1.7559544686847457,0.11078740182728519,-0.3128794766039566,-0.2781338025709907,1.41114297585087,0.6094376312132224,-0.996415708005568,-0.4102675988602405,0.14955393373477452,-0.2816726107170302,-0.9378009470670154,-1.8003431639121106,1.774685144547618,-1.5025622232497358,1.2478727205203637,0.19791140586826522,-0.5979236743765003,1.121297414387142,-0.8237142215065769,0.23401001617312162,-0.60008270360331,-0.3332157557199567,0.3700965536013222,-1.1417917988054267,1.2029843171526802,0.4093015643155269,-0.9217365613083135,-0.5848401102863958,-0.39805984025285485,1.2832159092162299,0.9838746687187884,-1.2566931176523817,-1.0017660227806786,-0.0202490181255749,-1.3743090554183335,0.4179109021479459,0.0344270102544286
sample_724,0.7554792621843869,-0.16853335884671225,-2.2196807309207807,0.8691567555388269,-1.3747918877512275,0.43088817857462025,-1.10707930736939,-0.5440476428089296,0.8334921256062472,-0.3125898570058313,1.2855880507568416,-0.6698874990125001,-2.787451516163771,0.4325460099776738,-0.187191137597983,0.1006868410104581,-1.6452592843655318,0.2422721406884437,0.9457596666685012,1.9391242062094816,1.6536684439574774,0.11072435657409643,-0.1427250204698577,1.0483057418067352,0.12114805697854941,-0.21610675870635043,-1.6775755446697835,0.8005052823831871,1.1826006842410692,0.4117043874142542,0.17124326124433892,0.4440141422147668,-0.08540506041010369,0.46861913938605854,-0.8291034066999261,-0.2386933212168824,-0.0010646599335268634,0.8760060099115679,-1.8058487505159775,-0.6733395665142757,0.6978995957016926,0.23717492222694966,2.833662771498654,-0.7506582663449497,0.3227192749689971,0.31428809713301037,0.9617236177885696,-0.8880377707472703,-0.6383048022237326,-1.6065276823073469
sample_725,-0.042767600980762356,-0.2625513383400234,0.7686416010693371,0.21388130264909688,1.3701106822354068,-0.7779567717068282,-0.21636722726407479,-0.9259132472931164,-0.44936788316911414,0.7294743446939304,-0.7953462128580351,-0.8440755752357407,-0.8403776847456282,-0.028659973815425496,-0.015628795008754894,0.4639382382417468,-0.985150571938099,0.14640040711999647,-1.3481391794804727,0.7097895545266822,0.34071194121946474,-0.29061075291627264,-0.2037147295909467,-0.6132949202588864,0.6445831706267693,0.5730214258220245,1.2389411165295288,1.717086075101578,0.042078128973021774,1.7731132163158803,-0.27244275585524225,1.1358656621262062,-1.0124676632682048,-1.526316709543057,-1.6642660135139669,-1.288592058851293,1.22096256149215,-0.8394541354552693,2.5506172811349184,-1.208633550836985,0.008027371212666662,-0.7587991368863928,0.38258856049952494,-0.8086310682277972,0.9375803352435049,-0.28413870123573176,-0.036223133539299165,0.8324003429231194,0.5737433358516404,-0.448566396487187
sample_726,1.188041049256974,-0.9724895861469041,-0.5199793027624133,-0.17420479139977035,0.4090644617715745,0.5527392167772127,-0.47469774974257684,-0.1965013399142656,-1.3810387823099657,1.7118412721805114,1.0788848987187345,0.7275340696161171,0.07510246858677606,-0.871143490299866,-1.256587769152237,0.5023418004828786,-2.462837917342792,0.12533747072955587,1.0866392217176672,-0.13599447856564498,-1.4029149720728031,-0.838017777025155,-0.349558883309032,0.6656356075189181,-0.4224069611310889,-0.9597175316458337,1.1586960281136105,0.8151294360547356,-0.9188512483161382,-1.3658482672028995,0.3274442622735833,0.7614683164560078,0.6374218539793137,-0.8488624101289025,0.20697710139992795,0.8659574272833609,-2.112853787450436,2.0376346628203645,1.4632685413774003,-0.6309338885310177,0.31967691693177963,-0.3211305875964363,-0.8614961022195836,0.17805650958329564,-0.7287824283962251,-0.3736243756394328,-1.1171426318610287,0.718021624150299,-0.25837250048791854,0.7361295663213239
sample_727,-0.9069336340023033,-0.5679412880847885,0.3404059085061629,1.0754806561176968,-0.07164242628002288,0.9486294365304047,-1.9532636239991636,-0.2219143092131609,0.04460335680054711,-1.3233590362615002,0.46478623504086786,-2.262679131363145,-1.0574416308835828,-1.155305544304309,0.5975226812358686,1.9189111006226915,0.6685534295346705,-0.5263495279941002,0.5727057682913884,1.261117759455507,0.9962509804694257,-0.29324250162575055,-2.213574766537816,-0.5878180921389047,-0.7295219480679358,-0.8882157119499412,1.3787774395185088,-0.3782655956982049,-0.5672564465070357,1.2778828751436424,1.0982773360311482,-0.2403680746072114,1.8648512695091803,0.48632431958512706,0.19687443927474704,0.9860142498903617,-1.0883976779632243,-0.8665860155369983,-0.29727747644309643,-0.8899397006969455,-0.9910125967943959,-1.16712370041575,-1.0609468642683182,1.2810679931759092,0.5793451259566018,-0.3929520206079557,0.8094368889090106,-0.4219177397529816,0.47947408331961583,0.05739905739385651
sample_728,-0.13806062124618293,-0.2227761894675057,1.003435081581761,-0.9511099006755961,-2.008232806916769,-0.5681979256172762,0.5302022443394765,1.2056368738798,-0.5565738871927912,2.2243000464774836,0.9008772805540127,-0.29493188264260173,2.008870897825503,-0.26613696148419747,0.564142560040158,-1.39515384556779,-0.8816694006097353,1.5541827473380632,-1.364394119528628,0.20030947234331234,-1.0871929694598501,0.6494378079977365,0.2352408002125277,0.05784664041769672,-1.116110048184461,0.6002710250048615,-0.0028836272511343986,-1.3973998568408612,0.4254818414414662,-0.7031407204888135,-1.8014876335266776,1.2493002468202852,-0.7465404654783896,0.04320785897185407,-0.6071308455805385,-0.5643829361415172,-0.1356655491492185,0.09443405805301795,-1.9940005692999947,-0.17917888203702448,-0.8474421545406942,-0.07877097081587722,-0.17423920172801177,-0.40206015063945094,-0.18692367122281717,-1.6949100193033375,-1.9611844149578312,-1.6896562388483762,0.9299491138899803,-1.4643894034509868
sample_729,-0.2631591250072275,1.4810259806217227,0.6184875853666463,-2.654265483118781,-0.024149946186968613,-1.0277421575183947,1.012875807448629,-1.301950592342833,0.6503760267914043,0.6100962485638592,-0.3636942725020848,0.3734748368096963,-0.2902057818332918,0.3041961877684417,-1.866868101320149,1.2488812069590438,0.3568987214438237,0.0096871085473817,0.978484078689031,-0.8291508664186059,0.3613556623918909,1.2172943627306845,0.9764112034486813,0.04969427907275966,-0.022484946954693597,-1.362307596149634,-0.9834740608527571,-0.794925476418711,-1.9298824074024656,0.5820729177687046,2.26407572019123,-0.4029688093297394,0.5682655376659932,0.4232292217959023,0.9389790691657315,-0.30192079979358194,-0.03840982261800765,-0.38353178897010315,-0.5984307260533462,-0.8193148947405218,0.8016471003606603,-0.7089843424506559,-0.8553580696414237,-0.37888487815222843,-0.5547709760998064,1.1212197138895312,-0.1355956176751513,2.038274036634517,-0.8976052989163518,-0.08077534928317205
sample_730,0.06700195309829703,0.13050752354833017,-0.48916064860602515,2.0110241230135997,1.104269889729808,-0.7159045919077995,0.34699495261344193,1.258343072453968,-0.6347949109718749,0.18008057362163662,0.19842014133270616,-0.5344466356659756,-1.2415758393057028,0.45625818889211095,0.3262963567774356,-0.5016320391103677,1.2867248083561285,-0.0659745056504096,-0.5396087190596083,-0.3358036181874101,-0.27500231601703923,1.8098304291064227,-1.2390913470854505,-2.3682873496139516,-0.1284382305372472,1.0869797773668797,0.7686313365625216,-1.0113604959440474,0.28547064320499427,0.6777722744109028,1.641321093954542,2.088901344963263,-0.3674321443900873,-0.762344028950384,1.436154007862598,1.0237266672769343,-0.487128291094042,-0.65371597462261,1.763134948522889,0.8574922020689155,-0.15501505727817536,1.0414357982857183,-0.11701094941970387,0.5844554989848937,0.48208423338775597,-1.0603053468511676,1.1285159075013729,0.2640121116180126,1.6732383725205227,0.5733964529630229
sample_731,-0.5234431886389711,0.4185233118260246,-0.6446080793647203,-0.24760196101679854,1.3990788164524661,-0.29804526841764495,-1.9704630177244518,0.6537400124468251,-1.310943424880758,-1.0301637862204527,0.5937898481424305,-0.30989317927542315,-2.1309200686305716,-0.5942561194286821,-1.3313682798458926,-0.9795353824745621,-2.3485416561710246,-1.9700092598648948,0.13269734253399446,-0.5714779538910109,-0.7568574119585108,-1.9786871498469292,0.8808506675577769,0.3255631763592303,-1.3176787050294478,-0.5386074604009218,-0.2761962639138642,-0.12429672158619241,0.5212589999476904,-0.9547390920971955,-2.703050033314912,0.3240956689001936,0.19338038590966558,-1.1698426089709624,-1.7605100634503876,1.2199515687576583,-0.7605267894131055,3.2282224926031393,0.9947382408531,0.8349599966222884,0.12092955394868425,0.215377806680305,0.5778622523032714,0.01910430806461838,-0.3171001752930162,-0.504377428375404,0.7690473403094945,0.4741520425486108,-0.2984821304433555,-0.1174962207763728
sample_732,-0.34666185848812897,-0.03235901356626145,-1.0803401788869158,-1.1494809834966933,0.8039597926780913,-0.5885353261691315,-0.12243287824509613,-0.9994495460545478,-0.9155473522517212,-0.9342751149740763,-0.9900662262614496,1.7081282570086596,0.8561781268192327,0.7705958510596737,-1.2706898856684326,0.23095376747762877,-0.9242281578819815,0.861347834006708,-0.7101343613729647,0.6330616018016886,0.8227411022335254,0.9047406921050533,-0.8641756359959066,-0.3698970513598482,-1.153610727119309,0.7618769412921093,-1.8725033761056513,1.1002658434860064,-1.7453643481940857,-0.1905926195749108,0.3115230347427087,0.5851110415489421,-1.4561337078226153,0.7094258136118874,-0.717926267082514,-0.689112767913264,-0.5194942707321144,-0.9729586441234666,-0.07353023178769062,0.1898928483524403,-0.3511019856138765,-0.4550998911261437,-1.9248741973735468,2.202524821306256,-1.3140308908143403,0.24551624403709194,0.05430120027783664,0.15287293745812305,-0.06721690812070792,0.602951423326255
sample_733,-0.46779587157226565,1.4654890125773457,0.04639199493889538,-1.0542128747419526,-1.6904776292634445,1.5347327199022576,-1.0038187719047904,-0.3625420116138642,0.5742332036756745,-1.0161238637721934,1.2520968967923631,1.4791437907654204,0.11610254489261052,1.3544798524643253,1.7097994660173568,-1.377605471030307,2.230755246619425,-0.19865328069707597,0.773096225879447,1.160906184589451,0.48923200563253055,1.796553016553878,-0.04840395588512729,0.7953242946446281,0.6618223416826414,-0.7412474898580099,-0.08714323158022669,-1.619918106358565,0.603856129795214,0.13995869888570625,-0.3509932541893654,1.159927353397997,-1.0536076090600737,-1.110942937458884,-0.8854709358780137,-0.35181818603349063,-0.40720863439844,-0.0986056268979343,-0.8759614305311847,-0.9086697249252511,1.6839813004650743,0.3791448658325254,-0.8886773497684927,-0.38072644104819847,0.7666571455663364,0.37725734376572717,-1.5566691715141205,-0.48919874102166444,0.14879759930694472,-0.06989309079390663
sample_734,-0.6151222773419307,0.6532941434242252,-0.866136086844195,0.23017116348091432,0.7293592148817517,0.8405463027271155,0.36958648592795373,0.33630247919246764,1.6378773393148993,1.806863610514781,-0.828245042551843,-1.7178515429905081,-0.5949402594522011,0.1553669371777746,-0.43919746018476663,-1.2578382355735906,0.5743957305992361,0.7433633970270391,-0.9722161372746184,1.0591088624182752,-1.1663853223056668,1.0299728321546706,0.7311853553785782,-0.12934681898413478,1.3229922030706236,-1.1159031100718695,-2.4953981573629944,-0.8040595179032868,0.2861833114354419,1.0643334582738257,-1.1006798447454824,0.06969118150132544,-0.369525212680431,-0.884566673630327,1.7324868780008535,-0.7814827495229835,0.9291661436901144,1.1048366692860383,0.08788162707864491,-0.08792089071691533,0.9722388937156102,0.419342178682225,-0.7329103279097942,-0.1579702594527909,0.45415389101301534,-0.10183958268527596,0.029126602114911995,0.5736563279850379,-0.6880636595853897,0.07829866666358218
sample_735,-2.012527379358074,-1.303869808476594,2.0128455340472544,1.3557665299458639,-1.4779405506149859,1.3110400607289672,-0.3539372070484654,1.6085306567717488,-1.6278394123049649,0.6501091872398962,-1.1179515532764353,1.8517618237325548,-1.4751277249784096,-1.275363608779794,-1.112091034413287,-0.3072686660853259,1.92566517565806,0.38755268047022906,-0.6595712101152876,-0.4254790047479514,-2.057209035620682,-0.08625589305705393,1.2094111837655923,0.8686771643478534,1.480185609394542,1.4030305085189734,0.70170600772218,0.8533561161820097,1.1554440643917536,0.15907177504017422,-0.11862324314333979,0.12469178911796426,2.2347367130574534,1.2497171157298226,1.226564956654177,-0.20264369321643688,2.40299236273875,0.08749210281927991,0.3681063416516018,0.33349740081456997,-1.3777098056782984,-0.6517106312397337,0.8080326616853707,-0.6646453853588833,0.3977387029709143,-0.24296869694664092,-2.0772992702911774,1.1954221959090956,-2.431041821366019,-1.5558006422844306
sample_736,-2.1138853264348825,-0.4083653919949368,-0.9822259275194448,-0.3336389155107137,-0.09438536140880789,0.26008410206765525,1.3843965238204887,1.184789148738802,0.809534431923663,-0.49794014231086325,-0.44670859089337595,1.2032587895674287,-0.3435623028323206,0.7156916532431905,0.16457996646754006,0.5551851821875474,-0.09644103118655992,1.4992594648081312,1.154409314241585,-1.0627401104885792,1.6864341894192767,1.254699378972078,1.0737187765031029,1.0415343710065599,-1.3675592890078359,0.30049330288411036,-0.8042507474204837,-1.5826677387098262,-1.5194201579296405,0.07953483263253586,-2.116181846609802,-0.6441823559408542,0.8691276288346694,-0.5842808408124869,-0.7983897890829716,0.44488718147678247,-0.6255607159486192,0.15880435957549685,0.235019550011832,0.6247737215889657,-1.1791986046549314,0.8427783543180541,-0.1291954320887921,1.162699015815771,0.04307543643458791,1.2907101500641556,-2.1938531696086616,-0.01298733519453412,0.5319949666216809,-1.302187299777906
sample_737,-0.4157689074392411,0.6974679472146531,0.4437556887909101,-0.6910229694783855,-0.43546706808597135,1.2711844917637645,-0.8303499506501271,0.06686071037222979,1.1250842138865016,0.09217950775829085,-1.4157289644948594,1.3746938156637925,1.87477555150448,0.18974174199352206,-1.5009069204212588,-0.5837823797581385,-0.23901201919287418,-0.2855676311239393,0.06940213650279606,0.7885986937141476,-0.6041246877170852,-0.802174726879385,-0.08617164643110727,-1.417005706347715,-0.49530213286226293,0.4312932657195114,-0.9225093476148604,-0.6266075413184032,-0.5698841938804075,-0.0895518589572494,1.9159971375961133,-1.1654008297940168,-0.9537132280797025,-0.9701731031426317,-0.07405948732165843,2.540225517831654,-0.6939817520333429,2.3444394054892634,-0.949348249235983,0.4986109094518144,-1.2563082534781096,0.8494142461915523,0.1914656184435484,-0.7948573730801448,-2.447881522743672,0.13617686387690847,-0.22005615838830658,-0.32824060351598805,1.9670519789383287,-0.388288953866734
sample_738,-0.7248197223254811,0.042578105615537966,0.730382330310918,-0.3473465352677318,0.45588126982555266,-0.5420581954198,-1.3245580752567927,0.8704497444290166,0.20054471511692992,0.06551078987098702,0.9500178395301598,1.1788757702051342,0.3636042989057221,0.5454848705238584,-1.8362990579087066,0.9081387098351432,0.6627095951163344,-0.8277967179657233,-1.8839843398079237,-0.17900841467641715,1.9583475981357268,0.3987013963610525,1.0755186528076368,0.6902756796514828,0.4327047434065095,-0.14244067102818844,0.33944647519866583,-1.008570048257803,1.0423042365981943,0.17693081055455115,-2.327600433293292,-0.0776103995859107,0.14280067171542615,0.9869794048501567,-0.623249529332241,-0.19510341331787062,-0.619168595098295,-1.5236747390383691,0.5965139158398173,0.41985634877072636,-0.9788305696996703,0.11454126297887318,-0.034998698982794535,0.8502148574180098,-0.699729162849812,-0.4578127951851252,-1.5859884531926118,-1.0713386456316667,-0.14421955060494762,1.3029466661897693
sample_739,0.6761663804825798,-0.6319876128454383,-1.3276266417459186,0.8982608173001192,0.12911785212259402,0.8823817456217272,-0.5340792296183173,1.9487020346820012,-0.31408213078778624,0.9848437449823289,0.3349302116735027,-1.0732302821841473,1.6461842076624567,-0.07334946454985322,-0.39979907703759426,0.18208594370271905,0.20819490624150494,1.379949777128573,-1.848860434991989,-0.8814107988798694,0.982188184854677,0.9234640820911462,0.31485565383640135,0.0006605944479154345,0.21937590435768706,-0.8322963457913299,0.2446455002410786,-0.014577420405818138,-0.023176933548444252,1.9580619233752794,0.4456093747793566,-1.5308479274250995,0.02769007688451813,-1.7941715841142163,-0.9983441832464609,-0.4612608434772027,0.844580201700532,1.0610440284032472,-0.10473786633851101,-0.0972769391669479,0.07542789273418987,1.5802458511471658,0.27018551434028376,0.5940719807782371,-0.5253640366801743,0.3871917732084251,-0.30653764534323596,1.206260678558615,-0.4068694036155999,2.2245410442366684
sample_740,-0.15884660900655231,-0.6452172080453962,0.12731403432189933,-0.12333048411755032,-1.6575354667739015,0.7189619259975466,-2.3845974585938965,-1.099540241609353,-1.619004277777276,0.4441481264592135,-0.11185268242716741,0.11195914372737187,-0.3135280201087502,-0.03980694547539957,0.9771374526633217,0.7270727961635364,-0.9472528079377807,1.119512258188514,1.244120502829928,-1.0758538865186058,-0.8316630563904547,-0.42567036214783766,0.8647844341661235,0.7208389906599404,-2.158089834825921,-0.9199632036418526,-0.1458004869010543,-0.7623556551058416,0.3378564592418532,0.7746192490096081,-1.8043043514303474,3.1219851528476483,-1.6187582690053066,2.7570687719122127,-0.7016761753924806,1.2385582415403915,0.35391932716399427,-1.1289973930076216,-0.8678126686865755,0.12239367780896114,-0.781356867645716,-0.19481040384291587,1.4105431400716377,-0.5508985181372439,-1.3761870928467612,0.5544042429105083,-0.18026919204031988,0.2339591801498714,0.5650570423584358,-1.824603592570009
sample_741,-1.2758117809592688,-0.7881789406724926,1.3499680043471565,1.3472441381036646,-1.6723162149762847,-0.6902029518406012,-1.0824476447749505,1.2238256676993509,0.015969297812182887,1.6182000569823811,0.5181894701821514,0.07578838059495561,-0.11194236493201436,0.5603561773427482,-0.05561715793073753,0.3531761891597584,0.9294501684153583,0.9464034988640614,0.11190875619181272,-0.004872655433234993,0.8268630005690327,1.1546853809324342,-1.9641639563836264,-0.007470802121456955,0.6097015856626767,0.6739252672442702,-0.5929268746647016,0.5425763938788758,0.3827212047406948,-0.8352036434392298,-0.6988148983688915,-0.49442364231522096,0.5076408120598845,-1.243750324602441,0.31015724848875137,0.7538870231808513,-0.054487104871890395,0.9674821967096577,-0.4340747611436412,-0.1923529577630052,-0.11675829539825018,1.3494502268197568,-0.01256749116343289,-1.1946916121569389,1.2834544495133642,-0.9434351463298887,-1.2103457821846673,1.06530734293402,-0.3066175450484238,1.2223268473569773
sample_742,-1.4018033334265219,1.1566334586268634,-0.8911032597886087,1.7906902542730807,-0.9692142744021932,-0.16141448947017464,0.33109978884150615,2.213833654645092,-0.5808456857881663,0.33160798187255036,0.29927018542299133,-0.09424731839874036,0.4948941355319715,1.0968945608244527,0.3564146581906364,-0.23268397564408702,-0.9539974413799872,1.117429870661154,-1.1870626044567971,0.6011488715966123,-1.1752542674716573,1.1324628645348789,-0.09526129064667235,0.8399997339246124,-1.1753232826815343,-0.7275351981276419,-0.12711844144171058,-0.18289426396031633,0.3726895817937096,2.1884311946666974,0.5882843171179238,0.6428396297895029,-0.45872081563845585,-0.3433187317714231,-1.0572065819854917,0.06406275998392369,0.9224649993324651,-1.0313211208765694,-0.9154572608967669,0.7796603007571987,-1.6075046742090267,-0.2960793300437172,1.8964939670070518,-1.3473193111815975,-0.7966458914158072,-1.0681787875679851,-1.137783408281357,1.7484513578781107,0.5445858287173901,1.3392888488580215
sample_743,1.2269362184526178,0.9688534389761461,-0.14941370097503986,-0.6259691541906145,0.8438354320505161,0.7499067540089606,0.26657986992935984,0.14799095093919068,0.004740585102933505,1.2854366179115697,0.26376758108948495,0.5688377304425846,0.69217309688816,0.38831550633444717,-1.5415673534142191,1.1491177620688118,-2.4126008243129125,-1.5240816901771301,0.6340249600438861,-0.32723803269400525,-1.2916530453539137,1.3515570448966145,-0.2836165781884692,1.0654517542729292,-0.1752926382201396,-1.385710883101593,0.8144812307771565,0.9153134463653035,0.653086681967977,1.1060325683604435,-1.262586674669437,0.6216640159793354,-0.526568579786283,0.6649565632330922,0.6313932360538742,-0.6801247931267143,1.0606658397974482,0.4344593938253131,-0.055540706828544846,-0.7933923029888534,0.20725305900986404,0.6906500174048796,0.09919057259111706,0.46517180363543587,0.7167879331248854,1.4167254419696298,-0.6825689195315181,-2.4550636501483187,-0.9525768700804135,0.8967030747445278
sample_744,0.9682781937350908,-1.0473223125096223,-0.638933694414217,0.3311016909903612,-0.5927306664919153,-0.8645148025262274,-2.9054439672149805,0.6794390161261937,1.819881147425281,0.508869927524534,-0.14091390736902684,-1.1760314743852787,-0.11243015272481274,-0.061861742225799335,1.5065539855589627,-1.0833176717820079,0.005994028230420458,-0.13190620889420157,-1.3381066577951937,-0.0034012889853250816,2.4219071826546528,0.5458829739472475,-1.5038140412972658,0.16674511658754268,-1.3750313334620186,0.4573864516812253,0.29739985285332027,-0.5967883022036174,0.4394940575914312,-1.0713848312974465,-1.1321449652519118,-1.4807332721333963,0.7258772518247587,0.9967352056443824,-1.3774349588367123,-0.8929716560372113,0.2717906850355443,1.1141016126962182,0.8507664821391977,-1.2885557457591632,-0.4273818272953152,-0.20762569025338432,-0.24235121052217415,-0.4298147872963707,0.22744963268234564,-0.7939277185152726,-0.08767750530883459,0.37043183101111965,0.3485941692989627,-1.7489974306827953
sample_745,-3.254290770478436,-0.4790545295017906,0.42686501177478936,0.46208810695853575,-0.002026015894395885,0.6640197908597634,0.922638837947581,0.7331820084720277,1.3557422314050314,-0.5843524220118286,-1.3425375065861125,-0.15257666083585708,-1.4986368275801383,0.34561326241418466,0.19842095577098473,0.25302246525103284,-0.806402789813096,-0.3730251156904948,0.4012246127171225,0.04000046712095983,-1.696437070184967,1.343756498721859,0.4844990384299556,0.4653804311102846,0.29223966974936016,2.101126600642557,0.05011586042708677,0.36959545289719303,1.2095247881453346,0.20271854966508437,0.17212052222159285,1.057759337440104,-1.437349827373191,0.7411706223905046,-0.3645422127572731,-1.0968201854051223,-0.5679983130662047,0.8834087218444355,-1.4718696244301963,-0.6991949344318321,-0.22145301626606959,-0.997830330284743,1.37188865884431,1.201169652746399,-0.5663421888779218,-0.9310440783620999,-0.3079836203614539,0.08088690829952597,0.3729127660634396,1.4786429133949552
sample_746,0.43248110338587614,0.999283579231329,-0.5225981202422251,1.4416841204442972,0.8750833176785396,0.463833441232318,-1.967122172887889,-0.5913971665699514,-0.3103833290394093,-0.20133459827159794,-1.8084042338559447,1.432846368582581,-1.0847094657869722,-0.1034750694419834,0.4358930191468805,1.5986256536000611,-0.8890799144344971,-0.34197193332071874,-0.1181140362902978,0.18562630146471276,0.853812038475953,-1.9383013423334299,0.873153363412243,0.8834175652210439,0.13466936247674777,-0.7105430660909549,-2.113599667508314,-0.909050867842252,-2.339640955746749,-0.2473894919868275,-0.5369090590995981,-1.704158238467486,-0.25783112140710474,1.018703412517774,-0.4201656057510134,-0.4408456836078647,-0.5814504309035529,0.40050828712282055,0.37717397663275426,1.8861496368856476,0.3865996447303752,-0.11834483058879566,-0.045186276682557425,0.9997456669989636,0.8367848878268335,0.5991983779443205,0.3742946548285342,1.0895528416247877,-1.272944214532626,1.4431751495763412
sample_747,0.3508842026711387,1.114489738607224,0.1435476141200501,0.6609176196533374,0.4634237225942418,0.9846044365351927,-0.4542054708280766,-0.8326995434624348,-1.294069084923156,-0.40782581328174117,0.5068394330802094,-0.26866836857033705,0.2667915788824737,-0.5310085337778495,0.35134594630822796,0.03668547241828207,-0.28383685916485,-1.19468379163423,-0.11790448197884859,-0.39434304027394396,1.413217288861687,-1.197941131372451,-2.5841008007675392,-0.8961989054760507,1.430891014833693,0.09224830204512163,-0.0052318792797676015,-1.0643983937516681,0.5602538308156242,1.3016741465562849,2.485958930329069,-0.6630600089223946,-0.14870437993027957,-0.07715828980111725,0.2875340400471114,0.5225335822294495,-1.2926264299433825,-0.7212320873492369,2.057252080326766,0.2642373758281795,1.2552628711326255,-0.2263353558572565,-0.1570827318090718,0.17102595754214564,-1.1648309496353824,0.35194938021611744,0.447488630338635,-0.13131986516774477,-0.2934871866197393,1.2007642087170316
sample_748,-0.2971797842570909,0.15642918954387505,0.2574683339299267,-0.9033761890502325,1.2149176178602652,0.6385608519700611,-0.519276423636286,0.01251244419348254,1.0480471196757422,-0.0005641443410726337,-0.9869131814748325,0.7196889160258664,-1.4868106705811246,0.5494703722654716,1.2717981716660494,-0.2772029946649907,0.34910983814682733,1.6899832253564036,-0.8504894552094692,0.14437331758627522,0.15670549143644658,-0.5135981262952123,1.4178207326750336,-1.2261967890967573,-0.503142069188182,-0.9275166142562062,0.9531396367580972,0.35097531266675,-0.3611990841950964,-0.7338286713122225,2.198408161376268,1.212581170309364,-0.13598934808352978,0.10228709145564324,-1.1039837883981751,-0.1864998094011859,-0.01549996894633745,-0.8786714999756945,-0.36590301817484666,0.6349482409156041,0.9047931316530667,0.98716868792214,-1.6760967287125765,-0.25786329223187615,-0.4008002268239534,0.8527380705259844,-0.44305113035288024,0.6533009571056413,-0.5853642916063979,1.5672831446545532
sample_749,1.2581480251793276,0.9675845790710207,0.7897009784052019,0.25886315281279254,-0.43502975462172017,-0.724151894654787,-1.5241811280571578,-1.0542556004062829,-1.543407919925966,-0.05871251764388734,0.2724607416256618,1.975577381482709,0.341894300781825,0.056797996810708636,0.5920400538699235,-1.040386232291348,-1.5668667100571423,0.8697477771291954,-1.338409055449283,-0.6842246665995885,-1.720732031814096,0.3098911829655543,0.9692968323421333,0.573465351215668,0.21235549503247853,-1.3341813353705645,0.7244032574863986,-1.2932395271900032,-0.42488909327477625,-0.7274290005307249,-0.930602499290159,-0.3773706535966877,1.118410058717659,-0.11816343112809884,-0.010056316173235677,-1.4961700637315192,-1.1360897959988225,0.8141871952510712,-1.0115655201110503,-0.9451761910585859,0.7710493210663182,-0.13593058108745854,1.1429619285403883,0.5855121211530556,0.03275081664325708,0.08391337551351709,-1.6106883731538921,0.13186385423937955,0.6075373054059031,-1.0136483570916939
sample_750,0.8981767499631181,1.3693882633079653,-0.1483915872048724,1.3876595920805472,1.441238206427421,0.7825499827515204,-0.19281742362575982,0.416626782660364,0.15454331659606635,-1.0639506656605735,0.3405220078712295,-1.2664649428321029,-2.048753967478969,1.1543100265984805,-0.10454243168061406,-1.2248266659065477,-0.924772530445283,0.7270164973849662,1.337521661322817,-0.7959657152269041,-0.4880082878928029,-0.31665278796801205,-0.9778912386336901,0.025206342708793187,-0.5120072613184412,-0.3544755541455246,0.4206543837459561,-1.5152779480087841,0.7887801463872682,-0.01665397083671843,0.4518607189499951,-1.8862334739980853,0.33438730909315173,-0.1353408356015561,1.2953646439759432,1.4547824811008843,2.364155088863082,0.25817585295582757,-1.861967854257684,-0.030580113120766753,-0.8785063020908918,-1.2227319176818412,0.25953739932762,0.5758345144110518,-0.10091382086800918,-0.7121244243659008,-0.07451738931923102,0.43358556797800385,0.6470322425709136,0.05097407812133905
sample_751,0.08486305966527206,-0.06606702716587803,0.6492956865061041,0.14643396754072419,-0.49246851081161513,-1.579718803065402,-0.10818766724772919,-0.7598261027653264,1.9241921360936247,0.13110610193281522,0.9560481706395346,-0.3986767348752453,0.9042267168711462,-0.7250548876605076,-1.0019372368619377,-0.2216432286070061,-0.23972031572652217,0.03828941531376176,0.19599698368813004,0.32222222721524296,0.05544155640206598,-0.20552880830417566,-0.13055678302050086,-0.8865541341443222,0.33764172068500853,0.07798536082018526,-0.9219702625537869,0.8189522633632887,-0.3416945241411534,-0.5379917551965712,-0.769825927794008,-0.39126466575398217,0.6056138345958729,-2.14394845719591,-0.4251608099200391,0.9248961466151997,-1.2895161123196215,2.7765918600330646,0.04931084933745288,-0.9881439536037921,-1.6169785048973861,-0.36452277151674906,0.3067121311406618,0.31710512461919615,-0.3865774836029425,-0.008414017394295434,1.8877309208570432,-1.7771372565479324,-0.32236075407009906,0.3966776968455486
sample_752,1.3925365296356123,1.0355146203531918,0.17211747415714773,-0.518618223965677,1.525766797293758,0.3081892135915902,0.24376274416766133,-2.151370441088448,-2.8444964429739157,1.0834604988206065,-0.46283975212619716,-0.29786046381386,1.1073929045023714,1.2951367805531537,0.23461138922488625,-0.49874887526100636,0.7394601297381022,-0.6274344682264755,-0.45211758287633286,-0.39443962107279795,0.6759639838626126,-0.9873771953749837,-0.5829326183479477,-0.6147562550222941,-0.5900038674324413,0.6325022335976647,-0.8035651939618497,-0.3236145811924099,0.2608020491605492,0.8316757449131972,-0.4067112218650297,-0.3568214068232235,-0.153264643865647,-0.521903482207917,-0.18904856101749148,-0.5817983297156715,0.21047329407726595,0.007011140266923804,-0.14244442662430246,0.28413940227845813,-0.23514082063725966,-0.3287234965578626,-0.9086456454718481,1.39335218120215,-1.1707764861041614,-0.35669721707224267,0.3502944549362817,0.29456879303568445,1.617558605605308,0.021132113126562747
sample_753,0.12504428229696765,-0.7127525634894063,0.9308968222097818,1.3290850194542374,0.9769224556950571,-0.29557112604422714,-1.186038713735923,-0.6185187588214223,-0.8132071460514452,0.23342969910198497,-0.4689372125641837,0.7540599255060613,1.4046560041665377,-0.26094105968068015,1.1280419184674266,-0.05826530554389554,-0.5305831887871404,-1.0362547777625666,-0.9066897883980016,-0.207311030007684,-1.1936956043920943,-1.6045292758118914,1.4153230058487327,0.649820585200945,-0.4044328933455149,0.48568016891616494,-0.6273853176444348,0.34282513293868005,0.644414202593175,1.0747012142354866,0.5174742257051226,1.208071010270289,-0.38291123595169047,-0.0799202547033017,-0.41000373909977933,-0.4029890549144996,-0.8282097151643297,0.3279202198774694,0.2644472419863491,-0.500495373296298,-1.4003766804140727,-1.0018665646584473,-2.2049443360341967,-1.3440336158019235,-1.2145317793811519,-1.3644340867990126,0.023460630990562333,1.5551571346182722,0.434906988038277,-2.2210830791258576
sample_754,-2.079142099959446,-1.1671363057295183,1.6456218040012562,0.34422388105825996,0.29737933291874186,-0.890147036406163,0.1853906692692135,-1.3293002055905114,0.14226466953778522,0.7635868677663962,0.23813414693193496,-0.48445882790607886,-0.37208808323994086,-0.1876913923827364,-1.5919776711723508,-0.04227317064027251,0.6507752820937455,0.5007488646651542,-1.5205823304191066,-0.42229518462920856,0.012807372157348172,-1.5490301889718998,1.9012999084044266,-0.371514002694817,1.5140126191200083,0.25521898126273856,0.07913522371108994,1.3480216254271458,0.8184736018230403,1.1402828139542496,2.1998837517830423,0.5041138467514429,-1.276403396545969,-0.20315584118734903,-0.8839443602778961,0.8080053018530535,1.346967929272138,-1.037687747443028,1.4701408342725315,-0.3607448898127362,-1.2841962632828552,-1.3186515798491365,-0.7734656587736952,0.41856147582542874,-1.3374849411791145,0.5312394494177791,0.9100757340693526,1.0603978260493923,-0.6801956235706506,0.9195011922880297
sample_755,0.0572241749394807,-1.9036634751161379,-0.19257891340625122,2.4797686103622794,-1.2440999517637032,-1.0539017309952565,-0.497070736290344,0.7308562967373571,-2.1704664879606144,0.7875877228537487,1.593293802982808,1.371613897284414,1.6859093441154118,1.3690196928439125,-2.636492529968858,0.56844541101716,1.5828068134909334,0.22308417928824342,-0.19490580903819188,-0.6221323455240209,0.38949961746089246,-0.29573216741536945,-0.3258363881736124,-0.3235407303046256,0.726380343959375,1.4894067110533884,0.04118514459907385,-1.4892958717538078,1.118241452388666,0.5975051402022225,0.2837872198966385,0.27663033590488406,0.0932600460757192,-0.9477068810996451,-0.5768305815989558,0.39639899359631287,1.103842846603895,0.07404491894478477,-0.903219008247353,0.3586658642220879,-0.14804359335307152,-1.6505299798546307,-0.42656184140121167,1.3573097526252638,-0.5059720697724481,-1.1911127126156358,2.4684903444814887,0.452832571545359,1.0071329423467756,-0.2681060579416972
sample_756,-0.9307422734648375,-0.06037585743625754,2.169848316713868,0.03542092283501299,-0.3692603393121959,-0.6181237126898738,-0.026152519124768424,0.5755705444105609,0.3680821953402108,-2.14124484453275,-0.056166413217703125,-0.39629279616836655,1.0525206265793983,1.1612001404517316,0.3165176022863309,-1.0656329975362213,-0.5408964533348806,-2.228385522187602,-0.11000888113022712,0.3365512798822581,1.4844950007583684,-1.1041972632963537,0.20182839608972525,-0.48371730521605455,-0.864773575999743,-0.8292244743183439,-1.13808370323774,-0.6647905001415796,0.42417321471381014,1.5796850126303064,-1.249380829447505,-1.4236112088963009,0.29845705168496756,-1.224786621060587,-0.2937496438897859,0.08817592723189036,0.1302311294005694,-1.4003789457873381,0.08737330716568115,0.7833187911233475,0.030272742952857434,-0.010985503764150577,1.0913563914698472,-0.6102382663144492,0.09733455778539407,-0.3350425332930577,-0.6531678782805574,-0.6547702340036531,-0.27992015758196953,-0.7632103860769345
sample_757,0.5224562487763716,1.3939923354860355,-0.7361572035346662,0.8057942685197054,1.7349991027583376,1.3589595734059148,1.443085853166777,0.6208753825551138,0.3072393579374859,0.016089725221529797,-0.057997393463475794,0.495885927586029,-0.3711905704585292,0.7811080459512653,-0.4886947593377549,2.07329761274865,-0.2488856819426423,0.8853622029497402,-0.1574462868557827,0.0995133935572427,1.0592160328291904,0.07054047098492278,-0.5964593004179278,-0.46221180266645473,0.6526443949841846,-0.0625168663317893,-0.17198275036283203,0.9785247935711412,-0.456895553699449,-0.8330946265981851,-1.5210587542800509,2.0438433856693967,-0.4980980581644437,1.249857081214744,-0.3084643992446726,-0.9954636346146636,1.2048397931484873,-1.7525552340381567,0.9770434026078759,-0.5264232842228886,0.3478423742278395,0.0599423586829197,0.8135546933239578,0.443011378544575,0.3650890287380424,-0.9151594999324663,0.5846976995109706,1.95565864450195,1.386332478768001,1.0031068706176731
sample_758,1.4993510107811028,-0.6340831053868454,-0.927340311341442,-1.2010691505293762,0.9590438841082376,0.9868818678056716,1.9192426969635732,-1.6691187995455257,1.415663690760573,-0.06839996147664124,-0.7366381494945657,-2.2484118846052197,0.9114111726162963,-0.43802920659144906,-0.5443359094261331,-1.1466961219876477,-0.5054918876286565,-0.5346238335792386,-2.6798897105062376,0.6851402396472545,0.7815355424996732,1.8557914179963604,2.0189609906035932,-0.2180018075129323,-0.6860742225353808,-0.38803272966637825,-2.3240405357327636,2.061263873349311,-1.3499995768529356,0.7412646792896679,1.4009465149662672,-0.016338279161168822,-1.9608554618973588,-0.13741730206116246,0.6476350526685795,-1.5541145326481716,-0.6273294397181446,0.836407628374049,-1.4626969117598054,0.9758092707295865,0.87338563204418,-0.6539514260501138,-0.9574753268778686,-1.1580048840822654,-0.9595346414967687,0.8666520552474866,-0.028991491606730736,1.5784620864524996,1.4457556635012063,-0.5681222017744735
sample_759,-1.2764293153669954,-0.962156248943461,-0.6321605489085252,-0.030895922251149354,0.11953259549808978,1.8841047243881974,-2.691874155675473,0.8879865606021834,-0.11758492622685741,-0.6937408938347099,-0.6167591697902489,-0.5156053618195597,-0.08002755650941848,-0.16162259533439635,-0.4660685085936958,-2.3050163057780875,-0.7853364044366616,0.622037372439295,-0.9654709317777516,0.8988500906058989,-1.344493513410214,-1.0712983596836283,2.299793181433924,1.4610942561249107,2.5700983294095883,0.5766001740618396,-2.307697154039006,-0.5920997647500477,0.01284800051407006,1.3616238924318467,-0.22697146917669941,-0.5451404468888132,1.076740340000593,0.11236573113944587,0.3629722860887397,-0.6720614842280889,0.14643855739380104,-0.5123855990536434,0.3799803064471205,0.6382220328020778,-0.7159140594108546,0.32190637146787215,-0.07995769364216529,-0.5468710403487272,0.4803643426174049,1.2007669666713907,-1.3293384714339933,1.0029426576703344,1.254354863974317,-0.05222320082465297
sample_760,0.9909309434124544,1.4529873560646869,-0.1242662144756821,1.5685411470600668,1.3408380694373814,0.47791823773876696,-0.3712154573059751,1.4772783043745377,0.518169792063974,0.13628108576461867,0.26213279641021725,-0.020597880483637875,-1.5865409011854847,-0.7942192319223176,0.6614862984622268,0.244352499765933,1.695682529716535,1.167789209542777,-1.6830938727555058,-0.29873470815947833,-1.045824287248833,-0.48167846476118853,0.2436519279897215,-0.05396477195806342,-0.1176170071204339,-0.04829504474236349,-0.6606740148402638,0.7144746613490132,0.9366973382502348,-1.6121780612412344,0.4201671056800021,-0.4908131588113337,-0.564082836177967,-0.14202856475536083,-1.386344247542128,1.5555852352779136,-0.53648526101591,-1.1092470524615572,1.3177866531800122,0.6370362748392753,-0.6213008725194445,0.9333071082931664,0.754572921260152,-0.7856252065578422,0.20715937742733304,-0.10502833685607978,0.5737721451366692,0.7254287918194704,-0.19259678295001365,-1.3128967842913297
sample_761,-1.3608228204668034,0.41479068801337454,0.14075964524630383,1.0539179003518686,2.1850023028226477,-0.5623782838683267,-0.13656891587699152,0.7786928257543541,1.445580273522148,-0.22514451792040022,-0.7310351711635671,0.9857178432683641,0.5316451649836883,-0.7274658072919257,0.3497403170596756,-1.014663609585946,0.9414035223140486,-2.1279896681641968,1.614658313230338,0.9660393626923438,0.7645806217578356,0.701187503205333,-0.6448462196641175,-0.3763721917640438,-0.7160249714683334,0.34778635650823764,0.5592781242384269,1.0092214417951062,0.12851757155013785,0.4478167609755476,1.0395471755869934,-1.0527307952623903,-0.04603156334088781,0.09436907574958878,-0.31981663342363814,0.1649434701922593,0.2261611235409303,1.7926757384941874,-1.3437001943858697,-0.4169280839426505,0.29416786771910963,1.4727543517458568,0.3470740922264552,-0.11878449334872106,1.010610927365457,1.7328511592903098,-0.8372078180486838,-0.3761737920716348,1.6880288890566724,-0.007342426046250601
sample_762,1.2737101771841701,-0.17712087784798652,0.0011751183638892264,-0.07420344629977955,-0.41967294157070273,0.031623601493657394,-0.32668905966176054,1.408562210034071,-1.6644248105554578,-0.5102189846387696,-0.24265808321989132,0.8406048970961194,-0.40773068231417914,-0.9199112081704749,-0.7094573740542234,0.48968881861533986,0.4959002116552319,-0.6190668301842177,0.8033975424134004,1.0235452004380725,0.7645045543331573,-0.7412540997539286,-1.6471914324047974,1.413452483577413,0.2725437290118724,0.7923402017118646,0.18975653245174148,1.319326230970016,0.11095956269789625,-0.34620881396643455,0.6488448544398064,-0.5087988895439044,0.41594627861551714,0.509575575610498,2.0834544857977106,1.5785926817688396,0.17605941133198466,-0.7576362411832981,0.4780011291626453,-1.8187799717913296,1.1146336826596384,-0.2680192923668037,-1.3474888071582447,-1.0062482697242678,-1.5266589403555488,0.6717733056227978,-1.9861276525472529,-0.10972413828427269,-1.220424684811088,0.5564454919440469
sample_763,-1.0620530660032546,-1.7871400535976554,0.22369869261402703,0.7787880450545268,-0.18610730229180708,-0.8981140632536748,-1.1984633551014126,1.9010793732697409,-0.317914632039097,-0.4788741592952839,-0.4878276995828121,-0.0778983719475466,-0.3928952394544757,-0.144647994496856,0.9515270042434323,-0.016314580132543725,-1.771935773553467,-1.8911233351107455,-0.7396706777450811,-0.6894428739470808,0.18822269253320956,1.028283642194228,0.7122352861527548,0.5445234095848934,-1.3923230269035152,0.9621947290238042,0.7856854538541826,1.5100500322325705,0.030946760854191947,0.31449938746499184,2.3501977853302627,0.5670544723167157,3.023314165106287,-1.0866406437685745,-0.14700458396048421,0.10524709803644101,2.5121090014426657,0.2614788394413954,1.0465986257382711,-0.2138507374378748,1.175501066656496,-1.953642371371973,0.9759204968618508,-0.15260905302614486,-0.48170076791309646,0.5222598838154296,1.2363652040876063,0.5032012368112724,0.7475232486829753,-0.01826966376928667
sample_764,0.28099225864571475,0.14995786525963276,-1.1507791106053837,-0.1002276455307972,1.1778732580593843,0.5035475628908754,1.7073849686135991,0.06538696279561433,2.035873054639371,-1.5532525462353663,-0.11749837180110978,0.7873489850510165,-0.8670758636034814,0.5394041647016842,-0.24380257643797762,-1.4472545167198902,-0.3485351637787947,-0.8953424513065096,0.7021017617085393,-0.8053004404512722,0.5715374079576412,-1.3276697342694659,-1.4872100365840368,-0.8947129622705992,3.167363050201032,1.3997112706636385,2.1954631212479283,0.1469450658665306,0.911762885424709,-0.2156094574190763,-0.11975009096524075,0.3581109924516893,-1.2583061071354738,-0.1915757769118555,0.07637243168592756,0.9652034224179239,-1.056686067473695,-0.8676507469262248,1.924766045890356,-0.5319870702982413,-0.2621758130782901,0.003923315309053754,-1.2248485818109955,1.1489156568672467,-1.8992036203592908,1.5847338240693427,1.245638477560766,-1.283060071516367,0.10635458759973851,-0.19657581575458177
sample_765,0.2081414384624237,-0.3284773073460125,-0.20323023115173539,-0.5358684819377227,0.25003810059426007,0.9001679491004848,-1.1171273314598316,0.16533815718042424,1.619477298298502,1.5437716978025775,0.008892713976767413,0.015666203480851352,-1.3713464042654337,-0.3798083027315101,0.3524392496155997,-0.47389236568477383,-0.33615661791157475,-1.788525612146124,-0.5673049707614367,1.0223170590831925,1.5172239934030103,-1.1404873219400105,-0.622130671578857,0.37918032334025303,-0.11038894500278128,1.0668731069939545,-1.6243629871834024,1.7964157244435448,-0.9881290620648305,-0.9517969774238861,-2.281103849925813,0.41561228626931684,-0.5225768211790865,1.4297455254373237,-0.8667644169672966,0.2657759043911266,0.14804189042598673,0.7785355847857379,-0.9164120283818171,1.0341210316630567,-0.037531259946028586,0.5448971040780537,-0.8453024242951696,-0.35179693970856074,-0.305915010967477,-0.8234994062714023,1.0534370272146405,1.016565634965704,-0.2264325383585755,1.1292233994214553
sample_766,0.8666559106484427,1.180742105256055,-0.5055714018928233,-0.5814864825081092,0.7764015701302511,-0.3838188346285238,-0.14700638729318463,-0.9257026565701193,1.0471496876665267,-1.8111588739190234,1.9212816312387246,-0.2188405296529082,-0.07283438900791316,0.6191136162286316,-0.02344828889164922,0.10218614722491541,-1.3645750997205723,-0.18711019221915662,-1.866919998285977,-0.06261841972888842,-0.2681128398922516,1.3146842530666318,1.523414438427101,0.18085477287809856,-1.0181115161730736,-1.2891777119377907,-0.15180586633187354,0.13739547266189506,-0.4468893395081058,-1.3870521271363347,-0.9789911168841668,-0.371145532027397,1.0813332275498875,0.30988313510493315,0.9242706708936183,0.8435028227510544,-0.5038720372532666,-0.9671588573013438,1.1777524344155539,-0.36250365651145855,-0.11570099584609289,-0.10367112555380867,-1.1013923555597704,2.24918480953826,-0.5854773488783072,1.3951599583791452,0.6434515571909913,1.0741417937505,0.7667163311708378,-0.8098881288986646
sample_767,-1.5846643446721125,0.16446176883123187,-2.049737559865199,-0.032687947463684884,0.19445560201150885,0.34116303290546,-1.6965906986697203,-0.5275891443909323,-0.1820816297140069,0.6673885613534976,0.12864650757338858,1.9271176472490708,-0.7839777474127733,0.35652735985418876,1.0927240387725599,1.1107023079964877,-1.5706912287508954,-1.0636825265090935,0.9549385268237528,0.48658893751228516,0.14848909462974033,0.30647333465607235,1.3144189712026308,-0.7656692961066799,0.8179197543320388,-0.7781286562502119,-0.5463309646475191,-1.0391824457387557,-0.15200446487287478,0.11818600067405989,-1.4301229127618627,0.9806703564380297,0.22537553785470166,-1.7152756240061167,1.3978405729531573,1.846165949236048,-0.7453207704685633,0.8046100361033862,-1.3772612899464758,0.04812273382630224,2.272481425381267,1.334948030261682,-1.1579020750490543,0.7723735441892315,0.8915887984211432,0.4998681243039213,-1.485257353788314,0.28369208841745547,-0.7341806464979137,0.39776542683555854
sample_768,0.2896237737977859,1.1197373472185947,-1.1432600768157497,-1.1499976569386239,-0.06929738024050701,-2.1850288540833054,2.0141714885993793,0.7110168314969348,0.25803678205872227,-0.6756682449801502,-0.09347173999635044,-1.0798321172060452,-1.4170626436272802,0.1854807791442648,0.49429405537573584,0.22026050438956057,-0.8659494132634855,0.6920702183292154,0.4656761538371144,0.33082807391148655,-0.9814012583646641,0.03902754327866419,2.1195345951332705,-0.4875023344546797,0.4955141931377543,-0.556510270096684,-0.9087220208468411,-0.8332609049002909,0.24841914263519907,-0.4045255443033485,0.6515417701613941,0.15578362853403274,-0.34743892935617476,-0.2139065940438415,0.6879238929005382,-0.16854399641471388,-0.999134053768028,-0.005853590360999093,0.13357419060228037,-0.7773357095362388,1.1011043296626428,0.08256336751778888,1.1552800108370156,-0.3188368000184606,-2.1339171765710914,0.2083937127966455,0.41433488929626594,0.6092031454367138,0.4163886928036675,-0.9167768309019333
sample_769,1.5337581490954875,0.2684932202120226,-0.2182011428072259,-0.07518009150463521,-2.675943532089921,-0.7565494316546697,-0.5134486494886554,-3.418673763558653,0.5953745197691322,0.11742503883072164,-1.0621815226349627,-0.7194355114721691,-0.6667441192598365,-0.19247705848824473,-0.49091680534403154,-0.21464023697684512,-1.1213924972952218,-1.2637869048574926,0.47531200440877164,-0.8734682838273329,1.5260316867000687,-0.6514036228784943,-0.049912169103804464,1.5056351296084254,0.37895542403839366,-1.1989622460984448,0.6505638969592388,0.2806047202920002,0.5433260029429351,-0.3379167357679961,0.19785475822516477,0.517243366598271,-0.8167846829058935,-0.2015832163442993,-0.641349531735196,-0.032818094561217016,-0.12681295546635143,-0.2157616806332362,-0.8531457805944168,0.6030122102436791,0.4408009449386723,1.7389112287638673,-1.1784680064531676,1.6860803581347494,1.5515925698071824,1.0172011031033947,-0.005845860830819849,0.013489739566074929,0.3322826642143303,-0.4612606959851416
sample_770,-1.4275383709006306,-0.495931533269553,-0.004653085277172455,0.45801105110259765,-0.4729005029266384,-1.051234390237836,0.06854424542634303,0.4510509045877356,-1.2914519947793097,-0.000218690447113963,0.7548691346398283,1.7723028802079803,-0.8715912045218326,1.7425323450568226,-0.2468593833441839,-0.36944238940244417,1.2546654853031745,-0.026383403946268223,1.1957941264288345,0.3203949494542638,0.5875759664653077,-1.0880185799569269,-0.4424410182349728,0.4442864398810403,-0.4136545093651434,-0.019851172049297663,-0.0958672764291618,0.0072164508532759014,-0.6211827252763696,1.2311917300719175,-0.908156213941437,1.617224669956753,1.788544421727842,-0.5148297547648426,-0.5225127121528481,-0.44620215453745016,0.607582067212295,0.36720876663370633,-0.46891037036163696,1.1115455267054106,0.7640113016231189,1.7703849479751979,0.7194045703328232,-1.4204670860521382,0.02529132687298223,0.6722766839794058,1.68101408890451,-0.5762993576598756,-0.36688255911879464,0.9746263009003767
sample_771,-0.9462556891354479,0.0220692232199042,1.4421232704599836,2.623932105117998,0.46641265344263116,-0.0647762096413643,-0.21659807562668798,-0.6867397592182547,-1.460384162343209,0.06834869774740314,0.9576756811859323,0.7716716620654882,0.725975108112717,-0.44659857843093903,-1.5411851312175253,-1.0833380677435693,0.36861049213443214,1.6996003289071946,-0.7122558956127848,-1.2830463419732243,-0.6123275680166773,-0.4426657219215175,-0.3489530636568911,-0.4019534416857026,-0.9721499210191173,0.6604072186885791,-1.1032106924187661,0.08790067666153603,-0.8858665002191075,-1.6699717383763553,-2.181033713996619,0.3014327506621259,-0.20879962117151687,-0.540045296815158,0.02977389859778871,-1.1912510958530287,-0.2275415061554954,0.2684773960121918,-1.4308893426617093,-0.5259915747737349,-0.29957376795456914,-0.5472294730892822,-0.6066792473200138,-1.2420706765681964,0.5982927414438334,1.083547725212957,0.7050502810182756,1.455968083451658,0.0788648989044996,-0.3038109058367897
sample_772,-0.07197945761946935,0.49684776303765527,-0.47019959202729417,-0.3687028701937982,-0.28805755286606854,0.26985836202998253,1.4269373529073497,1.7907610498310669,0.48997974944453604,-0.48346559517333143,1.2369524560175624,-1.8097164877916763,-0.12831332743560558,1.3211471601622733,0.1501107180376226,-0.4766880857284547,-0.7790101214695279,1.1405775104671243,0.749322303749884,0.1736691215215349,-1.1026894328787535,-0.06117859556503497,-0.6760191071087822,0.7795060684556155,1.0885113807778144,-0.6530999792712849,0.5213671133146321,1.6133107094199979,1.2732537552990493,0.0830518100163695,-1.4906508989722431,-1.2471790488678491,-0.22098838756542,0.023308943014566243,-0.3734115302899626,-1.1876239884939404,1.3889186734460246,1.3553414200002114,-0.6946355758948232,-0.7278680060672273,1.44372691837783,-0.5595824631081211,0.7176049100612873,-1.0095714429086728,1.3306651890860584,0.6624859600959199,-0.2703378015079252,0.208601822808576,0.37232849233280935,1.6257873434469718
sample_773,-0.6146270184714323,1.0951554317743455,-1.4789762709875618,0.00027240813183389333,0.13818150537519477,0.18693839692848863,0.4820555694363336,-0.3123711483267077,-0.38801677115647254,0.8494361203832108,0.4955983007485301,0.01042934220156483,-0.5348414461953961,1.3876675357456558,-0.49530535524842983,0.004327946352181961,-1.5982138699672517,0.5944043779018774,1.8656729754787789,1.0871953586022354,-1.9370206081167596,-1.5820707432015815,-2.846643483288389,1.2567539149913987,-0.015345245735966068,-1.570984862028604,-0.9145561711355735,0.43075758757621796,-0.33069207987514526,-1.1529656445363794,1.0461205782049163,-1.2511350371819066,-0.39437424668021814,-0.9468136427241568,-1.6018567311200944,-0.46380699984370233,0.3003596174662957,0.9280541632722555,-0.46148279622187105,-0.19762054991853545,1.20846672391573,-0.3230401127093179,0.8152833801006106,-0.2586440192909259,-1.5462022478660908,0.9547214373199736,1.0480299575458827,1.5231233711907584,0.6041711111164888,-0.2645305940406472
sample_774,0.8811274445703258,-0.4840650678686654,-0.5696113216569565,-0.7467243076941068,-0.11944962684091318,0.5967250319287617,-0.8032546400551283,0.19775367052977022,0.40199403680953677,-0.06051217398446979,0.4286919115363894,-0.24146178553248476,-0.1883114491400985,1.0032315466409387,-0.3187027551368826,-0.1953423149348301,-1.1905147979483994,1.0386937296833316,-0.7421361290787395,0.9020131128382644,-0.8731769839369852,0.9731816675132791,0.15071647218379747,-0.8786496050706258,-0.6940422641033946,-1.4161781675309848,-2.1422910442354635,0.18784771288807095,0.510001172786209,2.0728299582392,-0.4206096425113287,-0.07837356248653807,-0.08415904517268036,-0.2611606296959986,-0.14684750647898537,1.1219705301430836,-0.8448502024659575,1.978491052775757,0.5787112545199772,0.37174713209451793,-1.384632691748838,0.558246260158519,0.02249392888788912,0.01970218358366009,1.1220066166783074,-1.2321005679534878,1.1632378665325034,-0.3632873115917629,-0.44849336767833176,-0.7164536870860861
sample_775,-1.3387782503761045,-1.3432497245985782,-0.963299358728867,1.3931510766933775,-1.5528799345831337,-0.7827190778239357,-1.0367803790183172,-1.0767361443529966,-2.314157417897347,-0.6856945813930464,-0.5963660088789404,-0.4642874207544413,0.1860034767292907,2.0582096650168182,2.4314213120569517,1.427597622306188,0.3808420774772191,0.361411340279181,1.9985856452940707,-0.3944083020150513,0.6405578853088987,-0.7716664239525246,-0.5834826411588562,0.026349668964455796,1.1932971620684096,1.1429863170955366,1.3697414421876326,1.2304574172044966,-1.1642379519954842,0.13925493466239353,-0.4051469580124117,0.4907603906749222,-0.45837591796320787,-1.1253702388702576,1.6927926858244686,-0.2857837580452191,-0.4689015384662089,-1.289039369375777,0.2814835495079977,-1.6271363118408504,1.3309931634424355,0.6351572007633791,0.23856132227947655,-1.2612015042967597,-0.26527470877007003,1.5053895756426752,-0.09411266153756584,-0.21625536267204773,0.8471710345771938,0.28859803160052316
sample_776,0.14115290549669607,-0.3335482379074834,0.20994431899342786,0.08996067324085225,0.43458041750775245,0.12396606800260174,-0.07723879103518438,0.45200212826653063,-1.3326746914189835,-0.674511563869988,-1.8456302228859918,-1.6875752914941868,0.9915148887533763,0.9112419645584073,-0.943745355222825,0.6461861972708816,-0.17029455743223634,1.344795657700293,0.7664357802263047,0.7363173620391827,-0.6562125267261383,0.40323525583253583,-0.127762108187171,0.6132568178783161,1.1478912067885982,-0.38058862562940793,-0.4795505458878057,0.7604293338008807,0.5993174348834515,-0.30603410892649413,-0.23488408018766363,-0.7010285596542214,-1.4020859085647273,-0.3735029762665736,-0.5025827399272079,-0.7596273239547129,0.669197017979508,1.276382839777354,2.2536582346859624,0.13238817107616388,0.13002401141898018,0.35982633564448213,2.020768162504622,0.8931342034546369,0.9275665078123204,-1.314780960003907,-0.18250556072905263,0.5324389059794135,1.4799010641348058,0.39046424203122554
sample_777,0.6546165813992477,-1.5254600545732298,-0.829434321261757,-0.11702209703566577,-0.7415391399981626,-1.2305778620310392,0.3784508740092352,-0.33281780637048286,-0.007516404847673674,-2.3024900957545684,-0.14005365760282457,-1.5769719213509712,-0.359235707772267,-0.4726411797140806,3.199245274536195,0.021312146624121692,-0.5696205278243845,0.18301584026205348,-1.3654019608370382,0.7490111577956597,-0.5375541986848438,1.1665887066044696,-2.2197187643657585,-0.6285652167604917,-1.3307723104893494,1.2675269044920383,-0.6368692095529856,-0.032032292929047704,-0.26951939709827244,-1.441101158559541,0.16621972997324902,0.8528845906054967,0.3835532368739609,0.4205547767740408,-1.12141279122433,-1.3554316398002537,-0.5919399932137163,0.6483738387398583,0.20097972360136931,2.243643736555391,1.1631941602401314,-1.0237898435354285,1.7337348332106426,1.1622961260782996,0.7754256553353444,-2.230314518739467,0.7192402776145382,-0.45363499679227975,-0.3748782687276129,1.0012677308671825
sample_778,0.18634323001028752,1.5179920512910166,-1.6317012187432154,1.3254614049402087,-1.1219744489307308,0.503271945073434,-0.47939330155336224,0.25657355810817656,0.5232477842934604,-0.7875536586788874,1.2342721933227134,-1.9247315437742292,-1.9337499226509562,-1.3874095271344187,0.4592488259927943,0.015203303669432481,-0.05120276956209685,-0.4412265286926455,0.17868711805111534,0.12544153891713591,0.538445105018426,0.012398371018056832,-2.047584359984769,0.6636680015342609,-1.6999301054799174,0.35000181456670343,0.7381201156703626,2.6022210898109845,0.024171333655952514,-0.7153746097664745,0.19898101547363292,-0.9608656817173993,0.8526360481638332,-0.714668769830748,0.6640918058438285,-0.3552710502778789,-0.11008653797332212,-0.4346586216325645,1.3669370164771655,0.26080149374280626,-0.33447950003441607,-0.11801995670969667,-0.14770678809628807,-1.0560226821138634,0.6718842049156282,0.2919702816229075,-0.29887073023370364,-1.9131844188290257,1.2605063978266833,-0.168493814398533
sample_779,-0.28766342982809706,0.28528668806363616,-0.20449237880640211,-0.9885144782240346,-0.8154191849956585,0.20742232523941814,0.45786899027711675,-1.8230854642045322,1.0263108102447362,-0.6400689053646492,-0.7552032313898656,1.131395902155513,-0.1751117582651033,-0.27092391788776793,-0.3624869889254344,1.042648345280066,0.6948231778423023,-0.30755689417039894,-0.6581793993745203,-0.5172441872498779,1.3624673986902158,-0.1059794794841986,-1.9564086686192377,-0.8442302057125959,1.7151348917819471,-0.8059876621371221,-0.6076526764942448,0.8935776531788125,-0.5288817459635565,-0.9267015405511151,-0.10070276016597708,0.39947384672848385,-1.0279603844762333,0.5255223916399908,1.1983769643754507,1.0303720394837035,-0.06197477803560593,0.13885518123239238,0.26939796694473694,-0.6279206632136545,-0.09422545827826999,0.9465813767424194,-0.9285042648465971,0.12984408297092215,1.00370470450091,-1.4310630469363204,-0.39059124832715725,0.786557155977064,0.13256658052033315,-0.6492330734012735
sample_780,-0.47294829590520576,-0.9445885315750401,-1.597650469706447,-0.9370043609042757,0.7240279333898954,0.77428138204049,0.45046092543960475,1.0872120980673432,-0.44847934649727256,-0.45229112102207175,0.06850871685083984,-0.8385850573026817,0.4735429646981713,-0.7285877411762521,-2.090335758975596,-0.0860450143462276,0.23049912601061237,-0.3797411560120315,1.1310335740448996,-1.0752760475389913,1.334885156037906,0.002376388059895521,0.4169767344451392,1.4230812039580356,0.10392875293179124,-0.5311351450162889,1.5680528767053759,0.5214020438561141,-0.28718979363461966,-0.31822652163372595,-0.49605995405976,0.9248830324360969,0.08448845178435711,0.3441282252541901,-1.4698621482114693,-0.3432259374650716,-0.06167387963320497,-0.9663374158555632,0.2967741252738615,-0.9189132394898255,-0.2677634467894857,1.665074907773729,1.0192627729407668,-1.777888321984589,-0.2716904682626559,0.6140371257101749,-0.8013286141362453,-0.1580366239755045,0.24837897485702123,1.0857157874431231
sample_781,-0.7465063600261781,-0.5213208618861722,0.010184300519265473,1.5645500505434236,-0.06342971621481153,0.08621977241353043,1.297560092626657,-0.6551947718272677,-0.14158422441426327,-1.092368497668149,-0.3976893337577028,-0.596344896223878,1.6571284549574248,-0.14510070832582952,-0.6147308277556538,0.44404616035980304,0.33176517430358365,-1.2847601317813881,2.791692562625847,-0.4847883466355877,-1.0151292000893217,0.14997502473088806,-1.2829258256480225,0.7803494016880732,-0.6600444674555767,-0.3927933217361425,1.441499504133435,0.14585008104882108,-1.3270704543852703,1.6513361105799398,1.4094369676735639,0.624726943917039,0.09388566230114778,0.28196306065425536,-0.9542832012576594,0.6539819617268186,0.6160205049038131,-0.3157303149659357,-1.0018966364241677,-0.5915502187717746,-1.5225963138214509,1.328427811403434,-1.041728964833766,0.7319634024035778,1.6139046975285227,-1.870836342890545,0.24423410071834123,0.3738010051730832,1.1397891881604665,-0.5504372291519083
sample_782,-0.8116217315530508,0.6324783096562406,1.9593932646596355,0.7813585966788597,-0.6453943757026153,2.155647298948382,0.04625534012811758,-0.1687013884876674,-0.24494809070532417,-1.1344295413776329,0.33618862058504884,-0.7359448700456247,1.3869850982092709,1.7415519556687507,-1.198463690299523,-0.15641707435608287,0.878330385215892,-1.0274512826209659,1.5238802504254139,-0.5330886221085147,-0.23958944118144151,-0.25152673579696067,-0.7529682574943177,-1.2214089383589428,0.28155651902278017,0.11388126950341827,2.0120646385017156,0.03022162133649869,0.5083936785003654,0.7582551515691456,0.4077434464391064,1.289261631957062,-0.541697890311536,0.443667374218915,0.25334124784826606,-0.8903327957743145,1.879418996446916,2.1376559746533284,1.2226187917219051,-1.1911828930852217,-1.3511411481197553,1.2536606003428783,0.4228392282844061,-0.16768959364464703,0.18799606876965336,-1.3079639629094972,-0.7120955278125112,0.5828630734470617,1.3540168416703953,0.42376150876285723
sample_783,0.36323338631601276,1.2997052175179478,1.749870043701167,0.4516964190539774,0.4918058626452399,-0.3716604771411688,1.4444713269384213,-0.5112205915348785,-0.24681847107888824,-0.6351747982374939,-1.3563259519388433,-0.04284486592876945,0.42895537208865686,1.3521323240785124,0.4971865546153707,0.9747910785989818,-0.9090415228529604,1.2534371988889308,1.4220476312396066,-1.342799315780424,1.6326371745004378,-1.2293905550298125,-1.2881646774801547,0.939097990242827,0.3337658200810665,-0.6657297989926285,-0.2526880071808298,-0.24147725624846908,-0.3796154421271609,-0.012848734495529054,-0.8226885633233103,-0.23963512485552818,0.9709914829145306,-0.19334259480880325,0.9181801570005466,-0.6220437030428124,0.3160287728128331,-0.701898935514277,-0.5735808032855152,-0.7413347217712108,-0.5059506914356898,-0.3183930576495073,-0.3850516725360729,-0.40280243266722116,-1.0101169260761553,0.3905131769916965,-0.6633813673850819,-0.2930569853930895,0.9626077923388234,0.6118778948615949
sample_784,-1.3263211104808939,1.1206912280732477,0.4460611613572966,-1.2803534397074559,1.7457707076270055,-0.923906916233878,0.28247801997296385,-0.6175746065982106,-0.310965386718713,-0.5067417694217277,-1.6964715449828953,-0.3147677085278715,0.8214536532732829,0.20845624077968844,1.1986164448860768,-1.2586163494911529,-0.7673640302906642,1.4061337041458242,-1.0282432746561823,-2.0863059872049794,-1.1242870795554445,2.993837541867364,-1.1371929809149925,0.8901274142874563,-0.23733904175396092,1.1840730939708386,1.5998904170097383,0.07075594935595172,0.4009244849975305,-0.4992246582305138,1.111137723712602,-0.16143179002535735,0.8861792931910307,-0.4489377889088706,0.5275049143777496,-0.9343149512868891,0.4494939068659423,-1.5157317446275123,0.8322993768458572,-0.49756633615986934,1.5198094545002605,0.5300723089056166,0.30242243884892694,-1.588188608128201,-0.6580043525971696,-1.7953828476324136,0.13216572646603233,-0.011721369804416404,1.8116114375455217,1.4410795187027186
sample_785,-1.3137691115406451,-0.9643609965319758,-2.5149820184235834,0.3285837266040864,2.1555582014268517,-1.4917857843092635,1.3308533289445867,0.026673308586244098,0.37053516872301906,-0.14786061588986893,-0.23324346397013876,0.8709019809982215,0.32822526551284203,0.8924807492007315,0.5586924489383803,1.4388786022366022,0.16437240822203808,-0.4786521511585307,0.37138438775342514,-0.2552003170613967,-1.0651838670527967,0.6460965474973607,-1.6281507846584211,-2.532162012219845,2.02546513044916,-1.2030283109318158,-0.18433140323472658,0.8929484459205327,-0.7737326802236045,-1.534014614499005,-1.4079670738996382,-0.6254347180555722,-0.913112970691599,0.4034764260925725,-0.9167784286965162,1.1209086461477968,-0.700855190117182,-0.7355587647285007,-1.731416485712795,-2.0021685242547296,-0.4516114768232272,-1.372568019493857,0.6858676592619011,0.6732009683801805,-1.8699897020902565,-0.013854940657347064,0.7463549248803206,-0.9928552992904169,-0.02988049706005813,-0.7371166715169747
sample_786,-0.5118150134803937,-0.08520043612448171,-1.238529664130178,2.0848175906776936,1.7554776412269022,1.5442092174170188,-0.1391907914942767,0.4588659282088321,0.8546836397924065,0.22682252629159938,0.20623594128956002,0.8191692358294217,0.25757516470831615,0.5696942518005748,-2.550177395550807,-0.8294921284427013,-1.467449820761087,0.30910926331214617,0.37829753370126695,-1.1268830768244016,1.0139758153129257,0.2934297780143762,0.25924344092811125,0.40826013622532986,0.551348560095315,-2.7540458731822457,-0.14265579298902403,0.323838229031185,-1.4281732579230726,-1.3073059628501684,1.1821181361891373,-1.0620228044436242,-1.2159251974545087,0.5124560335980506,-0.43229956908238415,-0.18374135119399998,-0.3976805811117348,-1.0692683669142578,-0.4265206624096106,0.12086323679484673,1.6168355655455777,0.7343606941325247,-0.9544614217809381,1.4806965866121629,0.3555462320643065,-1.2530227450271454,1.8026208048439505,-0.4010011363557836,1.3361728295791904,1.0385045141907263
sample_787,0.09715279746205795,0.6923312401985026,1.565597047000473,0.3726511304527122,-0.18883314642542645,-0.4971792657775246,0.4859698261988674,0.0631318542079702,0.6900349784800406,-0.7401126730358262,0.15430459611272165,-0.9167355943755748,0.8376865732295122,-0.5198175908000969,-1.4170217825361884,0.1461729573088408,0.834915509904519,-0.0842757893513096,0.7975922554021448,1.0783657763522647,-0.7186293446129592,-0.2319990749476843,-0.483816264957938,0.43841749005779174,0.8620545757262231,0.37814957743735034,-0.6308895807917466,-0.31336495601144604,-1.6027792117404664,-0.7238012766420246,0.41394230823436556,1.179653983053632,1.9465859594171726,-0.18278144902307214,-0.9003119187007231,0.9824512080469109,-0.44368771164273424,0.07922801985887303,-0.8870940057845585,-0.941142437585599,2.207972510611396,0.5592430719059622,2.00364999182826,-1.1432104690364824,0.14597094372778022,-0.09772590830212778,0.7688268199805771,0.3983989783510628,-1.253474337952292,-1.322741611546457
sample_788,0.006473623008179186,-0.8892228364706021,-0.16958512395266923,1.9875986786127178,0.9576763687742913,-0.12401945939955576,0.051495757337995954,0.04324884946101687,-0.3844852236986415,-0.6448590013210841,-1.0923223723075355,0.6633529980539742,-0.323685955841186,0.541214879382349,-0.9117323177173788,-0.5334819583232424,0.981275504490496,0.01345319246239455,-1.0876814097529532,1.1309427804870917,-0.1207792607654472,-0.5182364169846858,-0.10572830345139927,-0.21358191263029014,-0.900006850185737,0.6226980289929587,-2.513743949951394,-1.340660987111276,0.3280122514817492,0.5005842718482345,-0.8353932224369651,-0.44016948791680965,0.23498682181645236,0.6219483639114584,0.9600255414871434,1.1220631009332094,-0.665754150856683,-0.9042624765566969,-1.4812529973034039,-1.1130390218315707,1.3238876814875589,0.19495714775864031,-0.07533988378718186,0.3668877149626519,0.30818908385997507,0.00749448187639616,-0.8137547322438046,-1.2021743690185325,1.1148314299928606,0.6582759759004752
sample_789,0.08725404914994823,-0.19305979809388213,-1.4018778560951235,-0.06721792094228084,0.12552178733647903,-0.5306126759115541,0.2256558895050688,1.2411724068094316,-0.0880862458207638,-1.7585751197379411,0.5220717225559965,0.026402326334858953,-0.3736812740833564,-1.6727425708144388,-1.5303649260123282,-0.1025306948862967,0.14298322840303995,0.8147656723115742,0.8733359377819507,0.1927695646794073,0.03004590832874221,0.13764170760819977,-1.233709772409966,0.42211235075288533,0.04688267164810709,1.054595958736549,-0.2679410747093189,1.8279475960052136,0.895415045670452,1.576044718027224,-0.3688070087855539,-0.5753893487980861,2.2151065821492066,0.23562670354197143,1.2921983167830655,-0.8641084810678048,-1.3246716689716205,0.6689626798399547,-1.3391296779078796,-1.4386565234199367,-0.021087655668292914,0.9162991970120353,-0.38204918332951954,0.0684283492336721,-0.7630140915256464,-0.4013773265941364,-0.5280596598080943,0.717342904853511,-0.36445573987813773,1.4079011813859716
sample_790,-0.5912330324286613,-1.3507764160504105,0.22911093097175056,1.217623680670062,1.4804985407978886,0.8947007614059356,1.3310681359803318,-0.005316944438802279,0.03145934985330045,0.509160098723749,0.2750247339278855,-0.7975954825523356,-1.3030734192798294,0.16731018413793272,-0.2617767594333723,1.3731305077723637,-0.693227975919738,-0.10063143445019251,-0.5289800488422192,0.5407260523888606,-0.38438818914983874,-0.10444933949723936,-0.7973727821854423,1.197622350005609,-0.9033242026875239,-0.08703179376281363,-0.8722241854883405,-1.5986285730009777,0.04294331703598264,0.45222305454778455,-0.9345016398548711,2.6420676102950997,-0.6395345521254618,1.6635669533737423,-0.34941332498475197,0.7909756701779529,0.34788683928691955,-0.8110546121243569,0.5364636860461084,-1.0880290602578506,0.36441654102260307,-0.5850141443007427,1.2171138210740198,0.5847738577800465,0.942307532365738,0.195030339580257,0.8430184200908852,1.2162448408480968,1.2215162055634818,-2.520221208787142
sample_791,1.5081719041343353,2.297768166695929,-1.855285900305592,0.876970717539241,0.10058848374364018,-0.4791720382961399,0.11946912828306656,0.5009715176639247,-1.4654076179660624,0.4906603756499039,0.7294603095896789,0.9213400413863797,-0.5313304768713143,-0.5428431279137256,-1.1083371779547613,0.35215681809526983,-0.6834815368258437,-0.0719708720594673,-1.3952974219164551,0.21275128855196507,-1.7543972981795242,1.6362558911549123,-1.8631902898122934,-0.26238301294426203,0.11039277898526074,-1.1969711964364393,0.6586024288501737,1.0671022564120454,1.2111350654336774,0.10399348276821573,-1.6545866047413458,0.022812937821679438,-0.251143377940071,1.0596047086365148,0.32230763791112127,0.7446377997965162,-0.39290268208182977,-0.418946605802229,-1.4326798302355375,0.5809707799882956,0.5016280718355627,-0.5295629000953086,-0.35365379601534175,-1.370698022093941,-0.7703143022508055,-1.7449715286719611,-0.09679319803902445,0.23629189816708207,2.24521764812851,-0.11536087116487966
sample_792,0.49380264271840485,0.2835034555606933,-0.4619134220138144,0.6323936595383973,2.0435998890106144,0.9998229656963616,1.9656812660658842,1.6608335479599736,-0.17414289555103998,-0.4401307635452355,0.22462989075903114,1.1749720353237514,-0.8931185623742035,1.617983978678035,-0.49677424732884534,0.22841737608418924,-0.11107801965815214,-0.8669688519033091,1.5388751592316021,0.5821519132885571,-0.7895397321549799,0.07928002530440947,-0.4743988422862526,0.31184113077873765,-0.6903710272529038,-0.29420934050954534,-0.8721954448339969,0.859491527544572,-0.07185561357720642,-0.7722159025887599,1.4767997659152112,0.26383826404262667,-0.032884789588276044,-0.1490967100846287,-0.9098504602871623,0.16783336739216884,-0.23333634999706626,-0.37020933331528,1.8532109944085005,0.5334221287340203,1.0914889732696835,1.2209000050182248,-7.263845817927392e-05,0.47556209226958057,-0.11921754853205496,1.178202587378747,0.6633893246293386,1.8373450927177157,0.5032603708955076,0.5036969943270236
sample_793,-0.1476451298605679,-0.22824417514581827,-1.320262998846161,-1.9960052204126273,-1.5646559129146336,-0.16929886593798402,0.9232356981379701,1.1694993934164246,1.8406575776183731,-2.95124645343922,2.1441450527820494,0.35794200457066405,0.3849731697607584,0.0193656769371321,-0.8672460350490253,-0.05799526452881646,-0.5080247321320697,-1.1605498697304208,-0.0529632431468962,0.44211899779236974,-0.23292142498490154,-0.4506933204633633,-0.16404506706332397,-0.08429071104180189,1.9569927853587379,2.1673683576659455,-0.24629513645308038,0.4421060108306442,-0.5436774532962548,-1.9656481247664133,-0.631388855243094,-0.49331952253534345,-0.10755936459705603,-1.1912082773544765,-0.41384075909941564,-0.20806807881349107,-0.2578667534848622,-1.6922333946931118,-2.1210226443592854,-0.5251464171784623,0.8276069969889331,-0.35498885177508355,-1.1559970710660594,0.18800214965210904,-0.26898816004150816,0.7325905569089036,-0.47398150068296035,2.2873926911350875,-0.8823805153751901,1.5955796948306082
sample_794,-1.5326331275066305,1.8603145001608785,-0.5412732166014368,1.2003921758200884,-1.197069038875702,-0.3860823413764186,1.690901645422407,-0.14019312970541736,0.7400738951648209,-0.24484444998901045,-0.4304300517515407,1.4005042168907058,-0.7796644260872584,0.48973440630226195,-0.6866037093407316,1.4652173495804064,-0.9428058294891964,1.9504950484266896,-0.6464721723333222,-1.484926331028,-0.4416838112774523,0.5629463199397386,-0.33329356750892425,0.35340009708358044,-0.194628816998196,-1.3600957374289706,0.4954786806612429,0.8151675493131609,0.3964515449742735,-0.31470081208901884,0.3583262871246661,-0.07545549057534376,-0.1312418279758725,0.6673901192889417,-1.0301936761576875,0.7080922510665839,1.525088508818389,0.3961480128536868,-1.8898250497750189,-0.522511762136971,-0.06938464205265969,0.7073002313822029,-0.5168732804770276,-0.1635693226010869,0.28355934362799823,-0.7625091997746155,-0.3491347951653317,-1.8775566412656628,-1.5021981649478695,0.7826558207793227
sample_795,-0.4415959658488403,0.2861599995966863,-1.2942288455037414,0.5337926374449559,-1.1373579305597104,-0.23332105226541144,-0.2351589092124259,-0.31135749633853055,-0.8332236769528976,1.8602316055592807,-0.11305792243294453,0.5200467658925781,-0.02465713297387868,-0.3055300035777055,-0.3771120100628183,-0.1522721417003167,1.3349192915009824,-0.25782959594847626,0.9693139339679426,0.1450698456448528,1.1745884700482379,-0.32113702428133917,1.9127115381160222,-0.1848848324787872,-1.0624998295935768,-0.5169412489807531,-1.365674694839144,-0.0994424379533672,0.5521408505748635,0.5850921211775905,2.5007538770452347,1.447077505442031,-0.22941831859401648,1.6978723953919443,-0.3713505745431085,1.3975097715805076,1.462591977923896,-0.15228257038972007,0.39429765789924354,0.5644674011403169,0.2892442690865444,-0.4520981739946678,0.012885827536767895,-0.3221555602682884,1.0600592152202262,-1.346049731298757,-1.0359142343311443,-0.20098396370046828,1.0534329734348953,0.4136232019465416
sample_796,-0.4002050490205943,0.03875896670473397,-0.3669882456209152,-0.8141561714057969,0.5333977039853145,-1.2070894370976104,0.6187866808472853,0.5577771125059626,0.23887025674674997,-0.48149425085137154,-0.7863679758438982,-0.857232379279621,-0.19398527326915535,-0.9522236930256216,0.8359131447719564,0.8440941356742047,0.298329696020451,1.292743278236943,-0.5141791563571366,0.16901323126076973,-0.6202279428305044,1.4636808169849893,0.653154397594023,-0.5370435881877029,0.36617533343276115,0.003897269753165718,1.2075120796438104,-0.9698840749667462,-0.5508611885057726,-0.12664908509510533,1.7823620769943285,-1.2263877655795938,-0.9069622608878567,0.14237554877392208,0.30720068308481147,-0.285805041596491,0.5464745973326021,-0.15656341037763746,-0.9436713545391946,0.7044309689992291,-0.1981404917312602,0.12934132646184954,1.6065341407275422,1.6713793057156403,0.5925967640304063,0.5693844936521275,1.4339437743284769,0.6529190845604291,-2.287267778945393,2.0975220929726897
sample_797,-0.47131161146681083,0.06780296514386508,-0.6111170299379877,0.8074799013173952,0.7122662651005616,0.5665522349144476,-0.9055168682652319,-0.14801297431109378,-0.37610500016050025,0.8719850326464004,-0.12852466003723526,-0.27023177218651684,-1.5014581390574897,0.5496083099004315,0.4643738395572395,-1.200971737219815,1.8878769331225598,-0.47470402129934713,-0.5087876115215547,0.5038278042829276,0.2874916340060702,-0.495238993626858,0.06908683573990967,0.4677184942055232,1.5980636197476032,1.8601262741701083,0.9864405095723485,1.0187861361889772,-0.9305582509763278,1.5049862783307708,0.36017407084808467,0.7311397333657718,0.5468549782787223,0.9925260298432887,0.656861304975257,-1.1684020555379153,-0.03529705305259625,-1.2720587363237914,0.6862760115944168,1.3005787878268964,0.7974164570322668,-0.8005803097617036,-0.8020188416564483,-0.05744072292231332,-1.2003563665043613,0.35832622046563856,0.29573616883201836,-0.8243220899939782,1.5552717004238332,0.29276963163646785
sample_798,-0.3753821362318228,-0.12182781294825856,0.9377007207389637,1.6506792327531743,1.2340823963632215,1.6553624431444922,0.9193508377087766,-2.1266370822257565,1.009695060840612,-1.3421901430939915,0.4788519386640542,-0.23707511921220115,0.611572804835981,-1.1276482898810238,-0.43423597455551655,-0.7560623799803811,-1.3819323582833736,-0.4049251308660134,1.1442592740866904,0.9949344101620605,-0.4058036854623187,-0.3585825292736552,-1.3419785208010033,-1.0012879072988208,-0.09565858368844161,-1.1837670694483975,0.11228090815820575,0.501981396103304,-0.6150559743154954,-0.10229583551184866,-2.1023747112578213,-0.4988931801819216,0.11522000985473232,-1.6013138339942559,0.4928659116747176,1.1843708861325275,0.6191075646892527,0.369327934133134,-1.0568991308535272,1.1336769105733577,2.0773944356093135,1.077351045898733,-0.4200870027660672,0.12814524934338387,1.4342292251735385,1.7776689386035935,-0.3984732279428495,0.1628177567593892,-0.29520185713141234,0.21688290359447313
sample_799,-1.1697744199578333,-1.0727429044975083,-2.136280191684918,-1.2938108055588546,-2.4698506809777765,-0.08495876295944678,0.3102490071324369,-1.8644136329201906,0.21869626914099574,0.15639491320790253,1.6804954389227056,0.2084774571341376,1.6297240941266269,-1.3844796992877137,1.5533005989985067,-0.41634944605468827,-0.18178848658986513,0.17431179885695178,1.3941144638006069,-0.6473385572817114,0.07740917892716327,-0.6014410435130538,1.152848615448557,0.25780304728548786,1.9107380959235722,1.4682684466995308,-0.6315362134937069,-0.6614000801725877,0.699676538685695,1.2277373496124615,1.681294866455219,0.108003441778985,-2.7140993338007315,-0.4675009761764478,0.8062540346121075,-1.953289082674463,3.2337119546226796,-1.1508634146314074,-0.832753982359195,1.2129936784486441,-0.6448474868882633,-0.15621404098067718,-0.33112017680030276,-1.2168128260060538,0.5863135353851129,-0.11883915722704763,0.8217663295701287,1.7175551811206808,-0.36265356762019174,-0.1583982747562397
sample_800,0.43204879829116344,1.0017639888721162,1.1763941572546293,-0.7485076990903697,-0.2813336237806969,2.615654457600282,-1.1179383808654366,0.9096199210321999,0.21707256066633607,0.9325323805887279,1.2094179671770648,-1.1286478327381335,-0.7273943320651414,0.05225037844616394,-0.3298840145158188,0.19012941740652364,-0.5292635439273493,-0.44512927421774096,0.055838196601283197,-1.0105736849016835,0.98254932403817,-0.32265965130982166,-0.05794309861659754,-0.43856647105058344,-1.7126355703675094,-0.3318090582318545,-1.5323021293691066,-0.47454790853487594,0.24357279703946305,0.12745608214579857,1.250293556873168,0.1430687185326833,-2.2552600554232325,0.04554819073248176,-0.6018758688450757,-0.579963095473548,-1.6523188754784328,0.3567719886679524,-0.7831367513658005,0.6402181939890861,0.15918348737672264,-0.059878892871988595,-0.9759110211111599,0.38184651682948456,1.0957908481714234,-0.18068608507667897,0.8671397165956916,0.6197652466433248,1.5967983241157746,0.1370394996697933
sample_801,-1.4969583042147727,0.27387267298469803,0.11847369717310055,0.21216541655041574,-1.161170048192779,1.1286954016901385,-0.6724748270011445,-1.8308757345048787,1.1478936394954617,-0.6230576274337499,-1.1465861037696032,-1.3627126110130037,0.3577953555234829,-0.38003260004556866,-0.2805015342604449,-0.12416705860256526,1.1570190057303134,0.1794380296593487,0.7878461916734177,0.6863330819051773,-1.0083924471348986,-0.8999383414151617,0.49770937484207267,-0.19489388192291304,-0.11142367234164184,-0.5706602754637864,-0.7461254340709106,0.12297370651509791,-1.1057895518957848,1.7979774192276319,-0.5714163209125158,1.4077056304578686,0.1655205009188071,-0.3845620405844144,0.34284349937158504,-0.38554828911701766,-1.1145347620416663,1.3978479324346667,-1.3336014375460905,0.4457839599929409,-0.8509634804984192,-1.6981051519747294,-1.392829819640874,-1.0151130730961444,-1.1462202135584423,-0.01369712626673465,-0.748127786605888,-1.1347800352504844,-0.4217883996153545,0.6513045658202269
sample_802,-0.6071532259943373,-0.47015826650806086,1.394482451836954,-0.923694347267092,-0.2634160732350126,-1.356479732221552,-1.408363371402674,-2.604338383463993,-0.24687218463199825,-0.3962752401777422,-1.6387898757837709,1.0003846493932746,-0.8774468591787382,-0.464941540655008,0.4468550421424156,-0.45827869690853223,-0.43728191127036675,-0.47746408632243403,1.1453589414150873,-0.0934422930200397,0.5117108677309165,-0.9876791753219449,1.075022347211892,1.071748526926809,0.2849863530853971,-1.5016053249930867,0.4300297412576272,-0.6992366243283935,0.10483628694521989,-0.38115893833613235,-0.6201656627109641,-0.6504444082564873,-0.0016512795518052958,0.8492866952728924,0.5782514761730255,-0.46461106464497987,-0.6125699595218778,0.13664135123851262,-0.20517506946432323,0.38689179699613657,-1.1769304909368463,-0.083403932530707,0.06781794854824685,-0.504975378741287,0.5098469766864793,-0.01350877049353843,0.9960406883937049,-1.1517097067917135,-1.6109516244038529,-1.8731929065931343
sample_803,0.26715892284671144,-2.1882512828065406,2.2632642256093987,-0.2605876846981164,-0.37022021956681767,0.55044555765936,0.21630812524756404,0.10970341456168581,0.661444054243946,0.07937168463237199,-0.3038475673105009,-0.4819149962770387,1.2690363981171753,-0.003948719652281077,1.1026244014435302,0.6347217392299479,1.9243814909304884,-1.5226314910785363,-1.6606847981222237,0.6754919059291477,0.8246510840367975,-0.7101277309696001,0.22762984922379426,-0.8371047531218212,1.2493120691525892,-0.6227131754110202,1.1218166959828622,0.4899154310161864,-0.2479712782118108,0.29363366820067677,0.3953494572524937,0.7932392756702137,-0.01695999454075503,-0.8256353182339023,1.3550677816208054,-1.148286517801066,-0.07857373723804062,1.0153366589108421,0.33545768296518247,0.08391788386759683,-0.9138510170877018,0.7638618453191559,-0.7913408491790054,-0.48661389590278176,1.7110849444286989,-0.5766225233553887,-0.3937223009595049,1.7932197586855787,-1.1184129385577568,-1.1854919404241435
sample_804,1.2512585257377336,-0.06672546450242688,-1.887749183135273,-0.4295621432368855,-0.8455886629094486,0.49486118925432626,-0.20365029358660636,0.43412484970873955,0.18208986704277058,0.4308802064779113,0.9536306457152924,1.3115306990868376,0.9454686040737792,0.13094059052163093,-1.3173406699820898,0.022611144835015348,0.19228042815179303,-0.2853255393005842,-0.48639199423210605,0.05521197281989746,0.273157145544267,-1.1673188049174745,-1.2808953912249306,1.9028171541647634,-0.9874411219204957,-0.3944064214034355,-0.8594284304095742,2.0581023512994983,-0.4777970656776144,0.7354130647943204,0.8219832518457346,-0.18165850173782816,0.5592784896900594,-0.7791469254810761,0.20614186881507057,-2.377496237745809,-0.14220294191077473,-0.2385071477967142,-0.8120512921277211,-1.7339395645946927,1.148686920484835,-0.5999949310885673,2.188054666042555,-0.7108300842544389,-1.2530654033386521,-2.7713440645262417,-0.06985065985588061,1.311062412361112,0.4478084417773281,-0.48472089303999466
sample_805,-2.1112721598089466,-0.1955522485213645,-0.22416152592176422,-1.0505643210795175,0.1839250328928159,-1.3064756337215817,-0.4231220598759803,-0.1930339416381078,0.22200774099584009,-0.18498632258544515,0.7680924955792955,-0.6399131926514232,2.5910028354305465,-0.31708013248082934,1.3847985118563149,-2.5379319479699722,0.05149050190297297,0.5475019493545983,1.2138481765921862,0.9600649721189632,-0.9024564977525957,0.7793450262117423,1.6378011511162915,-0.10161136192354085,-0.6769326877389231,-1.430498957653949,0.3938400486480929,0.3737424973575712,-0.4182157394541094,-0.5069819512110805,-0.19424546176220467,-1.5417353711035673,0.07742175847607538,-0.553667907059555,-1.7696044162986841,-1.2264344957370792,-2.132176701799776,-1.435773859321006,-1.1258445324633262,-2.2632006601804147,-0.8506539358794903,1.0076298200505036,-0.38369376000289124,0.6361337641588238,-0.3806965378523532,-0.4331946947034773,-0.44876968144573925,0.7384480969964793,1.167224237257948,-0.11916735041059053
sample_806,0.7925149802683517,1.6359821763957818,0.5562931091283521,-1.2295036662764065,-0.595950551256607,-0.028132054284812424,-1.0369807549552161,1.2899062672085948,-0.7811724001793191,2.8289888021482814,0.9861096654952234,1.8518875843500933,0.21544671172268456,-1.1561113243576153,-1.0375629464779008,0.6516201512923137,-0.6540269215811961,-0.8642911894217084,-0.9728299036870973,0.5608190222874925,0.13363733291885838,-0.28496689113438406,-0.3639837982183781,-0.32158108270821023,-1.1602486726548742,0.0035157229782990765,0.5129068187356041,-0.44710321217434135,1.222236909825209,0.15607259021134523,-1.3640192746026092,0.41141983006179955,-1.0563009970772106,1.1869801553105477,0.9106442784502632,-0.9482649054351812,0.9869730911059742,0.34921017206485705,0.44267362416340994,-0.07942078378786108,0.6880108095438555,-0.8614001504626733,-1.004390491379618,-1.323055793277302,0.24219792446345043,0.22329590421105308,0.19363740016764855,-2.303245433961125,-0.5020983805611385,0.8815870660070633
sample_807,-1.5530360228702993,0.01032171515679086,0.23350579950569883,0.38249643519480203,-0.11507811917824191,1.8664043264775567,1.8587681909858005,0.9670925796607002,-0.9881392315956437,-0.7895956652804171,-0.22755742650200148,0.8849013614072736,0.009983677434581898,1.1752840223223393,0.9266020693348761,1.3711486404801192,-1.5925683303004556,0.16667824315882887,0.6360046128393428,-0.8342948182312866,0.24682853386345882,2.3098414604080193,0.6502862812130502,-1.028648697776232,1.1481040523173434,0.21103647471502598,1.6968643340261353,-0.34424870617294256,0.9372741641122643,-0.8936374595631559,-0.08651836304300292,0.5046528137921515,-1.0510596293773093,1.534646323848189,1.5580371993335342,-0.1822721463773706,-1.4411702407365434,-1.6716026795448744,-0.08404591726531324,1.0973656471569486,-1.0414966780437611,-1.7785655508248608,-0.9211665184308342,1.6695421145241092,0.6549256986773613,-0.8621388875878008,-0.350822592907518,0.029062223501095243,-0.7371923886890662,-1.541551940402663
sample_808,-0.7618994684335723,0.5684296326544649,0.08749274209099897,0.9413981155777852,0.5341968606220082,1.9131857826529721,0.18190746670449823,-0.23956707263932528,-0.13912758985028736,-0.6413085734554053,-0.6610972159392852,1.5788691084665287,-0.2810858201153628,0.5090749940283704,-1.8052690500285151,1.3944567286030853,0.31999104481497265,-0.02061927822998339,1.2921260059671027,1.9185604407126637,0.9922557413271779,-0.6519784419527258,0.19011860985461296,0.3089842193465429,0.8370808414353255,-0.7316434668357216,-0.12262083070197184,1.548035121905501,-0.30969912010861633,0.5784567216299944,-0.4851074309880031,-0.9815992166818691,1.0775278440270437,-0.7461248178238802,0.30110612139551607,-1.0767607446598846,1.4524893635428964,-0.25112604054678134,-0.2726589799252341,-0.45840180593959995,-0.5043445938669499,1.4791349038354762,-0.968277933945943,-0.6734966301185167,-1.2075619751242381,0.048178878168029335,-0.46467664477366316,-1.9404759110510967,-2.3883934661831425,-0.11508294664873088
sample_809,-1.8026217557721984,-0.8123206011205606,-0.2204587088840031,-0.5028281367713044,-0.6189522226608181,-1.218112237478476,1.4282448203110216,-0.7913774537604324,0.07353293194945953,-0.50411513251284,1.6675507854159846,1.8623026268534508,-0.12483791297404705,-1.79015782927452,0.5274948279159077,-1.6382065049026355,1.8435925751662394,0.06678693607732777,-0.2582463599034988,3.3077332800088084,0.18603635853032227,-2.0388102631630796,0.4132107705247048,0.16403222014478036,-0.17240269685048243,1.46039605783468,0.2595766491850535,0.7697206748884332,0.26655135058030477,0.03480255609554677,-0.28284423135084047,-1.8347393424305822,-0.9874180778227928,0.6031637340728468,1.0861752306445114,-0.6342793440600913,1.7462441911657092,1.1510279039771754,-1.2318838088865893,0.9052770878456137,-2.3163882495223307,-2.932482352185024,-0.2262836887304798,1.9418889842396876,0.8783507344626394,0.0037190419998636387,1.4674630459227607,-1.2389168073039765,0.6815589821624605,-0.3288626782861396
sample_810,1.6004056159829105,-0.5699111097830144,-0.07700211600890344,-0.4670784536500331,0.21210918959275563,-0.5020214823678073,-1.8595323857226498,-1.4113042703484913,1.8542202080908656,1.2270010926961572,-0.006497072236098445,0.6231329096033331,1.8605823167873452,-0.15441215890302312,-1.666607456591841,-0.939814293126055,-0.603506884590561,1.7220972413807236,-0.4755749816537276,-0.5414103839669623,-0.021754144780028056,0.08541443180335354,-1.691986378880246,-0.2555630120056267,1.7266083625640039,-0.5084124427443645,-0.3799942347538358,2.6556338327215565,-0.5119685126318947,-0.14116546794525253,-1.1796197110185305,0.4248408823285155,-0.565753632275547,-0.3410415060904535,1.3872469074790046,-0.041119163741327555,0.18524969217343074,-0.7740365950836814,2.3562675573780067,-1.6577488888790755,-0.0940866642983812,-0.9176935370307809,-0.0033200370914454607,-1.3214856110524866,-1.5922104167067221,1.8521664532607558,-1.5016534804914101,1.473029963612138,-1.254931024212966,-0.9941056055842686
sample_811,0.9757560887915225,-1.2512014248215326,0.39420163153853743,-0.23635235252906522,-0.2845144113217758,0.019142459521355844,1.1430691542546076,0.14966820967279146,-0.5683354641701996,0.723746277499045,1.8032374548084997,0.6922812191867147,0.6298057681999386,0.43515611797741,0.2848923558488738,1.0563511447972274,-0.7506226476527411,-0.541874981200253,0.34940432237064545,-0.8996439695967189,0.16054699995171104,-0.03367914787990883,-0.48417409011864454,-0.7113634151096678,2.0914719758439837,-0.6328655896088702,-0.6531596341828916,-1.1241548990653396,0.2544511422202173,-1.3483337144411993,-1.2638450115671895,-0.5904708485809351,-2.1056409179350153,1.0930951683051606,0.6422642408861964,-0.17692816935274705,0.7906007876348149,-0.1264751687083505,-0.04905388787434723,-0.22276108413958753,-0.9604477280210163,-0.5190814200433047,-0.4523453418510472,0.25962758176606887,-0.46296436908352573,1.3193392016087704,-1.3293964231827133,0.3133035680043401,0.9309215216854727,0.7234371645116378
sample_812,0.5307240620215463,0.04728344594784645,-0.8924761397904302,0.8316942513603942,0.005624393903999235,-0.5338568611407509,-3.2239863732324023,0.9749390042003562,-1.0677059261805462,-0.3702587640907801,0.35042067220052714,0.44217817646880997,0.06601118474390948,-0.5702971278311045,1.5799240853186223,0.840340833347171,1.6926217031375252,-0.31289351383697167,0.4616773904071117,-2.579835193908482,-0.15778100283648117,-0.5032870072459493,1.8579980516314465,-1.7377799537003216,-0.5116852555347781,1.8002254424236588,1.2981402572613496,-0.24174055262699973,0.29633522429157017,-1.1413451816283542,-0.6591792750777752,0.8295170891581135,0.5643090615568314,0.24186902417211767,0.9005007093065575,0.7994508757921378,0.8535341325201146,-0.13179195673059682,0.4204716571819817,0.2888214688229595,0.4153066294875013,-1.6890839043464487,-0.29022210317106334,0.8611629347037503,0.2202526976992097,-1.1630584375421615,-0.2774213689117334,0.985994133388023,-0.7241333902883618,-1.6466509038552373
sample_813,-0.1700170987790584,-1.3276406917389936,-1.0102248218983036,-0.34930879516805896,0.5376843579593833,0.5002299260700347,-0.06441366655471453,-0.4642190703011326,-0.9508751114036255,0.42442567632907047,-1.2788867502184247,0.6591229836320509,-1.7708579703848188,0.47367013476607966,0.4850696316765778,-0.44217961747078555,-0.45761219669643877,1.6520751456513747,1.112985260171484,0.11491744817722331,1.7867510051219737,1.5109774091951806,-0.6360576324133392,1.0436773714578762,-1.2691507261077317,-0.1769504140426777,-1.7383318103700325,1.8225359728990285,-0.41496377388651695,1.4460085804778582,-0.6716904798627856,1.3008302293653418,1.161106703516241,-1.3309909658531138,0.5227332011110154,-0.39353238176954636,0.0750119131218796,0.8889536225869067,-0.6958106378465678,1.9513213949737402,0.25431979718839676,-0.861466099485153,-0.16131213872408728,-0.7769278528099152,-0.510008628688203,0.031321126517218446,1.0733066682464083,1.3534413656701667,0.9262527134380871,-0.6821975591674047
sample_814,-0.5799859979289859,1.6016323193467086,0.6682909666878576,-1.4894858011127654,-0.5238885636377638,-0.21316332238262498,0.10191560952447459,-1.092111669331423,0.5201354968346072,-0.739643847095275,-0.7838061875017173,-0.26596078313032717,-1.6284100573410698,-0.9994464306139326,-0.011880616266388167,-1.4405053029675232,0.3418075822451946,-1.3649570774327013,-0.1999558546804711,-0.4821735353193787,1.0012780899134162,0.08960239434004914,0.16608676488537544,-0.3052413060775971,1.0548326543031654,-0.9009185289717758,0.5533753318947303,1.2387486409275454,-0.2960122846632384,-0.20069851626635685,0.6985931294571318,-0.2529637144753552,-0.11153703768484659,1.0630355632008206,0.5517876317106066,-0.8089955181468971,0.02788336897289726,0.6069361693908979,0.9015407582545685,-0.5789132553767046,0.5308042034478602,2.379810477382395,0.4438621105630896,0.7078423996417331,-0.8842537969968497,1.7177860079849463,-1.5194693140758795,0.5086643286342717,-0.30608648966545715,0.6102239750680077
sample_815,0.5337298250710438,1.2823595279522149,-1.8128031823112052,-1.2082919801337393,0.08288927905434786,0.3446090963952467,-0.8501280708620501,0.1966629566438695,-1.2612525179208458,-0.5422144696487715,-0.05894492243756937,-0.3913471191862411,-1.1094152319911523,-0.12451967913502582,-0.3181023968702567,1.5425242649163622,0.7593714875377382,-0.0996468121798967,0.3397999545246705,-0.1589112197593948,0.5883053341070267,1.0630405782020416,-1.6793841873919817,-0.6844199730960355,1.307675840732676,0.7505143287012174,0.08644073964348345,-2.527417649422868,0.808697783669945,-0.13417798390131921,1.0800435166122062,0.43837929431746503,0.9324653963452113,0.8919772513751835,0.24876879007730787,0.5489070217949028,-0.005017770203581827,0.6770343638727957,-1.1975016381552834,-1.0052747643712914,0.2390872927526289,-0.04556912994329133,0.32165152145437975,-0.1929104782180256,-0.38987643240381853,0.1386281591833446,-0.2841294047416593,-0.9056063108345292,-0.5495918910778533,-0.9531834725140641
sample_816,0.520055981019189,0.8382666883844964,-1.5523891053578098,0.521921458763256,-0.3122279824986936,0.09141518897017745,-0.5662872932825719,0.16499641305921312,-1.2311732959251704,0.7092885241389322,0.028638420649559262,0.26352029152582573,0.49740380792628963,0.07308175166463873,0.17855551214980955,0.18716462907478978,0.36888904264993666,-1.1233313306233215,0.3512647428858484,0.1448329562567618,0.44632757919429855,1.088902437314104,0.7318788880189517,0.21676272899827456,-2.1780234756927856,-1.02421894324312,-0.7476334483421647,1.3530355350865426,1.2501887768561524,-1.0471431464889374,-1.9124617273624605,-1.7498892174119793,1.3336349389716164,-0.792226265621747,0.22745909227889188,-0.7969054969578588,-0.8834079119914728,0.2775691112297775,0.7660857005361563,0.2587495750715224,0.32283195899382083,-0.108428026233009,1.1437941944089158,0.8844089307390297,-0.9195899763593439,0.4649767833065411,0.6892676715220876,0.7855328095766868,-0.011609229799924682,-1.4947286272423477
sample_817,0.2196878454365778,0.5683597468552061,-0.10213562211285687,-1.3698594986015722,1.5137386908660797,0.840581057819331,-0.9030602463391402,0.7318260202146181,-1.3858664767236666,-0.11493329682293625,1.0290104495221988,0.11355248903064863,0.924073488006062,0.9917222144634364,1.3205591085142927,-1.0822853152012537,-0.5873329250883287,1.2063769452400563,0.08624563581996558,0.5266671849994999,2.0784795133524874,-0.7229107190927883,-1.0962088971537693,0.3391345681139719,0.6066835270984617,-0.1406837980633208,1.9205226364365193,-0.3053953094244708,0.8598724856757155,0.39774017300848996,-0.035472856691071204,-0.4457937243099134,-0.31534456272574696,-0.12847025941843604,-0.44936608387903826,-1.7191212246107657,0.026336647375719367,1.9195601355802097,1.5812734124694532,-0.06964474154741203,0.8764829458026198,0.40112242713801777,-1.887008865096305,1.8555249475492612,1.7687942816434647,-1.386749077906752,0.6593842759366568,0.18973384172469454,-0.07938101027107021,0.5305604791786135
sample_818,1.125886768025686,2.0126892044446936,0.7744826457474557,-1.291960958414375,-0.15329339200503095,-1.5216591760080445,1.9418212348523167,-1.110722822940673,1.7942731535500012,-0.5334406130552852,1.6001647206816116,-0.7226662760352488,0.1307555978572183,-0.7820192482559657,0.8761664702664183,-0.19240929192555087,0.3802369598468249,0.6279753056863079,0.9189598834803973,1.1576987355444162,-0.8087868948780584,-1.2460776645628844,-0.9766540584000841,-0.6231957251641477,2.057425217617139,-0.596689805114574,0.7461334554955017,-1.4209519524829362,0.37199735624702046,0.7177152689328238,-1.634761199863205,0.6470003904485601,-0.7074735021631195,-0.36533304307172265,0.5717310903480918,0.19823824956316824,1.2020433445792877,0.06022482898517179,1.413361985553691,-1.2239633456241308,0.17526263461486824,-0.11091676890413191,0.222990438408565,0.34661904746530786,-1.4230364219303904,1.6167581762873915,-0.9440496613675134,-0.34344152941301015,0.6607538049167266,0.435728517966329
sample_819,0.04778713818441876,-0.36072148124533876,1.7431667763528558,0.3255697209136475,-0.096287460322929,2.0153285935130674,1.0001020512391776,-0.20593347240886373,-1.5732906488791742,-1.1143354688053564,-1.180721274244668,1.3852024754332917,0.37884368068460045,-0.7279523682851864,0.754312981904352,0.4467513916344993,0.8305474319853584,-1.4253251635855413,1.5425990381971855,-0.41346411529751603,1.0350220578989593,-2.1094376711798035,1.7356178585609028,0.7209090614928256,0.0966249940318722,0.8633971114682643,-1.135208827164196,1.5515168550817087,-0.2962559830600563,1.17277525950224,-1.1531155750336464,-1.4866000731330038,0.654478539712468,1.2886605443769483,1.2930378397626394,0.2979812814345711,-0.4262335954609959,-0.06452559451489472,0.18158528458526904,-0.4694174666076283,-0.07426860555255092,-0.39213279404901424,-0.31769681787024023,-1.1757147435475028,0.6984795602879187,2.2416587474949505,0.17382257528221437,0.47490065620854444,-1.566387510177938,1.548960683270676
sample_820,-0.9208571462582349,1.2475240469880886,-0.8079512693341054,0.4502553316389408,0.49259371177145334,1.0209277377411123,-0.8182488708586569,1.1102582414334776,-0.7243938197513848,0.8045572569476744,0.1334587929504483,1.1324414170579005,-1.5824125583114979,2.894796375812465,-0.015465881429726212,1.449013992903221,-0.2456369085563003,-1.5569285722799504,0.8364823517178072,0.3113229676815713,-1.0100280041206744,0.16770536429282956,-0.11852934200329382,-3.011182414818315,0.5655322475771455,-0.792315553234901,0.14244317536194478,-0.8995789790283432,-0.32454686999946103,-0.14333030367805402,0.5119563100624374,1.430687452195103,-2.327604099370971,0.5106543952008983,0.984716046726739,0.4276480046287805,-1.456547158478028,0.6922112961932326,-1.0326164662754989,-0.7937298341432469,-0.018444567822680932,-0.4044681625570766,-0.15297557281966864,0.5429640588106038,-1.3310763433187878,-0.8315674249606705,-1.6712951818575117,-0.9368830163458691,0.5144540611907125,2.3518436152238658
sample_821,0.17335439155796442,-1.1491914270735462,0.16796552138482523,0.8698466002514366,0.4570743855259299,-0.7819955661893782,1.4503022444028788,-1.0082321539225796,-1.4715293272202477,-1.6948078994242095,1.7441421529403014,-0.3694113652315466,0.7486719385659016,0.8547372795323019,-0.6946557153936246,0.03339298106353555,-0.7707695786838993,0.6614954089979326,1.9956744767022014,-0.785246364605232,1.1233961488257063,-1.9363619270854433,2.0067777840881553,-0.8888035811020657,0.9513325441689967,-0.15678113194421198,1.23150447246074,0.1771852391808661,-0.6403689042494473,-0.3656361522373342,-1.5464946219503946,-0.10236674032168391,-0.8316481544634291,-1.116070200279929,1.381086603885288,0.6850885153836801,0.24944892555414125,0.7545737211276607,-0.999894592087048,-0.14819769100329894,1.1470558307731995,1.180352806775479,1.4097405384959805,-0.9569233353767571,0.8133944700313199,0.2627572102766856,-0.299222998966908,-0.37913653042527135,-1.0343329114150375,-1.2910488384645622
sample_822,-1.1593814576282573,-0.08417148234775323,-0.08824827259460964,-1.9776188072930334,1.180676916052084,0.2407778099753905,0.8979904331932254,1.436765642535563,0.3451790405044794,0.21893617435603802,1.7709104726800033,0.2979468743887933,-0.35640973302193996,-0.28559813723767175,-0.7572801847856374,-1.1694848342174318,-1.1072031050928683,1.8667307935812671,-0.012156545068420737,0.4881867285446438,-0.5003848673397576,-2.106777032929269,1.035170929685374,1.0783440413725116,1.1504097022949633,-0.17406791801579122,-2.0485286585204237,-0.6430742899444516,-0.27331353935569996,3.3470041378273443,0.2757400439487697,-0.1973156923533968,-1.1003967423895977,0.47409770145308044,0.9616566133937412,1.6417630312436113,-1.0922915766171593,-0.47032901681781847,1.1243318518353838,-1.5024102927621776,0.955646734866315,-2.1818727967175153,1.757319380870758,1.5138165191918864,-1.0459503393610723,0.4011421435174684,-0.36770569696106964,1.211747535276906,-0.9098549003566436,-0.7424949944388879
sample_823,-0.9304688200984168,0.7681044605238707,0.9372677835680704,-0.9919915997210454,0.2774993688989174,-1.4487655997206887,-0.43021515172525004,-0.007859727322737589,0.060294057489924696,0.1591207139080708,0.4913166524750224,-2.3048509857936614,0.08080476252552919,-0.03567800471795873,1.6318165119365795,-1.215658118143535,-0.3825525306599009,0.23033213999576094,0.49451792274811546,0.038033326945635645,-0.040099855553517166,-0.4341862754045885,-0.7671790442377843,0.5196380956401188,0.9714151652923387,0.3826021362450347,-1.7806482832112127,0.9781454503157317,0.33960349824984587,-1.5304338129761779,1.0710760066974108,1.5050761308038818,-1.5242797278815614,-0.9712273279351944,-0.3579966830019824,1.040672076944238,0.5230590978533475,1.4865759981388411,1.7274286321051546,1.2506982883642486,1.4020522308556977,-0.4678412023754419,-1.9598485605178178,-0.0587127374321835,-0.9004768809027968,0.5067881737975785,-1.3480626383588101,0.09334620922054143,-1.1701255316900498,1.436520600813416
sample_824,-0.05729820218303279,-0.9699663845709944,-0.8165254165651283,0.9281538841025609,-1.0535326402500167,-0.9984482897519945,-0.9723027798388234,1.7940651890171193,0.267720162346351,0.21948676053206875,0.7308986947469517,0.7179601408547372,-1.0228364635259013,1.0086703677366393,0.20190798815935992,0.43795697797708855,1.5275710873148574,-0.09508060897397348,-0.10836579322845627,-0.41095899240507494,-0.024722420747029208,0.034230467877718024,-1.2889465429192135,-0.029571414331001206,0.5351367812841056,1.9028478773802284,-0.6406076099771223,0.031159562797134152,1.0124067604769103,-2.9206706550762545,-1.1841925200950825,0.012010361596302895,0.8376847090507612,-1.5540219735545333,0.9477560929825033,1.590394717735548,-1.0172591348752398,-0.07136067281955812,-0.36538695226223766,-1.5105589612984966,0.9313871234950037,-1.3389348653986652,2.013411296830769,-0.19454578880035797,-0.6397720467406924,1.2515097235508834,2.1415953881277177,-0.19710416901291805,-1.5596083221183583,-0.46522411844392614
sample_825,-2.5153144741642857,0.7969821611385266,-1.4678223245402355,0.7356670568941266,-1.0361812755364292,-0.31350970932195116,1.4714020125581218,-0.44327077101781953,-0.9511210994603697,2.4605164429276103,0.8756264719358803,0.741075670290536,0.04638667094290397,1.7255124434174534,0.09583694905739427,-0.8094872940433329,0.17812348198653777,1.2334419911453978,0.46184357268651566,-1.5663492613897267,-0.1578503014664852,-0.37833010963415437,0.5664368962211714,0.09172911363271816,-0.8100488125001528,0.5576672924080001,-1.1709059229295384,0.29427480240505277,-0.9388579844513469,-1.0970757066937786,-0.1831531074042374,-0.11043235025167587,-0.6928141284036176,0.23854465888952675,0.35080323515257045,0.09937561686873875,-1.0333910179080061,1.1054048417589404,1.1841019034540345,1.9089238999513043,0.3067559027799802,-0.8402729349409435,-0.29616845340420145,0.360082736600641,0.04151611737860666,0.6623385387435045,0.4828754473144873,-0.5590045875592549,0.1486014706534818,2.4616023052126437
sample_826,0.9841698276570533,-0.05627485150278323,-0.10131873642246761,-2.4646579188797806,-0.7107660971962486,-2.1845020921755682,0.6026450082942155,0.42676311045027177,-1.0202987284336758,0.30718340453455134,1.2486526913965201,0.2918968508894259,0.26161438883149696,0.13780311208262047,-0.210626339934343,-0.2657876141713139,-0.3466860817539801,-0.366469621610647,0.037272919296797456,-0.7217993215656879,-0.818953472612578,-1.7488159039374218,0.1798401404184781,-2.11668149423647,-0.8749492915504772,0.42986365352073885,-0.5907399171474051,0.1715911990727706,0.9906153823551961,0.2714180684372854,-0.7461850464178185,-0.7044581954139592,-0.10590626691791827,0.8218945551784849,0.3753626224104851,-0.3000191084737529,0.6828954155595015,1.3084928173625885,-1.0980871992217294,-0.015030460391096416,-1.2509731540120306,-0.12501597828271155,-0.07005097685268785,1.3955338396134107,1.0689144129686485,0.9679663813119803,-1.0742779349704763,-0.037885433643006165,1.5441407028741077,1.0916271200308827
sample_827,0.4025777596746994,-1.6245928822400246,0.016232874507037486,0.22913176356714865,0.6298255395137694,0.10873493029580833,-1.602496773186289,1.8180874430136567,-0.6232584381203953,1.1595063375215433,0.8812710784566635,-0.7165797787798879,0.06539155248378005,-1.3567961009258467,-0.6969410105162697,-0.02872442570778471,-0.1539269334586465,-0.24408653294512367,0.057391406683896015,0.035210058757691204,-0.979183952864449,-1.0321924995700293,-0.7161187571954148,-1.3466492884088892,0.28130306642930136,-1.2291699226039583,-0.4669209612587854,-0.5255158589302235,-1.1362281329323884,-0.6490645040826465,1.5048505690583833,-1.8810191633532902,-1.7864675400267425,1.0143114561476065,-0.6962899903015514,0.15952878674747017,-0.013990566464906378,-1.329612850593435,-1.6084853699045218,-0.5237316710562515,-0.7263620440201572,0.48966063880753935,0.19197371437666533,0.5644402687507877,0.20264050154361163,0.24566349596389805,0.6406270154104844,0.11795360467627039,0.24438386127696068,-0.18379853170011007
sample_828,0.05747378342443005,0.2088990022867217,-0.22699947599122772,-0.5573585957180485,0.9069590471922653,0.20366737947741806,-0.3207440603783894,0.7000167455699717,-0.48126036818578194,2.3568122014521427,-0.4070049355424839,-1.5873548128167478,-1.7580095053928535,0.03631723110072897,-1.464250673594231,0.09331874625715278,1.0068702501826767,1.8579687022952833,0.5766044311269585,-1.8763168931891046,-0.36824765865968406,-0.11501515026202458,0.8919353420312498,-0.8411524830620587,-1.1252884654540916,-0.8824064472912722,0.6693115755721424,-1.978631311573862,-0.0773195073589648,1.5402865458185613,0.21337214693357687,-0.6866353781230272,-0.8110959226667875,-0.1473947818683603,0.8931115057217579,-0.21691831513226711,-1.1645804526347343,-2.3712334147851086,-2.705866291009182,1.0266758669875442,-0.41828925091763136,2.3658013296764913,0.2536239457577793,-0.29024612077863693,0.6274613069605556,0.9790429613528825,-0.36883578523588306,-0.21973721032610785,1.172729986254107,-0.5246891101483726
sample_829,0.20123364692248655,1.8412719829027584,-1.3133827720670965,1.063007995346215,-0.5729729400910626,-0.04427561885705492,-0.6548942835075056,0.24209836098134582,-0.35346278042532636,-0.5518689045942187,0.0041364552591398795,0.5222399413543585,0.6379124799750505,0.040873703787366183,-0.5004662977183874,1.0258024537310666,-0.7766973783228317,0.14636220829035207,-0.11458167568857568,1.9608489723071518,-1.0085974444696322,1.2511588377039096,-1.4238047054640384,1.608912214374469,-0.8660282006370613,1.2077458760653574,-1.6178879723135773,1.655136822798806,0.5393782832098459,0.21674701860460077,-0.07938249724359735,0.35974415242243607,-0.06256784468930227,0.9337096742451444,-0.3992919836994973,-1.378887939422015,0.7702128506622642,1.196322330842855,0.13348262563892216,-0.2685864936427081,1.6837926362415154,-0.07781759232904933,-0.5798278113454888,0.8274714596982974,0.22809213016631968,0.584648363003691,-0.02443926971077512,-0.9815421212698033,0.9334581727471977,-0.6083681936613904
sample_830,-0.33258859720849304,-1.474084842225099,3.0595315788800455,-0.2902143777321127,0.9717246773724382,-0.9785830664019026,0.18951492758360305,-0.16713770326518798,0.6221175748624143,1.589875672880667,0.5113827410237025,0.27124908530652864,-0.1267555000697745,-0.4239779745090998,-1.1867803256202305,1.1804603100659823,1.9597299346244843,-0.749185696277014,-0.06486329599159617,0.5696728354412628,-0.5608336016544969,-0.7860181567649388,0.2798079381018196,1.0778420266366542,2.405610496058556,-0.33572757241833245,-1.1726341672483465,1.9737713979708447,-0.4504917016313638,-1.0748382996105843,-1.5404512257223109,0.11018212212443369,0.037294520931680834,0.4466091634156722,-0.635056466333205,0.11958443328025126,1.5946251226478945,1.0687529790078134,-0.5706888392204571,-0.898697182048031,1.6777744471211773,1.4417966466373104,1.4489983911954385,-0.1793637660297346,-0.5757210532384054,-0.6312755763776783,-0.6977167803073628,-0.2799327317125037,0.2793528134578535,-0.4816311406875624
sample_831,-0.8698128632734426,-0.2790314142289982,-0.5567783634963015,-0.5300581513322815,1.11883738187846,-0.839166256521902,-2.2317312668749776,0.6873463063073615,-0.6822276772014015,-1.3657867702055118,0.6881056146015623,1.3794456914498017,-1.133769478622788,0.0788128680276528,-0.03581557119231327,0.6978580670287913,-0.5983274680711278,0.3379596486177632,0.6583076674817245,0.560204255617563,-0.30271472350357576,1.1840891738958386,-0.4199384441340085,-0.11331251988399584,-1.6679932443632106,1.1428519196935572,-0.2587205539415067,0.24861256520490882,-0.6160112192128878,-0.8006600384924278,-0.6011272945700858,0.8458664842253762,1.2647573320485446,-0.4930980500241545,-0.2768175596939202,0.4093008546920828,-0.8931218895596672,0.11301637863229036,0.0782279789409001,0.5356109620275397,-0.433574977095559,0.13489717167979812,-0.14756595854938293,1.0459638503015667,1.4788495745873529,0.11275289281584505,-0.619102208732957,0.5338243968218767,0.758303340398427,-0.07362865991270016
sample_832,-1.4771254257172852,0.7573780567200495,1.0807995098516574,-0.5398795425827738,-0.6602601043843094,-0.9279247431326343,0.09033180393310902,0.6268603685850486,1.024207133937251,-0.02143361739654522,0.25957906817617044,-0.2915777593651738,-0.9170886913915464,-2.4493947229899753,2.2457313861974613,-1.5128785602903936,0.5856389089920092,0.6979236172459925,-0.3005098884419452,-0.32910850422762905,-1.6799510860004312,-0.3350093943462454,0.3774559649241119,-1.5008763772300062,-0.07329909613272013,0.2818799862416977,1.212222614219724,0.48759423575632926,0.17858260873712203,0.9056096095782118,-0.4226148197164762,0.10915366630869047,0.7451193668171238,0.8752700959036804,-1.9481854547317838,1.4449640359389455,-0.9071554985470156,-0.11920095536871199,-0.6050700992573688,1.2143654898736722,0.7819503930796627,1.334610574043866,0.0319115929789453,1.0794448642881287,-0.22679293471371592,0.6059780515410682,1.4438075093318563,-2.0748326028591575,1.4274503324561907,0.7521579255766825
sample_833,-0.4194649248085975,-0.1288249263826121,-0.37275364680189277,-0.17526415250549177,1.1835042256660793,0.08468941439236147,-1.7320031952706811,0.9484304317198814,0.16910755835353597,-0.5078297941655656,0.10385949346690405,0.24851214900419105,1.4721887987333184,-0.08663382680868943,-2.0768416921170507,1.5961107317940328,0.41307213922257896,-0.5957864982231125,-0.20178551670037895,-1.111086379682238,0.793940003992509,-0.2819560593437664,2.462653371990056,-1.8554738514574338,1.280655852498436,-0.9550700345171336,0.4451068465533857,2.300898306512481,0.43132997568083475,-0.5748522170357219,2.446798233272173,-1.0270839948596593,0.026575186928232502,1.0101976108735988,0.04626663917136182,-1.2949591391296402,-0.5691287982617662,-1.8818950385562425,-0.3118867470094569,-0.6476735863570032,0.3687924729213354,-0.8336001201701639,-2.012692919891885,1.1145643658271525,-0.4437580640172649,-2.05753998619614,-0.06460062189243757,-0.49715378188404946,0.39151164803781613,-1.8944876553770236
sample_834,-0.9600028287634833,0.9910304438726004,-0.8308669272671604,-0.3042909796468124,0.9775943310330736,-0.8743793407571232,-0.555323297932586,1.9075612496334808,0.663779292705377,2.052413721612085,-0.46659556705498473,0.10630905868204135,1.1213062968335374,0.5028444824614838,0.7659376432245742,-0.3072668577861139,2.5348960703260035,-0.13883483326709067,-0.9803856514267301,-2.1244314125642396,0.7714185102536324,-0.47708679783174723,3.0869371005847555,-0.18046100961595507,-0.4771030439732391,2.7780504044330225,0.4741239808383793,-0.00459963301895744,0.7138574904085031,-0.8348737767265361,-0.2957860394442988,1.8324716427981302,0.9783254044689919,-0.19709443464553697,-1.560046901134485,0.07848732169683736,-0.9446924360617637,-0.31364992829149607,0.23730798862466965,-0.9988933030502388,1.162767913333565,-0.5399658220106245,-1.6917840702667737,0.19991660969677486,-0.10801515158767985,0.10324214908962032,1.9412144393758015,-0.05552287826268476,2.1618000206580184,0.770442114310003
sample_835,-0.9607798485670018,-0.9589751113690994,-1.2306733709290318,0.3978267941778524,-0.7438360607539076,-0.7491718096941269,2.1319040333460695,-0.3750025558571546,0.3199292128300951,-0.14849922565308396,-2.165722542929991,0.46198048446808326,-0.25134124013376824,2.445227100450817,1.0576863748733563,1.5103384859736988,2.066184798253917,0.6991612762577764,1.221016990725199,-0.9414986888457543,-0.25560865924248033,-0.13269506807525266,-1.6464107109246136,-0.36473288102012785,-0.36422550751843025,2.034403485193523,1.6806094633969657,0.2930443326777527,-0.8523288838244496,-0.13002882088793044,1.2782955451912617,-0.963250037072399,-0.3902802388361329,0.24213413448704435,0.8417480028711753,-0.6270718185156934,-0.1872326680372314,0.3279381128326742,0.4159656515345231,0.30745619415630415,2.3611691034290514,0.46291728651789943,-0.6889510340817042,-0.24471775636710746,0.9038029660689239,0.1272073821637862,-0.4832712762543042,-0.38054925470955897,-0.04485738081207815,1.630498381860945
sample_836,1.3155926287787165,-0.5204063415197051,-0.8722643088052449,-0.30757119527468657,-0.6819608206831235,-1.2128403943598063,-1.3631284267626829,-0.5145565817320482,0.4451859649869729,-0.7363258773889301,1.6683904269837317,0.6657510516982259,1.736158715453446,-0.2403334746802739,-0.29372581492126565,0.891855459169417,-1.5975757310374972,-0.10623102154154654,1.0554429956861342,0.0021182994841829218,-2.0895374987470583,0.6382145691488699,0.678036226026166,-0.8035471963604368,-0.798357671071306,-0.5224200105849486,0.8696747582087297,-0.21480243431491264,0.6059669354402224,0.06446981506658547,0.29656090887348,0.06951250215635033,0.3535660511281533,-2.138070418000487,0.26727901460258996,-0.8434557373540068,-1.1721937252905021,0.13050666238564224,0.4941922070914363,0.8624220092547682,-0.5254179530881378,-1.2039689692698126,-0.2176471513078193,-0.04674778259119306,0.4677357508467401,0.9386314927410145,-0.47039606230125747,-1.5247119416951047,0.783123898650781,-0.6724798675986552
sample_837,-0.0861399092658709,0.27315584025581613,-1.39059819154301,1.2277555251205639,-0.05925576519993729,1.2850251177074912,0.3068723076063323,-1.0724322356006923,-0.4431266644970974,-1.4422862288455949,1.067912770461641,-0.8405383923983509,-1.7668721531818703,-0.3625859468737557,1.0220559394116917,1.0529845664120898,1.511683591655963,0.2526542843964955,0.37043883803586786,-0.6467841571430489,1.8173985770481424,-0.031329927722049594,0.43130489523049287,-0.18985350485105246,0.34630477435646917,0.28872462036990604,1.88352551154858,-1.0505025212953356,-0.812375435061233,2.4067646491632395,-0.5072724196091254,-0.12235931653433177,-2.366671131406928,0.9359414234739858,-0.21073935423088144,-0.6024018755272944,0.6724071825581042,-0.6760779316019594,0.6913398661405435,1.7557024680740372,-0.6601132322535318,-0.1107658017369934,-0.142024419554463,-0.07357677571839492,-0.24211197657560726,0.13958129112441164,1.2935029558419904,-0.13538420526268233,2.3497814409134428,-0.4135490983616996
sample_838,0.6496799136460178,-1.290108098369323,-0.5542060845678399,-1.3114548924369576,-0.5164391654118753,-0.07261036757695608,1.0206055566489887,-0.5426149862726591,-0.9045579726051812,0.11960166818655742,-1.2290992726968515,1.9037734034745146,1.05329143051038,-1.236447536543356,0.558437015802597,0.6053003743822526,-0.31339735502041416,1.5034920170620423,0.7933210842540416,0.6934184024251444,1.0630941597459134,0.18780364060995738,0.520778698408396,1.3276946572620942,0.6851639235548435,-0.6525811671897448,0.39213166563416035,-3.0104554143816507,-1.0549452235176455,2.307230630387977,0.35542298515955273,0.48062644732472354,1.290563764696473,-0.6211985331166565,-0.6220778102479878,0.19532564865569924,-0.20821487633225053,0.76113614701188,-0.7982118107571077,0.128890086952087,0.7654019138710966,0.31133172406577203,0.1254736477879712,-0.4133949581492239,-0.2705557339254435,0.46825758209558255,-0.437444976989393,-1.0299160648311587,0.16576682217751695,-1.4461433715632253
sample_839,-0.8546795538564206,-1.398450155106438,-0.23517844054558346,0.35310583789234784,2.690508834302207,-0.4668593682941582,-0.10434353232910457,0.16361705745917296,-0.39474399993207543,0.9104060586288554,0.6784354329907958,-0.4047623345509012,1.3706360226759642,1.3150241591018825,0.3722022411005544,0.6426522172871262,-0.6976459439211254,-0.7687977275900496,-0.0627841459940933,0.5868622127180435,0.3867644449455185,0.08259613388457088,-0.35739756764709385,-0.8162027308240354,-0.36420469115857235,0.8411833419502567,0.06411803033222341,-1.6131701741434106,-1.1056095124965386,1.0205606820820972,-0.15416961495274495,0.5643050448081711,1.0408783570227151,-1.1647091773708065,-0.1491312781712404,-1.185398372340692,0.06108524085144546,0.7787701046884508,2.267728451466066,0.5084556316407836,-0.10830569126151691,2.4196147964147796,-1.3722441277853625,-0.19542062986307793,-0.6906779205021109,-0.9126816834870405,0.018245067989527675,-0.6802214334305765,-0.05967667493226657,-0.7813605969859447
sample_840,-1.5831496996810788,0.9612312936888858,-1.1683797492618189,0.2625910888667132,0.02751089307670676,-0.36145734283733194,0.38810539110511594,0.195369317108809,0.34193900693106255,-0.33620976307903877,0.6513610105765784,0.8960940640391201,0.03526386021507718,-1.4515922696761654,-0.8439716268547293,0.7422826660360681,-0.5663802552505972,2.202420268690635,0.3117467660295521,-0.0392225168123522,0.8154994586415565,0.008551212626511435,-0.2323153989088339,1.9488843770724382,0.5542928346946084,-0.6118880903742673,0.028449916657473387,-0.8656163663837199,0.9830860971991855,-0.06890916919872321,0.06701463829510147,2.146998489350703,-0.6634983803452867,1.2295496051347397,0.5568902004281702,0.07985400450701914,0.14726420626221604,0.36868494820321573,-0.9466181400879357,2.089369562117077,-1.2785666755060128,0.4768186413076326,-0.17888522627609127,0.1722222268316171,0.8051436058969268,-1.5456305729656377,-1.1898693553377877,-1.323430344054094,-0.8742339331043247,-0.26556548875463215
sample_841,0.9708052904297085,-1.719050513533721,-0.31922326340085355,-2.0353979854283555,0.1626175475813906,0.6759248414926005,0.11678151608766918,-1.0712718987966174,1.125151033580423,0.22415968198144834,-0.3964644780397363,-0.8891930794179697,0.13255934869462419,0.4894573471060928,-1.3633634635648249,-0.9882257256577499,0.5085557130310007,0.007537898614746904,0.29321174921043897,-1.4557264379791068,-1.7039133854433035,-0.5074260794350062,0.6835967757889891,-0.29902215723074765,0.4982812176046202,-1.3302608167026198,0.565200957105509,0.6363668934831458,-0.4668638018919662,-0.8060774733421708,-1.0595475728442687,-1.228976028433642,-0.996087679637937,0.25960253228004065,1.571815289859866,-1.3332865742717204,-0.020005104804601628,-0.27327406566586826,-0.7198783713827379,2.1427300455832663,-0.5277243357318306,0.0704419218880359,-0.13473679553391493,-0.28903816960626033,0.31413274482254144,1.3484524467898857,0.6239091686271957,-1.0741581940898508,0.02415085070046738,-1.8636742758349067
sample_842,1.134499548247959,-0.28956667949506226,0.15134120784057584,2.016298876070941,-1.080219663798505,0.39163348980311274,1.3128158676850874,0.5738344574403225,0.11323801369756242,0.8349288496541463,0.7867483509252726,0.5708600792058403,1.2915157180202625,-0.9946894866148424,1.4143426226123448,0.1301013865438795,1.0926717640597379,0.3332383295795093,0.0067489339294539916,-0.9346459578945726,1.1168093943160586,0.6231572307930501,1.5045745941026283,-0.145352431098872,0.03551803724481261,0.038632015047707885,-0.2597789740467378,-0.597429197648406,0.1389193203490482,0.564448224654237,-1.5090634483077758,-0.1926787247861936,-0.5699955906548241,-0.5039209944578675,-1.1293303768922114,0.9111135688272459,-1.7164497880396004,0.31672977752318593,-0.6054464659243504,0.22553661574235873,-0.019214953559558913,0.6551890449634328,0.5457931627244161,1.0949785057340542,-1.0990244011586399,0.43535819610183646,2.185977946490384,0.056626584619256876,1.237339148535897,0.027085662223698598
sample_843,0.2806026768252208,-0.9291743808462818,-0.8987457131355848,0.6029543323917147,0.9440460885704123,1.0279528832520202,-1.158521906485261,0.37968139857133854,-1.9878711520506134,0.055501594645418956,-1.3622309865157929,0.6157599624017568,-0.9082689315804204,0.44767146708529804,1.2416130372208245,-0.0006393957646902178,-0.7983435968409569,0.7371361734032122,0.40118887259368796,0.14520241744555687,-0.42746742210878746,0.5766681912634343,-0.08309162093699102,1.4402173298422887,-0.901189911955842,-1.0051103395638692,0.7352884247487601,-1.574729205231176,-1.5784250314618646,0.5236253020024699,0.410861448636246,-0.38547091912840636,-1.6285195372193235,-0.9928788484993237,0.17486309339487655,-1.0472293411447202,-0.6051892369744738,-0.7287529963369086,0.1480134071174647,-0.7482544730290278,0.15192146934947118,0.11624554093479017,-0.7599297166138285,2.3770710718260037,-1.1760886665832344,-0.8326123580162711,0.6050745731584558,-0.14928088712252335,0.5462012280214616,-0.23526412614005107
sample_844,-0.7905856437713044,0.3315344304125304,1.577193252076154,1.4335424280118223,0.5265391200459925,0.5803667585796181,-0.3547397702888548,0.864336205431286,2.0029055070039257,1.3571870639824064,0.15742388281888367,0.11995316393995609,-0.8019414629070957,-0.5823395174735062,0.2755980828296855,0.2751278405451822,-1.8956585784151572,2.1851512997114533,-2.099107420123478,0.5356267428727265,-1.5724726175683823,0.1341948044683672,0.30454835050107504,3.1880717687736655,1.124697224137644,-1.2629466376471339,0.16820539559212092,1.5459625269037842,0.16311473207512442,0.28781590864129813,0.9215065153521779,0.4667779712580537,-0.103623365383006,0.4761838032136218,0.592543967672272,-0.4830394862427263,-1.2060770422669522,0.09506603669236807,0.644920962697289,-0.9362600959267678,1.167519759415743,-0.699709915895217,-1.0812109459229422,0.5939677451581198,-1.693884296542903,0.3876544927533591,0.8466390132680738,0.3016664446662692,0.9300728234281903,0.0383128064872557
sample_845,0.6511722239864285,1.0128137256282277,0.09626050006010106,0.24980675075517528,-0.28274137573669794,0.14001850638259536,0.8295709149502916,-0.5119433854500904,-0.21029355629454072,0.43554341233720717,-1.1478010231988311,-1.1831490026812181,1.1617601468323429,1.804055450034891,0.8613695582043249,-1.3594110001788775,0.8277867028173231,0.011711415238301758,1.0635296851081897,-2.1363847053051117,-0.4820204009701414,1.2822709250198738,0.7954583831791028,0.023921774595042983,0.030270788082603205,-2.031539773091654,-1.3534693113293739,-1.8098094067141615,0.5907630082870692,0.7598066975109137,-0.7466493822020733,-0.03134520200748969,0.5736858805706966,0.5975933095919926,-1.7205405083738392,-0.9215688450049311,-1.0663072067222923,0.07057340589232604,0.22865026747888595,-0.9062295426511005,0.5716768684994638,-0.48887495432065625,-0.8325348631008723,0.9754497914067697,-0.21514921577690468,-1.502986504592014,-0.5635127836249234,0.6918214221014467,-1.4325986788968208,-0.8018182272793598
sample_846,-1.151228713484045,1.3843487153030045,1.5034550884441633,0.5662970209693896,1.3373968850983011,-0.31177079296938165,-0.3490072545522732,0.666162882269042,1.1356180994357583,0.9872987082254339,-1.910063507125724,-0.09763463547492279,-1.2274140162439342,-1.1189030617817566,-1.4301413676530088,-0.6409512872574135,0.1787868065073179,1.2828555498021732,-1.9016862376790575,-0.3088995617000553,-0.8722530303891184,0.8004552517237274,-0.831713860748362,0.44715250896235437,0.8365513791953945,-0.6150862472739945,-0.7622253279201612,-0.08608346274058028,0.9745480743375158,-2.6717604021883865,-1.0925211550995324,0.18093275409293536,0.7235639521939692,-0.7949957010975709,-0.8901626580466725,0.7367887203184517,-0.9669485321966736,-0.4220806527287368,0.6058309912906777,-2.9432507521601505,1.520667909328482,0.2656642368576998,0.6643622000463263,0.049777144512548846,-0.04631038656791249,0.7169439314569744,-0.09377493125230929,1.6016007549694458,-0.8532302906635465,0.9102446009811247
sample_847,-0.27960712714725483,-0.2597403118342594,1.2826235202989074,-1.4432400865897768,1.6037259198667781,0.4340912297612542,-1.6615579757762375,-0.025067789952200287,1.091900587342286,-1.245854692773593,-0.028960333715372807,-0.7416808580318445,0.2927061613724817,-1.5911109553837255,-0.09270805218702224,-0.41995526698472946,-1.0684682800238758,1.6945244182105255,-0.9169484839027288,2.2589767699424432,-0.5392184246934348,-1.730775013825824,-0.14928934200621793,0.2116086574466796,-1.797291458236498,0.9185604151444922,0.5376701982503416,1.5905202375435068,0.1948253417978299,0.051004752843084276,0.35093624928399747,0.9188350083625065,0.000855492728449525,-1.400141136755786,1.6827167930010827,1.8057273201538104,-0.4602257843353773,-1.3017141291498409,-0.7253294236321409,0.2149061678232761,0.4127334883751569,1.298381548275895,-2.2874293107923105,0.35585725480807895,0.6324674556140502,0.3452524151505556,-0.9770111445762171,-0.2519976705973808,-0.41692772666910105,1.7165305438148102
sample_848,-1.0646529304072623,-0.8793754299430938,-1.811538401878052,0.8200187460842402,-2.163266428281488,1.8963493659536554,0.273681877005266,0.13619591243500465,-0.5651543574686778,1.8904694517057332,-0.7529359670916531,-0.014325322642648932,0.6980529332114288,2.371759997068738,-1.9687970340597387,-0.3751714712510788,-0.09235238289453158,0.7188162416002113,-0.46303358701719993,0.25376593555819993,0.07006418560974371,-0.6445625756422395,-0.27366710706186004,-1.3292141318048916,0.5685263425921739,-0.6708041081414909,0.40361399530733477,-0.427895873863109,0.8987273814842162,-0.3504209657919252,-0.4112694327291061,0.34124888235735285,0.024620267565879043,1.1655650692066795,0.10862006459431627,-0.9931430590329067,0.7913758860257268,-0.09326889257061906,0.9257423786008133,-0.8445320794239688,1.034840030422175,0.09236630646620281,0.9181323756684295,-0.422784332253943,-0.5125407374214874,0.32839586854294933,1.0582796890809825,-0.454079905161155,-0.6208972138325597,0.5562450695647166
sample_849,0.25355210033111275,-0.8664122012040343,0.09407331642951457,-0.5658773571826017,-0.9176346471635557,-0.48905431262992194,0.5429668734381642,-0.45960184062466675,0.9188596487847753,-0.44700754187589087,1.78054431968748,-0.09301910040557552,-0.8048335830867029,-0.7266378562796814,-0.19601398534723471,-2.5379077798700513,0.17818591337681713,0.3016426401269194,0.3611957917420079,-0.10204721291939482,1.4370202488290809,-2.188133525486746,2.1481672352278345,2.240718197270908,0.9235178228789076,0.16020500543848082,0.2535800537905244,-1.5843367264454862,-1.8786654218395011,-0.20583858252776152,-0.9755976955706569,1.2427692924878713,0.8777336444482875,0.6814389604099899,-0.7039906538788977,-0.6666889232704001,-1.0798935220085868,0.3697799447129402,0.9578983407622931,-1.6766506184745076,-0.3912538986315309,1.92893424930918,1.247189507433194,0.3001218169765377,0.47130688297651896,-0.5854270713544407,0.8312333654836159,-0.37995046023126255,-0.41277674444275725,0.7099358260094882
sample_850,0.10690436250192276,-0.15026882167097605,-1.6897219477214018,-0.29630901966837464,1.3333966165307658,-0.33337770280556045,-0.25524030288441873,0.89998791180974,0.09944563695610467,0.04466204554105598,0.15870310177056893,0.44502914484868333,-1.1753602626018003,-0.09473848696113217,-0.0073525080479875556,0.5989953165186768,-0.6806309105796163,0.5654948268290922,-0.08482293765882597,1.370800486251142,-0.35017839006793594,-0.10767316128464866,0.0041758888117943,-0.9133324357463339,0.3054274567767754,-0.7022164513276176,0.6998240018637893,0.011021011827603896,0.58555757286205,-1.6363210339483276,-0.5903739545401493,-0.38025054882890885,1.6225103249746005,-1.3104576706345767,0.4445907634500592,0.4489346003662015,0.5839969301800697,0.42605023037560524,0.9315907668621121,1.3939002456717255,1.0129197766900675,-0.4814689215624232,-0.4723862954433895,1.707688986579872,0.6778890688781444,1.4600790660604415,0.8954133650486938,-0.07803529858944984,-0.24042243974723335,1.8625916906636946
sample_851,-0.9221245487673317,-0.9951357159251573,1.2788249175801232,0.11859391291414528,-0.268064120398605,-0.611364867119529,0.09548840379625838,-0.22758571454300747,0.45419799295704605,1.0572442815510619,3.064501203926164,-0.22913626888720096,0.6920871972671195,0.5425027671397333,0.566754883512123,-1.5364052916838027,1.1278575364129433,-0.23264458986012052,-1.5629692488087907,-0.9919578627331248,0.4094989345360276,-0.10328120809159987,-1.3501279439573168,-0.7900580161693658,-1.483610695599499,0.22032985199606397,0.8428337749631228,-0.7948993376931138,-1.8759630857380292,-1.2109164752233383,0.32217241813122105,0.8932363788376687,0.6113576428787117,0.6620596026662955,-1.1662440364023896,-1.0618578210447993,-0.4878589126406737,-0.9292668470774736,2.5140317944766273,1.629970689133114,0.5217855096859368,0.6307877593646691,1.2275931217711304,0.612511076230684,0.29758541681697054,1.7310571422906849,-0.26029634166960697,1.084218892545072,-1.0237915062708554,-0.8628643465990817
sample_852,1.488148649108957,1.1095413686240159,0.44493228398315465,-0.3038273917551956,-1.112139972910032,0.43972817288925564,0.7475548774143387,0.7107740185238862,-1.0088769530012833,-0.06323534517332559,-0.07095778916668881,0.8762292856439388,0.40541568050349797,0.6947293742429397,0.7282138522556598,-1.1405417122145902,-0.22547976026771596,1.0262114926848538,-0.9984517297351001,0.27042838842275563,-0.20317261971428646,-1.6141158529405324,0.42226769886902543,0.12737330468924263,0.10935055029514593,0.7285760276679989,0.441917313826694,2.62509157790463,-2.1403779677247328,-0.42823230844557175,-0.862957493382065,-0.106503856187013,2.5925491053324645,0.14396871724740118,0.5203789996345799,-1.1053089972490038,1.036806141964197,0.43751885728871864,-1.1221833554525107,-0.5627921507280111,-0.419456195324151,0.009520442551515405,-0.43038070787982396,0.2318282962043132,0.8535414959412153,0.8484916582947695,0.2995556188824999,-2.094701821368223,-0.7361933780202944,2.06720864375988
sample_853,-0.6551947499733173,1.3403435661795249,0.8717128997530496,-1.3305931956380952,1.2219646106383106,0.12782670870764165,-0.1106506115363416,0.059200973215218444,0.28720114419332515,0.0658574562599544,1.853960435103558,0.8986718712186408,-0.7296504868811783,-0.019718625212333783,0.1825222085856803,0.20512023785622385,1.4796624560132872,-0.21258498351132568,1.2259248410719072,-0.1440253254487951,-0.00024894952553884285,0.18444469413193376,-0.9858779639405286,0.15213343421180514,-1.2385295379826242,0.033995160848210054,1.2477021683371283,0.4712993238233727,0.024388938432533046,1.2346234641141935,1.650834249736362,-1.325885857239056,-0.36772683368805825,0.2250055470115733,0.16567771045238847,-0.8709839042433041,-1.1798862917833928,-0.17600655326069922,-0.6954148570735498,-1.489906767767755,1.4041137115258895,0.4544716476300493,0.9388822852801443,-0.3728532897653082,-0.4279532351871036,0.7504845380277128,0.24257208355018964,-0.15190808243705314,-1.1201743349604159,-0.05573066361907858
sample_854,0.44373202263516687,0.5184458546727208,1.3416235447656564,-0.06332523759580509,0.11390576074087146,1.1990041114570806,-2.6426846673301214,0.5598001439413224,-0.09378835264570627,0.7215984674214238,-0.7275087056750164,-0.7028167899065415,-1.0690770112761343,-0.8019294135297972,1.2705930328135535,1.354151782456715,0.043877040531842264,-0.35678470297259934,0.09527351126183817,-0.6797411050723674,1.154306107335602,1.425015398799636,-0.5174800015099208,-0.56767406373839,-2.3045286636040663,0.45740351779820726,-0.9496747074628357,1.1026038441197725,0.6491171318134545,0.6874690972001662,1.5752328433136233,-1.2403357211062611,0.5579761540394138,-0.8577406150174585,-0.4665834992212806,1.0439755017780763,-0.8846696886985402,-0.5532908531549384,-0.8829804834460256,-1.236945641357797,1.8706437042990283,0.5568582836721061,-0.76842477832742,0.36271385560190467,1.1244384277108814,-0.6819150636808283,-2.6277291935516103,0.6295288045729144,-0.787770245904866,0.958347219169844
sample_855,0.5204420218333113,-1.2201815835041405,-0.32903288273765907,1.453078125263719,0.1195911766183909,-1.613160626730877,0.8717341430273382,-1.3320092065615874,0.4195511645769965,-1.0066355759269734,2.65441153662057,0.9963061201154106,1.250403158225378,0.19940212782819727,0.5889107172409034,-0.9387686194010045,-1.7554470695406206,0.11780822924221693,-1.4289672626424994,0.8151889479149794,0.5304145549256979,0.7792429110752981,0.5666369926631625,-0.06433930504397639,1.111435573746305,1.2292150043746624,0.4303270982629011,-0.24876123647955703,-0.2492274882451545,-0.5208426665983699,0.34032068048485775,0.09162310157825523,-0.6876350456299296,0.7396323036948629,-0.15660086279176655,0.25743823236025315,-2.5138145097413367,-0.8480470174942418,0.3541816555096189,0.24895228139944886,-1.3530465200609267,1.5306799149594765,1.6384403907620098,-0.3055526989294725,0.05602869764568605,-1.9068097812433207,-0.2965408297566288,0.9464137451466399,0.7890274032259357,0.9140680658246378
sample_856,-0.45031419794475364,1.7018914053729173,0.6631880137610751,0.49005336363219476,0.3944118709017852,-1.789307308370569,0.9944825614098493,0.32513051746115906,-0.5549739267018081,-1.98550121752684,1.0705969539185554,-2.0823783096443207,-1.6368058479108873,1.011956961193762,0.9720949415420886,-0.6215344019819707,-0.003451004737461699,0.5566817156028896,-0.6395496991172311,-1.2286837510801112,0.8096432831217664,-0.771818751435891,1.2468753469273979,2.0696797780889313,-1.5123051486979608,-0.9172525962747777,1.4840935657312966,-0.9565268002021631,-0.6316836512406189,0.5571733557599938,0.5012328357040087,1.424039259100474,-0.6312560944378094,-0.06896268813954763,-0.36337056142223073,2.0704481765431275,0.311570585277016,-1.878920992384589,1.3977779215567285,-1.4429092082002735,-0.6049954013374472,0.6061493960570563,-1.0313617121942689,-0.7778816586343044,-0.09769605756130419,-1.2136476886611676,-0.9026925291900638,0.5525625842259524,-1.4961953711902198,-0.820284802626761
sample_857,0.6608471227375335,-0.7728774318183008,-0.8996278859234635,-1.2800926156536543,-0.9585107565023452,2.4325976780310814,0.05441021812378749,1.9271332872892493,-0.20820234247114186,0.5218660733519473,0.08704564724440043,1.0179528835793115,0.8450766653256566,0.5378357101326416,0.7496070710663423,0.894512170596792,0.8846811879799071,-0.7414617598011666,1.3099285685676851,-0.9647777111518113,-0.5404695072674788,-0.535106057574152,0.3625913173077211,1.3640857296808035,-0.06913565513650248,0.37209570643861234,-0.013955010642577485,-1.5125532014318226,1.3436413673978622,-0.6440641533854136,0.3243721403254301,-2.421180683674005,-0.7679291025257582,1.2322635011415728,0.04186607874280381,-0.5865178016591458,-0.3782925818677674,1.6320885750068126,-0.08937781007342702,1.2831924985003411,-0.999746969032285,0.29288244911527006,-0.037239571647265275,-2.3404545893406747,0.5076594759030914,0.03289758428133291,-0.30633050011126084,-0.5051364693848022,1.5858646312715656,0.5704862029948901
sample_858,0.41155843112487356,-0.4976913127657832,1.1118403946114472,-1.6909691264092221,-2.1259586003800863,0.9436384217266309,0.22834520409945508,-2.345780182315158,0.05664542719581925,-0.3504495136165195,-0.06600150213723459,-1.217029179179158,1.3273970489915936,-0.1765925259919553,0.5331427146290103,-1.9775073666980711,1.0923857856580201,0.37597415246757354,-0.10457507823278557,-1.1352993313998954,0.2665645668866586,0.31650464391099264,0.3398245325263311,0.6610016783367274,-0.39405305120924644,-0.2237624729836662,1.0359292712789796,0.008896952087547828,-0.27767164341296396,-0.9879355118464588,-0.5701867358308305,1.3279995965133444,-2.6334606833578427,0.0002571345037607205,-1.1980409071913551,-0.9679537123548304,-0.25026941819557336,1.1185107884682701,0.6547588752876401,-1.0366052121443405,-0.0764483526547777,0.277849296109196,0.7897931327683341,0.34112626168404203,-1.407704922878259,0.811367464488928,-0.0729323014783484,0.021817391669258588,-1.0359400655914373,-0.46489460707407027
sample_859,0.4403345891195889,2.1863802239966965,-1.831124650001053,0.30629952135895133,0.28961905244933067,1.2612127055603584,-1.2306407802562667,0.6376333604255645,-0.624647793593843,-1.970281404645153,1.0311866445652746,-0.7964423857512671,0.10101107516780881,0.6684170624962288,-0.19298765915806254,-0.8904131765314879,-0.7544510834401618,0.5511559850409934,2.2179292591601776,-1.076257752738306,0.6922886080306702,-0.19602844884261653,0.7950341986085475,0.11924014143663189,0.04870710648733148,-2.6375990973578634,-0.8268236052672441,-0.10501123819297827,0.3271147651938077,-1.3894503305646466,2.5471290534090163,-0.5285408133302518,-0.806962471303008,-0.18437477115780068,0.5145462665678417,-0.25291101533199556,0.13805407589625868,-0.07931007421577263,0.06615143970063941,1.707558786823963,0.4415244713744705,-1.1001664989148334,-1.588285725405473,0.04666269155371,-0.3620508849278469,-0.31246618472946097,-0.18909138395070657,-0.062309111880613256,-0.6102101652243476,0.5396336552011158
sample_860,0.5777246287077799,1.2714167733828494,-0.8221617320336898,-1.807341294279998,1.0058297465653787,0.7328354398469261,0.16673763352147475,0.3921591986646347,0.12809720273031824,-0.034231401452048636,-0.4210972620448539,0.5153837817256195,-0.5813076483756527,0.8822718665136304,2.2583886612913417,0.9202194794427969,-1.8185264433779198,-0.062225449363719355,-1.0762864475045215,0.9930430943326507,0.6769008156527696,-0.5371211582630503,0.5763501753898559,0.5527264388194262,-0.6455408135982329,2.699364927546767,-0.7290676310668054,1.2707675247472707,-2.3151873944636194,0.5840137143582425,-0.6307342165327567,1.4399775719279746,-1.0443406996779956,0.5404037835293826,-0.6775201245796053,-0.4162388424027264,-2.0988159919851497,-0.13565742089220764,0.21139693916390373,-0.950214165937784,-0.5525484062019981,-0.0031698777875330867,0.6212765526087215,-0.8014878360440632,-1.7178619715116044,0.7792542659503153,0.47889236374131355,-1.5569171640375106,1.7521121615785036,-0.9375619038969729
sample_861,0.8404596740272537,-0.5781578766212416,0.5174259245134243,-0.37102243500271564,-1.2353089736442633,-0.8968176590217142,0.17993628138025866,-0.5160791167736958,-1.8246188773337708,-0.08198977546369368,0.5798721477485003,0.805732870954763,0.5904081659405364,-1.1907126344341996,0.05727143424646705,1.2462573266089882,-1.027862369639715,0.8479623789296098,-1.1785342443670912,-2.301975720047278,-0.2989220311974455,-1.2547093264335736,-0.3343116502208746,1.175502396494642,-0.8661298249202225,0.41298897832323817,-0.8708913791699544,0.6770242033393243,-0.07387924464046867,2.1070258004704,-0.29058964070814014,-1.4179534082591898,-0.27144358636182225,0.7200726433264174,0.9909115813326163,0.10377090616194172,1.279741860262361,-0.2639947023140638,0.7066284061769482,-0.5894581537892102,0.23839507562915785,-0.5465821962050825,1.0440567328844064,1.1459015983908334,1.3818228260748568,-0.2236262835314444,-0.9357115625634149,1.9299991816308024,-0.7906248675982112,0.5953133892940198
sample_862,-0.0036690189485401935,-0.45356458010558054,0.42428481988289213,-0.13805378890971684,-0.49687833841157436,-1.0398748332219152,-0.18328986935691802,0.3393673232743594,0.24820223195059268,-0.14953398023033754,1.2759036050126507,-1.2611519759924052,0.6418677378807689,-0.8620432498274474,0.174300367040939,-1.4256908332670069,1.460631805002695,-1.4111440797258017,-0.3950251253251974,0.7905395123044965,-1.0608049106333655,0.15465448986001784,1.2468125101882244,0.2265759459904465,-1.135252031174663,0.9483401795135573,0.859651350758128,-0.0038903576910300137,0.918963734104938,-1.32555360521968,0.28193054119744987,-0.5552455511870297,0.687479028603912,-1.5186303188671124,-1.0562897315894202,-1.3988427272790875,-0.2937910309334571,-0.6651654711488931,-0.8230634271622629,-0.6076745160537871,-0.8685497361509634,-0.13804712074017106,1.1129867777745353,0.38174151085872365,-0.4034554323914608,1.6111280529321157,-0.7528114684288942,-1.511885591641208,1.3258078603684185,-1.0394744995840304
sample_863,0.7820398347377269,0.0610069269728397,0.6940377151510511,-2.0408266343674653,1.033198881406779,-1.958707583358538,-0.2622907130270498,0.38932302784691997,1.5208848845116913,1.007424068031838,-0.21728282810934602,-1.255994301538194,1.443769026116548,-1.7304765322601832,0.707120073941879,0.9082803037120609,0.04148678734249328,0.36068197700063914,-1.6579469563536877,-0.05842963686068958,-0.5259433419752774,-1.247913762091596,-0.0815199525359462,0.19761709092000396,1.812184812694052,0.14981464806606481,1.0200426425914857,-0.9142966463787356,1.6550391382480065,-1.5532169532591258,0.6797665401594787,1.5529132339687999,0.9955052561299105,2.262441911994761,0.6112152159558246,0.4533114665356421,0.933425292419289,1.5319857045650422,-1.1745964270526468,-0.06048992025809484,0.7083778875473671,-2.239967558056503,0.6975685167511416,1.5519398400433322,0.6579134538114277,-3.149763260976636,0.4883517334580538,1.1281906162126945,1.2462752100760521,-1.189399853769351
sample_864,-1.1403261094856056,0.9313818354057039,0.14866802885133595,0.9623899501587185,0.05704093473455711,-0.38471719807137966,-0.9983937407916543,-0.5421187364178477,1.187516489908856,-0.31554489362677823,-0.609008391095706,0.416164303143789,-1.1022114602222004,0.37374522458734577,-0.0890326905048036,-0.29292576829170663,-1.3841356331335253,0.3069458341831453,0.19935170994937795,1.4301125954261376,-0.3418387314234777,-0.4698948261110311,1.3110482864423274,0.567384537057541,0.4979534511402691,-0.8913620207700308,-0.5652435001053752,-0.8716475724408945,0.008375809786476592,-0.15091147137406077,-0.053199510920606846,-0.33693499563528023,1.5236423631142535,0.40012709457625517,1.055963018084081,-0.7449596739541671,-0.293150650671733,-1.1879574310327288,0.6047386825763755,-0.4949451127535225,0.15092007762524767,0.8322441327439127,-0.20147532564270731,1.2411120961106832,0.5318611922042106,0.6037081497231038,0.48349629040379755,-0.3538708885877208,-0.2500572834140895,-1.1230627128879906
sample_865,0.8747145949079784,-0.3064841250589,0.7354024257470098,-1.4695334662747463,-0.7107539855062662,1.3905703360115935,1.895454457691652,-0.2156082794297779,0.5617389684149099,1.7499755157819563,-0.179064385612896,-0.6330380139803438,0.6806261483766185,-0.5823227116428982,-0.10670091799518698,0.1172978721972747,0.04000300656428045,1.3528146352281571,-0.9226994823442481,2.0163677979772574,-0.04007900352957694,1.28267456019685,0.7081575186209671,-0.3768381254866958,-0.191089205797646,-1.1460004988327432,-0.3304081537096253,0.32112039582253266,1.1474181532707357,0.9467958383258174,-1.44397619070303,-1.2878741624547398,0.9603316330617752,-0.7110404980258384,0.49984604402713817,1.2370585336133044,1.1042577871097885,0.5145377489129768,-0.7982444830999955,-2.770483351855916,-1.0072916714973512,0.08297313653830993,0.10917840070053791,1.487204570625646,-0.1929033360337273,0.19124613228196896,-1.055031077753113,0.1256380999667211,-0.36378820771389603,-0.10132249897845091
sample_866,-0.652981191344638,-0.01288533717076765,1.242577555228118,-0.15607891913095284,-0.14237811374819287,0.5603660374935587,1.656433333806934,-0.11835944739781996,0.7467202403284101,-0.5334108743646022,-0.308744385499295,-0.6807022999274391,0.03847416448801716,-0.6846437170107565,-0.0023227147862292727,-0.27409994348873373,0.5002413066358388,-0.11098466625021601,-1.354300525272024,0.05560536190769503,0.37089351484756805,-0.9480663900286158,-0.11440743810217903,0.46050913547322425,-0.6331044759172157,-0.21645116172878653,-0.9783569811975882,1.2101991576176783,-0.999133410844235,-0.15442117501531186,0.07284109302622578,-0.12429943506999411,-0.1625641713267567,-0.3406518572057654,-0.12894714463867887,0.5229078455460767,-0.1767787376491895,-0.9622507269623336,1.1157098000322256,-0.13787113432352735,-1.4588080235243648,0.18529037369924398,0.6585221411149011,0.18445138389829918,-1.4132091884712585,-0.8535717666741961,-0.13648700851299742,-1.3482568150237402,-0.10835379374970974,-0.14040972158231754
sample_867,0.2898154095067058,1.336641029704884,-1.1832919565037467,1.098347540591856,-0.8966427635069405,-1.190050157155867,0.7170873330729222,0.43895182599662613,1.2167928365080283,0.6022551362816686,1.9038610520522494,-2.3078159919253878,-0.7776966721748194,-0.3525876668203266,-0.17116488341435665,1.1249835997669408,-1.3158900854330073,-1.0833600341137144,0.6199637129525811,0.4863060409776292,-2.2074623922542305,1.3837071654458002,0.8159218146047429,-0.009672213729539152,0.1827341961074766,0.13691361864459398,-1.257368074543241,0.06156380778270309,0.6155561857483179,1.027487928354207,0.4293518062373924,0.43289377475531754,-0.10812723191858165,0.2311134654500994,0.3255900799376127,-0.16636840872422362,-0.8851503466346045,-1.0054943151937814,-0.537929151621756,-0.6737468175067284,-1.1392913201081398,0.27581155016667996,1.6506360616273514,1.14839021448218,1.7483527254308868,0.31330556572471635,1.7716021078560666,0.6886278268446377,0.8800285255942757,0.8710262301678184
sample_868,-0.6534636026937821,-1.7024487223622629,1.9547474075608298,-0.4891307372426341,-0.6469735591083348,-0.4147855502231377,0.6754670098124689,2.658034024017973,1.1413291536067638,1.308717461056736,-1.6647920752587786,-1.475268914987692,-0.49070049724648634,0.9278462440993066,0.6285285145159258,-1.9815447925243925,-0.16975729153924315,-1.0472175967643904,-1.2045281777620027,0.7194144003287978,0.25794536048785693,-1.8355819169831784,-0.15428622048348953,-1.277598024230547,-0.17463142686944216,1.922909343800248,-1.9250910752165136,0.166015102124343,-0.6138410621895437,1.2428897020514913,0.8998572910926248,1.439473774902559,-0.6497358876395002,-0.419474103689452,0.8340001086038588,0.5439453884927129,1.1800497194640232,-0.23553758348530465,2.9440130729843936,0.14816778831079225,-0.2611395157456437,-0.5381960976125678,-0.9882445129839719,-0.1758636388839328,0.7263255611463506,0.27596690908218513,-2.2935694280727987,-0.3153455138826336,-2.1961357267483774,0.15528591010037773
sample_869,-0.6363853325434965,-0.3637368291245539,-1.4277501565496458,-0.7126981555943986,-1.028501990854769,-0.2346939082759741,0.09327548173273495,0.9797860765935252,-1.2790811662872272,-0.37549183323727797,-0.4386057766858101,0.5335407531470804,1.140377793510397,-0.6289930308309473,-0.28379961685238775,0.4147495025833249,-0.2747524925788604,-0.6203683568967793,0.2800077334487136,-3.184260280160269,-1.7859285510458338,-0.667554687100274,-0.6908018665915541,-2.5711573245712174,0.16534208850275364,2.049311633057534,-0.7619048880690542,0.4478951224563054,1.0447023225475907,0.7108093133198141,1.2487146029635046,1.4713565250119822,-0.01600993756608002,0.6514881254452949,-0.991369329934983,0.03509637356815079,0.6208620157551856,1.5097402669840372,1.5931447506140128,1.713274813111053,-1.530490645476172,1.5523941176168807,1.2460566518085596,0.7361625477576792,2.2701617779999785,-0.6047723254881149,-0.6009765887518622,0.5141446993645137,-0.5705200434741229,0.7036842131321345
sample_870,-0.18496813874051554,-0.3162672793507907,-0.4277015585853858,0.15709378264275015,0.2461411756751636,-0.06272023708691024,-0.5523534955652405,-0.6327809796725056,1.0064590733442416,0.2801848455390639,-1.2735124530188016,-1.2921287291930872,0.6830536246305743,-0.25449251728985756,-0.6956108086357045,0.9932137340521358,-0.21773363902349974,-0.068485137564655,-0.5776717499128887,-0.9275491786566699,-0.8234110590295215,0.4323944617625872,-0.03755958885384235,-0.573493356102423,0.6650035200923844,-1.093151034235756,1.3245771521198135,-1.1804134451401564,1.1364504333210574,0.9019356529390897,-0.975494322495926,0.3111515176089397,-0.08481572824754695,-0.37289070562009125,-0.002137133438681217,0.19665881068682153,0.02720989127350584,0.02525245315837225,-1.2700041870857288,-0.13444027765317446,0.5882771362895225,1.9008580497514866,1.142518500221726,0.49502202436061976,-0.17257228501311184,0.4609783705852439,0.2455950138050075,-0.3438938359351538,1.335679485346552,-0.7613926217011187
sample_871,1.3027483540630167,0.9071658168641109,0.07378578069157525,-0.23472615059353955,-0.1571435276042112,0.20772205329520962,-0.13885312065757818,0.7448139587940233,0.5911307082873879,0.5751509867784251,1.1244806883745209,-0.05263805893856564,-0.15765387460877756,-0.0416805174416312,-0.34782223156752035,1.4392153904817342,-2.9508543336591075,0.81195627725997,-1.7535419682561995,-1.376491899738521,0.9773849237089619,0.045466857551722216,-0.4333545264252043,0.7782277315500963,0.6108118768362477,-1.5691918621765748,0.39617181035925897,-0.07593631736872086,0.08969141346864469,0.6562072307463465,-0.23688621466937404,0.05979573552635816,-1.3203791227499964,-0.18579632346338618,-0.8540011570405712,0.424967058154562,0.2828335988034731,1.208911918128443,-0.4826258712397716,1.497774423532548,1.018489862273911,-1.2536660459667894,2.922757853035456,0.3371285031963087,0.7890906460914922,-0.869846136413574,-1.33285334993983,1.732834610831906,-0.002648986630104105,-0.07767502007794343
sample_872,1.897342270417667,-0.033840457058750516,0.5454061074664462,0.5796976659289649,0.4247768342295654,1.9139166661785496,-1.0572587469748147,0.5289953290024711,-0.02604042703150286,1.7656296301396321,0.17805141751653888,0.8421211714565922,-1.835430403728857,-0.99714148497814,-1.8735270221295361,1.2137256701598476,-0.034080978347466484,0.20458952275755696,-0.4942958432864504,1.5300699633152166,0.40743850891155564,0.3727227661209454,1.0549886158438424,-0.04628756860696049,1.306492848738253,1.9774892316759476,-0.8839569464514032,-0.1572942236447784,0.4958889520869679,-0.5100850187323404,-1.1289488230997728,0.9849046712135032,0.18796606681887654,0.23709454821856832,-1.392144866276265,-0.2766700384858062,0.8616093243108329,-0.13251398380423193,0.01315019606465668,2.281726884257402,2.3344363758413955,-0.8644542833623932,0.18003106726049323,-0.2145204730022767,0.6100052081555659,-0.5464409452099304,2.7150906444554814,1.1246377987102847,-0.061393625494892606,0.7628083970979739
sample_873,1.254569837099613,-0.7667883822881286,-0.29720050910145,0.6433688960409023,0.45396232156853916,0.055633592866854924,-0.5455238656371837,1.63435007459097,0.8010711331095689,-0.03473774186189707,0.28566124507517276,-0.2535415907519512,-1.385916534166533,0.1304653984843851,1.1612394244333255,-1.2431478091781578,-0.13722297549077747,1.4984064071680219,-0.14388741679108955,1.227198635421897,-0.5899831381067554,0.8834538452384108,0.4996820392691113,-0.8675002085835357,1.110833005665671,-0.2596267739420337,1.0375591509976325,-0.7734415010001906,1.61767720617665,-2.410933006096731,0.3411196618124635,1.8376189851021718,-1.557087078916926,1.7696328757239006,1.7082526091680357,2.7997646798501346,2.6056442996992857,-0.4125149645574941,-0.5023542537603588,-0.10910734160832566,-1.0100041432392513,1.314385476002139,0.4098430256293805,0.9420718658590814,-0.3664288956979159,1.811806035795332,0.09850767444772632,0.43304577379390535,-0.7327222086399691,0.22216365674540742
sample_874,0.8721775009389724,-0.6383714602088871,-0.34637923807301685,-0.9676552180401115,-0.06531894838510491,0.9915548740445971,-0.8681116792986517,-0.3929560190418647,2.1183885093543475,0.02550882679797322,-0.03212729565372338,1.5247659918448453,0.5416808720383895,-0.27534500271079304,-0.21554856556513471,1.1779253577737365,0.8334044771811988,0.5856666064048558,-0.38168788059085385,1.095919983683936,-0.8935311716140273,-0.9538255067581733,-0.8824359231869515,1.5072018743245879,-0.21325912603944505,-1.3817315140188848,-0.34380708716790376,-0.18874722257093893,-0.7265713835415682,2.1357412333809487,0.6792016263958918,-0.42137967383861774,0.019490826972712122,-0.17952144299948375,-1.4903865483032759,0.6367216997882622,-0.343519977556457,0.8790119450074056,1.3294608480367183,3.711647964225105,1.6447553029522808,-0.09282750094200722,-2.489371808273052,-0.669191197897619,-0.1383413812318907,-0.1146156250036965,0.17809052659627306,1.8581856813892585,-0.7192560227838733,0.45591034486022597
sample_875,0.10437548155692347,-0.7745173182790085,-0.3157330190686192,-0.7540938562530006,1.5530782152571905,-0.08907286834808292,-1.002111448987758,-0.22712142076737388,0.610105159777076,-0.6247714045791553,-0.6306274280248265,-0.7117063582409336,-0.8614552733743513,-0.7063301568960842,-0.45140958699869393,-0.2433524821894314,0.0644703164637374,0.11331458096803411,1.211059243823655,0.6022301811327875,0.6486118121448671,1.329038657917296,-0.033588020420768104,0.7433100439169729,-0.06805959948394719,-0.12420241231676879,0.6854603614464295,-2.2646685628726297,-1.4420383708359907,-0.008001283256518669,0.6508110551512423,-0.030682918716822126,-2.324646883333346,0.08082561642391493,0.9977711417825892,1.2109704463990987,0.4762944208361289,0.26269439448065973,-0.17364634506450574,-0.2897557855482139,0.766990403021931,-0.3898806761024124,-0.21511566720074116,-0.10040262202501318,-2.5983200681273995,-0.5801329305655216,-1.2910565894433217,-0.39921219285860077,-1.8963905865863964,1.404931341606027
sample_876,-0.6864338623641255,0.488063203649492,-1.431538485290489,2.4799290680659793,0.8829125217260115,0.3616513504869791,1.0818699209986802,-0.1816814475346136,-1.3684551843465134,0.36852003575105874,-0.013135734115553374,-0.5704973421408625,0.7118428323665594,0.3612951160786786,0.8977691322394624,-1.936273856031218,-0.15312459764861905,-0.8893682581779333,1.0260720133179415,0.5109891005847442,1.29717185669449,-0.7971198605752142,-0.4624824208913574,0.14013414404675628,-0.8542671642046337,0.5575937770620691,-0.3877701461543196,0.09234325401753693,-1.0963211317900625,-0.2370227506486102,0.45647260358754593,0.8763297263791189,0.8933661102325944,0.9271007191958407,0.566697343106542,0.41807226670091324,-0.1939385062573306,-0.9668317355755828,0.6818978848414743,0.7897010054047165,-0.3426934395049445,0.3864619748219573,-0.22179528085177577,1.579125109197767,-0.932995995495712,0.910229518955486,-0.18190864727383677,-1.4807292894593054,-1.721519410550946,-0.5344726062352457
sample_877,-1.3720544414266875,1.5717379969692487,1.7342560972109846,-3.219052622742201,1.3805497778842644,0.3861679012145017,0.710413108841606,-1.5502715867044299,-1.1006232233678737,0.2964101596827176,0.8843329863261153,0.4145375511078329,-0.9771425037543788,0.8408619221172129,0.18877192376492807,-0.13982873069260998,-0.7789842127292461,-1.9849554324561693,1.9414460991822104,-0.7312039450555095,0.024668245429196163,-0.35024930027215756,-1.4104829752929098,-1.920717783337763,0.4194105340163753,-0.9252090443448582,1.4569520980896924,-1.4199268041614432,0.4870653366184431,0.926719358473216,0.7369955416216813,0.28617942774613325,0.24590213158346563,0.4441134018587458,0.160846844443004,0.011289000031613955,-0.899151823639082,0.1873187392392121,1.8150873361681155,-0.06248771825519114,-0.9371767715342322,-0.22798120883812384,0.45425081359169,-0.5464906056064245,0.2723605822136178,0.2987254200393331,-1.5367724465476382,-0.5618299458805025,-0.4746130228295333,1.0103489942199855
sample_878,0.4792872450919874,-0.27731409497541293,0.5327573309641046,-1.515036780500192,-1.8823893099103441,0.7891650908129443,-1.662764813176858,0.43710837453693274,-1.1307036583966144,-1.4131175736843875,1.6002918841834548,-1.0651982017131945,-0.7263037661295404,-0.8951840235479951,0.9523043494597544,0.009628048324932784,0.19800931180703996,-0.1006568620226139,-0.20682483761210865,-0.7708463743211884,-0.6684697818700899,-1.4953410235023146,1.8504910955372191,-1.187033951967277,0.30999964937168495,-1.5168368764791316,0.8171457469537655,0.7034690641601259,0.10623653616951602,-2.1738617106764173,0.19168246237554679,-0.9764262786431027,0.17944092323967206,0.4575653910315662,0.9191541707156383,-0.25314928200541853,-0.20940223201945538,0.981128808018483,0.8306953088022982,1.060001780821051,0.009095173477886407,1.445938427209537,0.7086636546509688,0.6218090708379513,1.3383978085291546,0.33475911929648633,0.3846472511487392,0.9561165413340327,1.426738502285894,-0.6012004577333355
sample_879,-0.6806686908416996,-0.4798342742816179,1.7202595702074401,-1.8385248128016844,0.2867549008262291,1.168010494155793,0.7382264349681027,-0.7172991246500285,0.0730820862097556,0.9212028043738513,-1.4532174052011175,0.6967374502746623,2.873189125162838,-0.48884965700836625,-0.5202343887823685,0.9299150766168293,0.6811235567256775,-1.3595019194478,0.9682740463366016,-0.22624720413596697,-0.8751518420974506,-0.09502021619824028,-1.3174273673666081,-0.3832114075752889,0.3391396222193866,0.8515694218454528,-0.07893989788023405,-0.8095330094708738,0.4728094620210162,-0.695410162796628,-1.1686194854315346,0.43798432581802366,1.0325439707609825,0.8637874678610438,-0.03826353846706009,0.36653519732495043,0.30081973402387113,-1.6071397012797994,-0.9233705298737569,-0.7418016506820511,-0.45452978473294076,2.1920557632304343,-0.792038437884188,-0.11085084323742418,0.9477646744126441,0.16875831364782334,1.0414287289544713,-1.0951069558215132,-0.9840735093646765,0.8571714298364073
sample_880,-0.13008919293170818,0.08442036736973388,0.18445168815653207,-0.9142625414215636,-0.6596427891166687,-0.29206130479260656,-0.3718455877882221,-0.28892385379250696,-0.8709909358050483,0.017498690611127705,-0.08597304034677533,-0.7279742377252288,-0.7026355418531709,-1.9995229496928013,-0.5062556942336087,-0.30195509757767713,-0.7478259082534352,0.31103350534794977,1.6517144274015936,1.4511325507988337,0.5372680324481481,-0.44900421933758883,-1.3473347115270524,1.335763779806952,-1.2959097743744508,0.45325309572486894,0.7778014562073203,0.6741861532592762,0.4539879989861198,1.4800563932423392,-1.218874915926594,-1.4495391342550488,-0.7381364121521121,0.13420836297966224,-0.1268591036036944,-2.0394154117951526,0.3360654012489286,-0.2306525512950482,-0.35686900478262523,-0.5493603231194082,-0.08671042971572097,-1.0362724304089155,-0.514776595565928,0.1211036223501459,1.4419320803561533,0.5670208165879189,0.428141787940659,1.2264718373700114,0.8046030163039076,0.22201520563335483
sample_881,0.39749216152822675,0.4416116613807713,1.039540319185891,0.9987151476518105,-0.7263522739795735,-0.3256158702658504,0.1760518638442255,-0.4979771880174915,-0.43049986895117454,-2.0228256479568816,1.0325293201815227,-1.7017759235008267,2.2853309250840512,-0.04809571924653544,-0.8147261067058399,1.6065274833152978,1.3488722711334298,1.6598016567492953,-0.05661246550645953,1.405927809662599,0.16088112929727325,-0.8544599931816625,-0.3820606449940321,0.8458436224601799,0.7875022209731943,0.43228457480917887,-0.5375311752099717,0.09531535951192613,-1.4590363621764855,-0.15542278264919107,1.1214485171284467,-0.5071224967584045,0.3206052663051061,-0.06754066705156998,-1.9249475171625825,-1.1540728538954665,-0.8529600301158241,0.7661677266543707,-0.1835341577916956,0.2845855872884509,2.616954438965901,0.9581319337873087,0.04853162647592427,0.8308559660767931,-0.09827286257182341,-1.284884090509647,1.500460304604463,0.6664413957485449,-0.2853074451991902,0.011240827034754871
sample_882,-1.7597260555693495,1.1797717615276835,-1.8733289659770587,-0.4511718969275936,1.1290302792281581,-0.6711218113920889,-0.6382339652680198,0.6443161218413969,1.1906906082636535,-0.34620763974872587,2.654368087211738,-1.5471662254895138,-0.03120120973746953,0.579967887471907,-0.08336107768200128,-0.072404994720548,-1.9467754791968859,1.6836872360354997,-1.049110900792401,0.6058327161379823,0.5537599558614286,0.12830950092703858,-0.2565898576439615,-1.7815417194460819,1.5034005317671095,-1.6375375079474832,0.6176164876733148,-0.04732167103560064,-1.4420302001906224,0.35409102218103694,1.7357209927257806,-0.2961345738306774,-0.16014260586286425,-0.04857933211068054,0.3062382680269651,0.3963160751503713,-0.5369376104279376,-0.6137711083289779,1.0518578653781485,0.8647669775914629,0.26098104641736275,-0.43258223355585473,-1.7312244947372122,-0.9163961878895343,0.4321018991241356,-0.527775573375037,-0.37730232552077103,-0.699907022086424,1.4683437204822751,-0.6472832816074962
sample_883,-0.6236848259808668,-0.7375253898020789,-0.4515474416480967,-0.5874187620033514,-0.12483009175088211,0.04345955699424015,0.07094117187513957,0.6259943863764793,-0.4501624338860928,-0.15029157728208728,-1.412199731263045,1.5145454391849869,-0.16059143346900528,0.48371170511968953,0.810621668136189,0.5519183952924112,-0.00393504047867377,-0.05213688240691227,-0.8304331361903164,0.029207086444380623,-0.9240349882901161,0.5174528741773126,0.7477623589816769,0.04232202656171803,-0.581536457156159,1.1473424165118191,-0.6991404785086316,-0.10726739747442669,0.11269262203489487,-0.022844160056339883,0.4204147250324463,-0.7029755407810705,-0.2732200088195069,0.8667312846766949,-0.030892785432680314,-0.5424753246232645,-0.4674725669146754,1.013056763778534,-0.15931623568236725,0.9526124117683396,-0.9178550427741926,-0.4029089081892659,0.9946107042815476,-1.1265654456029837,0.9226120873185438,0.8604060976183648,-1.4247581772333133,-0.8081087903481786,0.5398749484353206,1.6935591205627902
sample_884,-0.20474228563914984,0.1803122820420377,1.3664075837874097,-0.2406722683756158,-1.2923827064860498,0.3473417020352025,0.6951995007513017,0.46814348633004554,-2.230763531738069,1.5791139853119838,-0.1897631322787225,0.31150807117043816,-1.2900837882770346,0.7834056123418432,-2.0999238910726135,-0.5826980818761434,-0.8626387561582305,-0.779766637648618,0.1410265612909051,0.6376223225738427,0.5657279880535138,-0.1224459199490853,-0.6782145865137533,-0.6654993185006938,-0.6937992360268213,-0.7530373692479562,0.8031419273127515,0.25323267945970057,0.39718300586798794,0.458338550025701,0.5599612707207707,0.5755962442624114,1.335135221440461,-0.808297801691312,-1.1101161801925148,-1.2393464716352323,-0.029723798561322536,0.09589835466113526,0.08002828364255428,1.3853769468924944,-2.272893183525404,0.84479296042428,0.35077822372223405,1.5267415059930844,1.6848298051468398,-0.5053199986620788,-0.9986328884366285,-0.6485104585441565,1.8909914025625376,-0.07305107570000435
sample_885,0.4538590518462484,0.15766787007589508,-0.4962076286702829,-0.9277471270015564,0.3303329122134156,-0.6684082053831962,0.7850670684061417,0.6108757878784823,0.7208186407178898,0.21274736231202915,1.5513864038654728,0.2624489077458547,-0.004586231635807272,1.415970727458468,-0.5498055051338412,-0.04962574151013551,0.6605943900875628,0.5931140767687001,0.45836205618736425,-0.08099423038605943,-0.22143704805651665,-0.8414836563480628,-0.4119373193734899,0.08276632645378443,0.24690822017847577,-0.07818006725110353,0.041822632528348225,0.2399098388521307,0.6874277965983471,0.0015874269067626644,-1.5734597439527338,0.9223258483438207,-0.6344408106272855,1.4985859999472346,-0.4142455926109833,0.6403309499926777,1.5656844454026209,-0.8649081630757006,1.6695085521119466,-0.9729172226538207,-0.5483667318643657,-0.7971865941336788,1.2032556189483774,-0.9842511811118945,1.8932473971234776,-0.6588507009108961,-0.1474259252563705,0.27954379639650684,-0.0030441122147304694,0.6657438993032309
sample_886,-1.2035864321128216,-0.2965168785122568,-1.583977940285377,-0.10436203545128132,-1.416468964496906,-0.39288953521930875,-1.2744398095116205,1.843914844002636,0.14150631826592744,0.4012306267857279,-1.1155393098354596,0.031823118120791874,-0.4457553237498419,0.7092950333063001,-0.4842894387274513,0.3133254241695014,0.2823206373691293,0.6169046443951132,1.0182923363611829,1.4443036731995078,0.5381221896600246,-0.21678470210198256,-0.020130566980229594,-0.48043075790713385,0.34429811150424183,0.3946990676449023,-0.6064837868929208,-0.5432788660913461,-0.08099552427683024,-0.23261230497054675,-1.1663233893438605,-0.5900403626689708,0.685949341038194,0.5317593445226341,0.748176624113153,-1.3755957726004562,-0.17058142447564015,-1.2145937071892217,-0.46065300916417795,-0.8849307915330771,-0.21728412811995157,0.4228020255829635,-1.2275995469856154,-0.09068212059079168,0.32508210071330085,0.5118767824725708,-0.0340781014089325,-0.26790884093876777,-0.4095750862304189,0.39282920746845323
sample_887,-0.4737198637065249,1.1524606396844037,1.648102815073193,2.1087134063113413,0.5739186217333307,-0.9296685115891684,0.6603380212856294,2.3098452973235895,-0.3315250391877001,0.09434289070549869,-0.7698476232387439,0.048230277877519795,-1.7560816993460857,-0.20082057111129267,-0.18782850293812098,0.7119282946077653,-0.17824994686781948,0.3024403933060252,-1.7288149183843577,0.9136886854496727,-0.4377871677804094,-2.9484284047516547,-0.2912669632298782,-1.28817705968623,-0.9486852292227606,1.1024630128578297,0.8749336631431806,-0.47348364800812137,0.333769415968203,0.5687461557391181,-0.6121385034174807,0.16399229789506872,-0.6316237597349266,0.21008368273833644,-1.6349919900917462,0.1820505819414284,-1.5263795301670013,-0.19483392854648166,0.3182051926835202,-1.2310221071230045,-1.3074427986739405,-1.4537030870012013,0.40867949958421823,1.0097286845365134,0.4246888532861593,-0.5284275001405406,-0.35240847289076804,1.6060881816092758,-1.106207204233255,-0.12249615006723812
sample_888,0.04435184380232729,-1.2520855139311464,-0.36284566066324714,-2.8291308962386235,0.050044140726653065,0.7960183325573585,1.8241814186861995,1.0027615245399828,-2.0045516366980114,0.8111906075425225,-0.9030831379680145,-0.3125707344606964,0.6183898943128485,-0.8989275203518902,0.6441318659046035,-0.36702788444093776,-0.29213445188863574,0.0015571889150417947,0.673946438818342,-0.3792679187494453,-1.757122473585355,-0.4259581560600571,-1.493884195555034,-0.31608201062047286,0.13111899371618133,0.8517519384652809,-0.7394465352245642,1.131069734555539,0.0003398356225427624,-2.201885209272414,1.6469598998335573,-1.0231365914418147,-0.25146390191999357,0.15500069352196688,1.8388758948943005,-0.5002715564029263,-0.15298752527932621,-0.42066770951617566,0.14702576539061785,-0.4037833108424171,-0.09307054967686477,-0.9666253251109787,1.2409643957996859,0.434766899938779,-0.3664544441840212,-1.7966998240961427,0.7001478656901627,0.3979671329210817,-0.6055240802343783,0.08413184244588202
sample_889,-0.12619425337537016,-0.4839040044273889,-0.34222474935462954,0.42145993949848426,0.020274682817350256,0.032368989823231484,-0.6587116691862277,-0.7266847910967996,0.20006024808819994,0.8216081138384442,1.354168649281497,-1.5267133632064906,-0.27655102725183506,0.31311276517323244,-1.7968953991574708,1.5862119102852597,-0.7566040152067413,0.4855430581088395,-0.24309487430934973,0.48127323233234576,0.20085311685445803,2.0789958595421374,0.8754984895150437,0.30889375234219896,-0.5769422001502204,-1.676248043996255,0.4375986216291103,-0.38203639191961486,0.7002245410681769,0.29227014420815006,-0.04693697704961211,0.8191911614089963,1.4062896851073539,1.9331756615196998,-0.9844046114281264,1.1350884544597513,0.2584191410883989,0.2515563963453247,0.010421308528962654,-0.8967994526110749,-0.6289109951472626,-1.334762358213181,0.6900774219746123,-1.8618361889009267,-0.6909799897958209,-1.1302781554297598,1.0247343242557465,0.06138553367543406,0.47475896896482433,-0.18177439760689215
sample_890,-1.0038815325189017,-1.1062288652049852,1.3638385298704867,-0.13502518342359296,0.4895148295155274,-0.436574408024245,0.3001824369301269,-0.5392793990818168,1.6824232601586997,0.3391706063083633,0.12917863340751587,-0.5511717437915169,-0.7402474022139541,-1.348362358521328,0.4093920817256819,0.11343093954157091,-0.4192990712418357,-2.150728944444372,0.38572050378915224,-0.45761181179255067,-0.4021986015702605,-0.18615580199735196,1.697193340256414,-0.4231010377318124,0.5721566107235261,-1.2715691100333655,0.39168557702513945,-0.14440359219384308,-1.5128537736186516,1.0683892584891501,0.16209714463832986,-0.06287861741809381,0.8567622263843191,-0.5956170393004807,0.8854960503501753,1.1135712612709245,0.819700801695576,0.0597032477929215,0.2864487881952084,-0.3134078758162611,0.2668206479138631,0.37079818804720005,-0.10879831071564888,-0.22881428471609463,-0.9022323721675075,0.15443841869097022,0.39861740588969924,-0.7060523477414704,1.353018770672249,0.4985623790401582
sample_891,-0.7928238195152975,0.7775547062987912,1.5902785199718203,0.07643338308326986,-0.7328629035993228,0.9446427992787,-1.357310498767703,0.5431186169717184,-0.17878296523110807,-0.528866777352896,-0.670202492863868,0.6077421719429077,-1.160184051704808,-0.13806089556149487,0.4827764582363003,-1.5693513883306613,-0.03969681347153363,-0.3174399057947689,0.2475057678705472,2.48262004397964,1.396204969166833,-1.9413396223565054,-0.3549549537448045,0.0902243401919469,0.36435747882678876,1.532761368526668,0.48539867574860696,1.287968641690341,3.1653668844065757,2.002022775891069,0.21726353162847106,-0.14183631832936144,0.6798742425294988,0.10655818285430678,-1.2420807782559968,-0.5778927801594623,1.1263248934113164,0.7620511169839416,0.11057650155238602,0.8116520667216006,-2.6166199848999767,1.7911630220684986,0.3907894767319162,-0.5134785773679174,-0.5962727092267548,-0.8767100178812793,-0.3929987432174959,-0.0614014424129433,0.2989633436387592,-1.0263063411569016
sample_892,-0.6982277430501518,-0.5931606698625678,-1.280203386431478,1.1670687210948065,1.1580892939605927,0.6961126361530727,-0.7964298981780223,-1.2017577318073998,-0.14310372088037338,-0.24092135471230217,-0.19140416929718526,0.5200937227460467,0.07274542896534134,-0.8317216890632402,-1.0107732950387884,1.386392516244381,0.5098722969551552,-1.2513604338205955,0.6383037050564087,0.6085132393838193,0.4295837065511565,2.209549955011597,1.4949000767117633,1.6537904282259828,-2.17678530144832,-1.156288275704923,0.14826518541206868,0.2297763093024449,0.4460130124394188,-1.8320863415831017,0.7356782294524561,-0.08097077573734933,-0.6802437495239744,-1.3510868121307686,-0.05932500594842789,0.2567460039712161,-1.6219696373391828,-0.3561189831826065,-0.7684120471990576,1.1722736133487708,1.9727055184501174,0.5457497176441823,-0.8751910961112545,2.2646813790858324,-0.624048919896198,-0.7088408260925313,0.4650629796292456,0.011394513118008475,2.174617642901739,-0.129620469838343
sample_893,-0.16968725046844277,-0.48392088767696323,-1.243213699031311,-0.22491379632214648,-1.7041119211629638,0.4495335094753664,0.38437099408113956,1.884130469897554,-0.9603239257568464,0.5762086647532176,1.4638737284911874,-0.27868989514630665,0.7500125924671339,-0.09784662110521503,-2.753277615914178,1.8634594385108076,0.43143025383504774,-0.596912930208432,-0.38736851363908964,-1.1160545477892727,-0.7859555995574752,0.7766036155766927,0.7188292228353723,-1.3899574808991977,0.06991720527693984,-0.5189195614460129,1.1916554925873655,-0.2514749498968673,1.8218087748299912,0.39586200930417675,-0.3909665708077352,1.1990998527599943,-1.0835204721123186,-1.147506155780919,0.23455785437875112,0.4353514989903656,0.9553551522270846,0.6041871313586965,-0.9076719287903973,0.6529643490833763,1.975206194149662,0.7272447215635618,0.9091854588332193,-0.3344088267909508,0.45769598358889974,0.35931775557896467,-0.4366608566556432,-0.9794980299762669,-0.903911350128938,1.6024849514677868
sample_894,-0.9350136371187521,2.4963187403378586,0.25692235161856436,-1.2700637954334517,0.5814491105582084,1.0587059559960434,1.2019062845073514,1.1401265649604728,-0.05302408003841631,0.07229590183591887,0.7655486003513098,0.5029602927725643,0.5432821358513755,0.8918100198410857,0.2306652431909904,-0.32833124582017786,0.6953229020958726,1.1532395090015382,0.724480273446015,1.5109828270577217,-0.06433285984071949,-1.9427625825480996,0.3370215673200173,-0.3563668483866935,-0.23870527959037827,0.7270392328517477,1.7556593524606379,-0.6722927488293626,0.12861260021461954,-1.0489393227850508,0.04814901004222181,-1.4983479566121174,-0.4627216765980374,-1.5358342970913788,-0.8239514394452998,-0.20796791502613649,-0.13665759113920042,1.340529026784069,-1.3907063809595133,-0.32161424277087536,-0.11712058773435582,0.1642390043034872,-0.7288093300592122,-0.2720836867652936,0.0036530089764483524,1.6233257041173583,0.312294674280496,-0.7586820013902739,0.24938023677806856,0.5278414102937624
sample_895,0.641363589845938,-0.797296652974158,-1.001645058768704,-0.23801960883518106,0.21311188183184332,0.3716796199998756,0.030882737370629184,0.042967556277788435,0.23161653560295037,0.23270362295044805,-0.16015894905595168,-1.0005315699098325,0.09131418594383704,0.1693013300659197,-2.32569067004432,1.6064821856317704,0.4135672033811733,1.7652361111137984,1.3204075379654665,0.48366669319868394,-0.4934336635807421,-1.341161560873203,0.05824219516607064,-2.7848956601117867,-0.7584377246406651,-0.5884812907175971,2.2276633033842606,0.2187146907531659,-1.5854828409471808,1.3156932428121217,-0.6533761926441014,-0.3546355461497889,-0.32086633862601266,0.14704735212254766,1.5460779148395614,1.2953317486733225,0.13287006382431663,-0.31128140397112447,-0.40513149225676603,-0.31731961926445523,0.46759997613890514,-0.42285609083466436,-0.043923322840533054,2.2870236863234576,0.4112930038661905,0.7447018823912669,1.3150137959608845,-0.1275897927395893,0.18346783700484723,-0.15931287473021624
sample_896,1.2749654059205502,-1.031975791748444,-0.23024148795794108,-0.6418438367951182,-1.1521368413909665,0.741589131424781,0.10995279187900234,3.126051695842845,-1.3096171629918678,0.2739628940479014,-0.46026431961357334,-0.10594171782763749,2.170091322147714,0.15698239217185034,1.336751432686941,-0.024705700530918404,-1.0711563959176096,-0.6906105022723676,1.2566074744661886,-2.3355691954064333,2.071773538176357,-0.7604757921107815,0.03471488246996104,-2.833586710793732,-1.1804690219141651,-0.9873054432146386,0.47368455629447687,1.360764145653389,0.4950636565382951,1.348544173114035,-0.4022545175639014,0.10514630397388676,-0.26578651389084657,0.08475545899291224,2.1751069903456273,-1.6760111356584737,0.9999363965066758,-0.2983608336237092,0.7397756603219694,-0.8373007557576586,1.2315520629400791,-2.0171496080026503,-1.0026586020216917,-1.7803886213451912,0.409325894571177,-1.4697915555633803,-2.1523953456888143,-0.5333720201955675,1.0273291569188492,-0.3566747749684303
sample_897,-0.11586105986162973,-0.4031261567920231,0.009832042671500459,1.0945139983410777,-0.16094489932035755,1.0456246473315471,0.24718584419447961,1.2499931112015767,0.5387782646745248,-1.6789766951194947,0.24731862447972383,0.4570493677040841,-0.40801170978608114,-0.5635108772374247,-0.0003828057338426663,0.5316636946979423,-0.31885706941258973,-1.8553926675732937,-0.6253719408692736,0.26300584786596876,-0.1754207312661051,-0.7819552509796357,-1.7849838686638801,1.3769499571053738,-1.607052611950729,-1.1636862033057211,-0.24925672016726855,-0.4281321660819939,-0.6262376851777025,2.477191585150353,0.5003984334929499,-1.5862126363571167,0.23765731058153097,-0.3866948263123263,-1.6284638140205563,1.4549051638298265,2.690925558434863,-0.33617505601896847,-0.7000807896088455,-0.3558443065789943,0.8212632126836981,1.7125213693834973,-0.5630056599632485,0.783013867558397,0.4444741552371233,-0.11601650640721742,-0.24172083619881288,-0.35363579935766243,1.6997645630827127,-0.6125287843251754
sample_898,-0.5656657293328338,-1.327016052617047,-0.334231335390459,1.1029395694983875,-0.5173029982266486,0.0409848202052851,0.33767012405842317,-0.004555305453135232,-0.5081320471565383,1.3562610498741048,0.18473262622127526,-1.4543273449282696,-0.7738427423329484,-1.435905879337646,0.7322577088899036,-0.2799424881434223,0.47404313175458457,2.6826003964681298,1.5859219577311796,-0.6446392735882284,0.20283006585008573,-1.2918061129768248,2.111732619403819,1.1565621446569692,1.347426563449935,0.9635169039756657,0.6523649935142775,1.9420050696387996,0.8587795515314598,1.3841022598787416,-2.0561619468487202,-0.4523486501927226,-0.17445584582816065,0.4837786525754641,0.40341285006003513,-0.8113957623364834,-0.17045793166037065,-0.40767799287032824,-1.2627377765475263,0.64182883094864,1.0081334136410267,-0.23987956152201745,-0.7066951042456548,0.8560755794910107,0.4927692342538788,-1.1533835709927096,-0.7958499944570621,-0.7513370677678605,0.5268357314411175,-0.9893305288657256
sample_899,-0.20444788353783527,1.5059144179772777,0.25439938305813087,0.11765685752758336,-2.0394121008548347,-1.7155940131986578,-1.598602227265699,-0.4001298301577824,-0.8431112867745955,1.2999640129478434,1.176877461921801,0.28849344767270046,1.1280730451564396,-0.31946488762879655,-2.756467538476586,-0.47390755163123843,0.901275069135264,-0.44319162678328683,-0.4334389949072454,-1.4143101457766996,-0.4433338803674834,-0.23508639646170426,0.21914297037178704,1.907241221155434,-0.4782956304704058,-1.292602220330472,1.709170661190623,1.1452935065462317,0.8241564710343992,-0.5465799459168418,0.7020170869334884,0.1527634683580657,-0.025106779099782758,-0.1798373185343323,0.39548590992100074,-0.11944429309475309,0.6417954407234108,-0.7425264820576577,1.5511480764561607,-0.18006399233259987,-1.7760366795123368,0.46858994726422565,0.1563799783047481,0.15982181551485955,-0.6864358788283308,-0.1877356198841811,0.2799970387870146,0.24791235614357776,0.6318560920340219,1.3391326748696968
sample_900,-0.6043509731475606,-1.4023806647029518,0.763108496353703,1.3549147850182417,-0.5270816233971505,0.5094701461655134,-1.3167385919598285,0.487793923723663,-1.3196855241356658,0.9202451141801534,-0.5672276321479043,-1.1357967990751567,-0.21668847266759425,0.15191074921941322,-0.8645714893306098,0.06275295299805346,-1.525652362142097,1.2945225959636515,-0.2029791811047968,-1.1851637505239327,1.0147640265628441,1.212278352611481,0.39771501679234683,-1.5055399551354713,0.569107455567923,0.9082663104005209,-0.04598530755009917,-1.1789112705464624,0.06303092126722204,-1.7274732506835664,-0.34932933053289783,-1.0145286617434182,-1.2309146904900021,0.6612982280980236,0.03229981472151035,-0.9895411694121471,0.568740100096091,-0.1102280135918463,-0.43853760615240905,1.1924961207959504,-0.8155166974992466,-0.6158960521381314,-2.5936049581733647,-2.153732225774319,0.4275445719748292,0.43081921946648627,-0.5269987506249263,0.013181258192814531,-3.052439067605051,-1.3921368445712368
sample_901,1.0928453571740893,0.9817204693354046,-0.16927690032880516,-1.4515945955322127,-0.19779972942305737,-0.6270417214113823,0.4859301015509512,0.18443654727160966,-0.19216000543385853,-1.222658049986463,0.1629691711981088,-0.7459986198174353,-0.4589452762010339,1.5829962819490246,-0.11206180681206807,-0.36520459008764294,0.09143923842860374,1.8181616209693094,-0.3053465978717041,-0.5536863340222868,0.005671304070105108,0.5420353376540715,0.4261390345442129,1.4326555524137854,0.39372399491565885,1.8415304990960761,-0.7957707684711909,0.7665408240003693,-0.5319628515705787,-1.3317156022167536,-0.3197399605193329,0.8446245091545234,-0.8426296999767721,-0.2323803202637766,-1.045739499766399,-1.1514364372579107,-0.999296446345403,0.4967336519993715,0.6252896538470206,0.7468946093261061,-0.6820726303647574,0.8078620448757311,0.6579965635317988,0.7625145509497072,0.26470172393746055,0.14209797878515498,1.3164822138961194,-0.5755403794436714,0.23249803453944337,0.2896928898154215
sample_902,-1.1088792833143242,-0.5083337131083951,-0.1893840735503417,0.5882890467075288,0.33259821915152143,1.4811238063122225,0.4279845019599132,-0.15834153244326904,0.5971042079567568,-0.30625930833912246,1.5679158606835404,-0.005494520176109989,-0.5553215830419818,2.3087981818364596,0.4044395510882405,0.38138874017429575,-1.293669833366717,0.4705235997220872,0.2898268724056843,2.073881394008238,0.24991969410137738,-0.1728437046933219,-0.211039112457335,1.0885004975238524,0.29424578545452096,0.23925846741309512,-0.5855984550365585,-0.24517576378936773,2.1988619279020876,-1.5610927156919259,0.30666494533507016,0.16443547586093665,1.1055553049978395,0.0793598481884209,0.025481363244046353,-0.9501789470852919,0.5275481807932993,-0.7303426654901783,0.30420643657755664,-1.5206500645725038,1.0160422131032332,0.7515516934687592,-0.5734983278894525,1.323511978593791,1.586719210911506,0.19781620170512812,0.07067871645117416,1.0933365843503022,-0.42612889499009426,0.3903789256465709
sample_903,-1.8355255840704556,0.7858098212658291,0.8971844642080116,1.1277215193751944,2.2597169262446517,0.27553905343300594,-0.8756764815822129,0.014787841224784857,-0.336103297592443,0.5182480843438473,-1.191797534448162,-1.1980686693384353,-0.7228598432706874,-1.1299493028237135,0.8908294316484827,1.2153488559661116,-0.20732667464546678,-1.5899941973790879,1.3642183159620922,1.5704773578780011,-0.752257244820807,-0.06310810705248404,-0.3389539835158331,-0.23075388638884411,-0.1936956368729462,-0.8535504469967851,0.35947186745347304,1.2890070853464732,-1.9577664672244337,0.5994030002781785,0.07988445333779796,0.40024635541809905,-0.2847173297894033,-0.0788743185573107,-0.42290516448281157,-1.0149885879427953,-0.1932610615098786,0.170157941793627,-1.006179356500958,1.0733440282075204,1.678535218035356,-1.2544018085099142,-0.6256841345702191,-1.119568365085421,0.5255039550609684,1.8693669356311278,0.24283871791772527,1.646431560612953,-0.0030034852694791367,0.09443092528614257
sample_904,-1.713285251467723,-0.4657468237532247,-0.4095250912839044,-1.7946531920616988,2.5624857070333222,-1.6426730585189349,-0.45668569496060024,-0.13078366433200403,-0.4327459137949048,0.5797872908749379,1.3337910665503803,0.8001952708271703,0.9635616663565798,-0.8831418790091579,0.4871499625866651,0.23519381242279438,-0.07719549581515718,-0.2853239391528176,-1.4919369799577331,-0.5353241477699953,0.7850362450494085,0.5087407207990331,1.3117497213124067,-0.1902583862936326,-0.3776231488676991,-1.223258987570242,-1.423115394303217,0.1294376496610809,-1.0316890620552939,0.290930904422922,0.9436184223149278,-0.00219560122666816,-0.414224094665076,1.0948095382906369,-2.1527514412883613,-1.4779692427566733,-0.20227400728408818,-1.5142795502198758,-0.5413759007840069,-0.4568565343769293,-0.32520860183962186,-0.2819229346490132,-0.5799500433980228,0.6079052965500057,1.4147409225578105,-0.09234299978503195,-0.06519565223544715,-1.065569160155101,0.6262481779644835,2.2310723363593667
sample_905,2.288399651836687,1.8310885006001252,-0.9922716753178049,-0.8067488985045976,-0.2051241885985651,0.010398085945875811,1.3456563170309783,0.3783661258923031,0.3518541770887919,-1.6142964580181005,0.36104521036371123,0.8550936490416347,-2.2291326385454826,0.9412256370067019,0.3732073209345019,0.5357109786271389,-0.6595291803582488,-1.760173552569954,-0.01574650930101848,0.6033688492573567,-0.9739706487298523,0.04622976354512201,-0.9920772424643574,0.23487401956949802,-0.8890784802495552,0.6911285856307572,1.9998299965895434,0.09458513824454352,1.8428342361251622,-0.248491168624472,-0.1650228991597355,-1.1692936982093682,-0.01722411402578787,-0.33255859002326477,0.22457728712683353,0.3352173940818038,-0.1536801060917846,0.7227524223964347,-0.5901188064623029,1.0533008595702327,-0.9417501776641601,-0.783167818302353,-0.2727680399380661,2.00126005258864,-1.1333930839149793,-2.2523511034512973,1.2493142337348593,-0.11710308846384085,1.2190613650678384,0.9153494638965156
sample_906,1.0329034033093016,1.718424787853059,0.729312701258627,1.7147502503832155,-0.21148960188837795,-0.22274070575727037,1.5446480506713691,1.1926794011175557,1.4253559612892417,1.4507307688157833,0.875258635945541,0.9276023482489353,-0.12315943604269544,1.6845592212856457,2.1210793311244314,0.9403687247458776,0.7332711525657151,1.585134326473029,-0.19058974571201512,0.30293816283815755,-0.11812073757644068,2.096516394648318,-1.1832310682045954,1.202504597118009,-0.07406587445003096,-0.285491918712038,1.1220156602783855,-0.427398423826683,0.002682927409034411,1.5742020908735883,-0.3607694985019162,2.301517139934848,0.785575155549262,0.2297818901242418,-0.27730215382128204,0.41625847300921154,-2.005904695209477,-0.01751151295353311,-0.025271000927912016,-2.3023085490607937,2.0657101227043877,0.34006384258035366,-0.2649261379885928,1.0449795227938163,0.22786783924115794,0.1969514886396281,-0.9915585601407396,-0.0659685530223628,0.06697280073077774,-0.4736570683675008
sample_907,-0.09799494411644238,1.4557203530253155,-0.06379516734600225,1.507567265709244,-1.300107383423824,-0.48737154444135733,0.009870852222380972,1.0157961181189565,-0.4568411619995482,-0.7669216191156619,-1.1661746456969893,1.9269677568362542,0.40796381564254847,0.28654661578574436,0.10500564131026055,0.3524301905328455,0.828961531878591,0.8426033400996212,0.01488175355290378,-0.9980786014501989,1.2491433578826483,0.28779844935965787,0.8866699398264081,0.866026832372311,-0.05393743669324194,-0.10310287881615382,-0.15871891935976887,-0.18267612096622488,1.2661936881220208,-0.12056833613096633,-0.6387254403888702,-0.7751846536300948,-0.0960705660837336,0.7226537772054326,1.256463808659775,-0.3392273211618396,-1.6785452921092499,-1.8455617691460333,0.6572893560697362,-0.48546154913860085,-1.740170304755169,0.60902900578757,-0.9733185366124106,0.7473922020003224,-1.1952427334068232,-0.6220100094000898,1.910050672861732,0.22506382336551795,-0.9541841971743377,-0.47256561571223177
sample_908,-0.965027497532302,0.7407038133460219,-1.5563182648616207,-0.3119884127287616,-0.17381897936843718,0.6762413529236285,1.364746860817985,1.962625008821137,1.6257412586049185,0.17180245752819903,0.05245544880376997,-1.5491715491344071,-0.752900478726795,-2.2013981627599852,-0.5594454386937193,-0.7320335927555689,0.43550895518990873,1.20757688891619,1.704246181380081,0.09475124292011235,0.3487509757809045,-1.21242115388758,-0.8549033271748041,0.8906054853921213,-0.41042512397795783,2.3194632467684544,-1.3544087084631946,1.4316249625760102,0.8638964667915294,0.639153703940083,0.1312977533712639,0.21645573319298617,-0.9123083195703868,1.869306187128871,1.3925225088320163,-1.5050798948254793,0.5740527920426776,1.2373478067112835,0.28839268499997806,-1.7239418882097346,-0.12284519760884369,-2.202918720773052,2.0438210585043493,-1.1531744200995333,-0.1101483625810281,-1.8250725421884697,0.7623097339501831,1.218161496551002,0.11885177197158506,-1.7484607307812685
sample_909,-0.4957171722064365,-0.332514152765629,-1.164460986499498,0.4067538060619022,0.3282061525355575,1.0854716221233056,-2.6128171097043524,0.7695537500240791,1.6568059457115876,0.3954430670141815,1.6576894627215684,0.6274308234927685,-1.3889216931701573,-1.096241027159277,-0.24622325481767351,0.1650603133545786,0.4058911663677455,-0.11213820582417727,1.1038791941707395,0.2655644926290609,-1.548295829689694,0.12544414787865704,-0.09749887647828141,-0.10615737493994117,-0.04679205287350912,0.33753127870540395,-0.14504182982042005,1.2135102056772997,-1.1370597271186837,-0.16402083714728327,0.5204249891447624,1.164332145772433,0.46666654117353407,-1.1197388204483725,-0.5856556311502411,-0.298748149664864,0.951894120231338,-1.2158245146422533,0.7764695269198034,-1.1952529552422184,-0.16396755222553616,-1.2090386361956982,-1.586223476190194,0.5579063432775144,-1.1546870932435682,0.16962886601861465,-0.8196152832655104,-0.9437101575857009,0.4579189555371365,1.1852464219798133
sample_910,-0.7958626272335425,-0.6704092735443659,-1.1125103413655357,0.07693929508173813,0.2371473179127114,0.47769520908582913,1.9299078991214789,0.37432088746067355,-0.18771282706099682,1.0335831828211997,-1.5269406196908135,0.8088103806050948,-1.1379479510257235,0.49097134906883527,-0.5112700437578283,-1.7043132591452916,1.4885770126032352,0.4388987144384161,0.177893260731935,-0.3955695497566237,0.891329668320564,1.1526841142966948,-0.3502397673282821,0.8906573548148062,-0.6092689132163319,0.6851627051450788,1.315214354256462,-0.6601822301972055,-1.0295024211629196,-1.2895013590920017,-1.3151666644698656,-0.47585558655952465,-0.040971845363577154,0.7101568758535088,0.372849170473948,1.116255161818671,-0.5545790304198924,-0.21763883395842862,-0.2561907178467638,-0.432252717063967,-0.8498679322436722,-0.4680287856586943,-0.1620820129604187,-1.1150453234111737,-0.4050283993196769,2.0452497503707927,0.4631894901173609,1.1135065299215872,-2.95872292565112,2.0922422990208585
sample_911,0.18661961921354084,0.13555568065757648,0.42758404715797427,-1.9297704060692165,-1.6603579876704193,3.230196441882778,-2.2785273121925265,-0.40429956222821783,-1.6346659542606186,2.6672069188710466,0.9238518668086809,-0.8063531103870302,0.9442048923334134,-0.3323737925002807,-0.5177760447565171,0.02670625642836405,-0.2402724943185646,1.6314594201044048,-0.3765690132055802,-1.0934313247920813,0.531907527944949,1.234920117170641,1.8256630562403593,0.7545667131375807,-0.084051483332352,-1.1065925634437845,0.17641994645902007,1.4998127073836807,0.10821896657533951,-0.20035841902819207,-0.11965370638701442,-1.157315652367935,0.3035332460346918,2.3269927980237477,-0.8602955391465463,0.35847457467933125,-0.3144695559829141,0.14114487993009386,-0.9507317824048543,2.6796191423799818,-0.7474449465904317,1.0497309847201566,-0.5221582054119929,0.19781241958899734,0.783768341596297,-1.954325301278488,1.5346740765218874,-1.1749740459705813,-1.7002981073335606,-0.1261228611011808
sample_912,1.1514353133029978,0.23620558053029095,-1.206771947014863,-1.4851947007728765,0.8984539048666138,0.10531088019683546,-1.3272113825723748,-0.9045652624275091,-0.5294337114300407,-0.4113214082023039,-1.1278040664732272,0.1924298893537889,0.09231168487010072,-0.325213493085739,-0.31569551333462503,0.31074086150293173,0.09277003747469098,1.3854649278487057,0.6538314399840588,-0.5502783980620067,1.6594323022673663,1.2418360723359108,2.2433621042599774,1.1966357473202753,-0.14927716609300498,-1.7552459917059167,-0.046204087522626384,0.5055480496493944,0.19985561770087773,-0.32861396457807235,-0.9573180787495102,-0.790085011024071,0.42708684704486327,-0.7908029717617979,-0.7125311861592998,0.5299621584708177,1.4044928835041868,0.5261978031040405,-0.39442491710956384,-0.8107225466428127,1.8376213298969863,0.36516288647563727,3.086224767700833,1.2334860284227525,2.0585085636409506,-1.1342142912652837,1.0753144031531277,0.016798738256177514,0.37654802176074637,-1.8123804618233434
sample_913,0.8530812434425258,-0.37478553609599147,1.2604386896137127,0.2402215772339895,-0.33667731793122163,0.04368807334492824,-0.44064383549294595,0.9280696531328987,1.0895554444571243,-2.2019277007682736,-0.025691348922935484,1.4215678838401866,-0.7548119245759491,-0.29663075326471916,0.803600732075325,1.815512714958891,-1.1111791737773944,-1.0501245491265638,-1.0168373397552686,-0.3102230591252052,0.27635691725486644,0.512517548092702,1.1558696869004543,0.8866204650418665,1.4623291745188747,0.19832152129316874,-1.0409638813420348,1.7217073883998097,-1.0188505065745443,2.210632786582471,-0.891826492934797,-0.4505035409523686,0.6872783000825957,-0.458354429754043,0.5486653941954709,0.09418634285738206,-1.1129217087768304,0.4087215306792856,-0.9836447178573944,-2.134678868615429,0.7726596526362629,1.7590483071845777,-0.9887492150440481,-1.3947947631579756,-1.4303611920089467,-1.0574681968041908,2.4787959717922723,-0.5905167865706094,-1.1675880318043201,-0.20192156399694877
sample_914,0.4728025406450007,-0.8646115258713963,0.32422397914206075,0.7659702938073547,2.088431938214907,0.4927971121306971,-0.11350221735475492,-0.3681215840601746,-0.049525353646744166,0.4825776104229283,1.1453050817718682,1.8803092910913213,1.4814932650118695,-0.647334918152191,-0.2129925445911274,0.3222209929848459,1.262029575527281,-1.0999122860073984,-0.3191631637932483,-3.191226429947675,-0.8260240279763665,-0.3951750402100507,-0.23014633521443353,0.01695818231993082,-1.4627595925315304,-1.008601651555303,0.8419214492225521,-0.6507637199080414,1.4415518095513544,1.570979391297442,0.060099386632501174,-1.083675105692466,-0.7637384043106549,1.240284973627452,1.0894364282889224,0.4244720456900881,1.065699371574727,0.08404768196771142,-0.8626916466119691,0.043484082305676484,-0.699914313158567,-0.9797200532993421,2.517635788937644,1.301562380267042,1.1376653868905058,1.1308068434558216,0.4966161907152967,-0.7046521033309578,-0.19540506821190678,-0.15299384800410876
sample_915,1.412348146569257,-0.7839688326819136,-0.3726559854902525,-0.5912658040414128,-0.15919086841420932,0.5887552177941496,-0.17593700483847607,0.9982931098852377,-0.8517170289729284,1.41179344184297,-0.29274038382578027,0.1861843696506192,-0.5176242276186335,-0.4371070773496697,-0.16579803246130603,0.46504687911098674,1.498584988395121,-1.1429076764758481,-0.20775275502761906,2.0526810417710233,-0.1383390194488634,-1.155071866495482,0.12157300647592648,0.6427224684301682,-0.8677439728455256,-1.6707824112088687,-0.998161389546439,0.9030298627309956,-0.09444086436652621,-1.2410499139635727,1.8683491304308304,1.0195156615553265,2.0253867892715984,0.611379548419717,0.5587126904290847,2.0578367898510406,-2.3565090635507633,2.1116038322757533,-0.07361516128034801,0.812934763323852,-1.5514784508280663,-0.7512551779020097,1.1057743063457268,-2.18605367000547,0.5805326096835935,-1.5192367986744848,0.07566486043106814,0.9700281416540413,-0.8972537016694352,0.7764811345813178
sample_916,-0.09369717317624204,-0.4230341802592496,1.471527306687344,0.3910987607969916,-2.0817617184470207,0.45452557587056214,-0.2111560728313153,0.7709857224062282,0.505736198203538,-0.7635395498185913,1.019864119827334,-0.4401006160378187,-1.2241686040598114,0.7265126300571557,-0.49622396828555715,-0.8371516521770127,0.021444766873212406,1.3499239364065752,-0.19802949166490552,1.5734522500430996,0.667815222496951,0.2617273567864003,-1.014427293535842,1.696922709766793,-1.8143170602317635,0.599396497056135,-1.0990683869210167,0.8151510049150777,0.453516124239762,-0.7634616022134594,-1.2512322405710352,0.5566717507671498,-0.5550516442211676,0.5986385494886154,-1.857145579914514,0.13616439522231322,-1.2242186730796996,-1.080777025678878,1.0104549402170917,0.501681171447215,1.978650555209561,0.6393723588666155,1.472460121672835,0.7422928521749235,1.71350044460596,2.7516244909987186,-0.8333377253321653,-0.8765630458113277,-1.9218176968779042,-1.3939905726052717
sample_917,-2.115539941938344,-0.5136641482117823,-1.4700085741777866,0.14962951855915732,-1.6496166161890213,-1.3971436046915295,-0.6069935446272161,0.8499826836057703,1.441867716938073,1.058632363786433,1.294268536990032,-0.4086056439239852,-1.5794147079982614,0.40687226389259434,-0.3530131709512434,0.29357668430232675,-1.097283865848195,1.4059412690410615,-0.2855618816883727,-0.22320822459590528,-0.18233286314911035,0.17666047940949972,1.058028343520876,0.5609553829740616,0.7901604353677674,0.18714142271573267,-0.20772052965844368,0.6181056991472273,-0.20886089146805992,-0.04302303729069197,1.3720698851243993,0.7103701263987986,-0.3778197863952721,-0.3166784564962498,-0.13041670735836697,-0.916656718860883,1.0399914058985875,-1.2609313186486337,0.4537597422080434,0.9385148253119497,-0.8767872287800962,0.16307247771443195,-0.07584308662821057,-0.024967767371755375,0.17109953385662138,-0.5684807028435619,0.7552399327825844,-1.0903618834649362,1.6470740336898453,0.5152533824505909
sample_918,-0.5099009166067516,0.08728175024203647,-0.4346157764477903,0.33593697407040396,-1.5708580717945229,-0.6223911585301467,0.6008428175259081,0.7199904161358401,-0.8126542196675364,0.7764302885272846,0.09152682288712204,-1.5239328729605415,-0.7830930615036651,0.9880885927221355,-1.071830703146537,-0.2597916408578636,0.8607729523295821,0.04056848278113892,1.6277260623549785,0.14357408497277857,0.600756454834175,-1.0568296380398163,-0.07097022712842403,1.0813918393800181,0.3503922532246165,-0.7838228459992725,-1.3492912856291848,-1.407078835768258,-0.7251197521597974,-0.05762277163161645,-0.5172900129200818,-0.9912705459154362,0.5981395805260256,-0.06293127473971631,-0.12433273157317588,-0.8145887668896585,0.027543559349541998,2.63781521383473,2.3170112122004696,-0.1483500315211777,1.113854142558445,-0.7730220599340416,-0.7196714754535348,1.16774733601583,1.3394227042628986,0.5447700506610015,-0.6357823506118137,0.09192306410784835,0.150407880014534,-0.9366730448798719
sample_919,-0.04646317061571393,-0.3853559585471926,1.176736929050966,-0.969803775042853,-0.40443364005468124,0.5495621087323683,-0.07047041057146217,0.6794411494159509,-0.9949152753945182,0.43488601967492324,-0.6739878116195691,0.05658391675886485,0.6304192822800238,-1.7311881628095236,-0.21993141590812568,-0.5252180982573975,0.25731073793183995,-1.325813532042996,-0.26782982903357466,-1.7876872540803546,0.45124668360326287,0.3443217291728985,-1.7690102691327267,0.047944802357069174,-0.3029744315779763,-0.11657035004302718,2.5630825369235852,0.49421897652522734,-0.8025465930350427,-0.018628947767645482,0.08005021919188762,-0.5057251716863038,-0.32070252252558473,0.6089294819297788,0.5529069292594686,0.6416657315114006,0.2512638024550839,-1.2570345928661961,-1.2753275711645293,1.4649895798787622,1.1975200759858524,0.25551974164374924,-0.4695379011050716,1.2386430230861143,0.12306932060410465,0.4241063978724193,-1.2512483626130337,0.36329978212572517,-0.14889072047562615,-0.845970444404029
sample_920,0.2647299894795192,3.3085883030955765,-0.48180690930550707,1.2410884905077881,-0.3307280731252519,0.8774759991909291,-1.4276666063063936,0.20629250882142858,1.469964350561938,-2.070535710052922,1.809850507950847,0.13339592836585445,-0.06112161836858308,0.563210146725584,0.14516244622955046,-1.0489115979228505,0.16433642919409353,-0.8663791551402384,-0.8895354365322649,0.31736802436909334,1.4575722290024886,-1.50467577694343,1.246652369926478,0.7934660842163118,1.4636664306752412,-0.6270803548886069,-0.5085863810014132,1.2215736326634112,0.6199292548246133,0.8033240902123909,-1.0881224104669258,0.8326703761062957,0.5423035062245498,0.6695378729769769,-1.6247248304656103,0.39060264532961136,1.6777451017595308,-1.5538556366594658,-0.5032733203604233,-0.04696482912782817,-0.30513535703535494,0.03711413962602082,-0.05457979422552763,-0.4345014508599277,0.9688906252329316,-0.600303987915758,0.4115024934146536,0.6209674262608221,1.299115222832522,-1.3963894187149541
sample_921,-0.8801793040992008,0.463737866034252,1.3245354295014402,-1.1859182405177446,-0.3530313815600395,0.18581495270539747,0.1791786637368697,1.7898825350837868,0.20129568410683588,-0.8116799068477016,1.0564636450219493,-1.4681275425642812,1.3427572636993685,0.02017035973227371,-2.1246519876159744,1.314558982346011,0.0988215746447128,-0.23645010914849485,-0.46170927148690066,-0.7362067133707983,0.08823050467587597,-1.755016310842636,0.2510448106649528,-1.3569095647267764,1.1795993307286605,0.5390605791554193,-0.6502132546834498,0.04801381743274923,1.0603066554492513,-0.42509467594949596,1.3548099894379404,-0.3713479292860272,1.0316247574700865,0.21327835910555537,1.1054299589808367,0.6276350146503045,0.4515494184209304,-0.15228431487856037,-0.7571850804561446,0.8133081683157242,2.3929527208600248,-0.25353804558499365,-2.418740853832272,-0.08156042268905078,0.23350517926389208,1.3828545595374917,0.3217257497498084,0.2819574406737256,0.4391296515333438,0.22116343739507988
sample_922,-0.13633193898801274,1.2729073470165784,-0.3022306472624755,0.6633255086571943,0.7424540705316534,-1.1935609200154473,0.4236832260830144,-0.8744027307702346,0.4844936179511691,-1.579990982822883,-0.2565518811135113,-0.9689471500031551,-1.7122901121471596,-0.12089020659206422,1.5207428434930914,-0.6609134744285303,-1.1114872139407,-1.2820234151598946,0.3308289355014929,0.3896640582142726,0.1881891137539158,0.4184584685308541,0.8685212578051489,-0.7813679498829711,-0.636977938239501,0.627779908385522,-0.3113818832411763,0.9022048928944953,0.06449809247038485,-0.007003269361632376,0.5989726147345309,-0.2617800302202625,-0.7573294159590316,-0.16760151600302908,1.1417881962701841,0.07319293283347109,0.5875875676308685,-0.9538670304081592,-0.5511171050399324,1.3284508800127597,-0.25993631621356206,-1.3678987404018272,-0.11605834215731103,-2.1373389305129518,-0.12467845424954489,-1.5813879910257511,-0.7968900809002251,-0.08881885633827027,-0.5329023477582115,0.33725404673009163
sample_923,-0.22671024732469636,1.0523016567114258,1.2715432084787404,0.45692746217373276,1.406907938762002,0.8110042142051459,-0.6632954952901214,1.5054364385798136,-1.511533158321285,1.332486383771104,-0.031095513682787634,0.9253174946028415,-0.4785216273372716,0.8708752501649581,-0.6739557720967277,0.6051740802340062,-0.03470589644215513,-0.5737236828135338,-1.1701369459903335,0.8429474965993532,0.04550071101855916,-0.7709506637312343,0.40977011973978467,0.18629909684775933,0.27934272286861406,0.06401065422426337,0.6019213597239981,0.48498484910480116,-1.3706890072376878,-1.5033396063666618,-0.6073332324961248,0.5331851588522379,-0.9617418679846371,-0.55164466373248,-0.268953178507091,-1.0589197841715934,0.658008906377541,0.08457042083703877,-0.06131695521528651,-0.7634552186444375,-0.029428427202863223,-0.43579489603647964,0.04979092491692438,-0.14454290454329802,0.05418372177313959,2.07004160332548,0.8867168051253275,1.0386807044745323,2.0272634058409915,0.7950916171450949
sample_924,0.5898857682012588,0.8199323832470186,-0.2845002216457227,1.214893866969269,0.32504289052912777,-1.0517401699337485,-0.3236523533201401,0.48910322041031173,1.026051043483183,-0.16943255216302722,0.037814616182265455,0.6943940441300499,2.193689094501026,0.7381144433086162,0.3907510642052001,-0.4928595214006769,0.6701056278633148,-1.6858482051968904,0.6589224428723599,0.08599680687595702,-0.04127305527661179,-2.057528206340701,-0.35446200733943706,0.21911533087003213,1.6123949559047386,1.2277720405363879,0.5558582101181381,-2.1827380113029125,-1.1082549686108023,0.36172911460501633,-0.17537784783459728,-0.14814074352793685,1.5359518049800442,-0.6277738996704785,-1.9090659977031519,1.1926633787958147,-0.10797244912157163,-0.8709171263032983,0.4666156040374467,-0.23808824815693214,0.22483390665035927,-1.1318689978537628,-1.4086478648259684,-2.2744352655284055,-0.7531183404826848,1.785647411509047,0.5157723640299499,1.2507050286450616,-1.2414622641487008,2.580562351857858
sample_925,-0.7756869643920938,0.32738244604752775,-0.9625004074841559,-0.2289830153548294,-1.7998921066498812,1.636986277447907,-0.11371924834573452,0.47609570474260465,-0.3153398158372039,1.874749848766247,-2.192792626258368,-0.19355526970260106,0.18999890406717757,0.1817882613100824,1.306887878306328,0.24971196089236208,2.5951810088020504,-0.20329690501242692,-1.9187834448307497,-1.2926436998028086,1.1818383260229288,1.1997178029365179,-0.4522881227732773,-1.1885504865726486,0.469584118397356,0.6258037829473486,0.8366967806683431,-1.06101684356286,0.9042039042017216,-0.6281338310272969,0.2564892688946968,-0.1272081828920777,0.8130648912846334,0.8751211444706628,0.7454723691631489,-0.6776431793964881,0.34683892354227946,0.20352734125972877,1.9837450679352142,0.8977334183148918,0.07443745595840731,-0.5555208421319887,2.1128154362394325,-0.3504370539186398,0.6941045548313118,-0.6379632359557812,-0.891902345383881,0.15685431029706856,1.029882045865073,1.024272428011338
sample_926,1.2735501798206963,0.1774529668615239,1.0551769903318138,0.26711313005657333,-0.24084791399095243,-0.600405969505774,-0.5240504684168569,-0.3939395868344557,-0.4828396124633843,0.7668862445634733,-0.03388224836286423,-0.5104726999497855,-1.825390425339734,0.032754332537335805,-1.9507140185619412,0.6517714804084086,0.37885090468631905,-1.1944668104652247,-0.300982645245269,2.3180223569229033,-0.28575982428376956,-0.7814776701564442,-0.48349221855450686,-1.147833080626216,-0.27962248941471485,1.359825472368156,-0.7244058125597664,-0.4001338895277274,1.433471687153211,-0.37506644720526583,0.40320539713713605,-1.9035086903425684,0.9571286785555123,-1.1280740958465,-0.9769026032483502,0.4834287297067753,0.589212932474094,0.616792753865454,-2.179867393358982,0.2648135142579776,0.4048811539057644,0.7503180277893309,-1.5874991164634416,1.0992623640736436,-0.9380806771599859,0.5098340123405056,1.4786221762134013,-1.0807845277319985,0.5497576865130356,-0.530712695611461
sample_927,-0.5930623256616689,0.005326789372298668,1.4873755309556902,-1.6405632115596307,-0.15219993298252785,-0.45007436211282975,-0.5864501652556029,1.5939481102268973,-0.40924431511541615,0.3106419653238861,-1.0167940322153945,0.583663938755621,0.25983478098478674,-0.26972528061111606,1.6523912149998896,2.0810111871721633,1.7249359900971046,0.17359429919732733,1.7449871119611837,1.470840249471655,0.6278000931543779,1.0457674654589812,-0.6428257476100097,0.6258726052358146,-1.0251714335093327,-1.1048105368525145,1.0323988980819077,0.37992977721979676,1.5571196107691712,0.7714092697555287,1.5861289123333389,-0.30047439584314706,-1.698835388218023,-0.87730321678778,0.002560172465979389,1.3772583570876742,0.4855383507263002,2.166022109351042,1.9415121855183972,-0.005406564334376922,1.749955273804204,-1.2362032374955096,1.9195599003689974,-0.24756563498466927,-1.4520970589755238,1.51028803387726,-0.15574155277379015,-1.359871004057055,0.21133279288924384,1.7698351171367728
sample_928,-0.7001710710766731,-0.3852289446740813,-0.33227092114188134,-1.483261373388208,-1.352152997767656,-0.9130773829643675,0.6316742671973872,0.07062564320428814,-0.2657697435521057,1.971138039942199,-0.6748750756867146,-0.06411604566367107,-1.9690828862040852,-0.027229414844268676,-1.3280876881982289,0.2565597267993039,0.7384063219059818,-1.4009419637988094,-1.0162162553811858,-0.19909487217666355,-0.1709596817184587,0.8125822746066474,1.1860781711639767,0.04001217834021335,-0.13454700575206902,2.186927133948495,1.093117152429011,-2.1485596358929078,-1.2005678207688648,-1.5728898786614505,0.39524420243891795,0.5261189641325967,-0.6824773092515296,-0.4931200857538241,0.5566368311653926,0.8550623613304998,-0.4345117641017324,-0.7597099365838345,0.45496665763118543,-1.5447855092971883,-0.35362688620805954,1.7561566047827897,0.6303515964828413,0.56621776761594,1.3351634941924089,-0.7994588042667636,0.12098644915651244,0.3007925216072318,-1.6734758744041411,0.8010002011376911
sample_929,-0.04954857167504351,-0.09880737225563452,-1.0399190096499458,-0.027317079591067113,-1.420654196246286,-0.21184376807384087,3.1390035101172797,-1.2763597212476723,0.389980791627547,0.8535313314325252,-0.42977249281395913,1.0800788923973914,1.0371948515021316,0.1368809675979275,2.332996017242865,1.060920522002574,0.05205565004949945,-1.263117126066619,0.4083875913079515,0.7153353991910087,0.8627974273870022,0.16030740711359295,-0.4852144782908609,1.2357093959591607,1.8186648185377203,-1.1924801061386792,0.08490471465826224,-0.8201557466532651,0.27937971036761644,0.16939431892886203,0.7199434825061001,-0.5594266374978539,0.7881993986234934,-0.018144955898390464,1.0546180536060814,-0.4145821123755993,1.8290578474953094,-2.1408681973872716,1.4888416518947267,0.577852998969216,-0.8196087373616935,-0.9595234296604063,0.7489863186179978,1.8791598181312512,-1.5279210296879497,-1.1519563125928052,1.7856562837666001,-0.7958231138016925,-1.080836439973634,1.1732098748554651
sample_930,-0.25331688560521837,0.7748757686358377,-0.28756555226680086,0.17067311560839848,-2.511148891446863,-0.3374469172170051,-0.6467339469275791,-0.7032260986718509,0.4521786759375401,-2.448053039610046,1.284863924117739,-1.0398228654150463,0.8724547259122252,0.2846233988335237,0.976274941904057,-0.34848306156738945,1.5329985862443725,-1.5827546206267353,0.17327959352649216,-2.3283612800046423,1.0011223921751766,-0.273182495496238,-0.3221367934864973,-0.43004417056665856,-0.8846115558594096,0.6306983269196336,-0.1613319252656112,-3.274066661686193,-1.190479955570273,-0.16039466345857353,-1.681046247352845,-1.3382011054087175,0.1210753215361018,0.6479757028344019,-1.0840759223116647,-0.3947335043624528,-1.2661141094588755,0.20309187434129813,0.114439594787159,-0.44466757950783914,0.5928073510011482,-1.689572999696827,0.8336307334746785,0.0959535495230454,0.09583032172480536,1.0701779013285257,0.36057325793108613,-0.5303278235882681,-0.5607330057780062,-0.33876861945098397
sample_931,0.5264858964245693,0.16062231440784838,0.14898683973945562,0.9588299468309829,0.8837744946492483,1.051614672013791,-0.10522333916556033,-0.07588240669458719,-0.1907762800144647,0.8065664767718072,-0.5829362815171124,-0.17821402563155175,-0.9100280460911401,0.048715816204236206,-0.9839326936653878,0.7750763459092026,-0.19855076112847006,0.8401744614715502,1.6003926710539147,-0.347551763244115,0.47154715713850087,-0.9707279193789687,0.5307682838571435,-0.5482019319289818,3.1545504646078775,0.697635727744603,0.761598192934963,-0.2835503996557917,0.18766963341278914,-0.31547665722654405,-3.1896037379806113,0.0630156292958836,0.31102219797445096,-2.0811831290934393,0.35488770784892576,-0.3136176446641446,-0.8021977049056773,-0.4397590236935382,0.48549366164533364,1.0150710164982941,0.19888600630399164,-0.746178017474972,-0.6885662072871065,-0.6311043192406313,-1.8777159313843168,0.36722883307319415,-0.3764369151920322,1.051864359470724,-1.5121781212383272,-0.054613830298185895
sample_932,-0.1724216335358952,-1.8310210662364763,-0.5826539407796677,0.4564762259635355,0.8466775671470642,-1.3431100097276345,-1.4532296600061,0.3464608263014597,0.34544506058614743,0.7208821560696089,-1.2982893455693296,1.4676805058732683,-1.9001385166742049,-0.7057446249667821,-0.8830366052804351,0.05262636305582876,0.10023322631576095,-1.5713751697901173,-1.0911092581472994,-1.1448160967985401,-0.15255717898269736,-0.03312416446656145,-0.06009839399912107,-1.326009495349727,0.4887171128045695,0.6526708951638518,0.03326680014328169,1.523570237086229,-0.31781249919603327,-0.09804834273744711,-1.4449537829432832,-1.1597369028433742,-1.3517894494855904,-2.407889042680856,-0.4322951898600548,-0.4142064529757446,-0.13209884147433268,-1.90027706520419,0.7681553398107099,-0.6068662280120569,1.7695286979612657,1.3552460997958615,1.145724007975348,-1.6484866028645029,-1.3762721930887052,0.4157543170474967,0.4488236471477107,-0.348184022945804,1.696844192587208,1.0864849073341276
sample_933,0.07093948493967771,0.32885000688586075,1.5865528671325304,-0.3867574275722477,0.025287178776431007,0.7302496271625564,1.6749445290263436,-0.5594016640733335,-0.48727982692030836,0.6253289701713676,-0.12801894486526902,1.5167631123709193,-0.5763390243206588,-0.41298887117390415,1.0793000833763198,-0.4010730677807246,0.2202119787863922,-1.1135124105640608,1.0293763792586943,0.6649473309019408,-0.10455095568625852,0.27232530837360996,-0.33614766357195425,-2.022528927746637,0.0355772581032577,0.04901704909989556,-0.03315378415252451,1.8641903562333118,1.8146301053451954,0.1355895518475151,-2.366248263454297,0.39303806278824455,1.3386006155041434,0.4383207022907602,-0.8942018580269214,-0.1367042125316312,0.4169072429291721,-0.0108032605226316,0.9923777050924101,-2.091933282813192,1.1269304834619196,-0.025394031135537665,-0.45406694267034087,-0.7964307490878333,-0.6949886309278268,0.38526100802283636,1.0610998592815644,0.5296464730328747,0.6895327392417687,-0.018449021316704516
sample_934,0.1244274637530935,-0.4499580763353698,-1.0896471591839894,1.4090356147345329,-0.19949372027267415,1.760351991175751,-0.6168273089394855,1.7865481435319188,2.5409532614839687,0.1074948531995671,-1.941490959766702,-0.3016945046828307,2.4296695016664245,-0.5162312097666775,0.4696286012345845,-0.6669348148928338,-2.102289988775134,-0.550212490195225,0.7858260947018789,1.0739020224481335,-1.9321441477063792,1.0660096854406544,-1.2916293688196347,0.47836034635030006,-0.4324224652889654,-0.7373510940109501,-1.2192345535590703,0.9626495976450631,0.5656508891534962,-1.5575831568287384,-0.5365413485845678,-0.9806074301158337,0.8218351573033205,0.2277735839616375,0.48044403129604213,-0.2722500219109434,-0.46224650130339934,1.6773546918268483,2.16998884113961,-1.3831006686172205,-1.2185854102323843,-0.12411147175204812,0.3951376349203648,-0.7888210567741787,0.550778407442216,-0.22607962118166078,0.11376547384992865,0.7516750343621373,0.048514174515555716,-0.10769230816321201
sample_935,-1.3625753460240568,-1.1296047521479653,-0.10233795528558715,-1.9542925609325734,1.0571404912289784,-1.2135594941200005,-0.4190573456887284,0.27115711310319096,0.014326408415192081,1.240250778987026,-1.4035440963518309,0.4196164850138013,-0.6443167619500232,0.01272227554739208,0.0924502067695371,1.1759044509290493,0.23724832939791882,0.14176043678547945,1.7431918186516682,-0.30848744190212457,-1.4458391460005537,-0.37140958051908757,-0.8400009852758317,-0.2742981491226259,0.47694415316529865,0.7493258498318897,1.0695338607855858,-0.18537619054463128,1.0462880485016421,0.9208893456450838,1.5130096753063589,2.057771169065004,1.1639398474615714,-1.059632221873156,1.8528921905904723,-1.9823068984791576,2.02587465150921,-0.3676414176069187,-0.7682333815947336,-0.6105862405833185,0.2057605523242774,0.04655820094873497,-0.17750956840168403,1.1820605269997413,-1.4726003761128028,-0.37487520052030643,0.3689594997888439,0.6292850934459999,-0.06281987162937162,-1.5336493698127116
sample_936,0.9818664513803257,-0.3750937783794273,-0.36724027622296807,0.4406053498442731,1.8836971764196582,-0.8855073825431725,1.3742834656164422,-0.16878554107697707,0.537121247213628,-0.09984613934598328,2.003193490115692,0.8596479217211456,0.261198594484709,0.13856836455275756,-0.8569779284396938,-0.5148771602433452,-1.3191026426155954,0.27351021599709835,1.6462022721030192,-0.6635024990537199,1.5111349139937766,0.28777002454052664,-0.9995030944711086,-0.5043493306191753,0.7496648586292433,0.8905418757864942,0.28930865554724267,0.04755155992234535,-0.34683002637456295,-0.47609886184433015,0.10446634815455862,-0.6845822584155045,0.9614505576553338,-0.2092274579743332,0.4904215288734725,0.6034339889352537,-2.303075266061003,-1.065067783903356,-0.2951881839043144,0.05647221210679338,-0.3250223306602233,-0.10609309321203043,-1.569333506663378,-0.1678130383780342,1.3419125438242472,0.4179372002338194,-0.7665960313747712,-0.2895306722161057,-0.4206213786976856,0.8338576275372362
sample_937,-0.79936405660681,-0.7397614999127857,0.3702667830214472,-0.517251559922817,-0.5675323077079675,-1.1161073244332476,1.1368096971495671,0.6776368889323479,1.0796375677699166,0.07361643450752449,-0.06656930436843314,1.0247555802828154,0.3330104279817224,0.4542475027323025,-2.1246371059772806,-0.076192889018646,-0.14888989374226816,-1.9569923778589986,2.2207839785627197,1.0084584626319795,-0.16629703866035053,1.1893780966891367,-0.5157378086564236,0.7259665103181253,-1.4293696515160355,1.8347065211530496,1.650933911908099,0.30401001896815744,-1.1775109577848102,0.5922777448574538,-1.1744194333253415,-1.8160212848648876,0.7528754391095022,-1.5587895047883105,-1.134443734903581,-0.285291385281253,0.2683235329016025,0.9336846517786745,0.25777136853741905,-0.9358204284436489,1.4327304482636873,2.3384365671431873,-0.40464643404734246,-0.519928289583426,0.32311758911385857,-1.52824633518637,-0.25267062065295703,0.3649830882554086,0.8165962449617691,-1.2383951434117602
sample_938,0.244744913014914,-0.417818801257115,1.073133480531586,0.7736365475051497,0.9192053997007501,-0.06785675058596165,0.09716627907006285,0.4022733816160965,0.1293343054069283,1.928087904225787,-0.8342238437732623,1.2693302427875688,-0.8364806966954691,0.7083663942351239,1.6727571293988217,-1.7761526151829257,-1.6315316358607135,-0.46815394274511785,1.118624678198037,-0.16431284741550733,-0.26084555575747925,-0.05950471446769544,-0.0018072926580219918,0.9929686578270002,-0.803373741535444,-1.3587439851900032,0.156538778271692,-1.9251444748982305,0.9321327979105695,-0.27389545743372307,-0.036270313731039276,0.11470778039876742,0.7925853228806797,1.5591821551088452,0.5418379801935523,0.35653482682256765,-0.07862100974899595,-0.5682598808025949,-1.2626904130177634,-0.09643845519918735,-1.2145677096347527,-0.587201597191202,1.0238923294790347,-0.1568708916114268,0.1268302802779643,-0.7855265457976557,-1.6657541572403656,-0.8141443437045961,0.7293999115768173,0.5507239209705325
sample_939,-0.8444120110407667,-0.04377975918783139,-1.1408010715883998,-1.4166433836058496,-0.046919493193564706,0.7842723889275334,1.3341990602979572,0.29682888945690705,-0.2436551124110164,1.2580301405609189,-0.07077691814872879,0.2281985645705828,-0.9289570102263566,-0.05295272359103885,-0.49775648380808596,-0.704548180588315,0.24957189062512947,-0.4031599403357782,-0.19789862354803994,2.7589256417978554,-0.06367998086396742,0.5899984564320434,-0.05964891204843881,-0.7555923195924723,0.4546809308875153,-1.5323720065223791,0.35416628967463953,0.4446132683398198,-1.6564215260745077,0.5216771802891849,0.4036683630062067,0.9786269449460283,0.6404722555080776,-0.17034603387937206,-0.47272573084240715,0.28812184056088685,0.28935419103532584,-0.08320673975067613,0.8059008599087911,0.7692276862596541,2.523359811865512,-1.4015770838536803,-0.12739713136951647,0.9545322389223292,1.0557561698438647,-1.141251463123804,-0.5287330305355823,-1.620007929118158,1.4146186393164142,0.623416966201989
sample_940,-0.41862183543750736,1.2429444781944352,-0.5202407396976603,0.8601392978381516,1.586367147388995,-0.9264307577040714,0.4795813405042688,-0.14646899452660736,-0.3453597275863468,-0.810433072708509,0.4179284036946008,-0.654597511457969,0.059925566065453115,0.5574051749789033,1.48487585444607,-0.6268853001928242,1.663927741005562,-1.8662016777702644,1.0238599380514568,0.2156330000738035,-0.4546918045470733,-1.1647007736646346,1.5953211413306978,-0.4536866667129443,-0.33616427244413977,0.6869992029222558,1.0227511255407904,0.6632227514644038,0.5214198327270122,0.19625315168956303,-1.6391486884571593,0.8824750340623861,0.5646503412991618,-0.3455731426849493,-1.6336750346323137,-0.21651176562187865,0.2132193984568807,0.30855644375795,0.21095724270317726,-0.618140807450916,-0.3842571123246015,0.19428236113110078,-0.024443875211976808,0.9541552383498377,0.07313272024733192,-1.0393266541285728,1.0899216624459966,-0.12269973974151707,0.7069126189559704,-0.009806285496629142
sample_941,-0.3653978422917837,-0.3032590232460597,-0.12350570011839293,-0.10999939588278296,-0.7619999875852939,-0.16558372783275888,-0.47305643237443484,-0.9553503296971302,-0.8187724897707828,1.0715186222693722,0.2822732321357682,-1.5007348187521594,-1.5572483476067114,-0.7147268840565775,2.5524581294756596,-0.26012961797300294,1.5128716884149445,0.6657850317584585,1.512512018072366,-0.3191101623487742,0.26748539632671114,0.36845856225296564,1.122271089158946,-0.32614103653437504,0.8257057069853119,-2.077520768476366,-0.6913021699430966,-0.7879101029979546,0.26512030182705265,-0.8141391314475253,-0.07321737219404889,-1.2206692785094455,-0.07255751927112464,0.17769916985574835,0.6073468650440632,-0.330448296770751,-0.4189993243076587,-0.35832659191475735,1.6003334392084314,2.42733750115965,-0.6641118336612056,-1.198827704729332,0.6092933881234646,-0.11499512609223071,-2.1051534435796984,0.4497667350882494,-0.6356524101979926,-0.7815367852838669,0.7090517049377381,0.21206959797931235
sample_942,0.6937573265597934,0.06605836009614902,0.9784554550398666,1.4538495248218186,1.0608710377043333,0.6792901053754248,1.8236615135186411,0.06055668297049038,-0.41820900604178207,0.0013036623834045441,1.2320627025122286,-0.039887221609456035,1.0521344495163218,0.5544926318764354,0.7023735425681495,0.8914061344753096,-0.2018716716711518,0.021377026535710643,1.5567516278445654,-0.9473626761243655,-0.3756120996989876,-0.8055345514506098,2.01600727890463,0.3775676216680134,-0.4246287299595082,-0.04321596080297351,0.6233938846733404,-0.6625836989899114,-2.029630692093259,-1.4865402997387163,-0.7867901704788018,1.66956673423847,0.3202833221798326,0.24238194739025892,0.4827668513925798,-0.8500592312224302,-0.7197002486772363,-1.1043193030917307,0.9264075435021085,-1.1605395367755091,-0.8642946617284597,0.0036991182255445647,-0.23776864086439886,0.655676942742064,0.09825261278830501,0.7075994848385366,-1.139383643354272,1.30291691500247,0.2669184722460069,0.5801994273578912
sample_943,0.6368673708348778,-0.08026960728844096,0.23702011865155245,0.6484868995249805,-1.1302666789976044,0.06720719430371654,-0.266241769294562,0.7426450826306746,-0.12018318076551257,-0.947011141986534,0.2658209750536631,0.5862849419729819,1.2872627965666734,-0.724676456339564,-0.6786648925290295,2.2775997538219213,0.2463086842649715,-1.1712727683461852,1.8786058343939092,-1.3640793748212598,0.514575443119437,1.2696377220483008,0.9145992848175799,0.4452755311264745,-1.0205894420096662,0.9716088757298839,-0.10992674894435339,0.20991856563148675,0.9734740813114212,0.9542587672536561,0.6536898493317198,-0.6322360747415111,-0.46483705473831427,1.7574992921350752,0.5199543397537277,1.095927673529489,-0.23906466138223836,-0.3905978278392094,-0.3690998041425741,-0.1791479948976375,0.5191385189940484,-0.37666604732903436,0.6726849644043084,-0.2529012970244728,-1.0917431069919972,0.4314876470709867,0.5293670683222819,-0.0005038744931319582,-0.9913974609789414,1.1947363157589126
sample_944,0.054792262406257876,-1.0449237482453302,-0.4589038386459403,0.4395073268370593,1.3624398607524457,-0.1055853910123977,-0.6212219691702445,-0.3947814524650726,0.4971423423569255,-1.461711271176022,-0.18882533409730626,0.46661740235445154,-0.7281479451501098,1.2288990260865864,0.08523756305921587,-2.059969437364506,0.40037089395274683,0.046582048380508514,-0.5607188997458322,1.3886258827800786,-0.39362857064885964,-0.43398286440731937,-0.4474558946289603,0.9286366616236927,-1.424602646668924,2.1967597985429417,1.0908456494136498,0.35170236629451257,-0.3845894191059883,1.3349032806537318,1.8184427938259546,0.8864637774768674,0.6798739597044324,-0.2119334574079814,-1.9087638735832624,-1.2408242417172992,0.005461765327603894,0.7185163698056488,0.07009863128745046,0.296263347852836,-0.9371650529703345,-0.028251098736362917,2.6674515204592693,1.8150580820602549,0.1742443352913415,-1.891490529195377,-0.09768818506308914,-1.1683163628944786,0.24849344917242322,0.1921305326024706
sample_945,0.647786181175307,-1.295251381634775,-0.7062938001796882,1.468570290811726,1.013324084181919,-0.15320968884891661,0.37278695916964477,0.19200220815320881,-0.48351967015258485,0.564692911321785,0.6190349081133456,0.5568519144925905,0.05568903088856569,-0.6569072956581541,1.82538672218988,0.38814597829297576,-0.3724190040616859,0.1157709635104923,-0.9504577317571169,0.35619977851013257,-0.5729031511595133,0.15815468958869314,-0.89295025064809,-0.23487885386039684,1.061515897710005,0.7047866356132403,0.38243802798929977,1.5558403373666645,-0.9640821047318142,-0.8230894763173793,0.6903296111639521,-0.9762003660232726,0.6285520618192808,-1.1804408110478128,1.330654968408301,-0.0967002009782779,-0.2268740521286251,0.3328886196799968,1.3492213064437548,0.054568003239944804,-1.0107657196507795,0.26849973575629793,-1.5471596417553284,-0.5193859648263814,-0.585091113466659,-0.4190995460285415,-0.3575184096357972,0.33666923946708116,0.6085117329494232,2.329617275100816
sample_946,0.46759382780334297,0.7742603071735533,-0.368510211845315,-0.806241318293786,0.005445632873599525,0.8959987633277289,-0.5406532089132057,-1.069765353765951,0.22632621161486505,-0.6527323191959111,-1.640375427901215,0.9245035608129828,0.8105694875895372,0.1359201308252178,-0.4032087675762394,0.32699626447304525,-1.8421752160078215,-2.761945501242042,-1.4277574761462526,-0.3587738076345986,-0.343708817086125,1.1259093755164762,0.9605321391941084,1.1193958816744451,-1.41148468638872,2.6651667188922032,-0.19611247473919377,-1.44367571645928,-0.09555884787243085,-1.5326151554241634,-0.7289286366410569,-0.39492904827272374,0.3797912410360444,-1.1679407087177318,-0.7555734184021426,1.3354237942574818,1.4206329595092713,0.2733743941882468,-1.1210435083195782,-1.2641703504579902,1.1958257256035592,-0.9357928569147417,-0.5260472873884292,-0.9214062862161357,0.9390173692630279,-0.5061935592710809,0.6755551951185548,0.4303859038255702,1.403984570011992,0.9648756886026189
sample_947,-0.4095388484330151,-0.31309187922261583,-0.7728800311604576,-0.4134309832744318,0.338423112570747,1.3638296105491305,-2.2543848986644877,-0.11204438295632971,0.4255444312373303,-0.12056203234429151,-1.2526763058282389,0.6340341192267761,-1.2788977577227807,-1.6172150399587133,0.640423264218455,0.43066355075857005,1.4906436424395098,1.6498087028329838,-0.10888615213041401,0.3740381048121175,-0.41528189185065956,0.22379856981162366,1.6368735838659074,-0.46164383981593954,0.494548034538511,-0.7172434428951433,-0.3047089962819837,0.1216787694633589,0.8226085703151206,-1.1216609592542834,-0.296971622532987,-1.8679442077465322,-0.37469355800730647,-1.8504643921775898,1.4905879285950085,0.4589539222422719,-0.2600861525958791,-0.09433876977032087,0.0867572632449748,0.5086076797558285,-1.3805100724903625,0.1101156670320459,-1.4065729260840174,-0.1733823095893437,-0.8402723600237527,-1.9043239300014119,-0.403131000531123,1.285003525994334,1.534712648689748,-1.1768914341776315
sample_948,-0.5393849802681518,0.20341721847560468,-1.1576495708359948,-0.47123726201922683,-0.6092433993225896,-1.2948462115775938,-0.5682820722860652,0.6609633371516498,2.667650844725989,-0.18507899510838738,-0.4368110200354859,0.32366847414300576,1.5047382016399955,1.2926840088873768,1.6116332077045767,-1.2434650477116218,-0.7184679980746785,-2.2188205597884436,-2.589759624039155,-2.014524070927109,-1.4014083048154438,0.23220983914978674,0.9492532209541252,-1.0701544607100788,0.7935088212124377,-0.22525752360571766,-0.6494051293517802,1.0770724361464197,-0.5254828120665274,0.38366704033500765,-1.7373798710682968,-0.9665025495254599,-0.164564673659229,-1.8701871155285732,1.4544860278852048,-1.4374386161785533,-1.400633979385287,0.9084996997065238,0.5352261608472608,0.12520375535639922,0.622109433574298,-0.108556297323618,0.10471209603515975,1.370971161328217,0.018657748150912333,0.5484711785414768,0.24401642965194711,-0.08110630944788769,0.7119632711966092,0.7746242333813288
sample_949,-0.22503740199750563,0.24410747960093385,-1.3068152442613574,-1.2302224250211353,1.4201673964235102,-0.23281017196522918,-0.2589575238818556,1.9813497229131067,2.752417414382304,-0.23200043296470504,0.2916521248450048,0.10697803217056115,-1.6979137090148142,0.7367744437492432,-0.05554319943653727,0.8727704131273184,0.4851738109471697,0.42512995215192567,2.3184141414266803,-0.6336765916166505,-1.7001390057897248,-0.7650399097206905,-0.24350423891452716,0.6115631690498547,0.5282135437266147,0.21673837465221646,0.36225435753355395,0.9870445514281952,-1.426524920985169,-1.6639006681023323,0.03461828470473643,-0.18805710034460957,-0.3751627375180519,0.7770636743579127,1.178920314049874,0.6641601386811853,-0.6132391734412246,1.4835582618203838,-0.9643983815129018,0.7890924959707909,-1.3181289817265782,-0.7652077247784623,0.6595011348569771,-0.38787712273485525,0.7056481978551424,-0.5438800979708445,-0.1524521085835478,1.016051081126689,-0.28551194933449686,-1.4371710527553598
sample_950,0.10265213082122811,1.0495926173248848,-0.14807290009576868,-0.8014452821912623,0.31147170629246457,-0.3612350261589717,1.1529076058141297,0.2911284794653848,0.17391632935557044,-0.21417863073354307,-0.2578273979505275,0.35124832134088113,-0.5768136935368823,-0.43870985271532564,0.14273143539614908,-0.06480411549745732,1.3515778591142869,1.3652500220934272,-1.0844032401881816,0.04563333904089364,-0.49336905274095694,-0.532789282162056,-1.0636845985866503,-0.26613359183137125,1.9104416612066009,-3.3193677170837503,0.02822450647204574,1.923103058466373,0.44113154989816167,-1.41272358254621,-0.8480941349706196,0.7470988559115167,0.0266634457317278,0.2802046257529502,0.4466992028548523,-0.09899039576351511,0.6815164115551161,0.021369171907596688,0.8127255128763201,2.324553338792337,-0.7114425374377731,0.021374274764965152,0.4396741775392669,-0.0072329981617131325,1.2015759800178578,0.7505821976381443,-1.2630049117035727,-0.5456586118040517,1.1470904578278467,-2.635926214759116
sample_951,0.6232318196082389,-1.224111987043517,2.1152989658778116,-0.5703727313389145,0.3613302881172427,0.8191014996494392,0.9215049495227359,-0.7864743788702329,0.882837667619364,-0.5196659356852188,0.5285550712542906,-0.5575166034630114,1.7457768038298138,-0.08675811471410999,-1.0500577574376124,-0.4260778142825401,-0.8923200154582502,1.564390419619301,-0.060527084555219914,-0.2679512394852918,1.1141847590912546,-0.5479117670679438,1.0294288971145302,0.5370706196757448,-0.33302766857963073,-1.3366846180505596,1.2345539856029568,-1.798313832077781,-0.038963807431404165,1.9706476278114886,-0.16819786762586594,-0.04304013841379013,-0.10891407324632045,0.017983344934119707,-0.7183518648561458,-0.7455032894188971,1.6921169550346682,-0.5258218264981217,1.050678953242509,1.7969971048440427,-0.07178361971875162,-0.14092591925291462,-0.1500554567532533,0.4367545331235564,1.4819185386765779,1.1848860481027703,2.0688125816576632,0.7515952818975337,0.05248735074182809,0.38478324467745084
sample_952,0.5613958033492968,2.732993511573057,-1.5666846668758356,0.2591616156165485,0.12528764440591497,1.1868056715016297,-1.2087350230255847,0.9336703734337531,-0.2734818644891335,0.8745115669341837,-1.2909950866414845,0.08059734968716195,-0.9826778786632647,2.020444255684602,-0.060758511515887036,0.4220479069734267,-0.7557759905364989,-0.0942882289786008,-1.5236955876109708,-0.9269873489273512,1.943207423546,-0.23121176814666994,0.8887091989478052,-1.6126202752312604,-1.385873950123028,-1.4732556346116314,-0.31519326170287554,0.5733328169024812,-1.459815549226408,1.160934382417884,0.16160193511071,0.8365553100219633,-0.9429063100051461,0.520000887419524,2.046341255332681,0.11457088965121133,0.026946491261931108,-0.1666771349182155,0.4401776706271328,-0.8573062560680665,0.20475429016802404,-0.5282608046506727,0.17865208718760586,-1.1033714876628324,0.2414134912653441,0.342770854410934,-1.5043860574115069,-1.6439034310177965,-0.6841307192961861,0.09727674961693696
sample_953,0.14951275749991627,-0.3158082725905494,-2.873982292207931,-1.4778732478983823,0.18482556436062847,-0.837590439028404,-0.6886827441273554,-0.19577741424119238,0.23438880944481233,0.7587462065103941,-1.5957983632613688,-1.7322266746298947,-1.8368679911089774,1.2060771721282115,1.5887174238004211,0.32380271191424503,-0.6343760388666253,0.11958840525659467,0.3141443887702073,1.4717942142012885,-2.0262673504540394,-1.1532513665610717,-0.07838331641103699,-0.637225554687725,-1.1404287113232427,-2.4521551952674447,1.5873503378984788,1.6221511321225182,0.24881674993269046,0.01363588513967496,0.49645860255386026,0.7537218281419391,0.23561837863681218,2.4866467493407076,-1.2690700537209902,-1.6806411810607338,-1.3916728550400426,1.5496175101532956,0.3780622065280066,0.3532651035039928,1.0870971882277303,1.067357162477162,-2.2109063565402147,-0.6255428807707802,-0.8914126637123009,-2.0884571313133162,0.5434439264970815,1.319125539057934,0.2632457656092171,2.2725831833750325
sample_954,0.16227291504401814,-0.6121658039184484,0.3159406052411574,-0.6475432009285199,1.0230027792725378,-0.024137202461772086,-2.337989048840841,-1.3445058267857708,-2.238340280498066,-0.37178559372408937,-1.2556599073756531,-0.23800593504710743,1.7547529431854227,0.7106133754760104,0.13723195790252202,-0.8054693851209621,0.7817137376408364,-0.2849255254431131,-0.09928736373395446,0.3366756917445834,0.678028530591578,0.668200261646452,-0.8224431378539598,0.18779911110846817,0.43988647303079886,0.09011298908930784,-1.896896469222726,-0.6784868404720249,-0.4555737966744441,1.0319458464052322,-0.1510930490046202,1.8858062104005928,-0.008013266609409448,-0.29014762382002773,1.9737698115895317,0.14473038146313089,-0.139522067986125,-1.2395059955074241,-0.07993670392328311,0.21428111288161536,-0.5574109163083197,0.8512784239529866,0.693357066296138,-1.0548601334256267,0.5840320794362455,-0.3778078662202408,0.7944153418965119,-0.28423231873271243,-1.4054679871105906,0.6304251437260171
sample_955,-1.647382278250112,0.31506483494573884,0.49866416558440585,0.761076529887981,0.7741917282462009,0.22118374364692792,-1.1577551841801381,0.2720253589857298,0.041459532129686165,1.034935930718671,-0.1970087972742433,0.6977889505156217,0.5664277261284298,-1.6667820679627714,-1.8441967095342147,0.8524957017848133,-1.3089668370598957,-0.8513475562001737,-1.4512471582047655,-1.731681655812603,-0.4034749115943643,0.15170394891866976,-1.6797964547563604,1.5972130040052734,0.9347478816891938,0.2018593258428758,-1.2029209507545089,0.8666356767001574,-0.27172347166471017,0.8427005581060169,0.3447123142041188,-1.0328535795768523,0.022910997668780464,0.7452272854017672,-0.6714730410452026,0.023427698808687614,0.8325229487645424,-0.6588013052579388,-1.5456207096182077,2.341856489812215,0.4340369115340505,0.5151726555107877,2.0222791525699604,1.1372494141957548,0.07239907192983497,-1.1319749781186543,1.6474263028429095,-2.9958853713403912,-0.5770344889216126,-0.018650782969396467
sample_956,0.21678563354428834,-2.0588305704217063,1.5567408890581707,-0.0763563062537063,0.7148912991902316,1.1049120493459117,0.03132127492149396,-1.1825210184019246,-2.743975559411478,0.4693467352156415,-1.152174377330285,0.10761679962549918,-1.2982011640129207,-0.3140264150250786,-0.6924457046512105,-1.4843225110239244,-1.3989932775789125,-0.6911846400696915,-0.6594583913059697,-0.6174372212826672,0.1777477689072915,-0.03798607374881228,-1.2332694907429733,0.11253693998828876,1.297262014927278,-0.11960157819266279,-0.04854078904490622,2.305882180966354,0.9015319053515544,-0.6394012557394891,-0.09143496568124306,0.05171823783432851,0.3589144999150175,-0.9240643219472595,-1.2880337702352,0.1823758788434194,0.11940132494018652,1.6165415294704977,0.9476958450142033,0.6214326988307132,0.7283629400358791,-0.12329894565990344,1.0573361703833566,0.8339548678635965,0.8555163208299925,-0.5868217155546657,0.26992809444224464,-0.9191376589712472,-0.3842793461246572,-1.6434944349636804
sample_957,-0.1320846993692875,-0.5912196286670793,0.0519010989701732,1.8401123059124664,-0.5592439063452582,-0.3780398783973406,0.44288131523646646,-1.6851301720624945,0.44905854053261673,-0.011741856383871077,0.996541258976318,0.9666601392397645,-0.5605859114081766,0.46894277373558296,1.0411281759395816,-0.6292890500495294,-0.1905649061262838,0.5361752419502727,-0.15678734104165168,1.0791873107383387,-0.18287411988450678,-0.3613513724808642,0.14268279680382465,0.057045543303834524,-0.12447987068121531,-0.5866814656595967,-0.003853063770682822,-0.7511860517691498,-0.853467629583337,1.381724369379314,-1.2403124077475687,-0.2329901717216599,0.15898674847035646,-0.29428248716454375,-0.33212843642161183,-0.5634713222689542,-0.650907421534218,-0.30200809770773757,-0.5041720532609605,-0.3716165663712503,-0.6797719691736208,-0.29439544380877886,-0.3064850723178649,0.3544485904488217,-1.3596387591543357,-0.5137850341461079,-1.0759414465436128,0.8240506983202559,-0.9667619428652077,0.18271869798405946
sample_958,-0.737727961256477,0.17366346813274186,0.646347757573604,1.7439680680406764,0.8289893389703391,-0.4775722588846761,-0.7600138205326884,-0.38167467531109095,0.689059093919671,-1.0958500503627764,-0.5462193938422155,-0.4685482454955476,0.9064569233705253,-0.06948608170596068,-1.1439784831378685,-0.2671855644053636,-0.6014546681582951,-0.8122743244301892,-1.0224263107909917,-0.27987775297851,-0.18943070825892924,-0.9616346957540727,0.3886880252053838,-0.8787980930160233,-0.9136681291967318,1.118188310497324,-0.9180945161575118,0.27405678061704797,0.4451695819090897,0.17911339908075283,-0.4221261885565736,-0.4714342772406389,-0.31061533322381474,-0.03821960165282941,-2.1055508661650877,0.5579016209152196,-0.2811383007306499,-1.0208484334019508,-0.6033564657809618,0.9562692016274974,-1.8066642462373985,0.18143641269011473,-0.08818271404087807,-0.29017127694492345,0.72831855763247,-0.1262888833104341,0.8983644399715804,-1.8614309061760712,-0.7504218317998084,1.2342581763182614
sample_959,0.1755033788040402,-0.3033369998379537,0.2847476897488109,0.9883060560642625,-1.7950531338777542,0.013906057826384995,0.6158036119862631,0.745705807083091,-1.8147779364089407,-0.1873502216956312,1.6819563993169364,-0.08177613807821903,1.4329755722562638,-0.8455180104862389,-0.4740424888294954,-0.1885977179777098,0.050460092319484014,0.917858965560895,-0.9209977618976046,0.037270608559899894,1.4254683148666751,-1.7273041027108997,-0.045365456821659975,-1.4551656866451637,-1.1746247171952056,0.24225025854631357,0.32705077513636915,0.519652805257712,0.9386186162411856,-1.0556049462526018,0.3352705921208045,1.3354756291274172,-2.239876328246948,0.7088734550926554,-0.6648440098208513,-0.6596977767480988,-0.07956278904223538,1.8338673570471582,-3.503282382674275,-1.5953451146395656,1.3140880596118463,-0.6724158461832375,1.0738430864289792,-0.5468801547259439,-1.6293703768944263,-1.0307448264072963,-0.7011673094174733,1.4001238992270917,0.5084074842693153,-0.5911228470068574
sample_960,-0.052962812630473324,0.29582162371538984,-0.459401197580965,-0.758127760809928,-0.921935835596078,0.6109843487652044,-2.491468292982393,-0.3594674938923902,-0.33056007378667923,-0.9000540428669278,1.2033632961092995,-2.2936609175916822,-1.0017297589435776,-1.2197072698964302,-0.06536259857787624,-2.3387622558595007,0.5060418812039628,-1.3564345267369453,-0.05635966256011166,1.2594388863957258,0.7741556126080685,0.16590935792596131,-1.225605110400881,-0.5074362504938033,-0.6877086815069113,0.9105529725474422,1.4341346106098107,-0.22021235844235243,0.2355978769989449,-0.4807827328606544,0.30625021701644484,-1.6646354397139622,-0.5127698711817178,-0.2048228249071203,0.05135473569161907,-0.16175163027119135,-0.3697786730677683,0.3958329246478163,-0.41789241079307815,1.2717919846433319,1.4002358412568783,0.024545105377657094,-0.1286988182096937,1.029498542274969,-2.219424141163142,-0.29589330728304114,0.1805193794688386,0.5187106276661222,-1.356707287396554,-0.5775974925634901
sample_961,0.11970871003859775,-0.9276854279008658,-1.9641363696302023,-0.4682185119644507,1.111939669234365,-0.2768570466643905,-1.9627418314747012,-0.33603573599947406,0.19517439451714444,1.836144987170054,0.9601423736250262,0.49174140244448666,0.5394908406052541,-0.03063661394905226,-0.5014163895959803,0.2958955346574409,-0.24335615330500512,0.8006011552519608,-1.7892699837559203,-0.6498562744653611,-0.07609647477637685,-0.19388924244150582,-0.6898881700524444,0.14851485560497205,-1.3044634585662134,-0.24287487177216813,0.1517293903998515,1.5912021458851755,0.6041206569686636,1.1839878808107698,-0.41909185012671996,0.5105612115872359,1.3675240486178804,1.5746862961782775,-0.15404467829070365,-0.6690299704843512,-0.01113493440774084,1.0855805280337776,0.3926033265094253,-0.31290413794452065,-1.0796551287921972,0.9418233277431322,-0.8936673673134264,-0.2565031998191799,-0.6322551845913129,-0.21592924862449042,0.43737808270402606,1.3358507691413484,-0.04521765884710511,0.5095773064630843
sample_962,-0.8603984885255651,-0.4941746892554941,-0.30439033636235635,-0.5595995669968239,0.7958654143240921,-0.19172861824014067,-0.45826954401949044,1.472640726164914,0.658550468922409,-0.702663582877565,-1.058188800136056,-0.04589655498493267,0.7363592688914062,-0.6955212024538717,-0.24944895589207847,0.1035671091778633,-0.31406645204916844,0.5260539106910322,-1.7368417261109,1.3854902645162137,-0.8379355478975312,-1.2223974930188963,-0.16024328483871886,1.0862029136233595,-0.6776026713952477,-0.9214054784719192,0.6944350957688725,-0.10875883798909054,0.12908803590773538,0.5171690121647219,-1.0312437689571268,-0.7668341928231961,0.10821152402840407,0.47317524018629187,1.4739167258091088,-2.042932750303091,-0.4283670529550878,0.14806960731082244,-0.352189088664366,-0.46784813011946413,0.5065216258684657,0.5888954799689927,-1.2660352576938354,-0.5749091772191064,0.5436331762296125,1.7377978981549334,-1.0447900102241976,0.3969001477045947,-1.73766389203731,-0.8169998435682674
sample_963,-1.0847885267337314,0.5930286220244877,-2.3855603067735816,-0.49776681918806337,0.12008722882694711,1.4218535878122198,0.7474037973848355,1.2662870973243974,-0.5667525213781263,-1.77482839039393,-1.2468189075183744,-0.27354633911726295,0.6339514619742961,1.4072394286745493,-0.542743789334442,0.5952349911530321,1.2345562593737311,-1.0962549860929247,0.5567865281220445,-1.07098371993414,1.4305629672508762,-1.1358461075358104,-0.41377778879628535,-0.2715287907283101,-1.7572958463626414,-1.055092010382228,-1.5667742437187695,-0.4884946123932526,0.30340823577381804,0.11960760016020594,-0.5689457642245235,-1.4920317208982412,0.3825421549643108,-0.5370517323939813,-0.6776059419598266,1.3119549053781505,1.6451467775651065,0.5385426209357924,-1.4254278795706044,0.12028717819879313,2.0371881715624154,-1.649367320897048,-0.307768907650939,-1.8047789221210475,1.4338403724332276,1.436194810389998,-0.5402377596068954,1.6798355833403442,-1.2331134642590513,-0.8637470850403826
sample_964,0.5621927842886482,0.03818384925276765,0.5450722135875878,0.8019382898081948,1.1483600422145965,-0.3231966483908428,1.3623190995650838,0.49314835572869464,1.1126327446686917,-0.48589068902270066,-0.6248120924085825,-1.7231375020310669,-1.8288109277347702,-2.231862822466012,0.5298306107557706,1.0151648860131546,-1.2387224752812147,1.5881701706457672,-1.068261305776093,-0.6025794865833979,-0.1999366960488318,-0.03706059810172918,0.5064855598892416,-0.36662112762435595,-0.5279888463537962,0.26357108684958996,-0.613973663864608,-0.6239202164728695,-0.333333952943786,-0.1822021044932568,-1.8542785402268394,0.2690196195193824,-0.0121146392872804,-0.6935849016905835,0.37683480851579343,-1.6997492334753448,-1.093885331624963,-0.08213498350371518,-2.697943068845459,-1.4431133272490888,0.9384366143256071,-0.29182081145714395,1.5098931690142288,-1.4318254603304668,-0.2647639889101801,0.25745437906092594,1.2161206572822059,0.6212200643110125,-0.6601207015075172,0.9219433047335565
sample_965,-0.18271908036575918,-0.7143701178970997,0.11487869162766048,1.5794868159386732,0.9920850907501764,0.6233110859154554,1.629890926137127,0.6956124172904857,0.9691199805824896,0.36172128445073914,-0.5069750379679817,1.061691110839649,-0.39596550540326514,1.7623323664953596,0.1517647320512775,1.8120029906500161,0.6096274468863287,-0.13465211881968217,1.0159397424364196,0.4151508851836618,-0.28981077695144053,0.43536234615636304,0.8730226675125224,-0.8450985425356589,-0.11853178335425991,-0.7581498266218691,-0.5481762143998073,-0.6178746864810064,0.7061804660234109,1.1793846000892279,-0.4210733382913766,0.5391481239764534,-0.5545650991799932,0.9542611339819264,0.33450679548218126,0.7937298025584377,1.1806980434818468,0.490582042998347,-0.7140823329725178,-1.2716653069096107,0.24053211110579695,2.1943101789196593,0.725619300158418,-1.160015949409737,-1.4781637400982668,0.3665178448509702,1.4245059930098993,-0.2660231779979646,-0.42326170786588135,-0.5129700512309893
sample_966,0.8998344402090976,-2.2709818649081615,-1.4691721470648187,-1.323056607429753,-0.6556335597316004,0.08310678501525015,0.4277392960322793,0.9910495496763857,0.9204232266749438,-0.7112913873926544,1.843526567407242,0.9804283674590343,-1.22105755550951,-0.3286548639900185,1.0942740222969356,-0.5840549121072303,-0.20392020696089072,-0.5193856307669148,1.522125348089953,1.732231910562467,-0.4661287961093982,-0.4474605925422195,0.35748294955611487,-2.724610977822648,-0.5970638313570086,-0.34613508452897107,-1.5779661398234035,0.9281729601379862,-0.2866365384070584,0.4524937531230878,0.06835021266342536,0.11877274944269851,0.6502421246630825,0.5644702399647273,-0.5010611990648667,-0.7712572726830473,0.5484697556018959,-1.7623506973861183,0.01173070570154119,-1.268493015088649,-0.6469454816801034,0.2258231809701094,-1.137873345801272,-1.3714090298798642,-0.2969882998067316,-1.6185858186721749,0.4572521786230597,1.2683798806290398,0.5297690212753795,0.2175707096486227
sample_967,-2.175070597287066,-0.11853218299996635,1.125697545128026,1.2286210370975126,-0.37102647566100605,1.3112094899440268,0.8021188731603739,0.3905909051682945,0.9436174279947223,-0.046723628789727335,1.7363949215084755,2.269656925559131,-1.8886920735847539,-0.9636175809515451,0.6760514602655102,-0.37311551789074077,-0.22735282221302808,-1.3831317285352547,1.7514280806062488,1.015994567840774,-0.8315110341550767,1.3273428519048662,1.2670816269413483,0.28359616759826545,-0.7480959664363188,-0.25847225750299796,-0.09898834838390566,-1.0401598669302092,-0.3677093411249548,-0.02029678686993918,0.13584166312629936,-1.74295232134066,0.4580479786194091,-2.241153364600654,1.7193538551294096,-0.015432449344984186,-0.7471935771933875,-2.0232668321032587,0.5215659501198261,0.024470736498750423,-0.3565202727122148,0.23463487095819965,0.6791408556138713,-1.2006228064556417,-0.6742778819052863,2.175482692142234,1.509986991916742,-0.7990890369875786,-0.5678830536901043,0.8146218339290465
sample_968,0.19377960480439163,-0.4545918157770703,-1.1765596912022023,-0.621118810610848,-2.2936987931796295,1.8709085793238187,-0.05831030740229642,-0.2340565768285573,-1.5680005475524499,0.4139484259943688,1.5851021230910154,0.9594345533498028,0.4235830734781589,-1.4821892386655169,1.3703921822273044,-0.533331314364215,0.8961938971563673,-1.164688421533991,-1.1880857057204632,-0.5993789258743875,-0.9055302276995951,0.6911377945559413,-0.9152470499237626,0.350824984675405,-0.7340890906819831,-0.23725411668509472,1.8565289956684317,1.7583138581852737,-2.457260832571023,-0.7387317461276232,-1.8395864452573238,0.9229503730930174,-0.8275925218120785,-0.2908919994425463,0.28828463124500886,0.5530293435532487,-0.8656063122908427,2.3522215521067396,1.606610924840946,0.23465672307812754,0.2732017929394476,-0.6662062430935969,-1.757478192066286,0.44752802379323836,0.626791124254898,-0.62857666825044,-0.0685411836705372,-0.6499419547365087,0.5927828102506661,-0.041533992725343354
sample_969,0.49974079938594124,0.4875680692773016,1.3736981068133074,0.05787158558124999,-0.8586872022104599,-0.5218505742389046,-0.21868527604695065,0.6553242900095286,-0.5137262508285442,1.9673733113672414,-0.09520182399710451,-1.5118642367089443,-0.17229716152748412,-0.5751132475610895,0.9844255627401954,1.061021469415368,-0.05550614403742915,-0.814776328043316,-0.8651142528418377,-0.3265617706106714,-0.15824955111783073,1.120734094250138,-0.0822949649080374,1.288452771602837,1.8839198826681125,-0.6795892375555803,-0.9015116486663255,0.6702511410501565,0.358229233850406,-0.5911442046858104,-0.5843009034339736,0.42984715107116095,-0.949858168511385,1.5408711623185438,0.3658399847417788,0.1632371300242566,0.6738322685391559,-1.5097644724069617,-0.38423158696567994,0.8382349360650755,-1.846936549913759,1.0398518331066025,0.5690209632325947,-1.1797413028399673,-0.2844797508221269,0.28076943177744257,-0.7276161687831832,0.17093638233430927,0.09480780756366405,-0.5813211928067997
sample_970,0.9168353412052561,0.17267211345287511,-0.6907899375518732,1.8115871474381866,0.8370342635579985,-0.49587662552265904,-1.816551998438351,0.8568511837153882,-1.013569801490607,-0.9500770709227052,0.5162890312336004,-1.166016790767031,0.9684936228626967,-0.025082869731888488,-0.052007672120734136,-1.0227510199729501,1.5674487836843531,-0.7798034400233612,0.7084455466978975,0.4724841690044401,1.0536470919846628,-1.2846767554206393,-0.7332354394842272,-0.19029687492695246,-1.537661457030346,1.0459380403933962,-0.3556418309652326,0.4022688608026131,-0.6524820860220216,-0.6043442760140635,-1.5169973964625805,0.353682876505568,-0.6904220518166763,0.08656463161776999,-0.40548421579455,1.1608295472650687,2.347032110610097,1.2759319213638556,1.5426153952526775,-0.037702894294174776,0.16052472687797756,1.3107203028368988,-0.43369512604694854,0.5517007766860925,-0.3185058612511835,1.210157152065049,-0.20293260611860003,-1.1810266605865998,0.5305728449461903,-1.4334145642993774
sample_971,0.5251833175130707,0.3945284120896167,-0.11613973238545225,-1.104262504000973,-0.7376026224004647,0.8248473928710036,-0.5292452562626706,0.5858416988538657,0.5208041271571635,1.8045939006616718,-0.03357356499987202,0.9038017755786859,0.932392806300661,-1.5595096270726558,-0.42577758623374007,1.3396976488360401,0.19909942004329262,-0.9819240340932979,-2.1712581195634453,0.7582894879781374,-1.003560141976515,0.4875256958522809,-0.3823252318758155,0.024872736503514455,0.915095691322262,0.20137773496743824,-1.2750101171242967,-0.32960623010416684,0.11609240952371436,0.310730262917002,0.8782732050311021,0.45576187836299903,0.26717612836452737,0.35366118741138347,0.7623230073585193,-0.043408121448405924,0.8532970158973535,-0.6704467103797831,1.8163141187966048,-0.3517248231117807,-0.8748805129618058,0.8371460330262117,0.23043555370416008,-0.6587282470855101,-1.6525371725959095,1.4174956872396498,0.6721695150879132,1.4434751011393485,0.7695394279010943,-0.9623037914632325
sample_972,0.4118223029109279,0.7927017411960746,1.8645105394997938,-1.238661320096635,-0.14685468298867999,-0.2648009003684724,0.5296857763427605,-0.37860971755944717,2.0554374056467646,1.019178527935172,-0.8791795275582385,0.7303229115945761,-0.9071105046166771,-0.20542546679337717,0.49286440778904245,1.5219277931346813,-1.4175882042424137,-1.7506034708960512,-0.0865485115204292,-0.4973746723616268,-0.8613522060528016,1.0416922998403473,-0.1680370910461934,-0.871094946337551,0.5678718296460216,0.7176733140265794,-0.12081218389968337,0.5203388565083218,-0.3390755713565538,-0.7998878729809,0.28829012584444097,0.7012501687725594,-0.3007478098357108,0.2293789042402491,-0.5505843688770732,0.7863666150626539,-0.9931727050279552,0.18244790236395025,-0.0251055629166577,-0.47421387879558297,1.1264506570570605,-0.6263900132956415,-0.9823448882769965,1.0973113316770902,-0.868328243512283,0.729952302585219,-2.0040735541077654,-1.2754207255362602,1.2971141045104166,-0.0037548456416757322
sample_973,0.4572905592275654,0.7020669233267492,0.18009070389617318,-0.4103189418528171,0.944706684985805,-0.7687338937865328,-2.0358766478945647,1.972197464785886,-1.1024169540284696,0.3237651671828969,-0.8405406768141267,0.2453810967033891,-0.8116310984175573,0.9014405817640528,-0.501265456660254,-0.9300693023699661,0.3814804471563416,0.3170818840118049,0.875118749684528,-0.135399963350359,-1.3303975831157977,-0.9503185061398923,0.07753423018456011,0.6320766545211033,-0.00415541728817254,0.5081511013245665,1.5985693240757828,0.03872264393986735,-0.15322862998547906,-0.37915402639288,-0.34535119309543216,-1.2437775730833374,-0.9901681718360674,0.2429527149417874,0.4042479703619556,-0.8547260152906264,0.4469129857865383,-1.4666140165102013,-0.17570556887945846,0.3495614305556136,-2.143107194602569,-1.38774843862408,0.06382483802530049,-1.6800108752713814,-1.5742085479996213,0.4011789262267726,-1.5318817119468533,0.4917113114686611,-0.0317526303948554,0.25882702684865616
sample_974,0.9477166633018448,0.05250123124718485,0.44808401635841005,-0.9858511976653659,-0.18938464630713406,-0.5372170750755925,0.8641585789619478,0.4784344169490468,-1.476010391585833,0.2231022562696621,-1.0202905797100315,0.5166580149511089,0.2161317879358527,0.050267287384412794,-0.201410289604552,0.1437958084496103,0.48253939071662566,1.165870299808902,0.012645065264831633,-0.2686468779038104,0.1939423039754177,1.368131423673212,0.3296460664689147,-0.004736153524295084,-0.9849177210863884,-1.3210172885242357,-0.3820180366268065,-0.9705424058193086,1.7433092469942042,-0.9606627290124568,-2.0140631220544747,-0.5317911009032925,0.08223417524987317,1.327396380270105,-0.13718592664919635,1.7848601341288377,-0.6991784149856484,-1.774410019912316,-1.5312345193711234,0.18022017735478402,0.03622704988050796,0.25658170355564985,-0.13971305652662794,0.011686574152520987,0.8212598067279474,-0.6474934428987578,1.2805376637739883,-0.7574394858040817,1.4966081193389706,-0.4352927034561368
sample_975,-0.2611986467386935,-0.06552780971749152,-0.24803597203450115,0.20192722832339896,-0.6964776482301269,0.5197588339671568,-1.2946961855792138,1.0150304199219042,0.9659875626413557,-2.8082951191234766,1.4510232899351243,-0.8372273989186944,0.4913294748530093,-0.5033339621330928,-1.0800288120898316,1.024652566364794,1.5052220829463208,-0.5545111952523317,-0.08295731163705593,0.7039945694207929,1.0836078552316146,0.06143053022422506,-1.3047939961066444,0.17440737744806162,0.285461419493823,-1.4537856257427417,-0.41342113862719243,-0.8510788244003438,-1.5381843649629476,1.2605259681936747,0.7133451200995956,-0.24009211183020315,-0.045806163633805526,1.0125261264621144,0.12671579410846429,1.803695795911033,1.3885931543702326,2.2816582837008514,-2.6918706060923356,0.7927400483808412,-0.10127810751434418,-0.3752027644469251,-0.5257055901158997,-0.1312052578101732,-1.0098883765599016,-1.1981671923852344,-0.4566630557885407,-0.23527776323929833,-0.051750977759056356,-1.7978501394489714
sample_976,1.2168654474385152,2.7474469753329482,1.4014445901962422,0.09544933396206436,-0.7374614051901089,-0.9311571900302568,-0.6673939603184577,0.7829933737193384,0.8557225148676252,-0.45526479272379583,-0.9185302281792714,1.8183659773732355,-0.5272799834863338,0.5272910458597123,0.09785132686702257,-0.6188973355821608,-1.6264539160835805,-0.11873428060272394,0.08196885482250967,-0.7644484658004508,-1.1355465764053352,-0.902362316298494,-0.12864299631389436,-0.011890489455975404,0.22312848665774926,0.2758648582900693,-0.12812301380267782,1.3303449471809181,1.34598149595108,2.073604855348108,-0.0254193578823682,0.42885854877091556,-0.4102062861603193,0.19455191680302256,-0.31459518887602117,0.7403846281774332,-0.37523052533679974,0.2730919980456986,1.4658644167119383,0.9247356107478053,-0.14322098158996613,-0.886282236150865,1.9972031858602213,0.8491639646666319,-0.9117560133352199,1.1865785603110286,-2.1729214516938873,1.1518824333255167,-0.25841083376658974,0.9241496597635432
sample_977,0.853121800043153,0.32733361165122865,-1.170057164167512,0.9297762418047713,-0.4083202218967679,1.416621061409138,-0.35455932960516456,-1.3802400692930563,0.4969425182342511,0.15222916474928413,-0.6257654666144535,0.10559559804104028,-1.264226852934309,-0.9091664329908249,0.4509152678904065,-1.3962749428084094,0.6848825288759632,1.7010300210293132,-1.0278440320448148,0.8655938699186323,0.7541551024761858,-1.053782600142912,-0.659161673811407,-1.007985928097905,-0.7879668982014543,0.08939023800270575,-0.3934165599187876,-1.641686402537226,0.9182081218008846,0.937113134791228,-2.1829167353982943,1.01238093618423,0.973068271355386,-0.3124929053026922,-0.5142314600052539,-1.862978503109399,-0.5100901238212674,1.135998609919734,-1.6556970705135865,0.5455655360164393,-0.4729416068348671,-1.4221896384256585,-0.7845623917963261,0.20261108185193993,-0.1645358394215737,-0.33843188807281366,0.7967575956242662,-0.39025106631322576,-0.7416547298990976,-0.931519371615538
sample_978,0.24636721485373692,0.4924974969268234,0.10750890764449336,0.5770863374972194,-1.0475113472873943,-0.17913423776837975,0.597486980971824,0.012175216650409241,0.7203289394983692,-0.1702793565577979,-1.3956864703273588,-0.44191571976517646,0.6179786385378916,-0.28274631671043027,0.18087607813363055,-0.23050898528321823,-0.7088746205675726,-0.6066427713424146,0.47553266831381863,-0.08654375374171487,0.1934074039419226,-0.07905995318414977,-0.7970580541647234,-3.350479803835328,0.6015464875069011,1.4408835133112237,0.6686379635489619,0.1476903450977514,-0.6785530650648837,0.3679201484990881,-1.2812044573284116,1.0399021584320478,0.19353023171847208,0.5323048939588597,0.2615389130564683,-1.818846099196299,0.18132195333726006,-2.242257852045597,0.6317090812135817,0.12197832158970341,-0.25501516451651174,0.2231211761878223,-0.3885042993136417,-1.5032269078172373,-1.5183109713440976,-1.8023897851246615,-0.37605438911973255,0.08968151994350232,-0.5968075257649629,0.18418102276246953
sample_979,0.05672470055645186,0.5292722541665518,-1.2382432183079828,-0.0885180956832045,-1.2542397863107502,-0.16240074589085965,0.6151532209377862,1.8529359100787932,-1.2479426456927987,-0.5165140689984391,-1.0199550506147683,-0.002396196467724825,0.029576124100736012,-0.8393269602998419,0.5143960775187902,-0.5052243152668762,-0.04047907700152317,0.30561551968953093,1.5315933311726913,-0.3994439804244714,0.7874292765907771,-1.2917393102370276,0.5606297765349355,1.199896683319717,-1.3852657531855546,-2.187021950311351,0.06965486719391195,-0.022194972514029226,0.7752878836847277,-2.0404101600258633,-2.287104167847201,0.9470961245134578,0.5198744444554019,-0.46149355390725616,0.5240168635764316,0.6226825900294807,-0.17431762315244323,-1.2801895925369373,1.7976928582333875,-0.36442330721312843,0.11853332948869968,0.8529159631127283,0.04018498846181251,0.004799899161337052,0.6989126835825155,-1.0831074348456355,-1.449659064012453,0.21715653045103678,-1.1786667681074612,-1.188899472333261
sample_980,0.7735118868403005,-0.07734109153220978,0.5768981556272068,-1.373556282403295,-0.4243764283574143,-1.9428445875959628,-0.3618218011641132,1.3033165443504964,1.6351771550825878,0.5934788305183777,0.06292883690244268,-0.9993763622458128,-2.177407735918373,0.4223162549244439,0.11624860554294553,-0.18081191345427422,-0.0042820548545700835,-1.3409237725184204,-0.6850453099919559,-0.2932210126959694,1.560196738660308,0.3448070459412319,0.5662100059945631,-0.17132807115765505,-1.8028152704182796,-0.5377947158329722,-2.4329303015288803,-0.5509920033074589,0.8155757781627868,0.40646554888426245,-1.0079996339010893,0.494179809423493,-1.2443994437270847,0.21518999275091627,0.7281147226120146,0.21005355580777932,-0.24339356615055394,-0.7615156068349199,-1.1095568669774885,0.22333900251030483,-0.25591770698909583,0.08741109684753252,-0.20310727255601807,0.1877261140472911,-0.5988026126797965,-0.7513590465794904,-0.5631086215149097,1.3485087195502186,0.5180180932175745,-0.28965687145224667
sample_981,-0.31557996541734684,1.550309066271297,-1.5856094749913727,-0.33667053772238886,-1.565342133431892,-0.29885965383272156,-0.8664733925083696,-0.13973505311951318,1.6045107853097864,-0.13539037041561275,-0.0757397199213934,0.7787104135953825,-0.709470012650047,-0.2770627449922363,-0.06486744030329919,-0.08883887005603268,0.7700233294846577,0.3998989289535986,0.03230610479034949,2.1530816048120673,1.0389272533775535,-1.0686102914546216,1.5540435605063083,-0.6760282427654567,0.3043127915566427,-1.6678303637810907,0.3790555636788795,0.4581794150508365,-0.08444657298344191,-1.0266498898120706,-0.535124389309619,0.9051765739450228,-1.1423762030459856,-0.014800602298982867,-0.20095720521485988,0.6084237090095047,-0.4131598442785552,-0.37572274288629515,-0.6944489420690261,-0.7009446917134103,-0.1993461253511878,-0.6794988892521538,1.417257778097014,-0.39840451091517765,0.012680739528641731,0.03029180233238869,-1.119033896441953,-2.3809424052409596,-1.8031358127003725,0.932883864131466
sample_982,-1.7370935449086071,-0.47166870517160026,0.5842395254241247,0.7028945055164226,-1.6816431095993332,0.9729595374053084,0.42745266775317164,-0.7659720041667976,0.19087026906044346,0.43520127962507565,-0.842522266524208,-0.8017481093191776,0.04677235380641864,0.3775675293015444,0.4276380244315964,-0.7254101321706906,-1.1279332614737732,0.07419889574702865,0.060853971613835656,0.2648104476923997,-0.32873420616919286,-2.765349789280923,0.4458702652559776,0.3144721711649023,-0.34253209660854483,1.0170198104078265,-0.4627371603786975,0.5661014379787721,0.724172214260809,0.4012918722095698,0.9042870978361395,0.6445474927091921,0.4353971333638731,-0.9723923363330901,1.8161216779182034,0.3796155594555454,0.6662906458384712,-1.5799513662431148,-0.3831128403940448,-0.42097573853247383,-0.1633055913026884,-0.32603803102120615,0.7822985131162629,0.4523688255479449,-1.3737809714157898,0.30516647449252543,0.43608127372778255,0.023166410043693183,0.6689757328766623,-0.5725263127483111
sample_983,-1.116335004990718,1.4659621372451217,-1.1877146921227162,0.7527439819056094,1.0576558415593678,-0.7454459190622399,1.008399701586995,-1.3117117058955632,1.231242866996354,-0.1488262076251898,1.0279209752526095,1.3768344590450101,2.2658915975500418,-0.028637373697910896,0.5361994477892059,-1.8831610247255492,1.5013835641732252,0.05316623931494991,-0.575626076941386,0.18207402216119084,0.16637080965123435,0.5389267522592444,0.24369866707571358,-0.1440601607333535,-1.2228999465408972,1.2142370158431812,1.8441649523516899,1.4076906040087507,-0.7369369835029473,-0.8395966486456246,2.7672765118634612,-0.2265139023722418,-0.7947085693645771,0.145086939858765,-0.3467717299086764,1.9931979191093387,0.043357657369980235,-1.0024860409701195,1.8082790498358448,0.42768648845209917,1.8998283988040277,-0.9109657403834371,-1.3796987388817004,-0.3080649154387945,1.242323752379651,-0.8494258336103885,1.860879689181046,-1.2329409284454007,0.18904142462789758,0.526422936165035
sample_984,-0.881608345723923,0.5825863407320342,2.0146430379383364,-0.5534355069238547,0.47400785981750015,-1.6365789623711118,1.640042984544817,0.9741777775579312,0.8937802467240369,1.764194187298575,0.906576877138737,-0.18175279960379806,-1.0417526751951651,-0.7681062513057456,-1.8504895468697602,1.050196632230559,1.4618115386346282,-0.131074972784095,0.9613590156138521,0.23752047906425416,-1.518553368981316,-0.1625423752374006,-0.24305846666800596,0.9588870274313789,0.43752115338598296,0.864162610582188,0.7189690261613007,-1.0276840224938717,-1.0492607271192647,-0.86215066872607,0.1340026112900306,0.15246138384968502,-0.6222556383289733,-0.7562583872990152,1.3172718091152167,0.1172192150462883,-2.901136262801779,1.6391793804444694,-0.49570063669156084,-0.9415773337675388,-1.5271621384991354,1.1608414989348774,-0.20326234014900907,-0.6494537409267124,-1.5519378838867797,-0.414685673532138,-0.21620474778048418,1.1472896424121433,1.0983299368720705,1.8891776917212653
sample_985,-0.7615697609109775,0.06221274344657998,1.1056915653831951,0.15351788884355624,1.1871027882181786,0.13785837639560963,0.06211381340661066,-0.34027586834894513,0.2412733934883483,-0.5400414457058755,0.32871038337013336,-0.292173560997002,-1.4944078557990237,0.0996171861701714,1.842811309817347,-0.4253970938541843,-1.2578197947158856,-0.21186884327682623,-1.3940288905896077,0.8461382974031727,-0.6202606147870001,0.9855670839535258,-1.1682800307022454,-0.47979953058153263,1.5934941317075322,1.090283887712279,1.0405258657860994,-0.9755860405612508,-0.14245143805352084,0.2610963657464605,0.19508705372352556,-1.0855772105490205,0.5751333569332604,-0.3672293986880626,0.7275031602820583,-1.1519893463825492,0.7026112545342803,0.7068169834025367,0.20289383151336807,1.1358306336116373,-1.5394173301577665,1.3214156443267489,1.2348003362490505,-0.7799083399678327,-1.5633191956838735,0.8313792598617477,-1.6595719526123833,-0.9114810810006919,-1.5031899123498196,1.1450115119542548
sample_986,-0.5343190664197374,-0.5847558234377072,1.1117424422900009,0.1403492540027838,-1.5503013623969237,2.1656711973005836,-1.9107790593687193,2.1418679662074247,0.7219254737616198,-0.024392562193967397,0.5484861179994864,-0.030798639075713327,0.007763736781309511,-0.24537695064765594,-1.9863664587872887,-0.240913665431084,-0.6016541980732089,-0.7275089606147479,-0.7395033027648399,-0.7077501045864147,1.1765126944368995,-0.7008914247388505,0.8323108517909981,0.9284744581019692,-0.1886021764209088,-2.1345496176651433,0.7151554883237109,-0.18683359995152446,-1.2239325800741958,-0.4818590176051366,-1.2964948639511429,-1.5286746923750412,-1.7241372454661992,0.09027755788666902,0.7193283880081347,-1.400608251757679,1.0483144602749914,-0.3828413099514456,0.6336799911380694,1.564739742448629,1.9859886139448377,-1.0507979972573585,1.4412841103066356,-2.9870378510714057,-0.5136390042950253,0.4970989706154754,-0.5710606847821227,0.22579122989395956,-0.9558297031145646,-0.16684423418711455
sample_987,-1.407258261405535,0.5460858840192498,0.32284298962177566,-0.8249524829198834,-1.5309583310929522,-0.32732474705997033,-0.08482034720134148,0.19962793577417612,-1.53034249566278,-1.063555438143946,1.0773105637561198,-0.3984672551362632,-0.7967522212152681,-0.7718624316913493,-0.32836875433454854,0.5143047601242626,0.09357203568070598,-0.5262777308687733,-0.5436821861233595,0.412330856008747,-2.3404028810666424,-0.9236258913625899,0.6704791634522435,0.5183591359775602,1.6139959098271963,1.298021116681327,-0.8785133595231344,0.6100907982049607,0.46842308359429646,-1.3148431920730592,0.1567443005572069,0.010044593160135977,-0.4813521096677271,-0.6545342933623955,-0.08683707944860954,-1.1921816928739954,-0.7340954427491114,-1.543289397599641,-2.267072601380526,0.07107678317679782,0.6157222175773579,-0.6730822792304638,-0.4379126410736498,0.8953777454014293,0.17919230960290358,-0.7123465146036446,-0.7315304827835333,1.9962907930204512,0.25747728007648835,0.38257317145753017
sample_988,-1.0436922832655635,0.481229305501594,1.1425525374103753,-0.7019015819775262,0.3334433056404256,-0.7232526532640694,-0.6278552028751758,-0.6980783744151827,-1.617901554455808,-0.9392487726662573,-0.4213894511795013,-1.8194706429854963,-0.1982637767802549,-0.028056809250000616,-1.9284654453204007,0.708241939624476,0.5383615168479405,1.1986179666976613,2.2947768392930805,-0.27831547290847264,-1.234897701957383,-1.0640716752218322,0.5998295294823405,-0.5612186499972723,0.5254022017464346,2.0847482311397583,0.7442797110214516,1.5000382400835561,0.4096920615057516,-0.27189528151742254,-0.833138403966391,1.3755408373721223,-0.954060711244466,-1.13529900170517,0.12170084228727639,1.3998242131072354,-1.6170833440981536,-0.049990366749855776,-0.3608120615896276,-0.538209655580806,-1.1751704464715302,-1.406094868290074,0.21266279907452926,0.9458207900134775,-0.3930421895725952,-1.337088031208078,1.8290674737638895,0.015799522857213533,-0.22285466666345446,1.1010955362089017
sample_989,0.4883852030930075,-0.5953791617971534,-2.5324758551762017,0.14066977261664446,-1.8476939955775091,0.3334559217530105,-0.2527529426610967,0.01212700197407133,0.2622108167207983,-2.0661367945165945,0.31935041013023097,-1.2802123622482455,1.122873158403942,0.39482940639069614,1.434510036218275,0.3213174787083335,0.36180578246385087,0.3381036503609606,-0.41557616765332145,0.5568634762057393,0.5595491429299765,0.08575605150180923,-0.07017662210266339,1.9134047062786248,-0.5999995762391591,-0.5532818776773973,-0.293498680418095,-0.8906651981804997,-0.5969170809273847,0.3358918804778452,-0.8144046404865585,-0.8324742281747811,0.22640605195260563,1.9863179091558265,-0.15830970969533303,0.4934101063136388,0.15776891266542142,0.44329045030493164,0.27975358233715975,-0.38072586767331557,2.0886453586115237,0.12299565262850139,-0.6566531752949868,-1.462187570505269,0.9194733039102408,-1.8193159444689662,-0.4040842874564861,0.45593686127221444,-1.0791481140442456,-0.6429609091864741
sample_990,-1.2407432946650958,0.9512983187751826,-0.6894337698754247,-0.26109937699849095,-0.1517513813471086,1.2667624748653459,-0.5096735657668763,-0.2596250555080311,0.04258816038681021,0.17173118090944967,-0.3456783869882964,-0.5107929991340093,0.4774666251666228,-0.22584935179594814,0.4362781818357567,-1.2240188438371549,-0.016945895557376824,-2.1099852003588415,-1.933287528884864,0.0667711036224716,-1.8936484988733122,-0.7582416901205334,-0.6365279123890824,-0.12471351562015091,0.25673735642890094,0.7354668568690746,1.4647489115626624,-0.40923061964570784,-0.5547129485472732,-0.7545921190747444,-1.6214219460039783,-0.9943587676547808,1.7623274726606777,-0.3400478566051421,-0.6296404714624543,0.9889692847149687,0.5214016695420871,-0.6625430159695472,1.4170677893846777,-0.8271682632619622,-0.2129063140919044,0.028556301304011975,-0.52083220685312,0.5917477420412568,-0.10069183003917698,1.235146802542882,0.5092381254107906,2.4757863341090514,1.6415051223136798,-2.1017880870349255
sample_991,1.1018080965076906,-0.3673853922382885,-0.2656658495471955,1.0060179722952525,0.4469790371106501,-1.6948990212515334,1.3553636999228023,0.150119990859691,0.9658480550799668,0.05055531658161823,-1.812812249205495,0.5719850022280912,-0.10075330176581877,0.9830839004775594,0.26672224757867014,-2.164033430797687,-0.3189276044859637,2.7398438088716683,-2.739437833878412,-0.2363557546924633,1.6721495625983145,0.9166849249171076,0.7524101157226668,0.24701662001002267,1.2031542023788568,0.6900193712407808,0.5221046883908351,-0.40017349619377734,-0.38281986764462506,-1.5954264325753122,0.5281194216161941,-1.0950352844395497,-0.49501693908794636,0.42500382714248497,-0.8395256851555093,0.5739971938794769,0.9384533683907622,-0.10399170718305933,1.2711750880673351,-0.4917732596415296,-1.7787185147386277,1.0294832663009765,-0.1895879011276474,-0.7818729271050138,-0.5417813006668103,-1.2911098212544279,-0.39752426543477115,0.8859302221520233,-1.2414253415644918,1.084795464932012
sample_992,0.6621393357342095,-0.023631268113147738,2.5566983721410605,0.3801611800628579,-0.5445419960386858,-0.8224433505776604,-0.7345379992674006,1.16206172316666,0.05730988650029247,0.4108118504223486,0.7950138021033557,0.19858889146249464,0.2516331195719156,-0.006641728574734626,-0.5091557731111221,0.6996399769890117,0.1870020308207849,0.8830097147725282,1.0598928926721645,0.0659771160082064,-0.5042058272656725,-1.0867685508707075,-1.6867511538848388,-0.13427049681615463,0.9257458280213351,2.0039326772291757,0.5273622827559817,1.5610871753496565,0.2507116166925661,-0.5150556432857726,0.6060827505719943,-1.5756599748678841,0.882114412468743,-0.2928379792781886,-1.2605572337322597,-0.34478148020744426,0.8414250242624094,-0.5407711399464037,-0.2149555171058367,-1.0138982264129732,-0.0770859048677231,0.09198832683788499,-0.39218483598042264,-0.22919052623231476,0.9712030075045861,1.522839168664618,-0.7184601314715017,-1.836245979657175,0.6794900264758488,-0.2175254056579201
sample_993,-1.4170679283113614,0.7676431125488955,0.46495689010852304,-0.9208128044650885,-0.06310108400650223,-0.004604760743004518,0.929927545925113,-0.6108675755762679,1.0993855929618292,1.1167411427061456,-2.527613938350164,-0.15628049904205377,-1.0770327273531255,-0.15246710878034017,-0.011813858156324977,-1.530311477366679,1.02637222028379,0.44295624174581427,-0.3714678604283247,-0.9035095037521432,0.38277004047794,-0.09682390885686372,-1.284494564211841,-0.4493990627314668,0.6729207663601257,-0.9220451561125714,0.08388396357309574,-0.6934038479731787,-0.12764803523736853,-0.3172156306482087,-0.8644497584712126,0.3724542743479937,0.21429216899099815,0.8358952920990426,-1.59771866932691,-0.03676416322672972,-0.317773010133681,0.007973041622177863,0.9749768193782328,0.22616940697112833,-0.8079515428201954,0.4789287531000415,-0.3042185321539025,0.20468863806676918,-0.5964588424167896,0.30855650970008464,1.0829291797318064,1.243818463393223,0.5926029660262098,0.3480533859097137
sample_994,0.7649663446327495,-0.02994812880723781,2.343952429600412,0.6390492851033568,-0.3645452753431402,-0.48073639245758926,0.23723581563181986,-0.9506141487764864,-0.609609211716726,-1.243140827893988,-1.3709974675156442,-0.30941456892073343,0.9278427274051246,0.31720743320847195,0.3414441837471915,-0.04316563768206894,1.3806880946318556,-0.010470163975779774,1.267771289196862,1.5857064586065992,-0.6708253702993845,0.46330935436101217,-0.9406473666143552,0.3016781645369274,2.152192543083836,-0.8963101347550344,-0.14327140972247646,-1.4867145364202805,1.0635991797006052,0.4753014208242292,0.014626794092782246,-2.8025475362576575,0.9281590669026577,0.5677636354196748,-0.6804266424479781,-1.131275612249947,0.9138206082658714,-0.8372800344368301,1.2190322665531088,0.8361515926222195,-0.20547271260500743,0.14060022323624743,0.013618113087038846,-0.39628143508656827,-0.7629520168038878,0.23788121810992918,-0.9365306158983349,-0.08700852829246222,-1.0904615205122952,1.0225500207281606
sample_995,0.6789486341350123,0.7728713949387399,0.3882843500228507,1.5742483510693457,0.1149730647076361,-0.5495534302984441,0.15208756715857236,1.1144232284079527,1.720505713009806,-0.08767817641292462,0.614476259864451,-0.45180879424617987,0.0942390021680072,0.4239057884549741,-0.6960092734271884,0.15746153929514628,-1.7535331795209668,-0.3197870849808971,0.061284598840557244,-0.5086766204413051,-1.4625246304992898,1.2272879933258536,-0.15406586539236664,-0.4401826737930518,-0.1169398316905837,-0.4645896256955093,0.2842951447436896,1.7794855048069986,-1.6386366721735683,1.3908396910479088,0.9656723073216655,-0.9280137943312526,-1.3767738515638004,0.2377925574570489,-0.7068299815825386,-0.21678091680033665,-1.9658487835117202,1.1047997000468497,0.04087293776567017,-1.3836099873577803,-0.012000491761995895,0.2995566107001528,-0.5957321649862511,-0.1692743267752644,0.9767648563218168,-0.8935699715754789,-0.48689913313693267,-1.0580214793274427,1.3967408135735855,-0.8287938332321257
sample_996,0.11953580751268535,0.04839182813820714,1.5180814066181902,-0.6067750271948245,0.3674900329860107,0.4550214957966991,0.8453629585923832,-0.19720294345059172,-0.6986907919156738,0.16845870886197542,0.8153484655350145,0.7720917259799902,0.13460216718811713,-0.8269933495025441,-1.3197790242074132,-0.29761888551504334,1.7569963149365593,-0.20145872966799824,0.3723046483746876,1.0089761104062047,2.033858117717864,-0.13450152451443728,0.17413374573213872,-1.4192638258974897,-0.2619523597536654,0.4494422097080617,-0.12896084893204116,-0.24897941308069485,0.6723513435582897,2.428592844852838,0.22214115330325998,-0.5449311119074461,0.010544259758257695,0.4553595271873436,-0.4724723503093808,1.1198667130117217,0.5626232733020757,1.0233168554345993,-0.42786493386164914,-0.9010919367307608,0.019133435517624555,-1.2631272649200107,1.2239421920203175,-0.30268470063517244,-1.2452989612998229,0.43489288295889833,1.3935506474376052,-1.2385534183207174,-1.8543284247444765,0.1901613615934076
sample_997,0.5164644012739983,-0.3929188862089883,0.09301271497248989,1.2287918375509599,-2.6808085322248583,-1.0095574073008269,-0.4340231079356905,-0.5546302777161614,0.3358003188785999,-1.4531736273319846,-0.5208921909638515,-0.802670877995448,-0.11697994475362006,0.6353548431276772,0.7496517751676073,0.034451664455051885,1.3139427404768975,-1.7926981227908754,1.5411656956576019,2.2888212793041847,0.041393038687156596,0.6446964644579494,-1.0312770024853295,1.8696353134430699,0.9453269736158767,-0.38856106699939696,0.6858117511225701,0.8491370139969058,0.6225279979463405,-0.6090734567022917,-1.1348260180753769,1.0207416071830089,0.54532607698662,0.13170921501969798,0.2931601141487074,-1.8531587512530971,-0.4617482939944627,0.2853190147021729,0.3830587305572085,0.6874620810708736,0.14147748368502208,-0.23631485305893532,-1.5436212330268366,0.8742756910113227,0.6356272959331762,1.6496655154673998,-1.3750443449167484,-0.16933580617460636,0.12030061520290002,-0.4844197862767027
sample_998,0.8182549384183015,-0.2861469545066873,1.5531507827311415,0.6780582402549143,1.4991747307952032,-0.26668647091289255,0.40760768568719685,0.3946306271462653,-0.13391782435043065,0.8409230523267446,-0.15938756479136199,-1.7632673915399448,-1.0663666725063248,0.6321241535066201,-0.48337429915070407,0.15958847328115672,0.5451371856713393,0.48185809931209345,-1.4997829484861431,-0.19100433412388665,0.2530820272379366,-0.5702110935019319,-0.7165053239912839,1.879237352611349,-1.346977431276152,-0.7857428858431386,0.5515375013345575,-0.10129062887805035,-1.1996975490932096,-0.8208871132484513,0.9932967683135178,0.4145338093131145,-0.5128788470769435,-0.1991162037516244,-0.4321221139534125,-0.7932245507305756,1.2884364158314392,1.0679865899558725,0.806886726963351,-0.10626314762923281,1.1635374146550401,-1.5266997209364417,0.2532944577444171,0.004184260501051448,-0.6704447942145868,-0.022872264966501403,-0.5511157858673856,-0.2524029122481804,1.523588517720893,0.27703050175618754
sample_999,-0.35873350396335857,0.7059538153172186,1.2690557198737105,-0.8675544450271763,1.134647150337914,0.3677051095895777,-2.2616951092325053,-0.8081888762681348,1.2008848468677877,0.11174373491866217,-1.9974866111050786,-2.0003644273362458,0.9183224343018186,0.2433435304436431,0.9183125517084729,0.9801437788010652,-0.9926126915910394,1.4168621961288563,0.5950309728159137,1.9014079764463905,-0.09663265753725873,0.062461679189782494,0.5782030385312121,-0.22880594237280363,-1.8922490472729305,1.1078977229304496,1.6592642297483022,-1.311131759788799,0.6323649317942573,-1.0529923132280243,0.7169600309691312,-2.588910334898545,-0.46261166961766825,1.6516370834769776,0.2673977770831461,1.1575217150488204,0.3071813117727476,-0.8249697635833041,-0.6106436472097576,1.0038962155121838,-2.5877615434553807,-1.1632160983464483,-0.5452407103299676,1.0936438640084014,-0.3115059630957976,-0.037616075489991664,1.7964817929909098,-0.36799016095361803,-0.49908217862089427,1.0628248662756408
sample_1000,-0.15832963781130205,0.12407976808496594,0.29684782891062206,-1.1380222217308489,0.1468200998856233,1.5272942488324448,-2.6870077898868283,-0.00011640251918313984,2.530283281595391,-0.4675668910750743,0.007374329370911176,-0.4204516908778479,-0.13605488594420265,-0.2920220685352914,-0.980842213729301,0.3248004838918646,0.5635383387579678,-0.353219032343167,0.5013131040249068,0.3498818706380524,0.7287648906147005,0.5977094982212252,1.3273979771120636,-1.6805140304721768,0.8026756863806294,1.553359365337341,-1.008091925386969,-0.07265820489451717,0.3555554182195198,-0.8941212951190114,0.023433394400262104,-0.1211160162840602,0.7159926134201222,-1.0905553678072446,-0.4841439933564638,1.2462436656469493,-3.1996079592704016,-0.2809102610416732,-0.9024504821287602,0.7750217432243088,-0.9910001185859173,0.3442702802841701,-0.981511797058037,-1.4611850667700377,-0.06274372683508923,-1.267826235223486,-0.7987069173161522,-0.6695376959954837,-1.1500663551853538,0.6297679530270208
