id,met_0001,met_0002,met_0003,met_0004,met_0005,met_0006,met_0007,met_0008,met_0009,met_0010,met_0011,met_0012,met_0013,met_0014,met_0015,met_0016,met_0017,met_0018,met_0019,met_0020,met_0021,met_0022,met_0023,met_0024,met_0025,met_0026,met_0027,met_0028,met_0029,met_0030,met_0031,met_0032,met_0033,met_0034,met_0035,met_0036,met_0037,met_0038,met_0039,met_0040,met_0041,met_0042,met_0043,met_0044,met_0045,met_0046,met_0047,met_0048,met_0049,met_0050
sample_001,1.1008484290291982,1.4444303044723041,-2.234190863369504,-1.5462892241744957,-0.3362881675898449,0.1328694508084529,1.0362027426670035,-0.39550546393240554,0.06909238739963777,1.3794952039664257,-0.41632526263387565,0.032238078295874745,-0.3179555801960542,0.20537618803328456,0.12263877184962259,1.8196667421230301,-0.774851137273552,1.5598307006421899,1.00214145623595,-1.1232106648981184,0.008900163718340983,-1.2578223087350089,0.2468160330513921,0.45197471088381186,0.7041003969833015,-0.028851381939658884,-0.4336399837760106,-0.8227570623451894,-0.3976603046185767,0.26375773297631067,-0.44413323280999223,0.47191423691589723,-0.6628339300103041,-0.20564273668401764,1.236179592049549,0.15683905516326824,0.270375024709162,0.34487111405640625,0.8613695547548825,1.4071174300514169,1.7724501933495866,0.06307403420438651,-0.7502818203893072,-0.9738166216367646,-0.5686905624000159,0.8203909432256459,-1.5823013955403593,1.1904396096410215,0.17244831432429442,1.5966481440028901
sample_002,0.35555034880973435,0.98893581473312,1.2272031381752624,0.0581070234794054,0.13941467706853972,-0.7533718141507542,0.5240443917333517,-0.48771791555011657,-0.03843883956222363,0.18474705699505892,-0.0859660262991144,-0.16271938471474637,0.9658173304595511,0.5208760467214304,1.6421999526255502,-1.7584766529260636,-0.7016180817473475,1.0184543951948262,-0.40946242985648656,0.9868257085941212,-1.2289591410612708,1.5348366592682146,0.7593609561433765,0.2124374308749783,0.5425646261791741,0.7472893681083729,0.7357275312231422,1.6663014505277278,-0.8185829864957178,0.698658295393874,0.21952769967986469,-0.6653441275322818,-0.11496965949562328,-0.6718751831959354,0.45022967673830266,0.11370374521786422,1.5567038976756342,0.14496624477128314,0.35599630686843553,1.3008701467468846,1.6144366164170245,-0.9881279793491229,1.206874623298423,-0.8220469399806202,-0.24810310330587756,-0.8582043526442528,-1.5060800253441762,-0.06304621838227333,0.7440261733096442,-0.31851392285448843
sample_003,-0.8734076074563475,1.115409431609142,1.8135422280687201,-0.4071088828423661,0.05578742481298174,-0.24150934155797915,0.7945566531949553,0.5348519767493854,-1.0703880644157777,-0.4521012626660925,0.31792679541170793,-0.28260706457973067,-2.889162570554009,0.3596774834237929,-1.1359024026729712,-0.5041849272286235,-0.4333085552343474,-0.5816561577222407,0.690537780966822,0.8542609757151897,0.14035805882712085,-0.4677192096571283,1.6205457227153868,-0.2437741277698802,-0.8552867855074113,0.19079662409324197,0.8796396801803726,0.6361236505491153,0.7209793963632779,-1.7489967176985446,-1.509233438804642,-0.26929960591327284,0.8124125212973536,-1.5364372411303864,0.22969149438594405,-1.6128044297265474,0.5425643413322737,2.2846174570190905,0.6043137263794688,-0.6311517004218214,-1.3023834411479125,1.4120075775462264,-0.5210470732762656,-1.0785083309133852,-0.28802401171819475,0.1305497465978454,0.675545608729052,0.7376651338250468,0.4040056231546524,1.694084637789149
sample_004,-3.431001270217284,-1.2008956594981148,-0.3614041996935388,0.7757158853038315,0.09376313913416766,1.0928594256528834,-0.0005881629061926706,-0.4529754078840483,0.694548149449316,0.6668992488190121,0.4918954048674473,-0.20279427331433994,-1.0579442249229423,0.10440800946239119,0.856091416946432,-0.1939105481864282,0.8474382881980517,-0.5230480707188615,0.1195436139733558,-0.3325163792934654,-0.6502309776641176,0.39861442172961803,-0.04019402900249705,-0.06963071643104397,1.5823464208848645,-0.5712066446829863,-0.21678913700408414,-0.952200647128426,-0.6292483225503195,-2.650257139835366,0.0059037555398542265,-0.10338826360067978,-1.746128450880234,0.8200865971875817,-0.31424085307995964,-0.5932287884211772,0.9990353001433774,-0.6875698513785454,1.5475523282985493,0.21841991418856269,1.3497181078894003,1.8585006793365935,1.8436023066245881,0.8568091400369061,0.5213768834333532,-0.0947478395666401,-1.146310145097169,0.7649494348469098,-0.6667374039210746,-0.6614832289856141
sample_005,-1.0200518030212806,-0.5285474963526224,1.1789523139743272,-1.0238584842763945,-0.8811247362571493,-0.011486195146566725,-0.182660458625136,-0.4307136037851738,-0.10421993295451998,-0.29039854618436967,0.5597821978224743,-0.1274382857916761,-0.8954133085474771,0.44445163407270116,0.2942301920257645,0.21023651066033142,0.31566370914619374,1.8012996305075013,-0.3745317782634266,0.7368806830374848,0.4302023642280108,-0.8589298898546193,0.17283045801934402,-0.377763934720355,-0.820978424380694,0.5835687279346349,0.4857714000961673,0.6248057925136403,-2.5514388238013117,-0.6771443206773726,1.3755224510255526,-0.22403064343018367,-0.4932178063679747,-0.7991795233575303,0.2854552961610576,1.4940375133021297,-1.7666232614330633,-0.6200631740932725,-1.5639266100421003,0.8065055510863549,0.1320292670816939,-0.13588981755679755,-0.21576273024260037,1.3466537051704044,-0.20659686018720086,-0.14383216373731028,0.5217907720787291,-0.4198142471616545,0.018782904415179196,1.3514427573945316
sample_006,-0.45637086375693614,-0.0847408786612967,-0.5826967330381116,-0.332120268177575,-1.3153839968744594,0.6662494978633278,-0.09886799197525226,-0.19178540106814562,-1.3858176187604812,-0.4031896623557905,1.373481106595558,0.6285912536825381,2.8000931292380433,0.5890110527867893,1.773944982422024,0.03235178509385216,-0.16775188275551486,-0.45872475370043864,0.2338269936679222,-0.01299457874950236,1.1119092052376736,-2.760402660257195,-0.1272110742044157,-1.7432386199935204,-0.4347594648942159,-0.4834786938662566,1.1896538074230747,-0.1579564403303579,0.19912756022010653,-0.9614756710189369,0.10174845185828105,0.40701863585628834,0.982936663407745,0.15812652714171835,0.2865808872181808,-0.4869539988923628,-0.25741176606876404,1.6011844204878678,0.6154039481895495,-0.6141564509271468,-1.1592134944009826,-0.03179432717040428,0.9371308039114256,-1.4984064266566208,-0.4208350142850876,0.7986400617341398,-2.0896599030802796,-0.4054709013759296,-1.3289142008903996,0.1927495370513679
sample_007,-0.5546524156577476,0.8024420127716085,1.5165458815510264,-1.2699897068867516,-0.6754006313354439,0.8091280066180889,-0.17736077897813343,0.5876878551231544,0.8887552627285324,0.31064096543386127,-1.0506348625802455,-1.2450009256414705,-0.10621718542077946,0.04971025254153553,0.12606549359335623,1.3353166358029385,0.1677471040114734,-0.1469357395609615,-0.3558573612684142,-1.9227999409985126,-1.2723178101516186,-0.01719078961886582,-0.8391355999664019,-0.053782636110331516,-0.24078329769613868,-0.31469545333934085,-0.7189427073579573,0.7446395991589675,1.6346522957958018,0.3840409187624796,-0.5158407141669912,-0.8750383802414767,0.9549502659393038,-0.3771188192736386,1.1476642166319417,-2.1221138932635597,0.29659767468580095,-0.7494358833566935,-1.3008435719442077,0.028498553748756345,-0.3137546610619505,-0.47235812849049963,-0.9171035628443559,1.4851558042608202,-0.550063468299593,-0.7844778304239873,1.291512898561099,2.207021607239353,-2.503873012441027,0.4562756514494162
sample_008,-1.226884915830802,0.7652602786242062,-1.4222464387257767,-0.40484388001405414,-0.24518368723015416,-0.22592567971048308,0.008978740527252744,0.6042543107278687,0.13140329324124042,-1.2873823810589815,-1.1539253585171256,0.2927066061421321,1.443220453298015,0.6186220836156088,0.2860056019337907,-0.9954226643120041,-1.350251671981725,1.536005109128171,0.16423897181562958,1.5766824438144331,0.4827462867793835,-0.21044654968651844,-0.6981284541943015,0.8745265635005678,0.5575726203197995,-0.9807859968802705,0.3797014783049821,0.19621816714060572,1.0828825036212781,2.0094312764799946,-1.3774149790072654,-1.0912608371722976,-0.2087789335356576,-0.409764749253352,0.9310663887927161,-0.31797418440401565,-0.679452491593839,-0.6120573513580515,0.33199456842434566,-0.584127897282713,0.4194189593915502,-0.7236777263183908,-0.9557993460326855,-0.3860125880384938,-0.025032871711474797,-0.09423546656507989,-0.8936568214558932,-0.1419923642989753,1.462429346742584,0.05118998120450295
sample_009,1.6232037951707834,-0.7658102332166341,-0.7413824315927027,0.7783119404422584,0.049003987430560794,-0.8844167671675812,1.2548850337915793,-1.918300510464493,-1.7269714531604765,-0.3573898404985215,0.07395224855967518,0.9353686063441292,-0.2921501248888908,-1.0416855480878493,-0.18830509856781852,-1.1522847265457024,0.6047014084377761,0.5214453967764576,0.5937486674343877,-0.36087095094833055,-0.36242745343777427,1.5404635653103387,-1.5068811920368936,-1.477317441239304,-0.428938757907982,-0.7196811241610743,0.617177326704578,-1.3554113416603517,0.4935687622516798,0.6058950363872606,-0.3592476251869822,0.7128584493007957,-0.8269348794171305,0.625620947781042,0.20750641799062905,-0.17148779896042268,0.14241054403182168,-0.8374269711910173,0.2542983599626281,-0.4321178861432676,-1.943614139440908,1.172071235025873,-1.1877716833392362,0.4933775947937882,-0.5272465533531868,-0.6193652433660151,-0.5383921759559847,0.9654176550214486,0.384484871406481,2.233414184979409
sample_010,-0.36151554039722394,-0.6311076485282576,-0.5799182728275983,-0.6759371795131643,0.5841085255144326,0.10081934925088613,-0.19561061972105664,0.2099099374350765,0.7578648928982857,1.1487274432051606,-1.5159715829295533,0.7128788596635832,0.6049666761272406,-0.9420851068705146,-1.081139942369333,1.2616119694706474,1.9313896703267182,0.1728234532453402,0.2863547342922506,-2.5348529784547944,0.14736789860049193,0.5760133692400342,-0.6369229067215434,1.5385788005253604,0.5807405466437618,-0.4189619457572458,-0.5331249074116998,0.31731193926475093,-0.7076266497009855,0.09282422731384478,-0.5660056536502482,-0.3090668953301791,0.8304342982458466,1.1038533013069158,-2.5578811889397826,1.1530708050382328,-0.5049574327861774,-0.32959192665594433,0.04258947917119569,-0.08650825129321241,0.45036592119889224,-1.2307476032207427,-0.9837797323424659,0.0983292588052851,-0.5893836017109667,2.130004660939048,-0.7015046347582552,-0.49672776382202616,-0.3974895958688724,0.5085917571771816
sample_011,-0.3208972387969571,0.5923989908495229,0.9934354447040974,-0.9828834823717866,-1.121191193313141,-0.6325900620665045,0.8047362984597332,2.496835746928123,-0.22286259041334092,0.427355644864577,-0.3864523123060878,-2.13267899652135,-0.7801346041585031,1.6094689915409282,-0.7425401047642265,-0.8471161688846972,-0.472040843117779,-0.06728698355057719,0.18175940042536345,-0.8051362095698019,0.3538669016361239,0.1524967538615831,-0.6932889037888158,1.1759098245376332,-0.3721444135637997,0.8659214358165181,0.2520875598789435,0.5032346829311447,-0.35049051743096954,0.5646230630160549,0.5097756096518401,-0.012693589656512795,0.3827916343726292,-0.39544760348672914,0.29614029561301697,-0.34829693562804775,-1.8149626021370981,0.9324808266169585,-0.4995037126113005,2.042250458368972,-0.4891155923086852,-0.3416646107449665,0.10952891648069693,-0.7294832326232944,-0.36347128492424613,-1.1151935555031809,0.5209908903717055,-0.8584003115711246,0.07465623379665477,-0.08328602984476571
sample_012,-0.34410854587595757,-0.3082258350145546,-1.676331701498788,2.209692217833423,-0.46267643941445713,-0.07464753322599905,0.1710889492112433,0.914434443647711,0.3662218654891336,-0.6154097227677826,0.745786564150966,-0.4053313779401894,1.4020184367709279,-0.37112003530947074,-0.6182696935998659,0.8653736251473163,0.8467262092896151,1.5444184031437713,-0.9240858326174679,-0.12054391176709048,-0.2681982067778772,-1.2292420356980929,1.8726679784362161,1.3678752957578009,0.912131706225592,-1.0850399783585103,1.987472134576781,-0.9566188567343383,-0.25407587731021075,0.14428932469317374,-0.39711961028421905,-0.9088886063232514,0.21228795955520444,-0.08818680529745748,-1.1527895167199238,-0.5576969209946179,-0.9538632600346978,1.6614932355788405,0.54990996860058,0.11399871893606589,-0.2303510987030028,-0.539048605382141,0.2334128611219302,-0.9308025878661141,0.12225137494871818,-0.2581250343816531,-0.5712396722288745,-1.1694677861861655,-0.827041943628095,-1.137884583388507
sample_013,-0.32770380799296583,-1.332285658529207,-1.6097129279245794,-0.6929863500887256,-1.260617962794116,-0.47813516517660803,0.5938839465016335,-0.6251532906553101,-1.1479215656165225,-0.5895119988713469,0.12351299478922333,-2.0239888646764737,2.3008645742314595,0.23643095691588317,-0.3760502411042078,-0.145605221764327,0.9991704911772679,1.0199636580630778,1.0028996645007588,-0.3054607803073797,-0.7911196416345262,1.5933136745222634,-0.41181761151164775,0.06960885861145455,0.24323783223067078,0.5821572702911599,-0.9639436472383506,0.4051840380591666,-0.07798785203790513,-0.28030268260570107,-0.89121727959667,-0.9070355011468821,0.6789239929766286,0.9103531564806838,-0.4330179647503796,0.40883747529366354,0.06984716123586744,0.2793599514876707,-0.19616356490731843,-0.5511180670404211,0.4520381283432449,-1.5887783965892952,-0.3963083616992211,-0.34180595311459877,0.7195639259592085,0.9344020151765795,-0.29822326066245985,0.9630820367894979,1.2606788777434508,-2.019019960697051
sample_014,-0.3368859346568872,1.7548613688950823,-0.3307808630544849,1.37608779926628,-0.00821785348216729,0.21282874546448982,-0.06655333255770417,-0.004174510958884614,0.16358663201599816,-0.2114093753122915,-0.7085899241073309,1.098647496962976,1.2811673230532599,0.7640919916914993,-0.21640674531869655,-0.5504706731601204,0.5839541940264681,0.007190402794900379,0.6451696833945061,0.6526705392890639,0.8108634723522187,0.7826085810962324,-2.0286489670515477,-1.0178181184649657,0.3636489022530003,0.5908391054921038,-0.7933184482562308,0.03069921034883282,0.47655386572894876,0.962542687642272,0.8583226080160483,2.207056160313544,-0.45190682867876847,0.4270174455892985,-2.6042458475294112,0.04414654339734271,-0.42733641619683693,0.11747738215801039,-1.6025285758863903,1.4503441223233902,1.3763465990503538,-1.2363447426055085,-1.0727837365696102,0.7518300720217453,1.6312964737088251,-0.0582709646303827,-0.4562255318123216,-0.17267423364631404,0.17384969479347998,0.15576528673266823
sample_015,0.3110444227839152,0.7846730889645547,1.6929473722727297,-1.0611499666415594,0.8295461212150402,0.520932453264229,-0.7122104721265484,0.09048000080084717,-2.2571287816296297,1.6377094286832077,0.6217328730758349,0.9181166782031647,0.38564648213139646,-0.16326930233808457,1.458053974513586,0.4958052878238799,0.33531211677964295,1.3941054525258516,0.1431986706243463,0.5189432259027885,-0.5447093195377053,1.690965595899103,0.5084154472411627,-0.9246999744550959,-0.5652584984281193,-1.1256104101366335,-1.7936414832026568,-1.0287473058671321,0.6240359290160816,-0.21358829014021333,1.7482196351881958,0.019401158388713816,0.30416906141322664,0.03307017635556306,-0.18319191960672393,1.3360916519835284,1.2090408801499637,0.978888434513988,0.4034361081858416,0.009958925137094484,0.5419781440940115,-1.347773567569729,-0.4501912882033723,0.14746406616480118,-1.3479484769027816,0.6952974892357816,-0.47356629336363115,-0.717026905260522,0.500064680569834,-2.8437005491192973
sample_016,-1.4994956769356196,-1.5749593419908865,0.1570783450782317,-0.410630773751354,0.317809422038249,-0.3146171550958119,-0.38532515689398517,-0.14607679512736824,0.6167134649431838,-0.7463738873045507,-0.2646077329712,0.8500189238555697,-0.24627931447648274,0.2218207773157537,-0.8571511480148749,-0.8580780023249291,-0.8828269635648941,-0.024157527865997813,0.2832256966765024,1.007398057970248,-0.5325702415260669,0.8998886496921135,0.9232773318539435,0.052942549396365994,0.029535514666800065,0.3583242290418273,0.9294948161794391,0.5628124777094559,-1.3887597976239883,1.167563595118796,-0.09577115374798748,0.8072778295660707,-2.2094257074739856,-0.3797948941202379,-0.7980796823711513,0.18653574115631663,-0.012247619130197823,-0.9318643924878904,-0.5388059689610835,1.135752468338564,0.8436689816335661,0.3313991929706618,-0.7303453515657953,0.46167002723515405,-1.057960479153015,0.4215572444830551,-0.13177892143877762,-0.13672223598005073,-0.10590133502877834,-0.8136335957313716
sample_017,-1.5093300681722843,0.9921123418497114,0.009715042450184433,0.6962277254311161,-0.5142385328294903,0.12333935567340568,-0.6267363582863813,1.5641500895853846,0.16282098605406242,-0.6921900694882044,1.2860885843536027,-0.2841448417265304,1.4316738524740305,0.1464302303295477,1.3875704559896593,0.6054937899310544,-1.7717263210489047,1.2057629529090406,0.22336241177007332,1.454777335938592,0.09236650090358761,0.645016247803673,-1.8343955066549986,1.7766559321211237,0.2545142173629395,0.8134753107446646,-0.3295750170880145,-0.5470020814440094,-1.1894035355742751,-0.23673283488361876,-0.8495828983644494,-1.0589744433223365,0.3434908725725546,-0.7953693629033778,-0.11432610938263942,0.09136114170813915,-0.23233361683689147,-1.026253460827102,-0.19025659048747995,1.270019175828922,0.6047289050520023,-0.3647556667053609,0.4128700619121928,0.6247813038958334,0.078746035441415,-1.12184795766836,0.05424951249817717,1.7364127482285603,0.9513976360511269,-0.7404872981132589
sample_018,-0.2901441455818807,-0.5252705023931411,-1.8533561621852395,-0.9820334837240687,0.8401168576948138,-1.1298153859434994,0.869000268779096,-1.634305930263931,-0.17242286278752683,-1.6625669468986055,-0.20624583719189143,1.454717800372734,-0.7682863905600696,-0.07996487430301841,0.2654548681760376,-2.1216860335700045,-1.1010158148531386,-1.1114231236883874,0.7327333063280241,-0.2767580004498461,0.00040073433929240827,0.1938844283359936,0.976995976659293,0.5923366189375263,2.455554311020964,-0.3056878574702893,-0.48158618715480755,1.3477880253912167,1.0864892776399373,-1.1448733039819685,-0.9638176885386488,-0.1215528687796258,-0.7166952653813282,-1.2163173781822871,-0.4640778178089661,0.3242418056758687,-0.9926196304953674,-0.3364750552870022,1.4777139394047214,0.96950898592017,0.7897285610761083,1.3595437224950013,0.12686469780114995,-0.6761927187536749,-0.7675548975281871,0.9463200727307373,-0.32077177720533945,0.256905104289095,-0.08960130388595011,-1.2766873377169536
sample_019,1.887969905063114,-0.05993979425841787,0.8879048602911732,-2.832271670401911,-0.022808549523431552,-0.5126667505966627,0.6895158403180444,-1.0392071397703173,1.4100459582663751,-0.6073603690585726,0.5789720989714942,0.3961125836683,-0.7017243518051886,1.1672498201871955,0.04431097309658669,-2.093467726628204,1.047581782987464,-0.25224036679958584,0.7325703689994825,-0.5681751728744469,0.8515860068840315,0.8314083608606727,-1.656014336543294,-1.5832132217068264,0.7520409507827691,-1.4890091846766587,-0.5521357687600009,0.01075741041418796,0.5695636360004812,-0.6850462509640334,-0.21082085423310523,0.43056734533367047,-1.017616931273118,-0.15753206901259198,0.5617625364178778,0.9625511413988213,-0.2288929716929637,0.2083254796405836,1.2244145784876843,-0.35796335607826046,0.3078723377439104,-1.9400400105449795,0.7932573193927658,-1.0378274678919839,1.675093400547193,0.8485180348429512,-0.08502833548509602,0.9065401869893409,-1.3866366204182048,0.6574805140791252
sample_020,0.5800489637851416,0.6004031965140527,-1.903244607447795,-0.46329106822586286,0.6935809422235936,2.389965533967544,0.5524016729289654,-0.5671937629676738,-0.4694355077050737,-1.5175738253109563,0.37665318696363354,0.04229957151684565,-0.41467214082384507,0.19386711469638407,0.8895097689061894,-1.1290469159823595,-0.05696323567881956,0.542396710504095,-0.23065166833404988,1.1561468208584476,0.5640309948049158,-0.8199675567020913,-0.3464158574191267,-0.1063923217659825,0.7412324903292294,0.9905445403996281,0.7671498688108391,-0.5539689272710142,0.5877869416490544,-0.16518417206747626,-0.30575728675460095,0.6735482870264209,-0.4497980096384391,-0.02722248246631956,0.31816192981303976,0.20409907280671316,0.3190108222234098,-0.5535152284870969,-1.2350968904596675,1.6007902007507726,-2.1280742166710676,1.0237491848539784,1.1038268897466292,-1.702583720189607,0.4390003523167065,-0.7204174878429109,-1.8194823683729007,0.6938199584532103,-1.1011390830242258,0.6390346827060248
sample_021,1.4447761629389853,0.21011854978466063,1.050822871051277,-1.7157948731097028,0.37917022185124966,-0.38364223879531545,-0.20530218029933803,1.3883538806702405,0.5634227776552289,0.9163016459969412,-2.0099339327028884,-0.3009775333052066,-1.1117515179760311,0.9100996749135961,-0.4844580258840762,2.4369440628724646,-2.227130285401623,0.09360333826722426,-0.02606144799727484,0.36778105813036277,-0.32241351245545147,-0.0451755723003238,-0.022553898026071446,-0.5612115533610319,-0.06663404089160745,0.009371439719829466,-0.19716158410056395,0.10481024515962742,0.031018244920251008,-2.2811414150677014,0.4558541026872928,0.5331356327703479,-1.5331853378959273,0.09089674095475589,0.04181085830045722,0.2744043502218376,-2.429360502949496,1.6240861525783985,-0.9564450500006926,-0.5482182450662106,-0.501528530484016,0.7531861044937364,0.0460356059645518,0.25856700434982643,-0.8255694588624019,-0.5883502250549206,-0.566842858015569,-1.0999524098546933,0.4247110786539733,1.0657425614814418
sample_022,0.6745975468737443,2.955182228388804,-1.698996496220507,0.5332199406923539,-0.7858918258045375,0.24614115822263755,-0.3865503987300618,-0.5160197345412292,0.713406868497635,-0.9573276554959637,0.36069260147192356,-0.6292156715640946,-1.0374895543971936,0.660912920251975,1.0776150772453936,-0.6593297483541812,-0.1486674027970574,0.2476103014608424,0.8943846988543914,1.6863717381219532,0.2726875530358551,-1.9751993305832602,-0.4863144712017694,0.1796465901755452,-0.09142501341456638,0.5800922156051533,-1.0909609432844072,-2.601113768073073,0.769757772763543,1.8464456494657657,0.06682173375736727,-0.33875706773545833,-0.9606795531674661,1.018149399110033,-1.4394803946701513,-0.886054702224456,-0.029868758781973207,-1.3482177454397204,-0.705002619696897,0.9477457893419711,-0.8419701161977329,0.692593782122023,-0.5482942700165158,0.2505876802513899,-0.45668825135700336,-2.4151872510133936,0.7993748355970527,-1.715754733025232,0.7145263146535697,0.7217181040141415
sample_023,-1.3621867033771482,0.44535249403993055,1.549361681950614,-0.22248946547173276,-1.2358309532205511,-0.5678200191208161,0.17637681366579144,1.3524896525900465,1.9134206327889498,-0.2260289138958071,0.00041319571404876753,-1.7967083958667307,0.39653099677542564,-0.596206103165919,-0.9180061635550277,1.1301090394236915,-0.5108388323259618,1.2215799583828355,-0.7337609267919817,0.9674446395078858,-0.47344127588320817,1.1541159525688935,1.998985289794222,-0.49554121644069865,-1.589576394532695,-0.6582605096775916,0.8599810293705017,0.9433202027628828,-0.6090734120105125,-0.49053067122363236,0.36768897899505326,0.05449505910198882,-2.279569685736765,0.46231345958113934,0.7382556858157557,0.4159751922098022,-0.16029763295124969,1.0402226611113325,0.007343493040652244,-0.21791900478886592,0.11625622026461903,-2.9309311152818918,0.3260331057591904,-1.2502243704207554,0.23643685313310578,-0.22999660352949433,-1.8258681645411732,0.8663067450402134,0.3762645683435872,-0.6213714778722775
sample_024,-0.11540878310962935,0.8283063064707588,0.06295465443051176,-0.3756981587537445,0.2762413738598285,-0.4735687998511138,-0.11207127251715149,0.6829044037414594,-0.11413904446335264,-1.0849952130516067,-0.23892764673767314,0.15305702240990615,-0.9716237496102702,0.9066742349220924,-1.3666034645252885,0.48742275936471563,-1.330437392443062,0.774269204408076,0.7510082592408861,-1.2598652837680246,-0.9434371035155954,1.57336795235582,-0.1192792789473684,0.8732216980611555,-0.18605695851313703,-0.06689946268271452,-0.6882784345780902,1.031079665648882,0.7386637403825707,1.4470875477526164,0.07347781174514267,-0.08376404397722353,0.3847108440291182,-0.3924958548209229,0.78721284307518,-2.626800431437062,0.7484477696693429,0.2682154136619911,0.5268202652123022,-0.44671605285299787,0.13799840120961038,-0.0168886067425125,-1.5585986902971394,1.4708166107592089,1.195878984750923,-0.09877403798502614,-0.3906035734839891,0.39262842061829667,-0.494918272331372,0.5368003376377228
sample_025,-1.3286723363024138,0.693559561812832,0.71038384169531,-0.4529624830732129,-1.0499898649130526,0.14701404720285724,0.528054581731879,0.5325331379283392,1.0032980557873186,1.2434434939611638,-0.7179739303839379,-0.6846337144887497,0.8248448753604176,0.8331286613591523,1.1937096030868601,-1.1346172489668376,0.3144207440572708,0.4434247563635545,0.20804100714128795,1.969318018026837,0.42549721620314307,-0.7619308154911234,-2.052615333703984,0.45366457324532367,-1.1478158305375952,-1.2921296167095166,-0.6779065730916279,0.5097251930135448,-1.1026260447649134,-0.3120419970657503,-0.5194574588314899,0.7401681712429526,-0.37712056425488516,-1.6056549202749892,0.48891225779370534,0.8288876514941949,-0.5264399591969136,-0.8732858861051747,0.11188215552989525,0.3575547957914974,1.1379221841069973,0.6030809230146551,0.3711609986539635,-0.22558490380905943,-0.017837034833717402,1.602467480656065,2.045790259436407,-0.8022512948389056,0.396095563337584,0.6997488239863804
sample_026,-0.6218689683631126,-0.1426703816423565,-1.3853306044468003,-1.646044380641533,-0.5955999426037069,-0.32981647803996816,-0.08892587142035996,-0.09127023669989995,-0.9207032262361485,0.08615059183376783,-0.5412514617771409,-0.9415348325509144,0.5652196450467748,0.6369851984482743,-1.2056293926856576,0.5432397639974141,0.6454571724406926,1.0365648529503995,-0.6552168793644612,-0.5359733735476327,0.0261435793012896,0.1560906837481888,-0.6613287339567199,1.207926115164218,0.3913275741635545,-0.008235820863381678,-0.053382804519317005,-0.1284760740260963,-0.2807815553094667,0.7764021313017404,-1.2018113265883417,0.349179231039779,-1.5404595758044837,0.33495496558220905,-1.047698247389011,1.209764527498789,0.43718332117594966,1.0231398724143321,1.1510626414079643,-0.17359863549483565,1.1805081892251101,0.7087258525856002,-1.0306917573845058,0.06104062455793239,0.4662242476919807,-0.059576325946672566,-0.6622142635415307,0.7353401107865272,-0.7710399292500982,-0.49310719289843535
sample_027,-1.1171933514915566,-1.8154975828545312,-0.16766795276652674,-0.1499453443176931,-0.23339636862203875,-0.052823425013742285,-0.29695308600356574,-0.5138705429880088,-0.2229489265674403,-0.9702281467445537,-0.11116027536803204,0.6942441692524379,-0.04152809646996637,0.010120155794017168,0.5172212280058722,0.8039245317529103,0.1316065361597378,1.168829222508691,-1.3891935980645818,-0.6634417577216858,-2.4967373734739136,-2.3587013813344706,-0.510235715621803,1.31890414816827,0.7710779949117313,0.13560958588993546,0.9146397669353317,1.884343044193847,1.2327325540123613,-1.711164154625734,-1.0323529091672967,-0.47906754596455614,-1.1517617816726033,-0.8490028770737745,1.5963693370022127,-2.5965606919273214,-0.006415788292068784,-0.9407393366372597,-0.9064154535832264,0.3632713759096624,0.9410081559852982,-0.07319268395787004,0.5215458352377219,-0.9916707338634272,-0.2875033364506938,-0.1314000048214617,0.4502168518107652,0.809193880101027,-0.30064976028895024,-0.023186380759588492
sample_028,-0.4531021224347762,1.3911710523375,-0.4632360166005567,0.8146503900803583,-1.4637586647149754,1.392849286417587,1.3890813069567687,0.7773398225511364,-0.791836787136777,0.4585626620099841,0.030257344246586205,-1.713440129298415,-0.33034729656062345,0.35198722147951605,0.6910075380458255,-0.24574072522830875,-0.5610384623993884,0.0655317608069518,-1.6490834913963988,0.06437308707011286,0.32862068300399494,1.9314077487840522,0.4101181431922639,-0.9564887294749171,0.6039267514005245,-0.369063692686086,-0.40179527406031124,0.26245086365877696,1.9629144314559315,-0.060777226636636386,1.3579848691008314,0.700011136994711,-1.676171591601682,1.6107670808213266,-1.8241865069820264,0.30098444679016256,-1.084239944323405,-0.09233487923867874,0.601208129931061,-1.9999481487556756,-1.8979198655022125,-0.11171697854060288,0.05099669825312644,-1.7262939591616717,-1.682713086471757,-0.4112434477820769,0.7767808522434098,0.15654474431431273,-0.7105971842416721,-0.8978095483169551
sample_029,0.2274658329371171,-0.2969744410417966,-1.1983641993106922,-1.32631103837614,-1.5820544137976011,0.17126881456905266,2.0125317273924224,-0.9250226807309222,-1.5935008691520738,-0.38535635342973046,0.1500948761291797,0.8506809334514908,0.12318467867252854,-0.26609882495204723,1.0038121057501808,1.1545538394675878,-0.5940075441577995,-0.21069319472449133,1.103041302352856,0.8824686787841057,-1.9844603243167847,-0.47704936384081104,0.9052034854697394,1.6458105265377403,-0.46899469926449283,0.5583833129868189,-0.9418523973371997,-1.2633156974764148,1.3043589809960878,1.3981419526318817,0.6234439893650612,-0.7147333504625504,-3.18924737728158,0.4083278823940046,-0.4747525955747137,1.5292193488494132,-0.42907502967382166,0.31167492141158604,-0.011218376449460598,-0.6122954599308311,-1.0555124136389868,1.1722838521257568,-1.7101633243496697,0.11039670121824219,-0.8706038851146486,0.5430921114716165,-1.1709553573828755,0.9765799107805845,-1.3432866448237517,1.2641789495995583
sample_030,0.08419623562911498,0.7060133600639709,0.18350700968840614,0.8749849229660722,1.4896038502626319,-0.14938807240241614,-0.9243977111188898,-0.6703059366080739,-1.4332763431113122,-0.5326593940658388,0.37561452252600924,0.08616616898032356,0.03441327380658494,-0.950602682424741,-0.5546337060952032,-0.04125880556350271,-0.05336645943994196,0.06291813413569383,-1.699841445663661,0.24107151223367754,0.5446292947769056,-0.2640479922701159,0.43270858885154506,1.4117045713969192,0.19118804997524913,0.21323944056800215,0.11598522352562696,-1.346965600628388,0.4673291304530572,-0.1348640283154833,0.48451271138072144,0.40337677577209613,1.5621421913652214,0.369519611515709,-1.3566937667781465,-0.6053594943108878,-0.17941306503875173,1.9456529527463746,-0.6985353222519275,-0.5859987753762371,0.7476999970020531,0.017568552438193125,-1.7224625375367155,-0.8679142057045875,-0.2974150534544384,1.0584716013168936,0.4227527634666937,0.8483372887929002,-0.1136570245715927,0.03746309562788745
sample_031,-0.3641327152933048,-2.393843550841541,0.7542040141132861,-0.12297345657526652,0.023034911159561793,-1.4323484708508887,0.1960948186426134,-0.5616595786959695,1.3136263983831657,-0.6051442416819491,1.4080336488332839,0.02962063669681711,-1.4862695356744566,0.16047990120680872,-0.5874826892602883,-0.8181958585991161,0.5041739952866753,1.1590437691332092,-1.4156529081595488,-0.5071903538094684,-2.309664137902214,0.0634733568547081,-0.521109122023152,0.9716410506636675,1.1092096766726744,0.1011202462906462,0.09455857982946028,1.1137004400621253,-1.5065392711973726,-0.8059606741028134,-1.2623900523872968,-1.4857138676524542,0.1745963230127676,-0.391548726893004,0.10213158228873098,1.4101857385521512,-0.1616709065228802,1.1189090572135856,-0.3016097074266344,0.7088216912012278,0.07824922620495141,-0.017359396124692932,-0.22370062298091345,-0.28327077407857615,1.9096398140817679,-0.4458767535386681,-0.7864385097710854,-1.0293803214893293,-0.706059361299772,-1.451580530086255
sample_032,0.4127060668394934,-0.5468828233906708,-0.743314267911242,0.12377326492156206,-1.2055105994235285,0.23287033293085857,1.767503261590937,0.7071259722171318,-0.44700788732222,0.3999617023730096,-0.3247323548767149,0.05025511603060427,0.3275329111499241,-0.43133572617381455,-1.0361775030210811,0.3771931699323078,0.5538548509143226,2.0764650059122745,-1.4097751487512498,0.07629576612201863,0.07620823656324238,1.1059043431854902,0.7410449350161757,1.8772596392276384,1.295930605855522,-0.5052640640852643,-0.9938986813460066,0.306594899365363,-1.0475873718911306,0.6800257358202682,-1.0233816709841848,0.4525762176777943,-0.5360957747142459,-1.3637392819398688,-1.1236716012352472,0.0012868963908216518,-0.5096964107759807,-0.4490177742485559,0.6069817924912427,-0.040276734576751835,-0.5429101626671009,2.254137486781024,0.3229444812406368,-0.42859813563032784,-0.8557088788346735,0.5969695627690742,1.0453544918274698,1.2050807725453467,-0.8285807935763527,-0.7628385754345451
sample_033,-0.9221967404212665,-1.7071183545776492,0.319616118574119,-0.2042632691945539,0.7884288530353634,-0.47180630896100184,-0.3729791937294093,0.6448604277877997,0.8899474615533332,0.988678313902902,0.13382112893447834,-1.3328283396224674,-0.07763458494364467,-1.732493583977704,0.36553195070509004,-0.08609022490517354,-0.45270112165061327,0.9374520872479781,1.0193200360147436,0.43324691481807304,-1.0724438356892696,-0.9351205005639518,0.37624084084457493,-0.7734157142010679,1.102835517055226,0.7748372000946973,1.0111496628222332,1.2680742713393298,-0.3399130844226195,-1.3103289226105188,0.4883904164610196,-0.17743243389562027,-1.8034839186285951,0.05699636472517273,0.334898939810731,0.11846886228050421,0.333544195314654,0.4221908014713048,0.8823472449779537,1.0060565927542364,-0.916060115877803,0.6146862513241603,-0.735002698716901,1.7314727417672566,1.0788523097308058,0.04656300644597709,0.5614937808836944,-0.5812072621098081,-0.47653385075482485,0.14519314861313246
sample_034,0.5672991774293318,1.3191957648254216,0.03676477728496973,0.5930793252165716,1.2806191711967487,-0.9071203977668388,1.1740442417002237,-0.5736034184867803,-0.536518188787796,0.3284280397294538,0.514143403014174,1.1748007817797808,-1.7245222348459965,-0.19708227386891472,-1.91668540392854,1.5296784894776407,1.6094865373958904,0.4449455510247378,-0.22135359958943518,-0.28692204098070867,-1.3201149233139988,0.7056805732562978,1.2625824992219656,-1.2268413353188814,1.5555234709047758,-0.13731354667131562,0.872652870969077,-1.1410517594166432,-0.8734927629420327,-0.7590722353419413,-0.01897802185157766,1.3983659532481616,1.1081557418615144,-0.7493211626486811,-0.9201843281809066,0.658558475213188,-0.39120146027385844,1.267508311174987,-0.36765897399805814,0.062003235868606316,-0.6781897339668853,0.37355171482475724,-1.2949061583938273,-1.0107382295949872,-0.35234285354159134,-0.2085738614353939,-0.22821954735312494,-0.2303144293424315,0.0284667573914238,-0.5164632359844669
sample_035,1.6243235779427758,-0.5382160697408914,-2.6568104481443333,0.2841938035961154,-0.7482935201341965,0.4901690113151769,-0.6828349371127143,-1.7866056763026614,1.3753310087147208,0.28840136793692517,-0.9586491433969461,0.01269048596958346,0.5813495599502869,0.889009216456421,-1.035282254410716,-1.3982063198016939,-0.04642304358659391,0.7448061950201283,-0.7082289174235444,0.022243886579875454,1.0000096628078048,0.5985413737416914,1.2420265869521712,1.8242547581154436,-0.8764447999781247,0.34375765625634835,0.12726410453685214,0.295110590695044,0.4984618502604497,-0.8249779534574062,-1.4786657780388157,0.7084468151320654,-0.6277751124648404,-0.3361399897330396,-1.4909372537751693,-1.1731865512737953,-1.1002192380430167,1.6508069444558295,0.29821504624928546,-0.13662556787231242,-0.3987662483026778,-0.3349037274901304,-0.03487657602608411,-1.1559625702203935,-1.1699568165288556,1.883109896704488,0.9953879989955453,1.2354210994074923,-0.3527115586007956,-1.74887080318605
sample_036,-0.2919707917409426,-0.10426936061452784,-0.4858428875268552,-0.2674716563321676,0.6403280000833163,1.20746633637043,-0.34039039206285016,-0.30657049603805453,-2.764262635556127,0.08423643602896996,-0.1069491192812663,0.5512944198050452,-1.5065236585214887,0.021754765189957538,-0.18954124675701772,0.9496999079482272,-2.549387992786982,0.24324753262640839,0.05011534355742608,0.6992737537429434,1.0050104415726422,-0.790258384121673,-0.10930956200013418,0.7458634493363286,-1.3298429641999323,-1.4962103625148497,-0.5839119369176263,0.22599229359695225,0.14419557534762298,-0.2353844853240835,-1.1379964267426534,-1.4445336212565474,1.0068282835925195,1.7849288454428354,0.9135548719466626,-0.9838259188519988,0.8675508032596649,-0.46316215595759735,2.0329519740072706,0.47815913761855,-0.6205060026452585,-0.7556469681788199,2.1972077482289016,0.047820373240317675,0.8325109615698881,0.2640947646440814,0.010360838906276173,-0.48941530294122065,-0.7083430199749223,0.403171290113875
sample_037,-0.33577664141463126,-1.799176966040119,-0.9160420762792681,0.17810257577522245,1.011119039080794,-0.9311784130264174,-0.2724547905344777,-0.6529848622738641,-0.8210054722368585,-0.6265833422125361,0.2918827045651449,-0.2965148837531276,-0.16377663481392984,-1.6584203136942528,0.21442854186003207,-0.15594059156566098,-1.1381114505789225,0.06156194622006227,-0.6511117029355814,-2.2713090643267573,1.1794317226723263,1.0540096646442862,-0.6287837317680305,0.06307497921696013,-2.5028205147866056,0.8429604641324889,-0.8596558362879073,-1.0707347831238474,0.4930738410708387,0.28125692906947325,0.3840282001828327,0.9777791546819031,-0.7392034671453958,0.3286980121913671,1.5289591810301655,0.2976044277209463,0.01874450985939977,-0.365554310140723,-1.1097303238176481,0.7182283806523616,-1.3282961411850862,-0.5503856414398374,0.1384030287986042,-2.468982889977279,0.4655666082319855,-1.4264098039663167,0.023745875859668305,1.6014575703687088,0.19243932714770895,-1.6107193698944382
sample_038,2.017663133615759,-1.1528244744120186,1.3924511676382243,-0.06441476385299437,0.9160849056055345,1.2070988529048414,-0.5305600136933163,-0.43310987011680263,0.4111401696856867,0.09395488942989062,-0.9176609138560928,-0.02437536880471554,-0.7267246025676789,-0.6857791841115803,0.3647860102926093,0.20270440931935124,0.6389271937901807,-0.7221545320113741,0.020175701758585574,0.5827456373058716,1.4214604622450757,1.225036474854542,-1.2081177743103022,1.8283743694064551,0.055159311169819855,-1.899874548326375,-1.0309901746595649,0.3773933559428387,-1.684833882441884,0.047455802777702887,0.6331864393456457,-0.1426090141173874,-0.44860141184517976,-0.17442518995225895,-1.2519025701034594,-0.30471083109102437,-1.0318588388782675,0.3564436362623575,-1.7219362760613224,-0.024117769610301192,-0.6480240202159833,-1.7219424266321677,0.8302125266927513,0.47364262059550977,-0.01732956228203775,-1.9608449810833481,-1.344624476010388,1.4833907949947327,0.7229500776280915,-0.072373320870866
sample_039,0.005279475864454,0.22524417689095386,-0.06506784360734108,-0.5934421088319476,1.2209304011852504,0.5687492995684721,1.1136440488425592,0.1785708484161888,1.21224801206698,2.755194592416859,0.13003019200377333,0.0441217610999281,-0.6692063164640081,-1.6038180850977353,-0.44487312652029204,-0.4692309543036572,-1.018809260207362,-1.3327650447785409,-0.6229977868295301,-1.338013848295625,0.21131982493076842,-0.09377749216350859,0.585076861033488,-0.5334763680569053,-0.48696897485806984,1.149139914490433,-0.6300251958696546,1.1701842701299783,-0.41566298753700914,-0.07811666921370025,-0.8999841439294386,0.7527404235220697,-0.7982102709883866,-0.36998202716455575,0.13957665976508937,2.4767974196894493,-0.21463016952429517,-1.352028645312639,1.2251275771219676,0.9768554006568565,0.2245155394851097,-0.9008818056109787,-0.17833459128284315,-1.8992231144109113,0.7603436417468535,0.820187325872887,1.0560837382300714,-0.46933949863759744,1.1491128865786637,0.6641906495480566
sample_040,0.12761524749034212,0.2546133855598938,-2.168772222106741,1.1475319496118526,0.821048147660127,-0.5414687262086565,-1.6140151836673013,-0.4542059021217423,-0.012274471755007049,-0.6660284774772256,1.2918692378072654,-1.3806115851132683,0.3630212467811363,1.7895319108917138,1.0246496221977173,1.1146934643067035,-0.4854481873884904,-0.3917632904744364,-0.5778096235005847,0.25014162807209844,-0.2995780590419036,-0.7559466402022771,0.6582579744937626,-0.15627712143390188,-0.06205102780065156,1.2036628779435568,0.21215281174697878,-0.6472877166963069,-0.6156005416184556,-0.08408073383273819,0.04978245392121061,0.79120537006126,0.27893127218943936,-0.6143909188370313,-0.72673469519347,-0.5030045166627676,-1.6245335147462976,-0.8746910831629906,0.6824167954140254,-1.047929768451544,0.4778744720787068,-0.20407881998773203,0.4883954558942153,0.34519867178806984,1.0127814699701034,-0.2968260660753295,-0.07105539815675557,0.44705839590451724,0.5150164343060014,0.9595350622762001
sample_041,-1.5495169772551798,0.4508560594490314,-0.13190660199193469,0.26443969524958444,0.1157744690104154,0.2989662340775712,-0.534275441903636,-0.8165193576113767,0.4106079979495951,-1.9588421135554996,0.0018089469976282954,0.4761726519977388,1.5428493820456421,-1.236327061179428,0.6174644435403728,-1.1549247393508255,1.4077882201119776,1.3054041170393713,0.21929381304531254,-1.4512550739578178,-0.8449279366804683,0.8942309376234533,-0.9767775605951549,-1.1804722403710826,-0.898723929235474,-0.4162017256596807,-0.6336376293209733,0.6075518489509223,-0.3513804725584879,0.2883873361779482,-0.7011417774842612,0.22229771636812945,1.377089600006334,-1.8415910648123421,-0.25744127662855065,0.5709666729663982,-1.412493960510316,-0.5304407177835054,-0.9141727156042211,-1.5579294106986425,-0.3401537704227372,0.44418532312038567,-1.7072390167482492,0.848354850433381,-0.4522880145896114,-0.14810083676308666,1.184800094921073,-0.7525046090607923,-0.29296176937620966,0.1535437781741547
sample_042,1.1307356053373114,1.194438079063466,0.23651692323951043,0.7950456943519583,0.20366070011780685,0.2997593012209476,-0.9490159837799382,-0.6081107051787841,0.7913861548878252,0.3521696918228583,0.8453735563844451,-1.1060576061217822,-0.9854985168740391,0.2462108605247079,0.41932002294176707,1.4469752214040896,0.2321786244931701,-0.041715857556464446,0.9946217804568632,-0.394763870592537,-0.06541994932549441,0.26204895552632684,2.1936336451216794,0.11329553705935362,-0.9114193336833153,0.5110538968462653,1.0471997506878983,-0.48755181856074953,0.5594181741817533,0.38477363504200746,-0.15200370400577898,-0.2420109561119801,-1.8610591584691631,-0.14248755394293364,0.5615065869116881,0.32640801215173953,0.2301904779023905,-0.5871791933011795,-0.47080122080318876,-1.5667939935057273,0.31251961319331417,-0.8833048758182013,1.3650174463139302,-0.8004757775643002,2.175729272409466,0.3114268236935064,-0.7126661730474368,1.1446971063740181,0.7811650424640251,0.15638218455741418
sample_043,-0.6277607452869753,-1.2168733862808583,-1.1169356853699342,-0.5592261413025157,0.6497898899759768,0.42571961917896584,-1.3205378985020029,0.5590638086943022,0.4710946112760372,-0.716901109104567,2.010469049595744,-0.809370817743866,0.10109766232276061,-0.1553001080556147,0.6278228701865387,0.07876767310008585,-0.1548648032155129,0.7829842748240815,-0.9105725291986211,0.8577986406511073,-0.6905166533633371,-1.4015558617643349,0.611115963195116,-0.644661172629507,-1.7614954220122723,-2.519686210254034,-0.4025565992473029,-0.2476018098609952,-1.2390293070607723,0.41848124912116585,-1.3041683061152358,-1.1170410322834659,-0.28574978008571456,-1.193602282785802,0.16064268006106802,-0.1865677682318146,-0.4429162247992702,-0.7407346111963957,0.41316751085697845,0.6195281368463554,1.0162810958805426,1.2719443456098178,-1.5545050339069797,0.7777443314362319,-0.8185853122557871,-0.0892744570343711,0.3480080259169692,-0.5930702182315268,0.5170282320149954,-0.9412113975154759
sample_044,-2.5227427926374815,0.476592267269121,-0.7229905297945731,-0.8464909031558625,-1.2568781194461367,-0.5000965911254698,-0.5483362528387148,-0.21796016707862548,-0.07043102081819763,0.3642898221516396,0.30423792503949854,0.35992986501882274,-0.9382197040958377,-0.137521670201111,0.9666059471142425,-1.3268774490799644,1.0499568691478292,0.5912713674063934,0.7331685671805988,-1.2611494181275988,-0.16909910033018852,-0.5970480789107381,-1.357115461342176,1.8551834181669165,-0.9379997215258468,2.1982252371544604,0.4690119176349182,0.459614886196667,0.17975347429866478,-2.1864229827498725,2.850710574334911,-1.9177667215719991,0.8324534795562459,0.19816780207005089,-0.23613257940564392,-1.2261350469100152,-0.43463947943761094,-0.14116763241036778,-0.44356181400047634,0.28446670513705696,-0.340818032942546,1.1195932470980148,0.23122602843854986,0.42521352975343496,-1.1138324281113858,-0.14319594061571705,-2.8874232094931815,-0.44269626455105937,0.16136945262601582,1.1668035500599083
sample_045,-0.08319848393414353,0.4883853626284772,0.02974285468616189,-0.12765108469947845,1.2254407755973862,-0.8328575050913256,1.179735453646713,-0.6378006903708007,0.1620182481378036,1.3133714277446291,0.7183053417508258,-0.5012327439581887,1.411594705803307,0.3523523194691275,1.1172297527546817,0.3766004386344275,-0.675090405854567,0.2972334067984149,-0.6916126959446506,-1.0161318266606414,-0.7925808056127195,0.5531177548105557,-0.31040274539034673,-0.7471155365795511,-1.6144151662224033,1.3543034096980133,0.21212115506190524,0.5679052268457946,0.2224442290923472,1.5336703172808641,1.3904723046517429,0.8077121661676906,-0.8746693683744005,-0.5393539524549485,0.13877483121352507,-0.5896953027674329,-0.33851542835046255,-1.506180187616861,0.0030819114569661447,-0.6918695598884397,0.278881000727839,-0.1135514027962157,-0.08860259497689892,-0.352364398153166,-0.08889238209379545,-2.108088546514189,-0.26963699222665805,-1.0441957231127408,0.5902292006581643,0.27027387703815675
sample_046,-0.16511182816249936,1.0743596925175445,0.3488359566000981,-1.4981219604616938,0.5490309256827273,0.2026393718728387,-0.7219632609429242,-0.49550278178534846,-0.7402598351614237,0.6620916144072918,0.2833443363250276,1.6371831949639633,-0.9306739624738443,0.19656039253022797,-0.1803885094587219,0.8022353988433351,1.1420416202944565,0.022762378613971613,-1.9561378068706912,0.13113796143754658,1.3645084762808997,1.903011166234954,-1.0516176905816645,2.640522946288042,-0.5362656932004409,-0.34917156173546804,-0.9394972736530097,0.7159180067764738,-0.582601048880708,-0.4091980182126573,-1.6705627200327977,-1.615621329354995,-1.5268074521935282,-0.38199730271477517,-0.30593046094005727,-0.025763645402308886,0.8667009597212378,-2.1466561522600744,1.0205382448803113,1.79896619597476,1.055610923578341,0.0450650824626973,-0.9796486977685801,0.23808011903169835,-0.6281100871832818,-0.4694408206389617,0.41911987173031445,-0.31260270973545046,0.3832797113293749,-1.3812455258469798
sample_047,0.7778802385219041,-0.5003669340271915,1.5574109877207323,-0.7678985289500699,-0.38667826830958363,2.554454572340744,-0.48283119846218314,-0.7421042147242158,1.307763612663425,1.1628154562469564,-0.052419347741047596,0.40751677672738784,-0.19907891872455302,-2.0026806587221566,0.2214278508264518,-1.2412538385469307,-0.9125338626011721,-1.256277691886409,-0.3290300997403656,1.0709251080721456,0.8448141803119525,1.10946367911373,-0.050327987918813696,0.7308075247572084,-0.15566431019293084,-1.8609552547422785,0.021851821972065644,-0.4893012376494423,0.3896369065872521,-1.1143562416507249,0.6112762614745995,-0.3951843189496562,-0.19996126699297878,1.5823811794818254,1.5124123736752033,0.6044316029794023,-0.3942754102267565,-1.0480728310934981,-0.40385439494950387,-0.2936053836363092,-2.183604678579459,-0.4471322464295322,0.07573242928461896,-0.799342576883017,-0.23401090198646532,-0.6619472826097013,0.5423298247893791,-0.11137753088304105,0.04300068171930917,-0.12663836510796925
sample_048,0.5072499569198632,1.31946410784993,1.0916176416728918,0.7646633334166854,-1.0423076795358746,-0.5208087536444507,0.6592386821705627,0.5234343919654306,-0.07685423956831833,0.08879867714615752,-0.854222485808834,-0.11821923869748496,0.5107525829773867,-1.0971845608043875,-1.0943482817408399,-0.8084646834455951,-1.138683549631844,-0.06868904776025132,0.7089699692829244,1.8598465686144068,-1.1297448554649296,-2.605902161225081,2.1987876083268296,-0.7928022232139434,0.009473875415169178,-1.0007638398956349,-1.394306380119944,1.0815742185656214,0.7579622606684275,0.6880791104153225,-1.4255104497021867,2.2772901184582004,-1.7769262634601715,1.3489642646831648,-1.1757404837599104,-0.7429879339152907,1.2963488723429917,-1.1939802176901613,1.6038986640902397,0.06069108791186975,-0.5168126125872824,-0.3667497073049139,2.365023147350476,0.8544471038030923,0.8244434486283636,0.7504792250717409,0.996843580296303,-0.5121629353415907,2.090655798223238,0.6253113098655623
sample_049,0.2821697931966868,-0.46181106977672476,0.6297851798371364,-1.0674637299522503,-0.9639115042234959,-0.045763196141052224,2.4778416534816956,-0.5370631977613584,0.6575533895967957,-0.9887534536916976,-0.10480359910030039,0.4770920923302498,-1.727131262295889,-0.9810861579127974,-1.0635865537288731,-1.023068652531142,2.0120315520596983,-0.23004454869709975,-1.5364136659236503,-1.01742581934631,-0.9049463587959955,-1.1766679900672912,-0.08519968389792994,0.38613856558854764,0.3827800287088367,0.33052011626198013,-0.34737329902446695,-1.1738682114155052,0.5367914895993599,0.12344947509022465,0.8194346132542638,1.8803071887113345,1.7806071122577762,-0.016485425745286823,0.7526749589652411,-0.09190743589583754,0.6279169736008484,0.9888446502121372,0.9763342404529689,0.36075089178034814,0.5644212530804849,3.163687854225069e-05,-0.6942756722335782,0.6329518862114586,-1.2146639874418206,-0.1899826730927804,1.40393312203691,-0.14061974047819106,1.2677393207242198,-0.10742737823832388
sample_050,-0.6819642926051166,0.2318476645164538,-1.2495655577161269,-0.3582484887777949,-0.2723561034289735,-0.4664284978632473,0.4952778675706211,-1.054803941794636,0.14210988010827508,-1.0112930538409886,-0.5290268790787629,0.09345855441198582,0.2514083579320333,0.5533725601295891,0.1703223107663072,-0.38277051245794375,-1.4246945186954265,0.856220771703942,0.688565785919965,1.3242922850084855,0.09435948121002989,1.0283290016905358,-1.0241672623937934,-0.2078252461163608,-1.7786083701280022,0.050277566281921454,0.41760781215974907,-0.12401368516184234,1.7126175038861606,-1.051803618402693,-0.7011500122643403,-0.6631289741755876,-0.30951770541344553,1.4528960483423312,-1.4035039830592002,0.844801305303768,1.5538720298214364,0.05278935587422596,-0.35598721656222365,0.13261033824019586,0.37158898851141803,0.5389407400445689,-0.17454107856323445,0.6379889837988133,1.3510746902836588,0.5094833180195276,-1.2802140029765465,-0.43691406187148235,0.12621393748178564,-0.3640864338682716
sample_051,1.9618468430608689,0.8987375069683053,0.42906918282527806,1.5166282007198906,-0.0679430338798472,-2.291599828597617,-0.3573352350594778,1.3048820192488175,0.7880825123633943,1.0126719263902169,0.679345475615899,-0.2764051317851873,-0.4287645963123895,-2.197025425469788,-0.8195740305772109,0.8219586064309379,0.35938737943903637,1.587400080780189,1.2203177859511138,0.4144343838016138,1.454231972292762,0.6946764618055048,-0.016927222141735167,-0.4239671482706687,-1.2202231094386882,2.1908141691019454,0.48095367059536004,-2.3250984416115323,0.3022154628260886,0.05130705529798559,0.5769416408953719,-0.9173517472604298,-0.05489971976519447,-1.0707148235969781,0.5638193221641504,-0.8977145218018816,-0.2555558664519113,1.4560575373910458,-1.4104201163696533,0.7012706112858151,-0.7524301271731444,1.5131542502519082,-0.13346563156430383,0.22307322310573835,-0.21889122842485573,0.7616917254451291,0.693923945993289,0.8843624957284274,0.6786611734430407,0.1215913962425988
sample_052,0.04117820635199518,0.456903198058121,-1.8406428765024196,0.16642548619996433,1.4883682251486559,-1.787668471866971,-0.6603437253124034,-1.423995762224241,0.24621452323132337,-0.25924869948060986,-1.535103580193995,-0.2558433721400659,-1.046515892061222,-1.0308016641448627,-0.08038749034680959,-1.6423747988007447,-1.0880824494994512,1.262372545899132,-0.6946756492375561,0.5879257529301839,-1.0562848582215165,1.4232861288692469,-0.6954713136747355,1.2623210841371593,-0.7330643145869468,0.10862259005666329,-0.023127807861992075,0.6551343218730304,0.18702601902447302,0.5277676841951614,-0.34719384472577686,1.377233755797402,0.6916646022273746,0.6351206451356963,1.4195116811902604,-0.7296536551117132,-0.29604512180264825,-0.6376380869069305,0.10326934120349697,0.07702975914866683,-0.4045370088324029,-0.7039840328387047,1.998019137428064,-0.06121867309323994,0.8500306700923439,1.8143460156569649,1.0327029599653412,1.2712107921356868,-0.4125216044776835,-0.2979819683677277
sample_053,-0.5433597659837032,-0.412812506724246,-0.38953270531379697,-0.6710832533040061,-1.223638259397305,-0.20243338899669366,0.5414440698931527,0.6185205213684697,0.6681000144948264,1.1695311634705106,0.21909559935650613,-0.23387165445602398,0.13124551991648312,0.5172755093081747,0.4141764442484182,0.6849779038910905,0.9275098393838008,-0.030154876412696204,0.17586160460481523,0.43056622199790884,-1.2345615217786778,0.46121741120346793,1.964660348135574,0.30181798929602643,0.2128381507195223,-2.264341550395609,-1.1802052630832631,-0.4803848674209985,-0.20608424165459388,0.5618307652482527,0.035519989167964165,0.3849883510794397,0.11968015731445761,-0.5645483981211187,-0.2034495642311654,0.07566244645339754,-0.5506735244030508,-0.09381270309439223,0.041655749466852555,-0.7506325690711789,-1.610017506881105,-0.34007099962266424,-0.7618647078608942,0.7052108013391564,-0.3202551882868693,0.8483093677652791,0.5534093325377305,0.019176821785264815,2.535283733066988,0.377485187468519
sample_054,-0.22037529643581413,0.015606951746488344,0.1547620871370148,-0.012712554385357915,-0.41952433090712293,0.554406944696058,-0.8567240214903502,0.8694411319097319,-0.5175001929650481,-0.7085078590971365,-0.9484649703289558,-1.230082840276027,-0.5355046511216764,-2.8350806766408962,-1.016144306956577,0.594844854766969,-1.6244950640704576,-0.11179365405375162,-0.21068714394280705,-1.243040040839588,-0.7811768693447015,1.0181821127219768,0.7003740537428738,0.06048292029419633,0.08640773636802376,-1.026960599382889,0.04400142375556152,0.04820052565268214,-0.6924851092780434,0.4508132912713943,-2.269945700503872,-0.7790754409656993,0.7733564401907258,0.5985835402532325,0.747584810706389,0.304409631889941,0.9082843331953775,-0.058564796514050034,0.5735391963041339,-0.6609762772462081,-0.12564998044315567,0.03410915303616305,-0.23327462948580646,-0.19332548111785447,-0.06880009577163484,-0.16115971608126545,-1.114531403875016,-0.15834833362868694,0.18954429220130128,1.5503715107302198
sample_055,0.49747102870512316,-0.9665128498375707,-0.8765578263719924,-0.6846894015353486,0.09493028173634363,0.29524366490699616,1.0272058076975694,-0.168718345477766,-1.466295899038226,-1.3076939599168491,-0.8296707854954145,0.6808038898505985,-0.49337285812596143,-1.0680143050487463,0.09590195581532215,1.4384097334664496,1.0352581460353243,-1.8208512840218916,-0.8374477016731802,0.3593699790294323,0.7753614078793305,0.9952950050526789,-2.4351624214289393,-0.9617167333477885,0.5445332255736406,0.07768899232722569,1.3170545695905749,0.729358990151313,-1.53400357837137,1.7860549271683266,-0.5826188408108588,-1.171560157114818,0.033744922969797454,-0.4812538633311293,-0.8753178218136293,0.5128828369553664,-1.246223071753163,-0.46913754874574787,0.7234614176057765,-0.3481929555371906,1.5927030900219947,-0.3676918717299818,-0.4503647047174004,-1.2945233221006465,0.8835219451248282,1.3531768508045143,-0.06571099690935757,0.9918935449974218,-0.9447052128727119,-1.1536273037456537
sample_056,0.1673971553388438,-0.5436042738009625,-0.8641407282030439,0.677709012163516,-0.7995742340666678,0.25409075787714624,2.0555919667994247,-1.3007488494461534,0.5512237876099664,0.927317102370691,0.7254348018570624,2.5271669152805276,1.389716570506505,-0.17102466651328507,-0.34351304238895486,2.282861626825066,-1.677825834705611,-0.9269379245781021,-1.300314447402173,-0.7609497593947394,0.4322010600856356,0.45480981392573133,-1.20208750806938,0.31483211983321785,0.9773122048597179,1.6481815131864455,0.19845613973911974,-0.9698784709373739,2.633620451446542,-1.6462538028321272,1.303583713409093,0.25495688267898725,0.02631648194063965,0.6035071959739159,-0.04440640047008776,0.44445481892405553,-0.38202981549296916,1.9931462621574252,1.5781960662022048,-0.1817520510654859,0.202659207700719,-0.0716420080233837,0.3054281443567698,-0.33229131064618295,0.3305800305199817,-0.6517312785577909,1.6219718390471143,-0.750511385900296,-0.3167070456831311,-0.7676649780136457
sample_057,1.0943081275346915,-1.7249348919682272,0.34225409545404684,-0.3285250915748033,1.6515875327356468,0.5472439797603696,-0.483404552392042,-1.1710990692984609,0.2231914550854374,-1.6841651261441042,-1.0386992538796271,1.1116616397603192,-0.5385545926831097,0.5441928501350631,-0.9122113317122866,0.001259346886693173,0.27149750900202807,0.6637893320537428,1.1459774018678845,-0.9467016542478648,-0.41852601535689304,1.129643115837568,-0.9625906334678276,-0.7215397567765994,-1.7688541101556496,0.10990373730942271,-0.3605871599792318,-0.6243269542768637,0.002599480667333939,0.13076514640359424,0.4313016588418489,-0.9503640521220236,0.46946091452919614,0.9534939116979034,-0.8714278607755161,0.3700060860780187,0.7326048149413089,-1.1618273393590113,0.8095164629761739,0.41634645851313473,0.2974663266951087,0.41373972315031265,0.7840570209975727,0.4766717768558246,-0.1621744861364504,-0.022407135369235873,-0.9775836041794702,-0.5007128597658841,-0.7478057816990008,-0.7804589416546471
sample_058,0.7983713930557661,-1.968015096069572,0.603634644741017,-2.901863745884396,0.07877895750443648,-1.3224104397205487,0.215122256158532,1.5942699846683246,-0.09301689209642786,1.2028167536240544,-1.0496344844392047,-2.14764720466222,-0.8966618691379502,1.7079778559639625,0.49164709720538047,0.48796709837041147,1.2527923407222055,-0.8473206097202182,-1.0588335052352782,0.9082255479639136,0.9369500508645706,0.06603593133656006,-1.4648599945131517,-0.36701255191396576,1.8699899477053223,0.3654372213816892,0.5430384172407396,0.014089374261748437,2.621462527523147,1.1826820552553692,0.18534426891508207,-0.7662963210621951,1.9851248909406114,-0.2941622541447166,0.3752410660281163,0.2366848505807339,0.23516611045340277,-0.9912125825671213,1.3050502448930408,0.5505560813377388,0.12388547053806538,0.5558281256320855,-0.45532750063698113,0.2930065747747182,0.35525866967062864,-0.10737943600705602,0.02320127229611048,-0.39766089276494365,0.3763719330111185,0.5906216954934604
sample_059,-0.10173214691109585,-1.1953058914815449,0.014584120351654423,-0.016125035032575116,0.5858759013882926,1.3026549303074855,1.0787363021628622,0.5027205094086521,-2.4057367972966035,1.35325298535877,-0.233847120069349,-1.1604432701340945,-2.8294400781293625,-0.7797967489251232,0.07231673480891673,-1.8516364739591054,-1.410305001816756,1.0823145243658094,-0.329809450725437,-0.3412474712334604,0.018115792314177117,0.7905251531993864,-1.4874532992462326,0.2776306709789206,-0.49912107688439583,1.7270299415671937,1.4313171976971173,1.293300461371903,0.9013538304805426,-2.043614184326695,1.5453336847557642,1.4016730455067485,-0.9782751603504114,-0.5785583706747096,1.164933609317617,-0.9469385575204171,-0.8898488829911799,-1.0010733847943971,1.0996872202819392,0.1459110613526056,0.8152792268357392,0.5313870954848993,0.27205860490407735,-0.6769737425983793,0.6274641304656408,-0.25977757132740154,-0.6543928705788149,0.12330408051423171,0.30543326393793396,-0.7140447598285778
sample_060,-0.227142118484417,0.07187298909669844,-0.48330946457534957,-0.18710786949313113,-0.9921892677445875,-0.13187278153531343,0.2506955680531223,-0.1281592202510935,-0.0373331315579289,-1.9459908797246184,0.057947542652609235,3.4155390619448305,0.39974347479362604,0.4980389502478614,0.16697446985542033,-0.712945370177163,-0.7148936413511285,1.1822927853696623,1.3245380212141658,-0.2547143982243262,-1.2559425490301788,-0.43250865028391694,1.0033340167189968,0.8232207269877563,0.7688029297562958,0.06755841230045422,0.4774249109760369,1.3739987333861694,1.5065765205991806,1.279017893417786,0.5608720277529667,0.42483365321451877,0.9748239200143408,2.0757450551765815,-0.2869561745262121,1.8160464074495364,0.008415758976691496,0.3505531560065228,-1.788429923008069,-0.6656080449731456,0.4993367588081142,-0.5869035912969187,1.4505754848195473,0.39423117953537784,-0.12898618787836955,-0.5187726964945987,-0.10707729824488804,1.0078999527555952,0.1447484661362007,-0.15668495290753093
sample_061,0.12434662445887323,1.2735225992523687,-0.35651132165154226,0.23658861206242243,0.05331384349143642,0.03386379748334348,-1.5974994710411057,1.159984040367041,0.36320464911902667,0.5504512207911383,-0.7066293698652394,-0.06768554630577643,0.7018022626285583,0.5864835451213859,1.165574531985621,0.7433576596916788,0.4345336349600796,-0.7434313449258432,-0.11598258820787243,-0.27167582310964417,0.9565198722343587,0.244933681496876,-0.5762824177001595,0.17816320807203087,-0.08210058511568201,0.03651969358936377,-0.2184020105474309,0.48812255493166,0.30141175442793744,-0.463728919200835,0.5630341615904951,-0.47315303701787675,-0.8503021317553372,1.4013786220951132,-0.1321744394748491,-0.41691887375049264,-0.3944762963881586,0.008082762838324743,0.850905965547224,-0.0040615533770045915,0.7244734745713173,0.2273712970856006,1.5032632484018804,-1.1613703571626455,-0.5653656225680661,-0.5954186124335057,-0.891514706060381,1.0872517719462151,-0.8414186839322538,0.9755846053987125
sample_062,-0.12131722580981166,0.6639623678641026,0.27579743308112176,1.6006332492459543,-0.7319827764734222,1.4658495032326915,1.194448220533151,-0.9402194557747453,-0.7996281680009661,0.32154640672219803,-2.054146900635097,0.667672115322378,0.4605478819182633,-1.411387265484658,1.0449005293474913,-0.2697351409604389,1.523432824019458,-0.08451884769040241,1.261566033220776,-1.5775174372522651,-0.3299287641330738,-0.5379460749007473,2.4206792236746906,0.5876596927504286,-0.19374489113793844,-0.5983715349986928,1.4147554180681847,-0.13430893262440077,-0.7761324490036496,0.35167634247198465,-0.07505111192870266,1.2479100641550458,-0.43620158403672926,0.5793412686502823,-1.458023694029679,-0.7136449468662937,0.1776304747054024,-0.5739146963606196,-0.6962621810455137,0.13635335249525893,-0.4032520796195974,0.10219464971411502,0.22146382413311141,-1.683829518570782,-0.8439524237307569,-0.7383252122032348,0.21789147322547328,-1.4781905808362408,-1.4428905822856783,0.47730262595582124
sample_063,-1.7865814377504459,1.659125539868596,0.5864589849131053,0.4548111147329688,0.021066208218386614,-0.6638457233749235,-0.38002795173666826,-1.0524325374097767,-0.6502088919600831,0.04650082669548864,0.27435439350165436,-0.9432265794028107,-0.7169464081237248,-1.838862116304707,1.422632886089762,0.1922215463026912,2.532026514633973,-0.058081813674689176,-1.7402615974163362,0.18928981538470965,0.45649308492492957,-0.7831985270990947,0.24348929758962773,0.28111260593306275,0.1503456624139445,2.1440460142187563,-1.4097274814779388,0.027039593023463003,-1.3313939641330506,-1.4276339561974103,-0.08663622575415253,-1.1893728967902217,-1.274194408355718,-0.42660338472998127,-0.3069287405911514,-0.45597703773471393,1.0349270038254743,0.4166791532917373,0.4425225222162388,-0.7852571662158057,1.1743540425323995,-0.4559233681991837,-0.2533764808270388,1.0556763815283519,0.14857167060071477,-0.48646237830802536,0.5136868013221995,0.13300521745230087,0.39851164614831025,-0.5487641852262231
sample_064,-0.9619326378070013,-1.9651322797784538,-0.8081068263763314,-0.7936919419563051,0.3102331693285184,-0.013358982448743026,1.823487986005465,0.7115662494191172,-1.9064529592326689,2.427628048394134,-0.12386152598815914,-0.865593203522605,-0.10988888073401708,0.27725154570955035,-0.08240272083523337,-1.9961775029694597,-0.6499167462154161,0.28383677808433183,-0.6290949321640411,0.6738204851987785,-0.3620351214754322,-0.06955435144133038,0.5108418272714058,0.7294935158579064,0.3426165904809803,1.0505926532938026,0.16232451777968976,-0.03183980102643562,1.0468022240960404,-1.252112129143484,1.9753002227058347,0.7700316017361318,-0.6324909396603856,-2.085550027509738,-0.5468950618457502,-0.2670731832465594,-0.060201041088617895,-0.06017572007474041,-0.7425317457869041,2.4173620101937763,-0.11457055100268862,0.4292074136611156,0.5098166533267582,-0.950062426301165,-0.26391848652242544,-0.4361706194565028,-1.082730406227116,-0.6137905758647587,-0.5756499362691508,1.9174312258293418
sample_065,-0.025065167196741567,-0.19117252806948312,1.2056026809738056,-0.46425506848839904,-0.7309438090778104,0.006444356421517015,-1.090996541389444,1.1272049875758503,-0.1762757631191003,-0.011645586937851362,-0.2620108434181839,1.6432278174675898,1.175716904269506,-0.18355188849336918,-0.05505132151264784,-0.8930838723416485,1.5809335734214731,0.9245508711279442,-0.25146708634383225,-1.0000971085118129,0.21877783520152977,0.8693433638798326,0.043084612592981214,0.5137503691366613,0.012978009174843546,0.35236410472501994,0.5039362851512904,0.8082141195961109,0.4826605928717396,0.9945174865562678,-0.21172051212093868,1.7182367963026943,0.7612505048020239,0.6772883528316987,-1.5875942521078397,-0.7337055566744515,-1.251596106174438,-1.9682153900627122,0.5941316245133325,1.7032959669650194,1.8756177754011365,0.734730840579787,0.35638116658048885,1.3779374391687789,0.7323750663309769,0.39429897644593837,0.33841073593311116,0.6305261949626385,-0.8423743301898999,-0.8149107891438183
sample_066,-0.2023463482068634,1.5872795800775308,0.9462430434390652,0.43124326879497166,-1.1965593931885683,1.5829661006334657,-2.0837955563197252,0.8552400552636573,0.025187559462429485,0.14002878400867008,-0.5078779962877217,0.5271457275584615,-0.30998610332103094,-0.0034836525683497955,-1.2080088149311272,-0.6568181312669255,-0.8663670974361415,-0.31982458651470796,-0.3444324521184724,-0.84513982857675,0.10630481394658944,-0.7111047747262537,-0.9419739865396137,-0.6277696172518611,-0.019023707592478515,1.0746663195661117,1.37117758862722,-0.13017437895209336,-0.4968742666390309,0.5235436965302825,0.2234082403997275,-0.026482740460506048,0.4881360005094425,-1.6701040530792055,0.4941913931939225,-1.3832861857327863,0.6527853341630905,1.60683298942664,-0.2802805187439397,-1.630078586249038,-1.1595974513183442,-1.0556479872333275,0.7955584303167932,-0.5033218995891053,0.33720445515794695,0.22342915408261768,0.2820888233467359,0.2598135107909318,0.5672172692732593,1.0412376284295313
sample_067,1.2679918113579411,1.0772404971775116,0.24131909668793733,-1.1758760185391188,0.2579777401182318,0.25321501360596177,-0.02651938034801844,-0.48123896731783067,1.7937512083669376,0.6105753404520781,1.3564901104296685,0.3086333505756128,-0.9483268470763884,-0.6730707736864685,1.2281267152580628,0.0034361171996944045,-1.13526402967993,-0.14257778737535734,-0.593903459575501,0.2658831401749665,-0.7960458528247598,-2.9430163749654397,-0.37877898215619904,1.4772812831354363,-0.6693563738761497,0.014195125276852596,-0.18253010981287215,-0.8818987715567286,-1.8799568633109067,0.7635424435660463,0.5357829415869774,-1.6809135509362834,0.739542276682747,-0.49319376240702784,0.09984048270116642,-1.6927898748543073,1.1880249635476596,0.34809615948916733,0.8474457679896671,-1.175375424263757,-0.3885178893297922,-0.033465604762822856,0.8357760350280145,1.4481668651419235,0.5820712001813612,-0.04740594323451124,0.4717939476002679,1.6449901671913538,0.5860262292504815,1.6861315162908133
sample_068,1.0013716013059935,-0.6921199793463394,0.20896335976040584,1.6082598841160107,0.5212300322504724,1.3350878548863299,-0.6574509746944186,0.3051949441435452,1.020948025629291,0.849823141060846,-0.9885333567649253,1.963992743243423,-1.6634147923363005,0.5670012767750036,1.5981833477689409,1.923452576586418,1.0768997555707283,-3.0063554196613818,-1.3106440452299393,1.443866303212874,-0.694866003472866,-0.21422716050680107,-0.711458121186,-2.5874339056488753,-0.33125796136118857,-0.05166076131907752,0.44464097828944915,0.6199028226580194,0.058523013024036674,-1.6488228011819244,-0.7363632744188185,-0.4279848134234978,-0.2250448272680957,-1.8144350041220545,0.8237680448214738,-0.6479825257135111,0.8229697770410348,-2.091343728080215,-2.083409257443195,0.14190972282026654,0.420317073884926,-0.3793951931610634,-0.2998625282462929,0.7869820266072346,0.46838849576897645,-0.004253044664477399,-0.7372828331706819,-0.31355424484103483,-0.7112519188914428,0.11177361558396565
sample_069,0.16678007460356278,1.1112216165661017,-0.6737270010351928,0.5003547749315634,0.6158617214056252,-0.6625684795452955,0.9693622774843546,0.4310101733769015,-0.43705859830745164,0.33268700012603514,-0.1047229147584948,0.42548528225644955,0.136242502550691,-0.12381649200546987,0.38893302773015087,-1.1052881180475387,0.6733171720745675,-0.4095817857665383,0.2334198240919847,-0.4347379489522451,0.9129022499631283,-2.3781612876409066,1.6090237040537185,-1.1325292318468543,-0.05207568832722118,0.4967613106945917,-0.31691482958696426,-1.2245591331338221,0.5812880615398301,-0.0501810630935016,0.3490619618396426,-1.035008442022509,-0.7935597971343341,-1.5143423152021285,-0.689595791300285,-0.3645224200745359,1.7154742658598936,0.8483911020123358,-3.0359774286606003,0.27157309957458803,0.1311441754891689,0.11305502071973365,-0.02223870766015516,0.7710630309777418,0.33664740260893905,0.4476830001152269,0.864441590055144,-0.5637590402505347,1.303210153588808,1.2442136035174234
sample_070,-0.7601355706030288,-0.4275895247074098,-1.450246766475295,-0.20965536345115174,-0.1769051152334325,0.6328624098259497,0.8866437427187794,-1.3081997945348478,-0.4080548486444551,-2.91804746351995,-0.34231343392743757,0.6013212383955309,0.8650972416257608,1.9980411626906323,-0.38955205490020256,0.41487303100800804,0.7886423389368843,-0.7740785014975351,-1.3169310238712377,1.6485220481989074,-1.6233869175968867,-2.789601826062579,-0.19305098284591332,0.07682169688499052,0.37911787521528656,0.44169518156688087,0.5434300483238071,-1.5361034263038036,-1.138660884054157,-0.39130699870233693,1.4785130522135428,0.8357949050784562,1.2001680011175146,1.3953680771391113,-0.6509877770714215,2.7242288059884374,-0.10602226219616392,-1.3681413173792594,-1.5818973803605787,-0.2620979316022144,0.9690032347552777,-0.43213851133858333,-2.121416457938403,-1.1521491356229272,0.5239644696991606,0.580805762550343,0.9013062296026945,-1.5920309855640087,-0.34804892546896327,-0.5840348744558358
sample_071,-0.31182140926221524,0.11627248205140338,-0.23567205344872352,-1.090848755535222,-0.32159523811639207,-0.573594377535452,1.3527244632492434,-2.2787027252405503,-0.612847331225378,0.2884437433639604,0.2957898549892918,0.3959379463071318,0.7702563740708301,-0.349972254673702,-0.27122276078037644,-0.11721362423647927,1.0973947229043894,-0.22271758333418112,0.7756963379138904,1.9637425889436326,0.387788062707078,0.22121747951134943,-0.03088836671917794,-0.5192804178431197,-0.5486098988106003,-0.34336234798496307,-1.4039012962495314,0.9125598325844239,0.9618384708755703,-1.2922915760944955,0.031488063539623336,0.5771696468304754,0.1678048475714543,0.9563810220947262,2.0121140140942315,-0.9308522979046538,1.0343436793448668,0.12226020707914213,0.4169206637415245,-2.2046573167968346,-0.6531931366405078,0.7556136040709953,0.24878275066191086,-0.7908827878006853,1.5766866518734688,-0.6260172796859601,0.7645586545929233,1.515544324836971,0.44719235726360984,-0.09068211156092776
sample_072,-0.5037118218151742,-0.45231954153136433,1.0252072304673432,-1.1434756377055089,-0.46946971248126407,-0.9686426088786275,0.30093113474246314,1.8154122085009008,0.4665951589605087,0.07673154475276264,-0.7287953242284176,0.6004558301469014,-0.14947866161913678,1.0188198871562473,0.7186225072858258,-0.5633845503851737,0.755356413711964,-0.19928289566045038,-0.27587909000276056,-0.19037253327328316,-1.8184814184913123,0.4750078883578646,0.11328876790819051,0.6792309055426553,0.35828844878412675,0.9566722436810905,-1.1827317931394288,-1.0611320646752533,2.6070375979145615,-0.2737693639077927,0.5535175032617732,-0.9853017221429481,0.952121102215489,0.7119264244473797,-0.19733689280267702,0.9703683072263798,1.542071668396119,-2.065489117191073,0.3881154763723598,-0.5453567025626731,-0.45841592463912256,-0.2732870770125027,-1.119331005809547,-0.5204256922966971,-0.9549010799802367,0.2181042995582628,0.4929234448044782,-1.0255328150231944,1.1620543755378128,-0.8323059026947054
sample_073,-1.1568932133576595,-1.4798506953076946,-0.6550241140783668,1.0496680144748527,0.2800458838223144,-0.44669882277918976,-0.9992716292083484,1.9058061283148249,0.875993498742161,-1.1481468772715857,1.5262792833487724,0.13666116216550217,0.0826336424782178,0.7956186564746822,-1.1220324506242114,0.6911031473667149,0.41697065610144607,-0.2653679937984837,1.4721278337269161,-0.2996393783901441,-1.986119115719217,1.226579680351687,-0.3273793000432059,0.3806100218496056,0.5821605668597394,-1.9075713626608162,0.6960419076234908,0.1146385417296164,0.10372941920269263,-1.2596940115653967,1.0524600184205994,1.0259237876695022,0.3594975293769127,0.593018291800156,2.6774561637245777,-0.7148768236104481,1.2943658376370732,0.03901144406220176,1.1801308914590058,0.38694252008672037,0.4724283645323375,-0.7732948884373171,0.4378167071776423,0.2105427558797584,-0.20906401259428292,0.5492718618653543,-1.2039902315616318,0.6118443698268319,-0.8356832823771078,-1.1008457770216773
sample_074,1.0484120596184028,0.11382706207945732,0.3692850882498348,-0.4195588188021314,-0.16928995370939914,1.2687199711417367,-0.8642348699871034,0.5918776846373761,0.7620959577904765,0.2983191363004414,1.5309999347967023,1.6133602461682206,1.3146619330393994,-0.4230882811993235,0.1773427196736763,-1.0966287731706201,-1.7881001084900718,0.22068151458123966,-0.13750125214281836,1.8680185599674766,0.462143213076733,-1.0871411276272955,0.885076317726465,-0.5022165597111449,2.004525508320396,0.6148894408206881,-0.611806204031422,1.4178647988830022,0.14969092137685167,-0.4815916519925146,0.47899822429025235,1.4255345450392964,1.0380804684878746,0.1785219985180223,-1.8789726726577582,-0.1929195818198808,0.6547915757434456,0.3306578716527131,1.1535379750973696,-0.02145927893767023,1.5232930238707159,1.251119729430853,-0.17999581757896604,-0.4237075866460144,0.38239053237026827,1.0423144394942099,0.08555872610397636,-0.5886135228520583,-0.9255043160976316,0.010153581620313707
sample_075,1.3611313917624623,-1.1533732619143109,-0.24822190318796317,1.193640260322984,3.1385372835361345,-1.5905771317084234,-0.695603847538501,-0.35371790626037036,-0.9140475717785186,-1.7387181845627853,-0.8697432978556747,0.34439312918990606,0.030381510690496834,-0.7766892752701974,1.2063398321910173,-0.8798681414771298,0.8261826376744108,0.3556330256900809,1.1905853600080867,-0.29995458522552665,1.7474898968235246,-0.7772349157044376,-0.8044941318996951,1.3678436855715255,1.0123649110072872,0.9036338918514739,-0.9564274864647918,0.2134740225917095,-1.6767686726431368,-1.6069981080110043,-1.356083838848607,0.6390717660943462,1.4547590494138507,0.141437461503846,-0.7965839109880801,-0.843440106228264,-0.9042173096489232,0.3816100352711604,-0.10809504012472895,-0.35167424438582695,-0.006715699761888475,-1.2407113542785673,0.39108486602870063,0.7635360918760357,-0.7492781154986004,0.3471474050951682,-0.21436508025146603,1.2950911033564185,-0.06496164419880124,0.5985564314258566
sample_076,-1.0492146757058505,-0.010464148686371633,0.2071882022199891,2.2887160420073136,0.22130589411303078,-1.4561013444317485,-1.8831110133801434,-0.8124117377378787,0.9375153531792736,0.5317700816141872,0.863524748257569,0.11348990604391186,-0.06147410391830258,-0.20976922552524574,1.6084443698491293,1.1636919641903416,1.2614886553488003,-0.18855725584014607,-1.2969866049098167,0.23998289732221106,0.39869570959549416,-0.6529330931376137,-1.1340409481797475,0.9956234169176568,0.9537972445915937,0.9921599371556207,0.21692711180653013,-0.09604946461055015,-1.7948707337184233,1.8985791723488779,-1.0835446003194635,-0.7121931048275841,0.17688350077357018,-0.23131931407131331,0.3094426906444886,-0.28934420676318157,-1.3345797234438832,-0.6230479517021323,-1.3558263526432344,1.1689252070921832,0.14266195351341568,-0.09033108309043703,0.7759179859645229,-0.19794282545564382,-0.6760490706038377,-1.0996146143577972,1.066654378993344,-0.17508193476436196,1.7428177143064985,-0.6776770157078115
sample_077,-0.3816707222140041,-0.00978033054463336,-0.31896655422110703,-1.026696494676069,2.000334758436716,-0.8930414584333062,0.23915871539596242,-0.5266716582450198,-0.23785354702183945,-1.8369536292532793,-1.9643705799356426,-1.3059610931172723,-0.38782680750183934,1.3269394435456634,-1.2721716893153203,1.1320046170654197,-0.04577875732986663,-0.1914526947840574,0.8063422980694446,0.9102897529623255,-0.8765635782913563,-2.0513057426376333,-0.32092402537601905,-0.004119173829880986,0.24234993442238784,-0.22921319425680867,0.8974725499281702,-1.3034506030880801,-1.3853280610903707,0.6063727338519647,-1.5916002057434624,0.34742499442982994,-0.0999102809609973,-0.016815566742677385,-1.415269670680457,-0.7020635544408944,1.5285136481517485,-0.32864453665223126,-1.12459076504462,2.0208864880121267,-1.5347933982000443,0.22600418901050903,1.5563415819150135,-0.50211726375135,-0.741294180327043,-1.6704505560137146,0.7297888655654354,-0.13275543744202975,-1.6633055785206452,1.133119027117109
sample_078,0.8019864142508165,-0.5532611329397285,-1.00711449161299,0.981436362864997,-1.3357001724091861,-0.27848363333970555,1.5550945780937209,-0.4600324452891242,-0.2055066318562791,-0.3031203222286353,1.52303073526691,0.3738046017648142,0.0005341227663445838,0.3175401465413819,-0.8213908400441848,-0.047307040328804194,-0.06150870311168836,-0.2577195482019447,-2.4296440617256208,0.04353975758840907,-1.0681835932557895,0.9184435938426645,0.6321389608276271,1.9493959116853328,-0.6569543927943704,-0.3250241448720477,0.13747527987822314,1.506862743735107,0.776911293732447,1.4556275101519949,1.922610987051409,-0.9103092685292139,0.418182478200006,-0.38148198265732064,0.3625808589643831,-0.18304615565797355,0.10936214414719587,1.7502746386115593,1.2606044034754276,-1.1236293720430035,-0.13850615143662667,0.858843393994578,-1.1326346598930765,0.4576731126819566,1.0543082302740123,-1.5321395675482021,-1.2065733761279764,0.9934023336663732,-0.34562238161425896,0.25132277617300514
sample_079,0.9244157746869645,0.32644045716420145,0.03574430640316948,-0.3130961987678757,1.1891956875038023,1.8002033692421904,-2.4030653192471356,-0.3500032099860979,0.16465063407513086,0.9643951013978391,0.9468937111306761,0.779821739592249,0.22507450787048572,-0.47004388698292165,-0.1500940010063153,-0.7430425329173428,0.7953984885284622,0.5020924620900603,-0.5666742946105837,0.14952278078681425,0.6392746545589448,1.4429686139913047,-0.8390811310206533,-0.30426367110254315,-0.7114692449539323,-0.044189228144498695,-1.1133614765609892,-0.35504586821174233,2.0066757455210347,0.19770187446219145,-0.5982410073748605,-0.8308530763824455,-0.6600519422671403,-0.18769017118517028,2.566850796958445,1.0618238294646785,1.2251507825477552,-0.13212020481427378,0.5603053032375429,-0.14540921353099592,-0.8810586629105621,-1.9880969730622955,0.5166942879171826,1.6525696314692475,0.8168038746004318,0.7225843032986021,1.0186378223217163,-1.477817362183977,-1.3831445016858699,-0.591988467614361
sample_080,-0.7821253102934256,0.7759822039262614,-0.5906906053435641,1.1669968747493815,-1.8952059672268642,-1.9491044373968662,2.178658057119653,-0.5291344712359181,1.0319724774964723,-0.8431073049799471,0.6862314108457586,-0.292474285199723,-0.7090383606663652,-0.9631293549161473,0.6258659460420495,-1.3083399886956564,-0.1644771140289918,0.9043662592014122,0.07602112873386219,0.6086713761086393,-0.14126627872950068,-0.5754807398420728,1.1231446615459417,0.10630936422321424,0.3490353470522052,1.0470865414439032,-0.41765943223822904,0.16589064224897715,-0.4532114788674609,1.6704742354093298,1.0798104997131797,-0.3183704870100364,-0.1934794169939186,0.10140183579437836,1.2298774078645807,-2.2055232435951617,-0.9131139468207614,-1.061159200558757,0.4480181417868132,0.5295359161572295,-0.13710850189957946,-0.07965265109877959,0.19985845968176835,0.8998858916241261,0.5575691832147135,0.5114376133520796,0.39249917070616597,-0.9664483795384646,0.2369215567492187,-0.9058713369346572
sample_081,0.19400205084380684,-0.09813974627483643,-0.7116734726791062,0.8314660237907168,-0.4016536386181119,1.4785889327440325,-1.7780402586392752,0.6238766358161056,-0.8572909222433421,0.9518006450103857,0.7674692070287604,1.007417892750371,1.7595714485223688,-0.026519783267417874,0.5390851661775895,-0.155052654833972,0.47789263815538224,0.43507266858476307,1.5417116956877939,-0.9282927618087381,0.22414475642499154,-0.580995573256405,-0.05612586965558823,-1.4726219577719242,-0.8855715374394835,-1.6712433481428226,0.7388365032199901,1.321878250120509,-0.590352921241031,0.4127413417266583,-1.2071070548844292,0.5365608489941671,0.430287954467398,-0.0564912147269771,0.22628914854170792,1.5986574965010159,0.057329585372867434,-0.44438467433376955,0.7746341593873981,-1.1115553480067146,0.6275449810777549,0.6779266448169817,-1.3810385760054893,-1.1659014902103941,-0.6193949802208113,0.8912655839318998,-0.25420125529005183,-1.2228118858905168,0.34460518280898544,0.23948365432411514
sample_082,1.0085709359125814,-1.0859961719994948,-0.5159121623346077,2.3249850396458185,-0.42475449226410666,1.392395351794537,-0.6271269182040498,0.5488564847786478,-0.14921557601026053,-1.20038484968664,0.6895576812038534,-1.9018682108357765,-0.08931726927706894,0.5864523554942407,0.49020330806683227,0.5827270274736901,1.6744226638812725,-0.38244437119186997,1.2520243091046552,-0.28791819658448203,0.27325701544159237,0.9104889380454125,1.1519125513106416,-0.4352808061080768,-1.0629792592207032,-0.7497166970097607,0.5449192605494099,-2.3767308949439134,-1.1083461349868942,-0.8282971417367532,0.9650542980244671,-1.6274067254427949,-1.8817770631274535,-0.07037663018476292,-0.880619797167457,0.22807037772105576,-1.366962322417632,1.1149538709103282,1.2364559090747773,-1.533564857852984,-0.1413103020822772,1.4214797565877424,0.361979133549114,1.2499199310204332,-1.4659461252921688,0.22943589635235842,-0.45815731571332513,-0.9112892631656359,-1.3829296335603394,-1.3511448639969665
sample_083,-0.11428226969570926,-0.3063212839227965,-0.19268392297864,0.6900799006751659,-1.2170974262681118,1.0429135224821053,-1.118511583523742,0.5944654590214616,-0.9845582129508286,-0.5388878223178653,0.8965728698777551,0.974707572071162,-0.1501576915917854,1.2710201610196799,-0.1311123349818074,0.1238620714250299,-0.5367943833080748,-3.1146861211502452,0.9361620430519011,0.03323308453125277,-0.7805862224240008,-0.1684035477180206,-0.5502292252968362,1.685872124699657,0.6109395383252704,0.4605446841067309,0.49907537542226443,-0.4367158455655662,-0.250086752667644,-2.422654647584447,0.46024441468130234,-0.4098345465296904,1.4434154531104368,0.40462600394333736,1.134557802139546,-1.5345006141182047,-0.18757331447229555,-0.10167999490394904,0.5478515423003506,0.567307377164136,0.29533040465728805,-1.0819435374761017,-0.30620602981786454,-2.775245001722611,0.2658853952229081,-2.046535746240026,0.2129368773548454,-1.5061279533198744,0.6630087077323634,1.0125708220746807
sample_084,0.29129567333916445,0.4205121909533574,1.434543389166698,1.1278455784068853,0.2829400434336049,0.3390603136698936,0.2760164599350557,2.799254758198004,0.5712280108658866,-0.8731759947821711,-0.9563521241954519,1.537078621387945,0.6955441484826892,-2.4612077643752723,-1.1108102687558281,0.2417715896848767,0.036107149924303396,0.2255353648608666,0.7226921996615716,1.0285582241846487,-0.38169952871807883,-0.2767605560157219,-0.0028286827796711036,0.42320163896776797,-2.1327896982354475,0.7653415099235359,0.4665248354718466,1.5131542328033623,0.7663934544915945,-0.3177503592314356,0.2649797916392117,0.05119494886027838,0.5845273900336712,1.1765788186353394,0.21782630685182322,1.3461721073320492,0.26346036289419633,1.3350640937858238,-1.082688947136886,-0.7264630363592135,-0.9572622060382455,-0.1423611719714805,0.24545293187575615,-0.7991955736655101,-0.5911604379701306,0.4498021212399691,-0.6362675901007774,1.6506316975659863,0.028210079343502545,1.3385573957706793
sample_085,-0.2935677562154906,-0.4795565547219619,0.292170074362412,-0.8051693379956936,-1.000687850892633,-0.7559439628270175,1.3128100820211939,-0.270755363238439,-0.132758273224396,1.9106897407516805,-0.8012794766200687,0.5854940388271045,0.32419956650854614,-0.7086092352359755,0.5399286902417625,0.33871135316029677,0.2046272408633916,-0.22526135429144067,-1.0783844635208575,-0.15019596491246484,0.5440836605327208,-0.8597548803866478,-0.13924193458170206,-0.3641198624765262,-0.5070838252525276,1.5299183780718841,0.25247749732902075,-2.1616992790256377,0.3963208332556203,0.2787606502927572,0.9556353556480458,-0.31728857815116607,-0.9463951501719212,-0.5461496906159894,-0.3115962490402867,-0.6923141356920363,-0.3309557048885835,-0.45418171925258666,-2.3211972473486426,0.3327312502015663,-0.30279679653629676,0.40789691881622464,2.1187939969133565,1.201128808288381,0.8051611931459237,-0.6441367773691902,0.46585835280383825,-0.09355577141227177,-0.617556230787363,0.05613594325495074
sample_086,-1.0028778096150153,-0.515223225132067,1.0171377266628456,-1.889885385153321,-1.2399284909896577,0.2098831488745195,-1.1544501720300775,0.003995289003843652,1.1698839531510434,-0.8061460603660726,-0.5954899750638798,-1.767438265566747,0.24645199901434042,-1.1373007407613231,0.555728211161677,-0.9128995442421145,-0.3144930242082254,-1.299156199727561,-1.0073363492357916,-0.33767538776086614,0.028492642219867654,1.0939356048869848,0.9074114312882084,0.4630811221547932,0.597319228622481,-0.33586743352411763,0.7557208918219871,0.7106044128252869,-1.3145669862635683,-0.10314578333430763,-0.18161169721108428,-0.5356731340143137,-0.34111176861855197,0.8638259213344482,-1.4686325775759825,0.6225533961015932,-1.1373314791693887,-0.575772400524419,-0.4730065709221551,-0.4450876550248464,-1.0577182093247006,-0.10570407884011333,2.9234977367685606,1.046224216674198,1.8028803625225858,-0.05401750952494626,-0.6852916711635689,-1.7490063154898987,-0.16102569630841426,0.8088618551381827
sample_087,0.33639371167434834,0.0227380495673886,-0.35876528944203345,0.7240600632881234,-0.903090064451734,-0.6748950331011628,0.4865373839681399,-1.1771981336911026,-2.231877912127518,0.5217097471642573,0.17425172083843585,-1.5004497263031185,-0.22819933899490796,1.0740361177538043,0.4324131681632219,0.6910601532936791,0.2693695912421405,0.6750886163097883,-0.24177184084202036,0.9135815466608579,-0.49694110659132557,0.49400708659988296,-1.2013946139665592,-0.9440270817725357,0.6238475152285726,0.005584890971730241,2.1599550651657244,1.9980966378194507,0.6447554495183603,-0.16848318047162464,0.3412166015255824,1.4790088205277614,-0.059899756304922794,-0.0065055649180510025,-0.08854000613133997,0.762628976246862,0.90606695485954,-0.15197467444899304,-1.2614298406155418,-0.016279622954453097,-0.6948314971095416,-0.9738906640565056,-0.35283241438640556,-0.8154135376800357,1.077555509109652,-1.034309878823663,-0.23336929610956683,-0.877145150048611,-1.6121536499934574,-0.6213623401931182
sample_088,-0.6547917292188504,0.00452224371822659,-0.21740643945828553,1.677245794884573,-0.18587535325329246,1.2044094721656504,0.43728263235330694,0.14404210122639888,0.5019714753537456,0.9550583888683024,1.2004957730737011,0.28915717747994574,0.07249668754267348,0.8921846807733597,0.5486432028204281,1.657041971126965,0.7244671486885873,-0.98797649184857,2.511545039510694,1.1924405974755607,0.5142793998005192,0.2777091644379761,-0.08999173827105507,0.9824416855494235,0.790002646680219,-0.10977668017255854,0.9855038229944609,-2.0686069657085957,-0.16526187643425172,-1.1538591523490067,0.5523555038119468,1.7470125470157092,-0.2660707439551424,0.3928958030858912,0.9478140153232334,1.9936378929784062,0.1071631578968124,0.9323770245783652,-0.485138378112183,-0.9059457771465451,-0.24911838434194497,0.939337731590624,0.2185550873020855,0.7033768423118008,-0.9186323714725286,1.6117105908975624,-1.1914594783771493,-1.3218919133608689,0.1664383942479204,0.7785808234784447
sample_089,1.7459337574856932,-0.6455391528001256,1.0065703025586261,-0.09370301600063816,-0.7178047141753615,1.1253152023829522,0.295441290755853,1.382924804460407,-0.023865038751462588,1.9983309715241113,2.4015425124277736,0.4041290208122415,-1.1281076858878336,0.19782910934235884,-0.3370312594396692,-2.2354386321819,-0.8571812221919062,-1.005414734898525,0.5299036664761204,-0.37744804841924384,-0.5382126134172421,2.4932726660011864,-0.423515506512266,-0.12483102194040323,0.5624223412166274,1.0535541660510395,1.513506117456649,-0.4789369051996993,-0.09750361010347099,-0.4486538237279367,-0.8734601618591494,-1.5433820599520318,0.16993717206140127,-0.8603861184028286,0.08066647665062986,-1.113257160755653,2.3364844584031617,0.9438743180334793,-0.20849168014799854,-1.1361007191479444,-1.8055619538872563,2.02573094493073,-3.2945136357737628,0.3131119746411411,0.5202967282077636,0.7241350915591565,-0.4686099726110237,3.2927579812733496,-2.117853228369153,-1.0673647398083277
sample_090,-0.05359731066745977,0.44375172677520086,-0.04462343810516783,-1.1187351829925036,-0.5493939725081848,1.2324311418862086,-0.27224212192700153,0.2626207067913808,-0.03988833997483621,-1.075616493364189,-1.2018155802157127,-0.23632675913792367,0.5919505959134634,-0.1422899546723716,-0.927836348284709,-1.419193863259881,-0.6078959876049331,0.9105939109434209,-1.3014549999711882,0.9776292417740384,1.443726392307468,-1.1823542631468609,0.4082203648471508,0.41289876875614323,-0.9559629729415591,-2.1115110711231946,0.3721173164886299,-1.2522466231913787,-1.2145553823270994,0.01650662441446437,0.2345114001370059,-0.5242549422967521,0.2146001082404287,0.18486608119976278,0.9771077434734021,0.733362675945817,-0.44546603488609227,-1.6507626911890358,0.4439601344349479,-0.6909244643076838,-0.34311365467666916,-0.3890421352600936,-0.5672466096369968,0.721254261785147,-0.2706835292463652,0.3824533653035168,-0.18766850586256256,-2.914149492099742,0.47656997994841865,0.9012338140760566
sample_091,-0.44937085988971043,1.6238016783602651,-0.7284124440470086,-1.7152548185517482,-0.31179509933782845,0.7981798844679157,-0.11263390323217808,-0.5241776351442872,-0.15778342416378055,-0.6020795260308468,0.9814415848951966,1.003976009122664,-0.9278428112446313,-0.03460050395946237,1.057333557185125,-0.30602323126691355,1.1946627822299971,1.2583533690947555,0.7357024943463638,-0.5157914559657327,1.5286629242857759,0.18457051807434222,-1.789609257529183,-0.75326767496168,-1.6203685561558758,-0.5733223421788484,0.627412881767476,2.2558951780500758,-0.2910448025580295,-2.562312134597221,-0.14710805521190934,-0.9496661972284549,-0.2943300948606676,-0.5946861368267874,-0.9715202811669617,1.1082987557790898,-0.315207386848618,-0.4358386829395073,-0.9479179105089276,-0.24164356161188355,1.1201748325166065,0.5367156000186087,0.9256769659931844,-1.3255411035155018,2.2667650025848327,-0.09533418433416545,-1.3046353906348152,-0.7021177048855296,0.138154307696819,1.5698158458033118
sample_092,-0.5684354534003588,-0.28761811093378303,-1.580187496219351,-0.49001641199205925,0.8927858527769705,-0.25622305895571656,-0.11741487056495552,-0.6781732188681401,-0.42264702252083053,-0.8129066822469032,2.099927389635061,0.35764936842536643,-0.5339874618486603,-0.2722212630695361,-0.203050171396373,1.5649112554125268,0.9888324651933368,-0.15269709862159375,1.1172888754471428,-1.058289743344447,-0.007139697845352841,0.23328741829010385,0.7243057295081726,1.4754749454530378,-0.7372686537689274,1.5590992262682535,0.7941608867074205,-0.21540064440361503,0.20800806517314904,-0.9637653675868476,0.05706199493630437,1.0079721362590723,1.2001520384284337,-1.2009475352858734,-0.3584876806382868,0.034394719291553064,0.3143787673251085,0.13443033757162656,-0.7968773415771148,-0.22238515401414677,-0.8939502453634117,0.4428632481204169,0.9924571909552882,-1.6039257756459493,0.018446636037551405,-1.2876967725928627,0.13767882316559782,-1.361532930090052,0.9194230982722803,1.0736934410387828
sample_093,-0.7310332927349156,1.0589216346995136,1.2360373680871286,1.9277927876260685,0.13322944499379308,-0.7157887970257674,-0.4244445091076481,2.9624517641336547,-0.4080813408177724,-1.2263712355624063,2.818436970665779,-1.272315798943223,0.12706713387350663,2.2064585169782327,-0.6598773283636507,-0.38761793923248977,1.56110923704563,-0.7382822338741594,-0.5621921444095954,-2.153385456592578,0.060498472342510434,0.018789988289333856,-2.110283500259244,0.05460926988763062,-0.08486614993854803,-0.898778215071811,-0.5740620132499987,0.06148299625118078,-0.622280805152602,0.9491180900098349,0.22175945947783082,-0.2889107149111636,0.18046901811674654,0.5148404569622124,0.3250820030349349,1.4033179720674314,-0.7620010667017801,0.600094411243262,0.1981794454495237,-0.4453849750149337,0.1469912040240205,-0.3042027416077854,-2.0587984545231586,-0.616797411182429,1.0054807685099503,0.7939487043300525,0.29173610121921956,-0.5581091636998395,0.2026441729376781,-0.22115487884071122
sample_094,0.9850187216621964,-0.4035564757549294,-0.13514152586313538,1.040212340819435,1.1605485870804828,-0.4683701321930943,0.5343351463004711,0.21760711885179934,1.6469911806143376,-1.460686238291325,-1.1402509503174292,0.5614601202584125,0.5894797715860741,1.3882430625555566,0.24948073715024208,-0.22098825418444806,-0.4577463831821088,-1.0323136410803821,1.4971810112092705,-0.9428209753060419,0.5539271077019327,1.3994752731619253,-0.3755797022066145,0.7949715393207105,0.08848644649346345,-2.1204332317800754,-0.3277472367648345,-0.25137477628689986,0.9350548178874397,2.68158514747334,-0.271836469804072,-1.0246809539672235,-0.19436216721246927,-0.1076417434085868,1.1386235674891168,-1.1341201913182914,0.5816109489723934,-0.3688266920935777,-1.1245392849463642,0.811500095895008,0.27954025184429254,-0.7454425063059319,-0.4021721762147941,-0.13916716827255435,-0.4687289993340289,-0.08478072993500844,-1.0779036709183094,-0.015260801902203068,-1.7353264499707548,0.6323581070380679
sample_095,-1.6744165198995287,-1.1682354477813177,-1.222209886176231,-0.9442572180264295,-1.327950153710618,-0.3841318981067694,-1.9919894930288982,0.863313801465804,0.0829283446307661,0.07048146525504174,-0.17617654576613512,0.640617299984852,-0.07169962328200685,-0.3149946497660644,-0.04225917338319427,1.133884863562731,0.017647449511500452,0.3719179889139667,-0.4180692239206417,-0.4646208773086076,0.22114165777520936,0.3670527885730751,1.6760239277146187,-0.8746201834238342,0.20265384363319802,-3.162928888658119,-0.13952994830290433,-1.1749154969783246,-0.7603403404310184,0.6840902197457885,-0.48433581914369933,0.5249344971438943,1.6633094508588486,-0.47405376811243466,0.028332841637614996,-0.6051312748296517,1.571857061884268,-0.467127147636108,0.2858908825461722,-0.24590129788930043,0.5754067294887675,1.391276656719654,0.9773418894921837,0.1967934011149879,0.08923599497175376,-2.2228269637032616,0.6221020798904167,0.22777495252691565,0.43684947936849017,0.9156972971640753
sample_096,2.500847248293298,-0.6628199566905015,0.10219605582918233,1.0294684401400773,-1.1931901317663525,-1.3820788347507225,-1.3056257889178733,1.0229351653900147,-0.08014001702263597,-0.057692288575052784,0.17249298243150404,-1.0484441001668592,-1.2588932255858922,1.0616968181101414,-0.6950004913864131,0.07718819554556246,-0.7609454264499377,0.540478582996662,-2.3004680968441367,-1.070943001473477,-1.0780159525795825,0.1011332758719013,-1.1123274792870248,-0.24709882649587595,0.2967199889117126,-2.047036290025912,0.3041843282450912,-2.5728314411575273,1.839467172946937,-2.055461117520349,-0.7868508219726427,0.9233421189475329,1.541577357688957,-2.1700223271616705,0.2628068347801119,-0.890485730745934,-1.0036102122373964,-0.2619452730736566,0.24383909761526773,0.5904886926692455,0.44548097771428347,0.8434153051616864,0.32067341999627486,-1.503105157181892,0.09166078791440298,-0.9718441978700767,1.2662274421115163,-0.21336299077491985,0.01762556537163335,-0.4285287667892488
sample_097,-0.24076576009011427,0.3839594727715379,-1.0615941989494513,1.3172719182595871,-2.484335486132662,-0.19876175864435974,-0.6153485155058132,0.6615932935529634,0.025591595766500358,-0.1539333115427304,-1.144697188199559,1.1093625140064167,-1.8925925668399015,-1.343290550092059,-1.1592589265014146,-0.5589550786497461,-0.9209165346199991,0.22919521026669082,2.283664897360822,-0.6466771159282495,0.23166438808476666,2.6092475410623774,1.0163387770273926,0.11127358741662254,1.8396655237970332,-0.7554291706254992,0.3760770868369431,-0.5779175611049134,2.06352332728624,-0.9497432481108686,-0.4913012893083161,2.4074220399520416,1.8739699638045253,0.16300780814373234,-0.7115175912860755,-0.04442727465234235,0.7903452571052951,1.8019630293281033,0.3601981600440849,0.5363314890237025,0.09800777786428058,0.5940310149885146,-0.026450982721747666,0.20254818384498785,0.09743490432552736,0.8560297529112739,0.4868127352273505,-0.30887419987410486,-1.6518627821342966,1.1391077848997901
sample_098,0.04748767985495997,0.36668632678999236,-0.20133714240832265,-0.6614356632910614,2.2445341011918503,-1.1186253031146598,1.0434730598727262,-0.3705747973497718,1.0793357230986935,-0.8424253143093022,0.6937196636219495,-0.23340721115912216,-0.9811423977429817,1.1202182489000159,-1.289279093092457,0.42256297398348336,0.3931936692556583,0.8038364150653117,0.06607410239115466,1.7790017900898805,-1.0009770572914531,0.6370363546245096,-1.5402473981575007,0.7582383889280386,1.25940995293939,0.29987772232883203,0.8159058025258153,-1.890808367267423,-0.0791035136108232,-0.06567003890715588,-0.9097840010124458,-1.0565146404370915,1.201989484384868,0.499878899766126,0.5354633077629829,-0.3826848518355051,1.368936740780613,1.5270778055304812,0.2925437129105285,-0.35993262188735414,1.1052580607522116,1.250393577563005,-0.026145485098095892,-0.7770564370475886,0.9091249352164563,0.047989143306834514,0.6001623914212901,-0.48507472814898256,-0.20026452008765736,0.4850609224275779
sample_099,-0.03199633156571235,-1.9081988579150242,2.1950498597340973,-1.1458624574597767,-0.39012954224417096,0.8817273392041207,-1.2600736626276707,-0.7875027813481273,0.062235806163219394,-0.7015826204790756,0.22245409037699296,0.3441324483618899,2.44294132165262,1.455680503069622,-0.5448775847961048,1.154978746338543,0.11220418777374547,-1.3028572118035437,-1.0726678560680174,-0.08910415978057193,-0.5682158653373381,-0.06891706255674707,-0.5682827711598748,2.2084470231135773,-0.09377924554255916,0.07903267426402427,-0.487456230870469,-1.2520695726886306,1.033610108678141,-0.8533249817975535,0.10773790501733395,0.131428845327083,-1.406917215127838,-0.48881870681726,0.16611747159224086,-0.839497183101352,-0.5121537294479821,-1.2811310729190082,-0.11172313315631012,-0.20971247191529271,-1.403190501217187,-0.6990835237236245,-0.7339140793614425,0.43385813680194574,0.977052407265587,-0.8684601546529152,-0.1670167653137611,0.3424454085287949,0.4455581349837117,-0.23653758928863106
sample_100,1.1913354480666243,-0.7694999402280901,1.0873518084697116,0.7855890562058409,-0.03284928391617974,0.3826095082737342,0.13944058946287832,0.777806979238393,0.2737504781013314,1.784198551629567,1.2081987072673457,-1.0739001536263595,-1.909708490431356,-0.19006931458991785,-0.700608607495129,-0.1474697954551847,1.612340903040767,1.633104548474708,-0.2505352294388115,-0.8951141444055766,-0.00438166823671159,-0.40282858228815843,1.2979365326115901,-0.9167310226274693,0.5129626125753826,-0.5070342093917325,-0.10498095977349055,-0.6024989363554705,-0.8763258144123934,-0.7227522065661564,0.2624611120685955,-0.8310515293155322,1.3927003640635973,0.8529467270547114,-2.3669160387110386,0.803729845716858,-0.7492612311859449,-0.5070193692611531,0.054959278331160946,-0.3772222877930701,-0.7373422825921354,-0.008880722277771393,-0.6411358798778811,1.307220386056606,0.31127267218319404,-0.3955517991382798,0.34732981865948165,-0.07673662314119953,0.659271105179283,-1.3338295399890425
sample_101,-0.5485008397058133,-0.1753985860085446,-1.7190527164504548,-0.3635261847934569,0.5828296375075307,1.6049967250862476,0.7365488767353279,0.1613119384275692,0.9038963523864975,-0.41460594720241994,-0.5441955445526535,-0.7412479471679294,-0.06845058248878294,0.4492894304815167,1.067566408487799,-2.1180336978901484,-0.6533045946610634,0.8539723971735019,-1.4256113752324553,-0.269600215576091,0.42308488874760064,0.26971670422805655,0.6910297470522517,0.22743213912517352,-0.9930687060546844,-0.17899794825763196,-0.4893887592805476,1.1683017034929197,0.7833652430562461,-0.5839529914364799,-0.0017938443599632677,-1.0580415400005092,-0.2657253714444901,1.2188300809756458,-1.2369147944945607,0.8998137537884663,0.741538208874047,0.5649582971034375,0.5778691408530549,0.33040615311708055,1.3380668333237662,0.7774255108369277,-0.20974224227884877,-1.018459569898177,0.8973384752793767,-0.11367775889966235,1.7859308354882772,-0.013273732077997721,-0.30203815173612386,-1.0730903251863362
sample_102,0.30105134366567393,-1.832184226615624,0.5756658559586252,-0.23625789165240918,0.29479931382432567,1.3135448692423632,-0.8020888896212093,1.151720785098516,0.3223044318612087,-0.35635478814359683,1.1107367848332117,-0.060593698684339434,-0.1340060172885687,-1.065958393544463,-1.9315265634964065,-0.03242233297601851,-0.8925382628504452,-0.3602251214851646,0.380768152947625,-0.022949583998536836,0.1670897880096764,-0.9408594918947895,-0.13637850335686172,-0.4064349170973179,-1.4563575182690176,-0.21674471914107427,-0.9333949663076037,-0.9218132582016539,-2.092486386046336,-0.6746071966379996,0.2244310277617759,0.2805744956146995,-0.22356168900517212,1.3398934063488046,-0.7964469082218463,-0.8414097678933992,-0.5342619027439998,0.8304531646259046,-1.9959463566254438,1.6752834603033406,0.4186952236864319,0.4899443906076915,0.09438017046486351,0.7357824191808394,1.0741259034357629,0.4481522651434724,-0.7772526564546711,1.163206884502357,-0.4863908432886814,0.5041014086944015
sample_103,-0.4010947045654219,0.38335127386535306,0.24048083860701905,-0.7574548965130715,0.541143981875059,0.18713450521592764,0.4162543715775109,1.3902480407328177,-1.404054647194321,-0.24452654255513545,-0.23324023770732627,0.03613776036434265,0.49231543010156653,1.5651297554248422,0.1493710532098411,-0.8714173225640799,-0.621290263456393,0.3799284873562255,0.023305344819377145,-0.4161234030798024,-1.8906850658474805,-0.6886796025581466,-0.9949463049321752,0.8851745134319621,-0.07277467924172208,0.5631908486502031,-0.7535557438578974,0.7455738938851534,0.7275854065187967,-1.340835585081263,-0.23647974630873514,0.19302231527685854,0.8020985469583128,-1.4133149938709628,-0.23867384996962263,-0.06178961126732472,0.24940375515567448,0.44035347196996133,-0.6105697139834011,-0.6095228990146687,-0.10982229637076002,-1.3529185450937522,-2.356660687123425,1.1870254204550226,0.28916602497564486,0.53003296776699,0.5659809827882638,0.04594847677832699,0.9214197589364694,-0.2451059006190877
sample_104,0.2476444416222691,-0.8418221893068403,0.05806975409643707,0.8459297099430154,-1.1543672807592475,2.413668140789723,0.5097003006465167,-0.4820846963380239,-0.3756818384904893,0.1590886481798124,-0.13107142403701053,-0.5965634455814767,-2.001575213314156,-0.2305114053076252,-0.4567287465423634,-0.44649686898663377,-0.19290922982425948,0.38567225277842504,0.6420210755984409,-0.09991394040346388,0.7581122751851969,1.4218491449401993,0.003303730731720352,1.7263269007665205,0.6574514748767201,0.16040242059910692,1.3883473952426066,-2.0198649872376895,1.2536129178189248,1.1027349652950735,0.5382578561805118,-0.35973127325103993,1.413120721738533,-2.343788709889683,0.11462205085806268,0.9228594741146222,1.7087658699577617,1.0541223575866043,-1.3151811659924535,-0.5059856104700549,-0.12733707490104684,-0.07131827381470766,1.6696227162264454,1.0767993032026306,-0.010773030133764887,1.4789487747636432,-0.8447913611567847,0.05836974585054246,0.9188231243897423,-1.3646548292417964
sample_105,-0.6200206449194388,0.03250344258636261,0.4977216867211446,1.1387253108576123,-1.3459268153563748,-0.23325833387585537,-0.07605101766168837,-0.3829491781721577,0.7435043635609503,-0.42599373617824515,0.5868617111033209,-0.14322627232255708,-1.4467647811103568,-0.5283827031345718,0.11537139859357383,-0.44447101014059676,-0.8458211680074343,0.5314686349992249,0.27109314771609233,0.4914312967328247,0.6298659512975653,0.49001337226723224,-1.7862105673170274,-0.47906451864126115,-2.620516022859852,0.039427751333733684,-0.032358418189817766,-1.1446013002593016,1.6826496394207724,1.1833916314954998,1.7952415305147371,0.8659723063162232,-0.8050581399299823,1.1412498254298282,-1.838338068788816,0.6720946352473274,-1.8838182377064845,-0.3977643129843136,1.4878461549636626,-0.5626753015510241,-0.5921327846221827,1.1852478468254932,-1.3846067314380397,-2.2870701078511737,-0.04146561603503757,2.469539643543442,-0.03354151153238066,-0.04315702697035296,0.24359402227954055,0.21116416942252492
sample_106,-1.327736212111865,1.4086402994407754,-0.045418797348512896,0.38868570629690163,0.5131590265728153,0.292373712935407,0.6220795803572384,-0.07380497815934454,0.1139419881643621,0.933944981294438,1.597612202653273,-0.6646250338461461,-1.0676330531296339,-1.6630269284972685,0.33587980373157705,-0.5912880805133901,0.6186320653893025,-0.6650751462827986,-0.0835133303977669,0.16765945150229541,0.3011328120010167,1.024758192731378,-1.0000668440258522,-0.7007702674625584,0.9970461180509622,-0.26543765107687567,0.7766899682222727,1.8583337440544734,-0.504714109670255,0.7772996420047404,-0.07317986720345714,-0.6405361143112991,0.7897715487192947,-1.0760834646887851,0.5977085240411683,2.0497982977680875,0.04999539969582806,0.18737886065945963,1.0322215157128163,0.2945741169870083,-0.7987651649771921,0.02273120759169586,0.010825117722623349,-0.638761235551518,0.23423308228135498,-0.02420799838862774,-0.8094747084776391,0.9056069603632733,-0.6756625889383868,-0.5347520046713499
sample_107,-2.471961561055662,-0.8695024037090923,-0.07442105501423979,-2.487973350705594,-0.5007504641970546,3.0316459977048975,1.182879772334396,0.9696085310684777,-0.8112052072965084,-0.8885391269178549,-0.3263822262061193,1.3083292751059257,1.9438942353506545,-0.4259251908883516,-0.9249967569294346,1.5688121280416023,0.7035134634077307,0.19464194459753,1.4872711235292797,2.5902320766975957,0.647051758933968,-0.9389310366438517,1.0094143826805604,-0.1393179433775786,0.32191312211318673,1.368089177401144,-0.6409866779715401,-0.4824478647165984,1.0886444722405961,-0.5834338444795758,0.803223561038539,-0.5235837678193851,-2.0846405728223263,-0.8569297685710464,2.112848890303139,-1.1961543490252575,-0.0691109792256547,-0.49223576053446333,0.21350532206526052,0.7946565054360037,2.47799701470098,0.8556056412750209,-0.03942369756939173,0.5007857275543517,0.7693045779832609,0.7943454232503718,0.0069042994280086025,0.10676610531806872,0.45510487922505716,-0.5223955281405478
sample_108,0.7202402316119975,1.0997075078859309,1.4934596887823786,1.1521586981578342,-0.6786579554887848,-0.7158648719575086,3.406890097199604,1.6588772051680307,0.306185063110668,1.7596344108511632,0.3718963736480645,1.1391403497268189,-1.290328693341201,0.8350518904272419,0.5470648565300722,-1.5995521618011503,0.2679558262051323,-1.3710152902061028,0.41245171752060406,-1.733890800894971,0.5440240919657473,-0.45153436575343836,-0.2738189919014027,1.5204899599639952,0.6768344461331124,-1.026355217370041,0.21860027232388057,-0.10518738822669324,0.31426236964614057,1.5184240351424996,0.6440186562608222,1.4510874364395183,1.1802391704558393,-0.04232889878682622,0.772960708555281,-0.8243257217864178,0.06579187812957092,-1.1734547671452995,-0.005008675069396611,1.5077097715590178,-0.45723505083548255,-0.3894967805564156,0.4465768217251555,0.1450684783486957,0.664817309694819,-1.794408835020391,-0.8159455984859866,-1.366473604029231,0.5417858575093749,-0.6364616235949537
sample_109,-2.2959374912373143,-0.8529359401339591,0.3421704202476355,-1.2114790045751744,-0.32544940478060186,0.39832515030193705,-1.2638676737330237,-0.027255837634578107,-0.7849057321552461,1.6892142514685307,1.1071769626437749,-3.197948054095953,0.5911150159069619,-0.493337362825799,0.616978831383006,0.9394310982586009,0.24392291684959339,0.7926866647464221,0.7503459651082033,-1.1026322674333395,0.8997975826225789,-0.23707696619915244,0.22891332611486492,-0.3075449665689783,0.310337989922491,0.7824069855318625,0.6366771062574752,-0.7100145147196536,-0.32084055160074654,0.39859505263403877,-1.1358413534038152,0.7716475294678375,0.08780581912200244,-1.6264575856897998,0.695279629899509,-0.2662378925881955,-0.03519679104316709,-0.6963312414647475,1.04586373014632,0.2309610883535665,-0.011849864917497432,-0.251931379875388,-0.8626848332515918,1.1675796625545574,2.5413843113441033,2.0219140232263744,-1.2162845846326003,1.496465166591062,0.5023889636455546,0.9179640925736007
sample_110,-0.9267136030025407,-0.4654569574441711,0.6234156292464472,-0.44601918602448665,0.12470784056308637,0.23102193408922655,-0.9101198361469873,0.3228834856544494,-0.2325636306858933,-0.005996163173892753,-1.7676667989434176,0.29890836614967997,0.0029996193778993475,0.15724975684660644,-2.076826798173741,0.12406409123199141,-0.45148845895472356,-0.3225641976109894,1.6357020627754137,0.46200884155185856,0.497447805663104,0.944607565645,0.101700107916442,-1.6959257947399007,0.7751794494483575,-0.957727769003641,-1.3250918285334212,0.15429969504550006,-0.4308263109797735,1.0777359871902767,-1.2806072028242095,-0.6221882796126188,-0.03775944403178758,-0.08693602866569453,0.009129168489666136,0.9234109675624843,1.380578645406968,0.11089787391343216,-1.4036198574434766,0.09330511661214227,0.3317438288096327,0.8596344795648927,-0.6660218474806355,-1.1005303323343958,-1.361992032064741,0.7825108342317904,-0.8294873385000731,-1.1250002820942895,-0.7337936477683927,0.6601683011761719
sample_111,-1.1465023288837437,0.9580182364339707,-0.2589629486506527,-0.2464733792758491,-2.114406968103762,0.10078741812483231,0.18583154354773976,-0.5365251416390724,0.02201025103725771,-0.4438387771412857,0.42511969903318464,1.1388226883666932,-1.4771220988475577,-1.3010042061014566,2.0384701430177934,1.7501633991849017,-0.0849144899670503,0.6749821569109421,1.2137265548454894,-1.6382507656968026,0.4271294364724938,1.1377588090644255,-0.2851848948352986,0.33593278960171824,-0.29941795560209583,-0.001733922874924122,0.7664451287938456,-0.33413224899964955,-0.6880606911527222,0.9519357364166622,0.1502111320311914,-1.1816604035315237,0.7284692618363514,-0.9427210154918318,0.7956231980200135,0.5377466687910561,1.5368921268387767,0.1880998139866022,0.4133515755119768,-1.0232485817203065,2.0573508063373556,-0.45036024886338066,0.8785402659619195,1.3924885631396693,-0.5980777277823974,0.3696764934806611,-0.46042486878631517,0.16876069076187578,-1.007801957994221,-1.3995959555088722
sample_112,1.346345841792588,0.5688501302900814,-1.6587640117698093,-0.5280836775757479,1.2770112751545937,0.8016176436019437,1.1783688430838428,0.2983480038820405,0.9511470409134747,0.13495004003017885,-0.0616959969360973,-1.4145141952863804,-0.2957350728429726,0.7152557422969573,-0.21211577586609734,1.026195778129706,-0.8696256396392926,-1.4040774847431126,0.0649185690075323,0.40271712251351127,-0.3685993837996624,1.67144716018186,0.06358574825813927,0.2345579424164807,1.233380521777225,0.9844889369040778,-1.311529917109801,-0.7790778622902874,0.19936113403466507,-0.8712849358507657,1.0905205492795618,-0.8530626618782069,-2.481831965087709,1.3177562430918917,1.4534705626332316,0.6109169407755137,-2.999960966013792,1.4776042604506718,0.34087994522738546,0.28290714209131973,1.23472623884301,-1.4177727324100908,-0.3146892921017183,-0.23269841856137877,0.735466955552998,-0.6831852306179039,-1.156605166003671,-0.7902069333396857,-1.4932250732827483,0.5840329418725786
sample_113,0.23860505036294566,-0.9185021562368325,-0.5695332672815262,0.1452130694831932,-0.42662611710039094,-0.7249462039019551,0.02563393373043123,0.5342684347861042,1.2012490789342107,-0.09201766980525378,2.052072376036262,-0.5756615689272975,2.1947968842839174,0.5510997961080476,0.7024905587325724,0.7224674721431764,-0.5537497311638385,-0.31505871201839203,-1.2156532150126107,0.8533116029416071,-1.115889055056795,-0.25945403070086887,1.3973395929424306,0.2797916121562765,-0.5978101108239715,0.20092560840487012,-1.0651554163090173,-2.269983022727656,-1.7110480281712928,-1.2375503924584752,-0.28247022367369184,1.5463674161209604,-1.5334882337490086,-0.6437267005289439,0.3073859135863352,-2.0205040547182294,-0.10957885866370055,2.685600883791263,0.32414695793173565,-1.4608004219345667,0.8125937952623972,1.3396694995893113,-0.9036001561056658,-0.04038540866753837,-0.3465096341565589,-1.1378271198770662,-1.4859994731363662,0.13082114999966943,0.2524172936599888,-0.5968945670834753
sample_114,-0.32062042432898424,0.2930734921444521,-0.8557331196167423,0.2738879927965852,-0.6137806805679541,1.0479125746552551,-0.05301672645997549,1.9277775607449792,0.48282583683780494,0.5866272062434215,0.5116452393670384,-1.05722772007913,1.6573471376392368,0.2404239783520421,0.7827623442168784,-1.1401495081197746,-0.5328251386024526,-0.8721287787947182,-0.3212157665798733,0.7949537880719938,-1.4765097125995212,-0.5498807549970237,0.25779425552514085,1.22965356463914,-1.7784400215471041,-0.48944945876848467,-2.0458652204846755,-0.16005813824883625,-1.243442095624942,-0.9870083028481398,-0.5426363035468336,-0.4314160061675696,-0.3268476737662577,-0.271135711031477,1.678198806775447,-0.2857576363680327,0.17481405605003725,-0.5107126349642516,0.06884184760670597,0.006437265219122892,-0.4732450870017243,-0.018939380394432243,0.6549721094285906,0.21865966839834639,-0.3037560368073485,-0.4580050240511884,0.6796643581241836,-0.2146174303646846,-0.22670307302429296,-0.8629882185532678
sample_115,0.5665707065389972,-0.7662236906189048,-0.6088002921124982,1.257987444653207,-1.16750068036231,-1.6857526178727587,0.035631882373471306,-0.01612828331040786,-0.3392947134139484,0.8951814599437988,0.6627877680169548,-1.070078488285321,-0.5473935016021927,-1.1733124577589105,-1.9146127631040981,-1.4901359220782175,-1.316821958020005,-0.7440537593087797,-0.4689421649372195,0.6236621419821036,0.4249150157986994,1.1409880270238142,-1.0528208954205178,-0.15223459198577502,-0.31744109855878705,0.7240591547860048,0.6447544817665336,-0.7282848688161749,0.044058353085641176,1.0901215004998779,1.0259421164847893,0.2918126847587292,0.2104716102332095,1.02474435623357,0.19231541339376335,0.9784463498081906,-0.9604006497008445,0.4711093539602021,0.4357325512099952,-0.20423784436735223,0.11682788354719721,-0.11070325913844656,-1.3725453127288942,2.1586580932019093,-0.2816566810238427,-1.2811521065834948,-0.38668078649929144,-0.4586360079500209,-1.1481740928945785,1.138985390446171
sample_116,-0.24637634789886867,-0.1682067309310137,1.9317819769574667,1.3268037186400923,-0.6989352373883443,-0.18551811615030125,-0.1340334115514359,-0.4303960370828428,0.2653155125929528,-1.109326139630793,1.4665312687846457,0.8770834697474134,0.1724895024196363,1.3488208048516042,-0.011457974225031307,1.6658328050977276,-0.7115400079596295,-0.1557610013167866,-0.44009447170029803,-1.2012068778761256,-0.8935976573811375,-0.28079248768448734,0.5048334211095222,0.4509106831085328,1.2433324735793378,1.138508894759526,0.19779779425921862,1.3833947868399332,1.4410556037486177,0.9827866899530616,-0.04827384731746075,0.09115302613024716,-2.4142405354413956,0.4338111798919315,0.7404194655084367,-1.4073311641934505,-0.3683101002110178,-0.46648967399980346,-0.07073907040650203,-0.013958419062961618,-2.9644144175940568,-0.48560151779278504,-0.8320094830685464,-1.344882294572783,1.6110246750955746,-0.8066868459583214,1.0617160248494584,-1.099681460631811,-2.3374454522961567,-0.0026510299423898685
sample_117,-3.057065303980229,-0.8066384428486743,-0.7480536658327017,-0.07592265526578343,-0.32647952251574386,0.811505376978185,-0.9853792528753954,-0.8196660257506829,-0.31970264029763623,0.8579806689090752,-0.9119593094588156,-1.0924831253515692,1.477040195557032,0.31942661188158417,-0.06425708569892957,-0.3481449343716989,0.7873751443120516,-0.45899819894985594,0.4797099928384826,1.032502775840571,0.4805624558447752,1.8748475818358943,-0.3078336933016972,0.47004990180078265,-0.9497518514306512,0.3557363118431848,0.881678581980769,1.2707141177140022,1.383710312911,-0.017817644568103114,0.11753626736976157,-0.8875445121399073,0.9198504091603642,-1.4945798532649868,1.0850958035154605,-1.1434973616033235,-0.4764417094654857,1.0892964239796716,1.2110787682216297,-1.25061075299902,0.08897123319783866,0.7954656142424175,-0.31572844599357686,0.04014593473105519,0.7497485313048168,1.3611527874040843,1.9979342549817038,0.37905068477954545,1.857598785416303,-1.028331226313999
sample_118,0.5366550275167598,0.11732254035076672,0.3801305039308304,-0.5494182602816801,1.6831899572955886,0.7998089138149378,0.5915202546399245,0.2100297494119727,2.560045720998195,-1.589785759639751,-2.498055480621669,0.5384594808765824,0.31294497964374485,-0.4491035089505537,0.19110872013003508,0.19934648122301932,0.01291140480883681,0.22488529653348305,-1.0727579733867343,0.6120637059975995,-1.1600450792401193,0.6685558442958789,-0.607843641076487,-0.4879352634145672,-0.9034846863646663,0.49835004587662074,-0.6052166901207244,0.13419303403961436,-0.3995862124823269,-1.3385847818265,1.2635214253476181,-0.3981175589376,-2.646939103732551,-0.7042898621646114,1.046468628944384,-1.8647350031389927,-0.66020869358203,-0.9885395818655185,0.3066290415207747,-0.3475214803982802,-0.49490102941234554,-0.4179666547401663,1.1279795485324524,-1.3652718373609485,-0.24505700109567755,2.3350709549323128,-0.536899253729716,-1.2447974049977837,0.535830947927992,-0.6347559361187881
sample_119,0.7197127943252319,0.755525878441939,0.7088432617439625,-0.1355865145227555,0.0608459641797241,1.2318641986721954,0.5627757452566635,-1.9284211346581608,-1.2647481894178665,0.16285582756411127,-2.621645639684226,0.7987917129116521,0.6585485368994548,1.4415875715969708,-0.45053774010870407,-0.4009079529247499,-0.8708349195262702,-0.5470936831168661,-0.7185120601144431,-1.5526003427677506,-0.3180973644737775,-0.34057165182775795,-0.0768338131786771,0.581104073077982,-1.2395549523327858,-0.9236996930953484,0.3605527587624897,1.688093055341966,-0.07077273069617573,1.2871505445222355,0.6792872822180368,-1.4617460499760178,-0.7587131435524852,-0.253874299505554,-1.4781080631116188,1.0288718040375346,-0.7125754135404534,-2.6203255602679314,1.063771472557045,0.9643431938559368,-1.1904435774464348,1.4482703743538652,-0.1548179858559646,0.4535062029611297,0.16234785301931604,-1.5149224780360064,0.2247461119384152,-0.30421545469088024,1.702649517215614,-0.09410674541488431
sample_120,0.2505008268413283,1.2884420914549195,-0.023703486889955407,1.2205617383981113,-2.4745966623245903,-1.79133615019277,1.3572870141262523,1.214567705990509,0.7630817983548187,2.060395161852184,0.0698984321991217,0.9012551156152155,1.68655422812735,-0.0038235064569913674,0.41651169639646096,-2.283924469263542,-1.6327294181023655,0.677621875840325,0.42124355447905093,-0.3798692066739218,-0.4476828935576333,0.41659871346654526,0.07138928231966492,0.12091648616163801,-0.17171486001830105,0.19342033396917196,-1.018858971874393,0.5189884590356554,-0.08357476895161872,-0.48690159123143184,-1.5054329388881116,0.059612697303413224,0.9797034710877554,0.2555943932673073,-0.1631718295679347,1.5118369384800026,2.086370300497243,0.3538868268256709,-1.028763699849877,0.6567556768217552,1.0636548013485938,-0.03645659089402123,-0.1179860155186854,-1.024125480100809,1.915446203525697,1.0328102211145818,-0.01936002530996959,-0.5870072026286957,0.20272232302932883,0.11761660456796884
sample_121,-0.8671740233127855,-1.8962194221880202,0.4640514914387282,-1.1175723380422014,-1.1410235924201746,-1.5218977295192107,0.16255673282993569,-1.399622357728608,0.12451091084385597,1.578643741716784,-0.1311381367520949,0.07751837334157706,-0.32778802210594504,-0.8083611033204566,1.9012334504456971,0.6392260441562871,-1.4922002268936951,-0.35453494225196514,-0.5570043275631372,0.48791031840925164,-2.1069354228164787,0.8768906701362708,-0.4737115208767227,0.6819532058368699,0.9959037940758787,-0.22593784680799975,-1.2584097015199451,-1.324478917704082,-0.2728123097710209,0.13555773506375107,-0.44178556678341124,1.9113453740836719,0.17827820596858984,-0.17937581501323738,0.9247232660232328,-1.002076383173532,1.4553657532833042,0.09412533946793186,0.3102709302721431,1.2664366105821145,0.5568235472982389,0.009914471680837323,1.0915449685079788,0.8924190524358591,-1.1161728777545987,-0.7438250907563682,-0.8974604718528173,-1.115886867562008,-0.1308083698477274,0.4666130158549617
sample_122,0.06884039805604274,-0.1751714582323092,0.2223519972236312,-0.2515160064708469,0.08191413175509506,0.5600959103586353,-0.7784425710148558,1.036916819474317,0.941122287784201,-0.7770175272815533,0.03911878038305965,0.7118397286555226,0.37213490182229036,1.4358187247511909,0.3399989033145578,-0.7807904006920577,0.8308906388896552,-0.6930979509167527,2.3301251613426315,0.45146812764409794,0.7101797063468841,1.3166285680914551,0.3784000534683433,0.4301553517917326,0.8946728984380452,-1.8562983126011423,1.1234950904571055,-1.544875478777777,0.12183257775518286,-2.34624423150301,0.9468543412413627,-0.7334697868167682,0.13429914645123958,-0.6693895152997603,0.660032941313834,0.15009904876879593,-2.0878249034866,-1.3935414876243613,0.09506697946811382,1.853721589842254,-0.44072992824364343,-0.4743951851071552,1.0702066336016955,-0.002985470076003928,2.0847430915944516,2.0823096615058794,1.1658850750508827,1.2831822688676249,-0.5346567172033622,-0.1605016227497659
sample_123,1.2703755108826775,-0.8505454871933396,1.224928288246562,-1.472671828513145,0.611261567036386,0.15773207393035332,1.8422936926834275,0.6354143980847267,-1.4634078739873122,-0.4205418510221067,-0.3528857776012701,-1.0884750132783854,2.693870295665209,0.03778211131247743,-1.6099026937679575,-0.7929132003444854,-0.39240538322658575,0.2917520263211409,0.2940162063406558,-0.13685322202356842,0.4615227250782704,-0.6086572563297443,-1.1541231402515704,-1.4760973023246944,-0.4972839987774617,-0.07653505920177135,-0.09854577601215603,0.5566939583073615,-0.9060405009426549,-1.5186274395328883,0.7521440394920763,0.686721838337639,0.6990678187484131,-0.254458898499196,0.6911540647059929,-1.0051221190864918,0.23875727541686187,1.2286539420198115,-2.484157849307794,-1.1337222478880422,0.8137810496198542,-0.819486436290151,-1.272658618351324,-0.7237283226250488,-1.0912427394382125,-2.271832651394297,1.005054562904092,1.0329350103347825,-1.7001868854437057,-1.425992618500233
sample_124,-0.08952616782403076,-0.20242692234508536,-0.9090018155751558,-1.7468167511505566,0.3746262373472816,0.6366120359769981,0.05078045518259661,0.7838514528998137,0.061102142662879146,-0.910082242397743,1.983837774022852,0.1708614813811004,-0.4682117860740408,1.1397400533172628,0.3554366792862297,0.43134061594972034,-0.6950495149181142,-0.16248187333475045,-1.4221002263392633,-0.9549406266742723,0.022675817426666977,0.6485220027743555,-1.608941649787421,0.32444224848378944,0.668096435832206,-0.24520989161789608,1.3603333002031914,-0.83749040356703,-1.0014303664696782,-0.9526093223889078,0.1328179204114139,-1.1005690980234881,-1.089458186792327,0.5893613572377243,1.132932169216399,0.01959837286565735,-0.2984018556975256,0.20745482189827832,2.1778515729201344,-1.5561072286311333,2.65552828840238,-0.8494716399825571,0.1346404958743429,0.8489887741468823,0.034815741663556,1.5185871540403628,1.5882473048688304,0.40314665687983436,-0.5245505875549383,-0.8123252074106558
sample_125,1.1232163854748627,0.32597150590667784,-0.3640644466779682,-0.3689195139022201,-1.6748667089141,2.5853293973012748,-1.0729175717878114,1.0707121575016565,1.6169658956822683,-0.3911977265079939,1.7261305730796315,1.2491504409373069,0.373998903432991,-0.6414883487911816,-0.7182753512640385,0.6743076587421841,0.9709612237965142,0.9765706873445936,0.48032662562088846,-0.06963429065566464,0.12129944016908636,1.4515355864023347,-0.820934993296781,2.028067080475068,-0.7778219619761915,-0.6156492578532662,-1.6894477984499634,0.05285041133540875,-0.03482907714707717,-0.06809798069161534,-0.09855236888855692,1.4074760244753728,2.480762971384434,-0.296518737551962,-0.8697227792576765,-0.8165837600425893,0.3456601790435353,1.0274289938963659,0.954225326135108,0.6138484692141779,0.4002763208941634,-0.3959130028241844,-0.3636461736397851,0.013606044414619559,0.3733672998834516,-0.4449329668004751,-0.5154909510746517,-1.5103601612152069,-0.021145275198829125,-1.0365370044971611
sample_126,-1.7747239198260523,-0.8151130859368511,-1.8115384892782014,-0.6599939273349098,0.8422299746889964,0.20079905806126983,-1.3400627976109145,1.1856988651814602,-0.42769645613274887,0.6410691470253562,-0.7492917305530148,-0.04385913158698164,1.6448710281851993,-0.5866312573190519,0.23882301897453131,-1.3027663126810825,0.1987814241673528,0.7092826058185278,-1.1560760717927427,-0.09085448598611713,-1.1247467081527105,-0.1559849478755573,1.2992082388043027,1.7295966972316283,-0.2733762760166212,-0.24477383053652715,1.597669196468441,-0.3374908988077287,0.04087485483411804,1.1455909838791183,-1.1267910800667618,-0.5697657542425888,-2.1513633039416136,0.03734363162760587,0.25003190001972786,-0.8289570945749374,-1.248647636406239,0.28333593960883463,1.4688788657685319,0.01652685494833868,0.5631991078201264,0.04173556271103426,-1.0251715329374136,1.3000568138095725,0.8266770656055681,0.28395122465570244,-1.1069957649458273,0.14768880818288738,-0.56517100170412,0.3007808249136769
sample_127,-0.15186715489205035,0.0417489931801563,1.423469609558749,-1.6528120942678823,-1.528729230735137,0.22336323988077128,-0.17076730067663687,-0.3324233975121381,-0.3514593086879798,0.23655946381709925,0.5278851575187699,0.2921219787053169,0.24266983268903206,0.22846003405373944,-1.3992300556510826,-0.26344468309943825,0.9971296408843242,-0.04699446279105938,0.9330296809424501,0.5287278659105513,-0.35015214311402776,2.5093424944928437,0.4412115694690814,0.5364238412959882,-0.7157908523051686,0.24000528301007812,0.1048410909225717,0.04658756637716765,-0.37148876106706585,-0.691482566715202,-0.6553663252381724,0.5811165328924703,-0.3755100379741021,0.043483070582489985,0.6380929449273914,-0.5523941171926264,-0.19404246255882568,2.278872331612082,0.3652961682545051,-1.0087326678574275,-1.0545003858420494,-2.5961558781739846,0.9357952330893311,-0.009308670709661205,-0.3476260854398263,0.8289732083290582,-0.5920831440945008,0.19595137539121912,0.5364018471973452,0.49053668511581056
sample_128,-0.10340313334316298,0.008959208711528097,0.2744390477625261,0.07745683430956277,-0.1536659756245967,-2.0632502315630146,1.260957889145323,0.6183659603307914,-1.1868306025152686,0.815818986138497,-0.9929910317987811,0.1688084696689775,-0.7369167644874223,0.7691645411019468,0.23132956667450635,-1.0566694185689771,-0.753086735663097,-0.6230945087079316,-1.249431927433671,0.5946847418775278,-0.339872019914447,1.32834825770325,0.6226971250200098,-0.8851356870111461,1.207787861197265,1.0909658791439572,0.2627366744206057,2.989661445684402,0.7069759830947326,-1.4639223723902952,-0.6682915802795512,-0.6106108512541422,-0.1043987941824206,-0.5648044766786696,0.9056516954127349,-0.15718327811744814,0.652380665523352,-0.06580200910940238,0.05154745641070646,1.4636886983997104,-0.1277170759891762,0.1099812500660034,-0.9920496928387906,-2.198584921277483,-0.010136512968554796,-1.5660269356167464,-0.035559549171903425,-0.6789943745692891,0.5355348596361231,-1.1699505047945606
sample_129,1.1045042163014689,0.23780813702981068,1.0469255865535019,-0.7048221178178907,0.25927401483005297,1.080832970573779,-1.0370895649116652,-0.465620765533319,-1.5928655856792056,0.18853797332916372,0.0016725707647712127,0.824762431015874,0.08398221260148726,-0.27275626726629043,-1.322881334004738,2.618417402249321,-0.458895152689931,0.8997977768103644,0.35619349403103906,-1.3092724523078045,-0.7685942494588197,1.7696638792167845,2.1057972400290907,0.12213500653969357,-1.1497487894176046,0.6105409438897562,-0.4807906431118965,-1.2388053597582223,-1.218662281957865,-1.3295559076558034,0.0640368675834964,-0.3412971280777078,-1.0722695253599541,2.592610095057551,-0.224937855459848,0.23030681143398735,1.204775362432965,-1.1510948887068597,0.5639602930759243,-0.09931294153737105,1.0714370015804415,-1.1817793121623896,1.285990666232834,-0.03038831800167333,-0.4112667156805347,2.8561320398960572,0.025165299807009753,-0.1679373509284795,0.2230838831147281,1.044618724787932
sample_130,0.4507445281065238,1.0040653538342723,-0.28792167471228386,1.1729407575691215,0.1622016963802425,1.650745419665403,-0.16490625952639026,0.08565409403368023,-0.9455502146305126,0.16684787610373214,0.25639951993412863,1.584858827544399,-1.4762941992076504,-0.2359496505777931,1.4318683319868462,-0.27495767195028276,-1.1740021617525107,-0.15148805126575982,-1.0253241731852334,0.07378731905661945,0.39786580112415787,-0.5499115041361546,0.40703721605758414,2.1744417567394083,-0.0045816443465756754,-0.9758942370144487,1.654930486795128,0.6770235477729404,0.054692302845193774,-0.007253065112615236,-0.9556029211692254,0.1410197801995657,-0.19036150869672347,0.44861090932597136,0.19228024511326874,-0.8195739483774482,-2.043905563246084,-2.302612306131437,-0.16689868795791496,-0.5522109923542795,-1.6061694692235384,-0.7513698353296644,0.02422402479731812,-0.941251986345756,-0.13915081534554388,0.3572654188572716,1.9201906204924337,-1.6667571502438292,-1.6592167218590508,-1.1812696252880235
sample_131,2.2902051052886807,0.22080547075539889,0.9947984689070629,2.0050197810873587,0.5328092786227496,-0.5796228187863088,-0.4176518242703309,-1.1496599469768747,0.4766997785688963,-0.18678056012128677,-1.8158644182368293,0.34994713352304196,0.7359558000644305,0.21425988282876168,1.187570516670298,-1.9855928130642007,0.4682375106758836,0.18241539365098652,-1.9109231981354309,0.44566586521533336,-0.3954343668624525,0.74739548437879,-1.5125491610657418,0.5104353698734196,0.6583924779428937,1.204576734798522,1.6439722971011979,0.5369918625099056,0.21317451871697046,-0.4321476878603611,1.1804509784812371,-2.2905793096887623,-0.8891118525301583,1.165493258167804,-0.8156568907271788,-1.227824063007215,0.33590001684999626,1.9901700083223068,0.48440798087849846,-0.3991832203418701,0.29190251361033376,-1.786297662202463,0.021532377525907986,1.8804947684222473,0.09895423382961996,-0.9220444660490495,0.5012429610516032,-1.4706632874971388,-1.3312942016133058,-1.1951053476705606
sample_132,1.7886780339344255,-1.4025844962194103,1.1120530568593094,0.18459350113826378,0.7275584785760644,-0.4547359413841878,-0.3396368133108701,-0.48437976096591046,0.8240639020599488,0.5908775462616881,-0.8507356738451752,-1.1111518810626455,0.6550481004358121,1.3437024249723875,-1.3180500850166599,0.041291332429863076,1.0938489816880286,0.7304130314199012,0.1457735919727444,-1.2645914762724009,0.9471627406749279,1.775168579724098,-1.0624471771722843,1.0933490208444603,0.8098463252286702,0.9720520440606356,1.2325002093970063,-1.296679357816885,1.2253805794875776,0.7358551497664249,-0.5538674234937826,-0.7912910149608315,-0.5231311207018355,0.09774476404320757,0.7532872866374355,-0.02180616572557308,0.3218634450947287,0.15570003869452714,-0.2972531177380832,0.17264127206871568,-0.06282776704622492,-1.932385697232053,1.3036870135511431,-1.8053759753779859,0.247365283823547,-1.5112809498234454,-0.2967671493639834,-0.573706183300526,0.8731998062449178,0.4065241987053274
sample_133,-0.3794615777693531,-1.5308460488333615,-1.968442865719652,0.7258606313898953,-0.11382646832021075,0.918243822872723,0.8898687571197897,-0.06059697462174791,1.0766874527971875,0.09415773237620571,1.2541998574753341,-0.13065186540480725,-2.116051832725993,-1.5442860484228407,1.3955151829738657,1.3015337249790964,-0.293622139789235,-0.0031826660374344603,2.221302666748459,0.925752033365033,-0.5597818076126341,0.9128849275965889,-0.41388891719007853,0.25708027782275517,1.5016260776361328,2.302086781586738,0.871811680173181,0.49599178724513787,-0.8678277220915873,0.5837112574386873,-0.12124649931521347,-1.2358050136863419,0.6671837984318655,-1.7732223397439257,0.4036217949959845,-1.5046184477903346,-0.05750043825958023,0.19978655235363768,-0.2171703202876836,1.3606263655031772,1.1263742043878733,-0.06955586443339294,0.2279954834438616,-0.6716843140807932,0.441992193007497,-0.21031704592662706,-0.04070824501551244,-0.38655720298624513,-1.4048009659334877,-0.435051310544821
sample_134,0.08468706660287399,-1.038780773230779,0.6712216377645368,-1.2750826549494019,0.3352883604214766,-0.5219274835229196,-0.5102040783358788,-0.775474598242593,-0.01067000349256358,-0.10915325247856851,-0.09641731812764087,0.6617627662748986,-0.9701200179362583,-0.28947083773878984,-0.03949556606026625,-0.9541989220271428,-0.9979267040855906,-0.06758072120981513,0.12236513390900015,-0.28889215683344366,0.27584026966358716,-0.23372453069713858,0.655316712263809,0.08395381365945669,-0.6925989627178323,-0.2437055403240692,0.06584454666365289,-0.8539120612012351,-0.29907238106659945,-0.9534507481209563,-0.43156770240347336,-0.11078071555753079,1.1300574036591027,-0.960892715701106,-0.45803486699947626,-0.2279393377806537,0.24242505193233455,1.1587425795156445,0.7215503998896957,-0.24709211370187237,0.3832885877644772,1.1120218192700562,-0.0969466223074176,0.3262397004901139,0.19050088282674188,-0.6894879000002891,-0.7791630997537818,-1.119509042618343,-0.4964875358813855,0.25857348901494265
sample_135,-0.7744662592122665,-2.447780618403149,-1.7974611407034768,1.2348782167081158,-1.486135317714039,0.2173639559283533,-0.47459502568657524,1.2391189992859761,0.5388276881371924,0.03444825753589778,0.4300008904848335,-0.1662876048266776,-0.1967024357829901,-0.11513824981474319,-0.328869190721596,-0.4014672307201619,0.7619632754635101,0.3472361431770664,0.6770596471749458,-1.0734646719560113,-2.089601323247188,0.8390006614521566,0.029193965003210344,-0.9044444137145486,1.8142333653727343,-0.16008727279261928,-0.310775332960898,0.20336569123166248,-0.30758978804583653,0.47785523751394465,-1.4218029707680826,-1.3960899624993153,-0.32887893897644493,0.40100387805581683,1.0935787255354716,0.9396662508858272,1.278913540514424,-0.7669090808784585,2.556628313459888,-0.29536001281894375,-0.1873329205543743,0.14758420699174127,-1.0075774475236918,1.489853998792354,0.2815064355279754,0.9999382450375216,-0.8320887377689792,0.4990818123229823,0.6895361254106316,-0.6696162120285619
sample_136,-0.19486148009413465,-1.342066417907369,-0.289271907034868,1.4277687452309933,-1.0965893694187163,-1.266951018060652,-0.6041905919401253,1.539282159520182,1.4161963836909985,-0.6307755705754358,0.09447318090964885,-0.6364808195216664,-2.5186447115694084,-1.1958956623324597,-0.7131219833787759,-1.8161258236736162,-0.4548591862793097,2.676229883503004,0.5678020234341632,0.7402679481954191,-0.8574114288635608,0.10603692307793607,-2.290838312341211,-2.6930962498983866,-0.6352296465825614,1.173170726409896,-0.5782563875606062,2.0941901622820174,1.2966795234467543,2.307234380630553,1.0740861129739112,-0.21230277284720195,1.4002347320187307,0.4910005776130779,-0.4349016130378382,0.22394605848582114,0.31450128546901174,0.4132598594583497,2.50402783050092,0.6452041575300576,0.5018388954413271,1.1938836120119756,-0.6444197902124065,-0.4145774849270801,-0.18844430338163873,0.2141867549119849,1.7941631314569977,0.367770915230581,-2.3159829065249085,-0.2116112982729394
sample_137,-0.7617684053268532,0.7755273975774057,0.08263550697088959,0.7896082450639982,-0.3465197617711594,0.33957573797739876,-0.9601039226173357,1.7295895454743495,-0.9878124981404585,0.4065059948244102,0.7033044674520113,-1.108727653330902,-0.6007536269103818,1.3822060513642154,-0.20170494788036114,-0.49772931783080804,0.258770049381723,-0.006849122247403375,-0.7976304018134618,-0.9533488111516493,-0.9782971675818825,0.2823128917228424,0.7768608214038358,0.46761493063125315,1.4720860652666026,1.6944961942720271,0.49397640754144145,-0.9149671546078306,1.476679781685248,-0.294545157996574,2.0934899721869678,-1.8820402500611821,0.9398722748020724,-1.6077618937231477,-2.7370599133039484,-0.39859673660520395,0.2862291342680974,-0.3262886001319027,-0.43921939522215375,1.7257348173682077,0.16187276125307504,0.6991671968820362,0.20641854569035817,-0.34619132152052284,0.5442106394855671,0.6463657693614111,-0.3681845684013184,-0.05023707052410678,0.5209235561773441,1.0203236096172283
sample_138,0.7250027698405764,-2.2976256277319997,-0.6953828173105452,-0.4796816489578727,-0.7961244698085338,-1.049093888507656,1.1956568597814836,0.16930049272005906,-0.20397958178266204,0.4811072450695231,1.10838125681813,-0.5032813014501285,-0.6939036908494064,-0.6156784758711717,-1.2380816312423566,-0.9366218188085266,-0.7489988773780707,0.05686601319565606,-0.3571516531485291,0.13226662146583823,-0.1783776674012362,-0.6260534044869398,-0.682691150766247,0.047705264675357614,1.2465520645396138,0.9178044248819804,0.834496082745065,0.567103264213343,0.21122524521818944,-0.21443284391492098,0.5654484172736206,-1.6360752032344128,-1.0023253003818782,0.5410144293016553,-0.39379612302089356,1.4180249653485257,-1.2926682242860155,0.922986366402792,-0.1099256620410027,0.6409412195253122,0.25995548372210714,0.06610297776922393,-1.4536879005351453,-0.14252084211213667,1.4250214478225678,1.1829740468149392,1.2784450026076033,1.9610905318179435,-0.5792678126631553,0.6291035900383463
sample_139,0.5687375360251706,2.193744357642198,-0.18649215715042744,0.1808338351769368,1.197144605711274,-0.6405296973907914,-0.7135088209208967,-0.8530754718912678,1.1757863300844456,-0.20842949949273273,0.02284863383454082,-0.769604927029822,0.3742625636761831,0.7396857452485842,0.574728327443315,0.5240788782668383,-0.23959686560434992,2.6322458114149327,0.4809069722360694,0.43327087680248577,0.39275851588163624,0.9101090105902284,1.8680528906432008,0.7650295050649255,-0.06566646559612442,-0.0646512714578845,1.5850953480622636,0.9782570324206857,-0.4323604864617106,-0.5518558984655598,1.3873004740887724,0.2572582733778343,0.40436562436017875,-0.6443134679284298,0.07766627187168672,2.258569705846425,0.48442178598298635,0.0022868718677399517,-0.1683871909133601,2.322932548434725,-0.7363133495760279,0.05906140932413604,-2.3109811296044196,0.142097943597974,-0.6074088794637353,0.009924340056338438,2.6255239815353852,-0.3860482779397825,0.607516897884324,1.8411512961790055
sample_140,0.04801296182753108,1.4042486500171865,0.11911497854410098,-0.8142190440867355,-0.6316564578834939,-0.6450048903871407,-0.36159351714568505,0.9656812413092773,1.0637197199191124,-0.5643945141486135,1.3417429587577328,-0.6305687934246345,-0.15208588316616145,0.3231796146692448,-0.6103302689857686,-0.4000698710935166,-0.5458919979190122,0.544466757430043,0.8972561115083905,-0.05328465915708931,0.2419762258537986,0.43069227636782886,-0.40516342247289316,-1.1580165972786927,0.38188071988439065,-0.015841170029699245,0.06734398160390269,0.895112135623453,-0.5401709817267194,1.6914011399266529,0.8317851448723187,0.6141413656302803,0.05539830984739627,-0.7909516270063114,1.6913860034581047,-0.44616034135788496,0.8827918575084568,-0.13893241893759026,-0.21387341085530676,0.20177987201496123,-0.24162721493019976,-1.1106357845498214,-0.00012631804632936693,0.0776220973954346,1.0282493542365216,0.27762966878251083,2.2185344967111025,0.2489426761544018,-0.5977056520022583,-1.789011873945649
sample_141,1.3711850947358297,0.9949265318824708,-1.4449317340472805,0.1573755854571594,0.2451097577784246,-0.4318039957344465,-0.5027632392806543,0.15048661533039687,-0.7539150696852253,0.9827704266911996,0.9027233990028444,-1.8385506308842452,0.9073363782026478,0.4797003653107141,-1.6278134790055447,-0.2644430582278313,0.5057178470500748,-2.2946642242095696,-0.6790488831332384,-1.0396884005521652,-0.4156385013105586,-1.0119928472295732,-0.187267545477969,0.3321135322472898,-0.9886754899156367,1.6747497449247686,-0.6550812107017129,-1.0711136047106755,-0.8051843416684134,-1.6992729462756493,-0.15153940694163168,-0.8091903363418915,-1.191200904689118,1.3260751465161835,0.4686167693223448,1.5738215876646755,1.1251387074997004,1.9231652203940404,0.2376296960342329,-1.7037487382783285,-0.0827199605980203,-0.9125145361011202,-1.826068262664787,1.2821247433637433,1.6402020694520096,1.1205313315835514,0.8034972375816991,-1.1023874796436792,-0.8761012175929256,1.4171175258306696
sample_142,1.1856269224583178,-0.5640937367108061,-0.4528375145583467,0.42452286291261826,-0.6517638988751419,2.4837724852487915,-1.0208018122825906,0.14989788076477453,0.8110358362957091,1.3426201940994236,2.400440160186006,0.3457173769023304,-0.6190309585798941,0.2633905737621494,1.4878692824501378,-1.2950232702505828,-0.1976628756782453,-0.8321730905351529,-2.813044294589445,-0.6125162724470271,-0.7918231002641593,0.08467588505321993,-0.2282728022824037,0.6181965161774873,-0.21868946118594607,-1.4209794350871614,0.5906395848433089,-1.2909065188121158,-0.8182946977282698,-0.19283356235317517,1.1962054315877177,-0.7067011259563937,-0.002157036019585342,0.3905367906617884,-0.9995420819708848,-1.0439582550176159,0.66109689012617,-0.10149554493570345,-0.46860697888974,-0.27764289706238937,-2.2840787827357123,-0.021024470212181096,-0.1329282005322599,-1.8434234680286372,0.42790401643617754,-0.17797846189933553,-0.5686001246029316,-0.34130639808079105,1.750625235178378,0.7098962383428085
sample_143,1.054049552758937,-0.5972012979742246,-3.0034272807455262,-0.40287954262970005,-1.6333816300261434,0.009864764374147947,-1.0703305378867327,0.6707928510977248,0.2292503979506162,0.3649352262979727,0.3209499940179296,-0.5361378708549037,-1.3217195885724187,1.7147669313984506,-0.6061791458942654,-0.28387423872874773,0.39919809123022604,0.010101094104437058,2.3224953836720705,0.6922268922322323,0.22153992367170544,0.48110712513578424,-1.000012690108836,-0.7689702556059507,0.0012950709750691898,-0.5926509325602173,-1.1634330012883933,0.09101025768663022,0.7791020288358294,0.9223212873768607,-1.0657583537298627,0.7128486262233656,0.6552712066653035,-0.9264374918083641,0.4560322800191337,0.0725780104128825,-0.24367996174329193,-1.348223752256487,-1.9989096580701706,0.7885181227963586,-0.021494049457271847,0.5989479462639183,0.8282514368696436,0.5294515564919415,-1.188857124339565,0.047716797187279045,0.5245430501835036,0.3709132607366204,0.5680018059726052,-0.6267294925471256
sample_144,0.8176672612139875,-0.41333494378323726,0.813123217305787,-0.4348155137948391,-2.2208144330202906,-1.137990902461248,-0.7753204493378513,-1.8743199118042648,0.10598485713115517,1.452597463162216,-0.40026134534365376,-0.34306697015206405,0.5727775307695688,-0.0823998057518785,-0.3078919523055397,-1.3695383833110644,0.05079918440608759,0.5973680056607638,-2.525907674552955,-1.7494291117893388,-0.4531913203253184,-0.7006745163868662,0.3516036813596606,-0.9473041513675685,0.1539129659081046,0.27217812847076694,1.3594254076144616,0.20024585273901305,-0.2091305853587546,0.3858492136687115,0.09487880346800177,-0.3624619141742231,-0.1692893721921235,2.500285513372408,0.5850580165027528,0.524006434146062,-0.2897771826268284,1.0721692832796432,-0.8945387179264142,-0.3390064983248483,0.2318798115046268,-0.01032173450783163,-1.1750879228035465,1.5868229605033202,-0.6993399937089152,0.8166432683722944,-0.9587146514458511,-0.15702633191666654,-1.6271158161617036,-2.2165666146651852
sample_145,-0.011103765330007115,0.58655595732258,0.7216137028071127,-1.098632604373647,-1.619544956073765,-1.40065336921058,0.7577513893191822,1.2613986490272735,1.4284947748794319,-2.8086687906165624,1.3065645006266735,-0.5851740348043815,-0.3101363680619611,-0.5003884571714434,-0.6883725110837101,1.383354899580557,-1.7715977427353997,0.6392531343115739,0.8535080137116863,-0.6709960397758395,0.023356861354303444,0.04288561342093192,-0.7500890694663511,-0.0077808540639257824,0.1863860923405355,0.7352374953734316,0.5920638323252848,-0.3197720521197563,-0.34771731587638666,0.1349565679334014,0.43769383284227653,-0.1144044216157747,-0.8655794704094982,-1.6184339379062898,-1.7677554570833902,-0.6557097926187381,-0.04844696349303068,0.4666793610244793,-1.5235388835657944,0.4807283860955274,-1.4035484377537364,-0.10666484755856627,-0.08721498344083291,0.28769789419362274,0.46813224044913465,2.333350818379142,0.847839625498054,0.02222630152149648,0.677903603432665,1.544501463952436
sample_146,1.3092324171723226,-0.3991493174513227,0.34309134414283554,1.2242273077099028,-0.13525794120893872,-1.2709846951351997,-0.3410193165771591,-0.43733720773631696,-0.24463877327097985,1.683094497358172,0.6553542551310396,-1.8438861444517063,1.3633800784034003,-1.3447614915854538,0.40503756301703087,-1.8476947514226918,0.5119640318162081,-0.9256757498744725,0.28400526235193774,-1.446321872216812,0.5000045538359754,1.409022374879316,0.4009648039364308,0.5150887088515091,-0.5832506811281485,1.508060609528886,0.38977893639558636,-0.7891495609532937,2.530294383652555,-0.08617969449131821,-0.6385300668001908,-3.065544543534949,-1.0572546503852547,-0.6302291571039792,0.1627561294372689,-1.516055805950425,-0.7611310753820756,1.9455353069143444,0.6363753750895498,0.4562455964059956,-0.10896309389031003,-0.46174705347572076,-1.597496270258488,2.17203172421218,0.5131262896249017,0.07332198330561764,0.12281153809774097,-0.8406668431066897,1.769934573185185,0.08383909640329278
sample_147,1.2450943357066737,-0.5092610706698797,0.5979844496138232,0.251295435144254,1.5710458391610571,-0.2976773973670966,1.1001897832618064,0.9943672342181503,0.5673721923880103,0.6827870065257357,-0.6300029629995941,0.5899033775707634,-1.179350565033558,1.6589753237049571,0.6682872026605972,-0.1513693252208217,0.3490943009010171,0.864020712127813,0.8473644993865216,0.9805834943854121,-0.6566764503935786,-0.12467819654792034,0.13459865601688836,-0.2123404958890747,0.07439070824357127,-0.8175168367694704,-0.11254285873057546,-0.14027309940939744,0.659748511730832,0.3671008643506786,0.570528468423395,1.1139441993532828,0.8045126814379608,1.075383044410866,0.020023783982263593,0.5949576526641365,0.03708343507822304,0.9808547123829305,1.2115709302311566,0.7265385753621747,0.8209875203179772,0.039028964400750384,0.10589033658718491,-0.03929590486813971,1.14918406080493,1.336624790129863,-1.1587728172355491,-0.26614741526266356,-0.5561758917600877,-1.0071692578656002
sample_148,-0.36653785614707735,-1.181338642922323,-0.12283646615497859,-1.5284383437294369,0.6773355836076583,-0.1143488350607625,1.2470975126077084,0.339398107124404,-0.8665327091636533,1.7136838762948543,0.35693819493784273,0.777354196596819,-0.49275350809853163,-0.6452736011088228,0.5601480353777596,0.6649991170276771,1.0350464666828427,-0.8548564447724213,-0.26973385375082615,-0.9634032930464099,0.796925501531672,1.3059890076829745,1.7226205291025785,0.5042221326744777,0.3984419775261274,-0.36500653600322164,0.8626281566211861,-1.2320245904437988,-0.5732201201520762,-0.6241843973999395,-0.30317625139294624,-1.430352847943639,0.3148769108566397,1.6937796708789679,0.7454645692557302,0.6816217431227813,-1.4139598051389348,0.31018212581338384,0.6165410435851462,-1.90877117944742,-0.7960450217231392,1.4024744388905184,2.101028476056939,0.630776938169673,1.152124946885189,-0.4212151362083116,-0.4850550044309283,0.12937115686338427,-1.2108657415074962,0.5173236170071291
sample_149,-0.14592211261815144,1.1916024603256046,0.3052947933708594,-0.7334030724182644,-0.4306022612350935,-2.2030489577563968,1.3125037047919768,1.620159907263193,1.1394465143911918,-0.7846079819702142,2.063872073518028,0.4400994896908675,0.5753200176675478,1.4878145219392784,-2.137403453906195,0.11546861879636715,0.5115009267289207,-0.41183726137243193,-2.7144752919900568,-0.8780258342407832,-1.0331352570348964,-0.02655648193178719,-0.4292432591033391,-1.9485668997889265,0.4433250124208225,0.3296380335861262,0.7947778501150734,1.0651622238909142,0.5573202471476443,1.9288247581579996,-0.8208770372167733,-0.16858599826014337,0.4457654620440923,-0.6279600051771151,0.1644810027198113,0.16577826306545526,-1.7178348143612143,-0.18797010452061366,1.1651859790275454,0.33712849106615117,0.7082719479189923,-0.64458487140623,0.7555309521148491,-2.6582599803323643,0.5356888553335394,0.36470976748527373,-0.07079760643477859,2.883736926190402,0.8342439681005657,-1.3076368469379502
sample_150,-0.14760190834367717,0.17342418627931727,0.11296905795357703,-1.700160220693666,-1.6641446124369077,-0.14992966916978553,0.24337105385659732,0.2791129189702586,-0.7191649997137235,-1.7246954448226692,-0.42992276115064415,0.03838329426074748,0.22330174577406534,-1.6376403842544351,-0.831358726343628,1.0676464330908015,0.6750894709940284,1.6987297798505816,0.4706766485641884,2.3494045349600405,1.3588090764524368,-0.44483760933910604,0.5947236454175204,1.3317746078961765,-1.0319380781020668,1.0840177325117006,-1.591599864772521,-1.302839518144189,-0.434755755894957,1.3013849436040779,0.8594385507765756,0.7785970867508398,-1.208343246079824,1.024969872330981,-0.06310990530701582,0.04632863019007161,1.1010418351144822,-0.33637078632690315,-1.7194106325618108,0.4048254369987865,-0.04551054221651233,0.5380105950172278,0.6105727251717247,0.5748076623168964,-1.4608568117975371,0.0612851781516948,-1.2672429637441558,-1.1016482314460447,0.9958524128191658,-1.9604738583138324
sample_151,0.12221857969181774,-0.11548626181234004,-0.5915113505941262,-0.5832294645122312,0.1787390621219505,1.0041635909189015,2.2957435897814626,-1.2697029276910812,-1.2534898521539548,2.0548053625530045,-0.5909593789649138,-0.46000761658760503,0.12132832217127652,0.8129207956650756,-0.7809016094104155,1.5279857837879114,0.679861664969967,2.6279149339193766,1.7620911853195236,2.047033954026449,-0.7540255670381728,-1.4513435223557356,0.23279256978118576,0.2880325867184846,-0.5923297071212456,0.0071387902855806875,-0.6551532151148939,0.062204570464638106,0.13094289863137665,-1.753944030860682,0.022165582399917116,-1.5191648096644663,0.7050904181329265,-0.47478412397329317,0.8836078261711479,-1.7045713553094493,-0.9905089807384997,-0.9349297340905862,0.11979947879667184,-0.4642525287275937,0.7297587659709848,-0.1358244364531438,-0.8861962844176331,1.770075809132133,-0.6746655283003619,3.1832523755915556,-0.2327318679408059,-0.5722257281913501,-0.4898251243339077,0.7634302970252789
sample_152,0.4397232537920918,0.06228851995423301,-0.4600741873971709,-0.7312039331162566,-0.2288434226558143,0.4720561946550117,-1.0850864713061414,0.196180580764184,1.5525241700984498,0.12153581713731083,-0.2428673360090056,-0.2437237456048297,-0.7615399774027451,0.9774005553074356,0.8133684276111277,-1.720116689782442,-0.3865811107427917,-0.6414854738753973,0.05164157817367641,-0.5794348565143337,0.6189838059028855,0.4800615059492442,-0.49248323619234985,1.0190526052147748,-1.1604971112789424,-0.13319969465613085,1.2140701216717162,0.19762283611144868,-1.0240549974091528,-0.011921907379562044,-0.45984925789681413,-0.3492147912464091,-1.6889954744617843,-1.350947704892949,-0.012493156553586002,-0.4169676170662492,0.896865515409271,0.12379821984856401,0.5211586440957781,0.7135619205875692,-1.5144140508415436,0.5793533506538731,-0.46469241297226915,-0.7116529920901624,-1.074083070523879,-1.24873778584898,-2.486036992248338,-0.30947640697083495,0.07876700307130298,1.015171194818991
sample_153,0.033639100057343,0.458181277261328,-0.9659784516672429,-0.0698222062065995,1.0969152849827708,-0.46524007998561684,0.48561545261770706,0.6266432444326131,0.8858433824943365,0.1326303555883825,-1.2338491307468882,-0.6006570474570317,-0.863257418697526,-0.735647702702738,-1.0158363301424673,0.7895244781759665,-0.622434018297878,0.6124957666046111,-1.3348373126226514,0.9972408644186178,-0.8640489932711094,1.133916187796725,-0.3906264019077162,-0.2529438211566303,-0.0002815461015587234,0.8652499957483903,1.4301753437159457,-0.03605456507767548,-0.3451082278842841,0.8119903646468477,-0.953797809720258,0.2587509489308992,-1.2051919472467465,-0.5449368453382487,0.6881476659232043,-0.8725526150850206,-0.4746281948575625,0.8164068929023416,-1.603982450428946,-0.6752654780016999,0.6562513785952125,2.1356891038380597,-1.1428389990718548,-1.4756260939937331,-1.1041144774377745,-0.6064359839403243,1.8119779293248848,-3.0788735360642057,0.017155837057143172,1.3630835000847445
sample_154,1.7873875376200283,-0.843707331268408,0.778057686301462,-1.0387564063366825,-0.15342314449358582,1.7088105226983263,-1.8256618072344593,-0.3804481396259231,-0.5536427003013544,-0.8479700921216914,1.1933810309616713,0.32181834575759233,-2.3493331103227324,0.03608213230836003,-0.44101702659881953,2.092851040923959,1.432592322842206,-0.7116240768010922,-0.3251334428917485,-0.8324965156924834,-1.7237278216355005,0.24675197057935422,0.026620584231532785,0.6112437348291437,-0.09553991038025246,0.08378515440178014,-2.4641224215620077,-0.4036325809790903,0.10197546124120987,-0.585901996954379,-0.8349204338760833,-0.18337991826298541,1.1405777231906051,-0.39900199141397585,-1.2154398696123834,-0.9531389678433096,-0.5036598716939524,-2.1126360366011445,-1.0221420072029532,-0.33059139178099745,0.49359686424529436,-0.3501557030401069,-0.4417433575052646,0.008737216134129082,0.949090857241926,0.9068395400627439,-1.8183184213734873,0.4650085607471878,1.3746180855938075,-1.0518921620622457
sample_155,1.348266796907334,-1.4831324562257033,-0.38920864232651814,-0.33860639834426787,-0.662929023396549,0.0498452547384365,-1.2671450082044249,-0.9632731744631756,1.51496330982197,-0.9262187997336305,-0.5487725857663572,-1.6713663387065283,-0.29779152832816985,-0.6259496712213138,0.08883799881982601,-0.41248035808735595,-0.4702579270684777,-1.047325612837251,0.9408363274259617,-1.3007447628056799,-1.156282503569493,-1.189988780288136,0.6048367065617416,0.6326982581531871,1.6679106788389977,-0.22424946766478399,1.5091747168526004,0.45152128052667934,-1.6401288831906748,1.0379725188004678,-1.1171497005825943,0.3278975241176275,-1.2960923456778246,0.6522532457081911,1.829804589575485,1.0397776492401263,-0.7661655151490463,0.38431792218161853,-0.08762309748862039,-1.1964245745645627,-0.9762729782062628,0.044720641995255175,0.12724026886081258,0.6217370972148852,0.017518912075531773,0.07446851784801267,0.32273424131002904,-0.3695098157868427,-1.654503127381875,0.5233449491509448
sample_156,-0.20363668514401517,-0.9626961954579909,1.5614147821134348,-0.3345061612309355,-1.60869530533164,0.19919974649289296,2.1793747116678253,-1.102428984428741,-1.234103414815114,-0.06385186603262437,-0.368673786533103,-0.2502449825983492,-0.49419437898047336,-1.155875047554186,0.43998385547596486,-0.9277365034914162,-0.6202467041456388,-0.16293769101267747,0.5434574921069084,0.37057184257116316,-0.46788795438148956,-2.019389713034948,-0.5336882239577109,-0.0665979358684259,1.096664660640323,-0.02463843633676045,-0.2368642493680847,1.202729465837709,2.1631375396768218,0.14469037501621956,0.44222984491047074,-1.0375346823174147,-0.2824071534305984,-0.3662417152617434,1.6588756534115199,0.23640539576928024,-1.1672626738097713,-2.03065542318811,-0.5979246706132785,-1.2890757885290385,0.24029164681871648,0.7190293841977347,1.2058333901788423,-1.638549093319458,-0.7497815281414201,0.8645940041234549,-1.7789444752104462,0.5066635657574334,0.8212745081640739,-0.5520443072725064
sample_157,-1.644349742291314,-0.22997086922109916,-1.9744509971345048,1.723563910387267,-1.5407322807076564,0.9600683754999277,-0.7955125844066918,1.083946285258287,1.048368809050275,-1.4676873990848107,1.1878715425506043,-1.2130908844684434,0.024321025660029187,-0.5722732885177091,-0.0472478840969572,-0.7907046826471208,0.0248419568668603,3.842696183102226,0.29352697019091717,0.7076342696839585,-0.5061372575934286,0.6229563497019159,-0.18684490594244557,-0.26479080289807233,0.18935065009478635,0.8175190632067502,-1.2654793628825622,0.11705353264652785,0.9256199655655621,0.6941789724494349,1.0468497953986695,0.17722929791323508,0.07166761987766322,-1.2557899888650614,-1.8469673788502918,1.0439459475463224,0.8318768408654055,0.2469130549178987,1.7175496018508096,0.5066220424613525,-0.13096834898653528,0.36039341825223464,0.13512490316081557,-0.14169222482551724,1.0201800991295953,1.2453900292981617,1.832476376447252,-0.6299567762873451,1.6762987869178445,-1.4510625122256147
sample_158,-0.3668478311574323,-0.2934399924896406,-0.9801574931614926,-1.0531695540417096,1.0366237596282553,-0.6984871699604469,0.41279183568017114,0.36742062959044763,-1.585939066581343,0.8424672231884919,-0.3521499894326184,1.9333336571008402,0.5790734733404674,-2.3839894634258254,-1.805749791478261,-2.1699318203858584,1.3680926914690168,3.696904172242975,1.604864351573726,-0.3474583852323966,0.4922706458862091,1.02128693162193,-0.7696014201756958,0.41114168312274074,0.1383163424601099,1.0490068387732447,-1.8307581717916994,-0.16192486629704295,0.8254922659316806,0.30587462844893204,-0.3641151604929023,1.468927047470962,-0.030591055268504773,1.6105420615611805,0.7654966204400512,-0.6309341801903371,1.8906935405528351,0.8494918263712361,-0.5403594414414109,-0.7550382300757548,-0.5504175446800871,1.24892892387653,-0.8811984468249393,1.9329497014443902,-1.1618672081001997,0.47018006377749644,-1.4066106473954316,-1.4228388558024685,1.3689480130890115,-1.498915875354041
sample_159,-1.209609362490871,-1.4517333838571962,0.3176082698134495,-0.4188331159745593,0.6150219006881961,-0.49673872031512634,-0.4592259762392827,0.5303300094812605,-0.06704447470594253,1.7736736888875422,-0.36695902544541487,1.2906582399436546,0.3758359183075083,0.6796791253232268,1.4664048865371389,-0.3895745133281118,-0.17010912017868196,-1.5728719169412735,1.7390044335144055,1.7957819159645858,-0.3951116462924894,-0.09423264075804022,-0.2578102538172497,-0.010348589317070908,0.5589182503396286,1.0155494729290595,0.5959170812146629,-1.409768057380123,-0.13596236295362474,1.0576151573847383,-1.7978098920921581,0.1624140567994235,-2.0861461570548987,-1.1325499571900899,0.3600252232959911,0.46446636733225016,0.876092157005217,-0.5936757159619036,0.28118920951339516,-0.6065579263876976,0.09464820874219645,0.26534373880412293,-0.7977658330347644,-0.9932346823629389,0.8677515519491462,0.22234006723777103,0.7637382817555726,-0.8372025848534018,0.8231609236833942,0.421913933927761
sample_160,0.24604006625669447,0.3279426718566849,-2.555597537242932,-0.37475164608441636,1.7025112933119697,-1.2103240276246456,-0.047147923483207434,0.2244511889892162,0.024814972875256015,-0.1757501313280806,-0.730154093063724,-0.805827343551323,-0.24994490727111832,0.3630808543997034,0.37625625502411847,-1.0049354186975186,0.907045243364483,0.43151009249676514,-0.18503005991309793,1.4138369944876046,1.1416915605545164,1.5684292344674136,-0.12602015032373218,-0.2688319533409851,-0.8671322270452394,-0.13030451720253508,1.5382396916318646,0.2714285944053436,0.8867479010051956,-1.445733474870716,-0.4770651102150858,-0.9683146268457261,1.6573680160482485,0.9146708884602531,-1.0735366534861714,-1.6772790202791121,-0.5050898845908619,0.3045271049669102,0.2874026469114038,-1.9841457395770394,-0.6312941921607966,1.0349614550020698,-0.12260508149676087,-1.0242488633165348,-0.5382212329689553,-1.3160366106391914,0.7741735440138303,0.5133082804447902,1.9050657064158953,1.318767388845545
sample_161,0.624673547937696,0.7792445810714811,-0.5559813598555929,1.3151533723181221,-0.20806316481893894,-1.1984466975579842,-0.2690073075240327,2.671928174569013,-0.2409428649888508,1.0055183515535284,-1.2587564810560221,-2.244086717686349,-0.3138542617399082,0.8279827045668936,1.0447591636615587,1.869826584721332,-1.4815391764254628,0.5429284494028994,-0.7966127817506499,-0.8311458065157618,-0.16236038549863815,-1.1948406840103176,1.1801900453609386,-0.9900236188488373,-1.2176151084643687,1.4011659487194934,-0.9542618546894579,2.4403166646501275,0.012392421410076826,-0.38725950538702214,-0.6879929114810596,-0.473540988092356,1.2946703903935006,1.364021043517991,-0.7043317634674465,0.3862873570091521,1.1506549140493787,-0.7307824657461316,-0.9788017638757733,0.708306737971173,-0.6936021139945023,1.0837966921669955,0.8302016538985462,1.213022005708777,0.35410281882155636,0.5448540717350472,0.47671489734352707,0.19253434946981335,1.9645563275862246,1.0039770670636043
sample_162,0.35353120025669926,1.5070027130344523,-1.220802136000818,0.03512409663472557,3.000580469026351,0.24946362265036753,1.5377604844773247,-0.04419142292598665,1.2454478570508245,0.337243976488201,1.4991071508194536,1.232116744434966,0.4755204159078554,0.2266086814208458,0.41610618825436607,-0.5866379172264398,-1.4175310174252265,0.346882518424206,0.43343530683400444,-1.9417168563983687,-0.1108621829181922,-1.2672421040236064,0.39649336564465243,1.8699526462095757,-1.2217798230184194,-0.5442158138617532,1.6605809648251124,-0.1324970333154622,-0.29501055704274165,1.8629035296020628,0.3555382688073273,-1.2694922365652799,-0.8188700548504926,-0.5369361869017663,-0.08997768477884127,0.8062928060510198,0.15534431217175912,1.6635658153940411,0.061145854409887304,-0.349664591585453,-0.4881864763173557,0.647372889611709,0.3812711037000992,0.3336497336861163,0.3549093677791369,-1.0149922186233222,-0.6184074335758704,-1.5002946664112482,0.08678680159020227,0.17037245725617076
sample_163,-0.7536301164358169,0.6605728947730566,-0.26747952622686866,-1.1268972891529887,-0.011368149298729908,-1.4452898476329006,-0.06733050752037452,-0.4252477496714898,-0.9636853297510007,-0.7772695356818807,-0.6098370844022875,1.05691160714216,-1.099695803500331,0.16280526853422067,-0.9301260586302156,-0.5831199530875469,-0.0733305489278104,1.4077336051145597,-0.31993905612648876,0.11005197507136362,0.9555732287564239,0.017909243479717316,0.11739871025869567,2.7100817591790807,1.464890660701598,-2.142588215932105,1.2759588454000752,-0.7817741221995068,1.6617155808734845,2.546297431897298,0.10389565468744277,0.6287229468838501,-0.5917260804218382,-0.2086600613987792,-1.2160627022145,0.5377616291874044,-0.7597476819101503,1.166185069695309,-0.021914422211382102,-1.0255621602573501,-1.202349526208487,0.4479112509328064,0.6274817846224041,1.5842359966771682,1.4567289345806338,1.56283376842875,-0.1567028148624974,-0.2714047928586383,-1.3965065430664916,-0.513286600109983
sample_164,-1.7140557509409333,-0.8830849283574499,-0.20093611119404128,1.0014152211691818,-1.6089615758240383,1.5761513982813813,-1.1596092326046088,-0.015455264732167576,1.7573830235159815,0.7750214733503484,-0.7364300555404563,2.1084585577077726,-0.3796477751341408,1.3186931509601199,1.1791608442308044,2.1959054499431447,-0.05430491984897762,-0.5246643399394457,-0.9363934494916496,1.6520996670695391,0.5069643745240957,-0.2828580295419537,-0.2314136704643419,2.8252310450725657,1.1796656060324096,-1.071897435219339,-0.06060045450982352,1.6726474697751936,-1.0526221935553277,-1.1489837058539931,0.10659379807348703,-2.411322575300191,1.7154981091125794,0.30955011060313364,-1.1679564192121548,-0.4267202822422108,1.4041932466194598,0.20142586253272343,1.0661754616466728,-0.9244149067292915,-0.0006245677692185331,1.3181706716011043,-1.557937148613343,0.06939243414370017,-0.9637210100002079,-0.7832689737923696,-0.9089367205299023,-1.3116313856980883,-0.344865131689961,-0.33459657000836657
sample_165,-1.7592116093584373,-0.10702831520556902,0.1887336256992484,-0.4086922241050305,0.6562068582661938,0.36617438711869094,1.500226884255559,-0.43418079497434026,0.29322558103935886,0.6462396437131048,0.15580815908046314,0.28577701194563504,-1.2225378348122926,-1.3193169463394152,1.3058931861301768,-0.5523621803557196,-2.0143484699107663,-0.6748298085958109,0.4493498876355804,0.4283803273333324,1.2021923594947228,2.227674956553412,0.07221365698402565,-0.7603575975560047,1.5228799149960364,0.4577363287746821,-0.9467901456365394,-0.39386109024405536,1.0586968890596282,0.39592832181873633,0.9413788360061129,0.4339108598146698,0.5989913467025647,-0.9439518259385301,1.7747012945033471,2.1278574795386187,-1.2195428468416027,-0.18218881980715443,1.6195770776794474,1.7506677848377918,-0.11429851267047321,0.6436512827463102,-0.4446759702836717,-1.1537179494748542,-1.5165704633085504,0.7593965455623788,0.5879440265702273,-1.2517462607935146,0.003663396386017165,1.3694402798997742
sample_166,0.9618523942581101,-0.23087937274032147,0.5740613591935683,0.9179795729393636,0.17118095282712964,-0.9404182920957198,0.8433026917351641,0.9655463599653693,0.376529065855361,-2.7784517465892495,-0.5877967212258018,-1.20347548973565,0.48312549915761926,-0.411652556400456,0.8728081915883712,1.6060883334883198,1.806337763944572,1.489774163528793,0.35671734921551074,-1.2534970717905365,0.4611220343273103,-0.3470334659281195,0.20617613584147512,-0.3612990483677069,-0.6927870808983191,1.5600267425252432,1.2706735194326098,-1.511207922786553,0.12990369781217087,-1.0451022609496734,1.4682531944424468,0.3207918215250554,-0.14986162406559356,0.406998389032858,0.7862987106553269,-0.5571893210336933,-2.982800845043495,-1.2086395090519773,1.091471674494681,-0.7011795089389179,0.845115856124601,-0.1402336440503823,0.3228813230369944,-0.03955903973067789,0.46202815261480146,0.38251106556569625,-0.9133690537296213,1.9211162081022284,2.1703589419115183,-0.01170821991920795
sample_167,-0.4555245519542557,-0.8367614908081051,0.7129053152262179,0.18020451131755222,0.3515890965727333,-0.7376482465633976,-0.3714160396024419,-0.3599502110919401,0.45051918752286063,-0.9320825268879669,0.43742825278905795,2.1453457144633914,0.3656691418737309,-0.5373502121517091,-0.781209235189909,0.06363704034268496,-0.40708472180450767,-0.7940529790112121,0.14913072869550903,-1.2908751637387466,-0.16076735177954302,1.231031312130427,0.4550547821361694,1.4312898925945976,1.2743794897721046,0.19022579597060377,0.7444810758324476,-1.4113243906266835,-0.4317465770949693,-1.400815400486582,-0.5019224972726103,0.5855683869584616,-0.9212486671476217,-1.0123427328758074,-0.03928392941923272,-0.07316875714864991,-0.8238292357486507,-0.41087549982651106,-0.9221063266542824,0.7407739091753072,-0.7325272873817072,-1.2040993798040496,1.4324255467831615,-1.6911755797179413,-1.1103320211772774,0.7526237580448645,1.2920796515931163,-1.5272329731641063,0.9863853968928991,1.6644824657832331
sample_168,-0.11537981275653793,1.7330688922056372,0.9581243336382579,-1.0523137324385807,0.015028817864526998,0.8225757109740738,1.967450329405221,-2.0134238384393885,0.2498029663553229,0.13907462462426115,0.49546028247579904,1.3982596042606945,-1.1969980184645468,0.22287569218930764,-1.0699015654339465,2.2279016801112346,0.8805539027116218,-0.953320566958198,0.8210216078288478,-1.423122971531104,1.0120317682535611,-0.900090665000994,-0.06908221031752383,-1.1372373885791571,-0.41458875460035516,-0.8853284891233473,-0.589102996226175,1.7816696101173206,0.46550944163424407,0.016704725973976393,0.9985668390726916,-2.140150068121612,-0.38148155264338574,-1.0971307863732107,0.5480192326040915,-1.7133358021549148,2.2532827064857512,-0.4967699239941715,-0.4631061717514544,-1.2260837616302995,0.5883118968115384,-1.9908940995657056,-0.5441272545492214,0.19085847035276426,1.1618239004342188,1.8977207236301172,0.35579500478045356,1.5906980892312446,0.05182347591845431,-0.9776893154112073
sample_169,0.12157217675141993,1.0824939259166768,0.46881894941670493,0.08471870686355809,-1.0665694843113744,1.5920156953538716,-1.712447717948915,-0.5732755957788741,1.0481593362589936,1.3558623211146201,-0.9212037315059396,0.03266357721047444,-0.1316858146080773,1.1721001488934502,-0.735576216283731,-0.6026393529054535,-0.5246446133279459,1.0050425405066512,-0.1684709001705226,-1.0138214127912095,-0.29141410745518886,0.7695980817986343,-0.5179555388975424,0.635667368570323,0.07450690417108317,-0.02692147575341853,0.6358390740136753,1.0422544165878262,1.6214150691513323,1.6895463983151675,1.156228553917075,-0.389102714501215,-0.5953527976662063,-0.31914455536955666,1.0406295357869741,2.3992822063685844,-0.0034228020749855564,1.0972500767635163,-0.789367739108336,0.5162079029014408,0.5259628536705685,-1.1340191302028078,-0.6615150688742278,1.0024827406755352,0.8077341119134209,-2.1392920944142118,-1.0808268837436263,1.1271367774464431,0.1945052397111737,-0.12227189948406278
sample_170,-0.06735794980360911,-0.9607726406733549,1.0622780952718132,-1.3964469835835522,-0.4880770813444007,-1.2980269047196349,0.8882062958140021,-0.35175588494084314,0.07602596260132778,-0.15394278664152247,1.356087518979402,0.8834294744716854,-1.3536067861614316,0.20302614312703943,-0.6182056861398529,0.3515120371503845,-1.0925178996362248,0.8929460777914374,-0.563400593409072,0.5120903096907947,0.1839088600747857,0.4116949355613767,0.7284560456637189,1.6982128656231443,-0.3320825747879592,-1.3858488072697215,0.5288902549276258,-0.06383738198274666,-1.5422596507771948,0.23864531048879262,-0.9791473308580868,0.4789887504760027,-0.07072092934080623,-1.4326296008282342,0.26913894592379334,1.4085696417998679,0.201901396342252,-0.2514115393956012,-0.4787548857505441,0.8032491119760948,-1.1588805291006248,-1.8267771518354161,1.5185118375931834,1.4990769648565845,0.18130698066634518,0.11911048422492847,0.4890582669331297,0.5468908592713336,-0.7913267331442988,-0.31099502159202475
sample_171,-0.337154838619972,1.0715789104710338,-1.5928554653327853,0.7692276565446806,-1.1568288770195856,2.001082532471237,1.3595086312562097,0.8278436562946028,-1.313825327339167,2.1006868341875355,-2.940004455248548,-1.0360727286881841,-0.033107274374620146,0.36132277355250086,-0.33963725562157987,0.10601214254887398,-1.6099065238970889,-0.41447759566668585,-2.4479873366486746,0.6083528652366001,-0.8807510784370153,0.27930350021053163,-0.04667008015642667,1.9055278274269545,-0.9808875771373974,2.577309863189107,-0.7499541516896627,-0.03858852815309695,-0.04525761739647219,-0.1271823037694916,-0.9525364709342268,-0.7418864960788959,0.6398908219010135,-0.28217762161118626,0.3235164664715932,-0.736289964276745,1.3800424674219565,0.013276466932255964,1.834409942477104,-0.48425895906445743,-0.8442364139058904,1.3829556594379178,0.0597120844799028,0.2231499697945186,-2.7106053365279954,-0.7660979980879438,-0.5731068020623529,1.186606636518443,-0.3217670769686275,-0.6410140169813654
sample_172,-1.5069201690965381,0.31039226006816123,1.0988442812309767,-0.23360989666768903,0.030059108161916856,-0.805009496523503,-0.3374996686521399,-0.8197128794357805,-1.0426420194791217,-1.4286465808114044,0.22935206110320022,-0.0024859939012716894,0.6507784669251685,-0.09004295317037453,-0.3359339595899831,-1.2226861427357205,1.3145267301877537,1.1681658147689826,0.3512524763963753,-0.18409771378913065,-1.0857987821460349,0.760251825901885,-0.18978519820752487,-1.7399942297380229,0.2421095493092644,-1.7779391006115242,1.4053193162392428,1.1352711970876652,-0.4598706792032661,-0.27451327866756253,-0.745398235239555,0.6327683232548689,-0.7629790725152141,1.6379907224582864,1.0657033605845052,-1.7826518437418566,0.23477124886395126,-0.5560583729054811,-0.4583838900360529,-1.1618683965265089,-0.7340904926525909,2.3791543071091406,0.2335977557160595,-0.31596096662817025,0.8003904041580377,-1.1154394510597543,-0.3708304656311879,1.0553044575307822,0.22844149953841839,-1.1956937645549814
sample_173,-0.042115670072580644,0.7235550014275467,-0.9862694685813141,1.200571156555383,-0.6073679924177231,-0.4940251326883624,-0.08043173228317625,-1.1230437626575969,0.2852452911319612,0.24712754181134128,-0.6901229175202207,2.507225863420632,-1.1691659684529006,1.702435727194122,1.511694300626893,0.7738149735211234,-1.9040845658492793,-0.07008999217601354,1.4575967465383308,-0.6651612737142786,0.07745492013988518,-0.9016963339909446,-0.5627970149207043,-0.35112777211303037,0.912921576978608,-0.7940835796379392,-1.1297242651216626,0.5233653845800653,-1.0276508482437177,-0.510994600884634,1.8459389026437556,-0.02997000503491144,1.3104203462589026,-0.716410568006912,2.3808116045523287,-1.7459996237108975,-1.5615335520109774,1.2962074731929387,1.7773812669946958,0.8298890289622785,0.4603596783156458,0.06677860087964288,-0.4267502412675874,1.2920443548397422,1.1722684213109948,0.00588102180328151,0.4821589326830356,-2.345843288462329,-0.6703381581990321,0.585394718323493
sample_174,1.7075117678224552,-0.3185389808322241,-0.8371614059108676,0.24184890468307785,-1.4253023743658533,1.3613047319282072,0.011163285090953594,0.28927817535219236,-0.3593326871548974,0.18295686510950773,-0.3976059672468907,1.400407092982116,0.5400559059364716,1.1993354630146287,-1.338344531031728,-1.583924232408537,-0.5485232632123015,1.3231810364563474,-0.9562491548114893,-1.542115588899823,-1.3233739189687435,1.302378557640188,0.10036888145602423,0.8149195258819631,0.01309027896949796,-1.1094880520475239,-1.1317065767821342,0.6947801390334694,0.11620757036926255,1.585180104345326,0.6809312999851986,1.4698680264684112,-0.15772532587127186,1.1641260448894908,0.6578767262813608,0.86809378639594,-0.10966595926550594,-0.862263620322375,1.6681673852476175,0.42039666807449244,-1.7724132970069766,-0.18252569970431812,-0.8210701277016046,0.18677548339836586,-0.021070001839599117,0.7901898632592053,-1.0918839989972189,0.7174620714781997,0.12440186264237314,-0.4643696009846962
sample_175,3.0580291590158306,-0.34631545758094234,0.9247422485164771,-0.0027475794243814575,0.1399680342632221,-0.06008452967704932,-0.8920072482371211,1.4456754856750609,-0.6736032254203974,-0.7416625980488674,1.1672366494247242,1.5957946606465476,0.2832614344177786,-1.0907267493211001,0.13149559287832752,-0.2611263676579801,-1.035468742037468,2.119824442720144,-0.4026990940614386,0.8999289894931176,-0.2380986614151995,-0.03552447423895657,1.8011485541121983,0.5068881853874052,-0.534507124074895,-1.0854053341081455,-0.7199869932686117,0.4656072094257509,0.5178583446178064,0.044957768868734614,-0.910903388586527,2.3163281803740468,0.9252921944149547,0.3530803566904979,-1.341427851252846,-1.2363124129048957,-1.3801885307972142,1.407218487197967,1.1688288602125954,0.7419573257080395,1.7338979270110526,-1.9240038000283581,-0.9836830683853864,-0.08293493960313325,-1.0201316286912032,0.4464992209422481,-1.2937260642390433,0.6558393524551679,-0.7999352448914666,-0.5037966370903021
sample_176,2.2400880818483966,1.3831122812308656,1.3187473931249583,0.9240539085006241,-0.19816447793680547,-2.2496835280302534,1.4147013997435585,0.6762672569910677,-1.371130459663835,1.7354638615502846,-0.5113543030804959,0.27149840556893323,0.36550075257029463,-1.000755575523417,-1.0548360950605018,1.369147273867456,-1.1778439671323444,1.6576079072766658,0.4196420327878172,0.027086952294006265,-0.5793569911176054,0.28589558474327526,1.4358338829010477,0.4085897858118768,-1.2817434455404193,1.61881181393858,-0.7942076600336233,0.5350411000809894,1.8058311100875843,-1.3682554818075905,-0.10487498434997754,0.6263713776086369,-0.6177652947303967,1.3265287761009212,0.12227934760795098,0.3108091472331299,-2.5537553503726658,-0.8200327047150479,0.5270683040610523,-0.15062073547111265,-2.134357741131469,2.087607057000741,0.3508166899319434,-1.4619530004444914,-0.19556978428350502,0.7406550095332888,0.32269282110037695,-0.5333079052586284,2.5590781949350743,0.10341875957565747
sample_177,0.4159136276692276,0.5986658873898301,-0.5137716786054682,-0.003949748963942669,0.2458723567600155,1.1866699622713284,-1.7319108677374786,-0.9876348941344049,2.043569725705764,0.17992592760486753,1.3178172607918726,1.5480656147925482,0.8521715789518092,-0.030012417995538273,0.39031470550050346,0.4873441931239184,-0.35719150478672673,-0.39778366741377513,0.9978925753520616,-0.6220509717811125,-0.19966182469325125,0.5482921440941332,0.342981010924613,0.06627624058171258,-0.6016523883224658,0.9744922660634958,0.34651732475541897,-1.601583728805104,2.2836959051093,0.5970976620935057,1.3812262871146153,0.2736636503104219,-1.6771806312965467,-0.42748380228154953,-0.5439489272742892,0.2230278136656702,-0.6682783388447827,-0.46586309122383834,0.24123245362285942,0.7581102847075135,-0.3183535485374997,-0.7688356592562647,1.6013090266940675,-0.009869344551190396,-0.35303477649362475,-1.5867862162191826,-1.5542380204198627,-0.7478690214221417,0.5102396363390858,-0.15118900410929015
sample_178,0.5953251621878091,-0.016515456894483093,0.1831746664902313,-0.04967537850506571,0.8165039458260605,-0.14406583426892186,0.22002238193883106,2.445107567705091,-0.7175942689540481,-0.23294319651712436,-0.024771572426919568,1.0547220850657546,-0.4242543960083486,-0.9672686089464574,-1.5754249635834872,-0.40261031510437684,-1.517113547063878,0.7942689113022424,0.1757482470448581,-0.009462394965967718,0.9284445497139466,0.21301273866504966,-0.021100868620805135,0.6574283950422666,-0.5484439923935011,-0.11377241920859522,1.3675529196520495,-2.3810027268569898,0.24965572891392815,-0.7590331633358597,0.21428257260652886,0.9707713679079509,-0.31181909918529793,-1.5729695860302098,-2.8560807391163023,0.5091150588717305,-0.5685937184095146,-0.175039565330103,-1.3409018872927283,0.8921996228476196,0.32120149726087316,-0.9539925985192024,0.3287409936928752,-0.35950813511158314,-1.3910879286860134,0.07135835383528906,0.33560201934764017,1.4080001325106375,1.118158683058572,1.0835986484453346
sample_179,-1.0698031223004845,-0.46585201955134725,0.6611096064448497,-1.5295514517414874,0.992184571319333,0.4851525038283363,0.11951963310059453,-0.7394205804428345,1.001690002768066,0.34345541622472925,-0.48319814748205814,-0.7757601377638665,0.048150419293064066,0.9617601662155963,-1.2926064302779134,-1.1873958512484306,1.1091904608964114,-0.37030700441078296,-1.8037475766210473,1.8646446087671809,-1.8249842216064518,0.012351657216371409,0.514822131343433,0.9593235768699164,0.0972578647658839,-1.0597241186235749,-0.0009218459058976592,-1.205796237447489,1.092623241244517,-0.15682564546098385,1.4038098060748105,0.6129251483603715,-0.2427791751690213,-0.6054977431658094,0.5376483111550145,0.5711904914281609,0.07165936479128296,0.002125804455521669,-0.155087122870541,-0.8743344607585624,1.8639294376775593,0.2604819112067979,-0.20966261076550854,0.42316700062916357,0.06403018210266868,-0.17500376999564848,0.5294841272855251,-0.303318230502077,-1.5010923966931515,2.0126693413163994
sample_180,0.8800269088772507,-0.06369422714322394,1.4666199171295324,1.4580122483416127,1.427181108050245,-0.0023882668300866223,0.3368344525623642,-0.3364970396441073,0.40941014470781,-1.3286934529135774,-0.8671007908466566,-0.22198487309539452,1.0627258410645095,0.22026181776610365,-1.0825108454414034,3.0365676144272906,-0.7127516139573034,-0.40527968791349656,-0.22763142352198276,-1.1832593505325348,-0.46924787417354374,0.3515858795764963,-0.7757461858073216,-1.6519175431099131,-1.3541465213446102,0.7954250059700381,-1.1149597634754205,0.7573723986623613,-0.13307812402586966,0.5259735877265042,-0.132360930787841,-0.14497480866758225,-0.11073448094057883,-0.173937980137994,0.43478849153004967,-0.7095744638639524,0.9959073598464694,0.9028752151982934,0.11654635029921029,0.2015045840615271,-1.3884160077042111,-1.537902132688245,-1.7809939568359234,-0.09308084336538625,-1.4164021623127783,-0.06154972102557073,-1.0231400180558983,1.1134969828654124,-0.9507447573011762,0.70896201490262
sample_181,-0.6135051927520769,-1.7732720298345424,1.497682028324672,-1.0260626186323234,1.4692302669051474,1.1223992972819827,-0.10848536230519684,0.6960686119748357,0.8978921589001353,0.9534074923139025,0.34043837746795536,0.10350577260661387,0.8409317383791454,-0.8830941612316143,-0.7574985078099901,0.20901368049954522,2.279441040494243,0.7533401549532915,0.3322729743526483,0.7214079613046963,-1.1268536591671363,-2.518782106119619,0.4635912629898655,-1.6410481711582043,-0.2555985475109148,-0.4451936355372147,1.4097666806577502,-1.675183131303494,-1.357126941023661,0.27956636665903783,-0.42693531153658243,-1.6934398800175952,-0.8593164305592382,0.44966816007398047,0.6766521039582014,1.173630078046516,1.5882463186590545,1.0004423570232557,1.1201697804517892,-1.3660062877189751,-0.5913086844099558,0.6856409243779313,0.1491912688827516,0.3141401588328861,-1.5031694671203168,0.1421558401783255,-0.08322286472900689,-1.429861835535286,-2.536525844623442,-1.830641690794705
sample_182,1.9391674633980955,2.316243786234869,0.2860299858439916,0.18433400243213138,-0.10592399583469006,-1.670211717042767,-0.14110072986914765,-0.8700229016603015,-0.5835443223513355,1.1611849428336805,-0.1010746507714594,-0.9792434875994044,-3.003898358701963,0.14311409437394906,0.13905482355442064,0.32817100327271004,-0.45820248792303164,-1.9607239651420443,-1.1680722737542377,-1.1173651803438696,0.6309152595334561,-0.927110728905717,-0.6201600883558132,0.008278341275194645,-0.7536996665767862,-1.5602947263958509,0.5183900678444036,-2.1623060682730704,-0.622832429705031,0.8278132211759471,-0.22759010959244333,-0.463615558169256,1.44322404848138,0.41346203685405564,-0.34401292281069545,0.13240730826742833,-1.2444472294501923,-1.519466198841378,0.6238625065821678,-0.6485117417111319,0.3457851032044196,0.9873662217831087,-0.6825809483396451,-1.1790916450249065,0.513589065347161,-1.178767799866945,0.13089677807512112,1.8016991777100837,-1.6001020020776304,1.8120008767526556
sample_183,0.17047740276897433,0.444199451784841,-1.0430436604906874,-1.457242152502138,-0.6183843534015143,0.2978794126144482,0.5249808437261697,-0.822782984877292,-1.3388594951434887,-0.18352952856169952,1.4659086521224742,0.6981784666894391,1.8790351643000835,0.4248453494009115,0.6749753405383419,1.1745440984095288,-1.3539369568478503,1.1428352292407429,-0.18363190538545832,-0.17941840577054902,-0.24973778387951706,-0.14651784790469677,-0.7664204838592011,0.470874652727312,-0.64155522024803,-0.3552482703021955,-0.9345307976835844,-2.693455953234279,-0.19621693724285538,-0.3346345810984342,1.5003123303765609,0.9627483933197729,1.1947300002728727,0.764823463242563,0.044490887346992886,0.5840671363844695,0.6872891921034816,-1.9733935672319782,-0.3587178046944577,2.214016948734728,0.30606498079237276,0.29505527694249967,-1.635936882405547,0.43236839708936614,1.799634618263447,0.14075733520090405,0.2789227290978682,3.2795473162523527,-0.8219269995967329,-0.6102584710333332
sample_184,-1.8242185160108821,-0.15661842367044138,-2.2858414755006002,1.0137650846906867,-0.22561101617549142,-0.771118593872583,-0.45042112829231473,-0.13449735466904753,-0.11988192027201183,1.5622755918290507,1.9115598473308069,0.13641582754961012,-1.0281408599084563,1.7003299753154457,0.5141681298972685,0.16385982837723756,1.1496701399899358,1.4390550841595349,0.8578960003836398,-0.2915569622853827,-1.2508741104918402,-0.6265537506188333,-0.13259011432467913,0.7074766468262793,-1.2695340817774716,-1.4267751892574767,0.6756576067682818,-0.9314947590781026,0.9025013384985513,-1.3160243931555335,-0.8140729384943955,-1.4127197440072774,0.47895533707232485,-0.08032462635378532,1.320796276934845,-2.1575132578239913,1.0975788326547384,-0.2560895561103266,-0.7986800464544037,-0.5964307773861531,-1.785360112905596,-1.5942875434720478,0.9574682614793742,0.46360184615115774,0.21781351635523735,0.46951499344575803,-0.12093946386913763,0.5678456435734078,-0.17864854830962457,-2.246793283430495
sample_185,-0.20375365641764798,-2.240029959311033,-0.051481227308176065,0.8999429630226474,-1.8549946873600867,-0.7859758113993824,0.21984732793375883,0.7232412873046689,-1.6996792317090426,0.9377314925152864,0.4610411852698521,-1.6890356690591586,-1.1261773998289348,-0.23634890644407403,0.18964383535801024,0.8611640797132712,-0.9436228489964203,1.8026822441721746,-0.4908487073877326,-0.7748445025049585,-0.8879437173240154,0.1285433043130596,0.8068755089957553,0.6363891126215936,-0.6887834565147407,-0.05629318634861388,0.8602397651224136,0.4883943591658602,-0.16692286302253245,0.8093191786386041,0.3434028671770154,-2.0752041502140637,-0.748540246514896,0.5405488630025085,-1.5019467559774629,0.6342116763923216,1.285580885330227,-1.8618633005009055,-0.713738652968333,1.5294045198282196,0.20027369714036722,-0.16270444585074495,0.8270232085733715,0.9354399561229613,1.5774856913836242,1.7981084779455514,1.1736339514248944,0.45637895317170296,-1.2433228330178416,-1.8715222279459054
sample_186,0.3556406664621561,-0.1559556198798239,0.32981001526119197,-0.5579729360901935,0.49101427668554587,-0.5396170793216467,-0.4295575112621442,2.118110905541957,-0.45920835258389514,-0.7661635321897716,-0.9201082404226303,1.0556355078451023,-0.3537427095461785,-0.5591851066288229,-1.056226685329827,-0.6141030484090172,0.6881828850063548,-0.6530547554759644,-2.7405639942107087,0.37014909114237426,-1.0658681029623258,0.251788820297084,0.7999634999230195,2.3217893087267063,-1.4521074295649827,0.6715098907489948,-1.532266277244956,-1.1331049775380027,0.42845684008397594,-0.6681992993488772,-0.6697192610285051,0.030505550292430884,-0.5829376752625911,0.5953223025904427,2.213534621183073,-1.26529644599662,1.0607009326974008,-0.5141178127434374,-0.8184947066272313,1.5274675224392165,0.34111004909210674,-0.6103003403625387,1.6396606674485201,-0.33489932867842787,-0.8261260160226105,0.9755394159889357,0.22675509219856224,-0.09962145965896434,0.07823332272246301,-1.2706510514918734
sample_187,1.1142648499976742,-0.7071490130536594,-0.300139350929992,1.3100224739266269,1.5821825621576115,-0.06617684490765176,-1.2707380115443212,-1.1842536802857009,-1.3353583325310374,0.3788151691543522,0.13783452289171585,-0.45153826632637345,0.0031446044545263663,0.5665350014233306,1.1643252358143217,-0.1265943949085486,1.3163034276883148,-1.2643751152088698,0.2888954002939931,0.6914901535705693,-1.051086467173893,0.6035553147892306,-0.33022436158321233,0.5402689441421519,0.5703497592381638,1.066897739635019,0.6041452606349016,-1.228060310045481,0.9948200810328008,-0.2882590739491344,-0.901978819131215,-0.8696958641150319,-0.516300599977015,-1.0182652861871664,-1.2867991502906384,-1.4051318560160453,1.1504723173505338,-1.4457600314969083,0.6396637929297345,-0.6355860088920653,-1.107690229466734,0.18193252477696284,0.5738897710274342,0.3688840810221498,1.5323743522895794,0.16646017075529315,-0.7391584013992246,0.7669626500451884,-1.781115835889211,-0.22254194419585394
sample_188,0.1398317171702436,0.04719654531252415,0.41719633448389526,-0.5635947582750023,0.7475969718298255,-0.15694381442348412,-0.0884964804624925,-0.6942338329343571,-0.5306765025796804,0.35423001376829255,1.3865759271223141,-0.7298641778583761,0.4981322674683739,-0.7676560043053599,-1.4264863907080298,0.19823513061556144,1.4648165654193626,-0.39630055280260357,1.8168614725646368,-3.0825630388602967,-0.33988818787720665,1.1264521164731782,0.883783515335132,0.1313153837177151,-0.11778941720763947,-1.685210315814299,0.2637505958522755,1.0990465371162828,0.5310479394976307,0.7824839062281292,0.09614887743572206,-1.4288941233645365,-1.550594190576135,-0.04795489900869112,-0.7963758134627305,-0.4602190061015102,1.963067130587938,1.0426695813587639,0.5365183857070862,-0.9524588541806237,1.374285324011212,-0.9045647869210489,-0.3749575032447866,0.19178573419569186,1.6041237688882974,-0.7439868253345776,-0.3240454144708914,1.0225287685838609,-1.2530893261793128,0.31190171867473504
sample_189,1.402614811835382,0.015673574778470645,0.0043954523513157805,-1.3159146486317996,0.3246004630027457,1.5923897022485314,-0.1819003452535806,0.4924366062723841,1.020363493548777,-0.4130809704647681,0.3144200393369788,1.492283601050954,-0.9995722101106009,1.48172399115948,0.5757063028822516,0.3950610529961063,1.0650526668880655,0.6730569093102642,-1.5302221939232423,0.17036396656538205,0.13294024917016767,-0.09876921144241675,-0.9075090917953249,-0.2901682633841266,0.17281079348105088,0.8508862465716927,-1.0386627567687277,-0.009673199407153535,-0.5678153089266674,-1.294713523327753,-0.9345893281307092,0.6143959266353273,-1.0230760952369808,0.22815871174383737,-0.6580491877055603,1.0000353583598303,-0.3961305157020448,1.9149743964305934,0.9652981594481815,0.32156457014159057,0.5072858214152475,-0.9732152954114079,0.44213414126992134,-0.7571422346155093,-0.1653131991000551,-0.47587002018286956,-1.1157776020789425,0.5356082644606512,-0.6835643865815085,-0.3252978418591066
sample_190,-0.4743811812255489,-0.8859385041139464,1.5407780940057514,-0.1627629983881183,-0.20007651297345808,1.9181963995317723,-0.8372832700754935,1.0957536024611236,0.11507837198981993,0.09812206746619469,0.3392384506568801,-0.2817215241723962,0.052810221696866076,-0.52492762014537,0.8859083148979043,1.4135440833978508,0.45466559369169834,1.0303722021842319,0.4786357478499265,0.581935975079828,-1.985720370811538,-1.2068270272531645,-0.8614076561738144,0.5047193534973019,0.14787356115311107,-0.43384010245901333,-0.645315134558832,-0.8990241859119055,1.751591872333723,-0.45183813670321404,1.5314567973829953,1.6729578195897166,-0.8907318767100588,1.5173318577800354,0.23061827566505438,0.44400964652025054,0.09131194490957362,0.9504150987206433,-0.30802345840154227,1.3622298370556678,-0.3483279504686949,1.3396835177466409,-0.0696073955684908,-0.5240061685720546,1.03407436909561,0.17901501946713866,1.268854860476007,-0.01818734277842638,1.0245639523969545,-0.04945395178063319
sample_191,0.8176671555533609,-0.026207069687655307,-0.07821230936751,1.0510139730096222,2.0969682997951367,1.9733529753943915,-0.29308499482379075,1.4303298532703599,0.2870457460692006,0.4886698477082865,0.4288920680282975,0.42123243168375873,1.3915700253813315,-0.7902026566654362,-0.8812706413319868,1.8877979391596489,1.2597916707694485,-0.15822322244765585,0.0826435998550887,2.088776332852405,-1.2587474433280708,-0.3845870939130156,1.2590079563531258,0.3198974866859828,-0.31245143945798143,-0.895844490549415,0.6611225373622852,0.11852160114876961,1.5403360446609433,-1.3630588428070978,0.6075616015133686,0.9602231655384004,1.3337703447968627,-0.09549835118476441,0.9269109954488268,-1.7582950676821345,0.9793024467397355,0.6628128468610759,-1.0408843528010319,0.6905848011162501,1.4591005362740905,0.11755402296753713,0.38927941512543857,1.6969935269212215,0.20654806126876027,-0.3379092354665366,-2.6328493624159086,0.32746245304824606,1.5353804507272977,1.6603472300698403
sample_192,-1.0871012396095885,0.06858522458228555,-0.27878106113912215,0.1780885853080627,1.5460621914378894,-0.35843619015166733,0.07092803216047146,0.2576132665737779,0.33292398160476444,0.9642096878097222,-1.7503276137707882,1.0292999334374648,0.38674621896295047,1.173254835814868,0.2831517301451336,-1.8133584483904464,-0.7574272079060456,-0.3377419286468551,1.0360373890591124,-0.40052339256938796,-0.42078193584154405,1.3901958648229789,1.92652066452561,-0.5626983053685395,0.46703834328200516,-0.3116615187673221,-0.8662232379131135,-0.17043787356488102,0.10904534865154339,0.7704879408087484,-0.46032438335584575,-1.486601218015195,-1.3836674457783447,-1.3285176046202418,-1.353290226027181,0.5949075938752598,-0.6176713439743141,-0.6393389068423465,-1.4063639662568908,0.7246203459592735,1.3499928916587538,0.5040761477838329,0.8546629316038218,-0.6743975944906714,-0.032722674879099835,1.1831812426424448,-0.6155152923932885,-0.23922255466264292,-1.0721806024355272,0.8166961722917795
sample_193,-0.4751830296216048,-0.08927248963455199,0.9059478104133603,1.0761571549461295,0.898073797817288,0.5316185229257957,0.04082963157744367,-0.5513092862660413,1.7883551267689073,0.42494899188772983,0.8377489513854127,0.20913622498531712,-0.4160482144616492,0.5724793277725929,-1.1775487175409585,0.33513816766275706,-1.557873282447239,0.14975033390582124,-0.09080206877049543,-0.26815961235372326,-2.7915643209339653,0.820016447201676,-1.3134586295955724,1.0230623843043332,0.060600053138889345,1.1445570317032594,0.35545579359866175,-0.6974913427290983,-1.6019155652926473,0.40203187545545405,-1.952651535295222,0.8246667303713273,0.12647996926256608,-0.2000202616080557,-0.4010598098133418,0.30474001378755616,0.7641280728231277,0.3770719519787574,-0.16017583703807348,1.0905238199840155,1.6669389017257856,-0.8164055763982029,0.8832172019158554,-0.4081065056285404,0.5947263776182896,-0.6425709724043006,0.3960491263663545,1.8401195237783554,-1.4465042077362087,0.18751351926347362
sample_194,-0.06371274109384328,-1.0733258078603385,1.8446433704190761,0.29755219457988785,0.9632425345550631,0.9156018824271465,-0.9556237574500159,-0.4180062947666807,0.5894147555082178,-1.045745380242241,-1.7021160917308062,-0.3923718072409778,0.6375340592698769,-0.3748386171155637,1.3508909031345189,0.18377315885526788,-2.3228388441023657,0.4892791738178313,1.445907762287799,0.6374847481871337,0.3648003695471739,-0.263048680558182,1.7990017750998224,0.8871637535279719,-0.42099455320082857,1.693739460486991,-0.035037138785823825,0.060623619465378094,-1.69378639876219,0.44472846673732047,-1.3802215425577442,0.9832016786833108,-0.7047672423767679,-0.027921625772527887,0.29872601086170464,-0.48131233383616034,-1.3318711525997438,-1.0020071472551384,0.38621853415814433,-1.3000312667446623,1.2104624454803907,-1.074867025548134,-0.4952681146805814,0.13522182626431253,0.6030460708595591,-0.9322587646483055,0.5214778900911219,1.1325964993224988,-0.9801607656678303,1.5297727680567346
sample_195,1.2959744958180435,0.6288484675116196,0.6048139066709866,-1.250220138570569,-1.0041282180964028,0.24303298752105942,0.10354500878907978,0.7952833825452528,-0.6755437151324987,1.4027770451104529,0.15283569325720792,0.7829494037318786,-0.8809512162725651,-0.012541924473435303,-0.8290244862332432,1.1316824640361125,-1.3748644121221845,0.0783596781796347,-1.9889962213031134,0.5220538152273626,0.17687560689731494,-0.583040287486243,-0.8435353301916538,1.3177765537850625,0.09442105498905118,0.20704497397340912,0.5417385472146576,0.33060973448871256,-0.2548259251874536,1.410696060848594,-1.8541229898333864,-1.3663015776829759,-1.58565656107449,-0.1926659465668097,0.2818301055866941,-0.6629754690573233,1.2928252605381871,-1.4319937848067863,0.6713294489436507,-0.3998164643132689,-0.3481144001888747,0.6850717526705792,0.4260440582004157,-1.6864372369488931,-0.7122526731923513,0.22353834447345344,-0.43072433979143404,0.25564670077809276,0.15873932600372376,0.9495551039716777
sample_196,-1.5617322152411652,-1.9718326551582088,-0.7146934590399197,-0.5436332226427741,-0.6648733520090646,1.018875545326611,-0.0795136033781804,-0.015057563176813917,1.7817234825182249,-2.44254635352485,-1.2929268161334397,-0.46240377305895725,-0.6763742772650396,0.7028351502618297,0.25854681872721746,0.4134809015849881,0.1378561695815478,-1.16402312321898,1.6833196574341813,-0.8880149363143293,-0.1628184997109883,-1.9816823331998505,-0.4114804788404585,-0.5240208460355725,-0.8080724124042847,1.4788072370658405,0.8595352096376805,-1.6755665969238998,-0.6230793602557764,0.7766745031143915,0.6249634853640791,-0.7066024690404805,-0.5465213216768317,1.9517857234455729,-1.0806951272549299,0.3503462237275152,-0.1748997978982593,-1.2211989535733037,-1.6446108705172626,0.3039158743125766,-0.8656536441813631,0.7218382882122977,1.4325597764907347,1.1678891310784787,1.5140908205509158,1.6971010079118662,-0.29558223170059406,0.3274494156038425,0.9742647057153226,-1.3731098603178422
sample_197,1.0361073868332367,-0.3981216401609478,-0.0121351447178692,-0.6713320042385827,0.06157239128741162,-0.7627910862286176,-0.873159948703002,-1.6633811274619648,1.6608307415166936,-1.1758635817327057,-0.037708549014064195,-0.9959786187449153,0.007121557451349038,1.3751511039420328,0.6589024415273567,1.9474315020671193,1.000883996169903,-0.7417362566920211,0.7259389229568095,0.3169403322651086,1.1238061454954147,-0.2815370772203981,-1.3146327346672115,-0.11970746279100405,0.5679520469290578,0.06344350961716297,0.723730773988032,0.009576814555016593,-0.33218668904948057,0.4654630195435793,0.12964640934538404,-2.8310930508578855,0.0837002400652953,1.5532162706432684,-0.5282411016988404,-0.5696751472254675,-1.6362116146967849,-0.5796627950720096,-0.7221344958226166,0.23363218244555714,-0.3752882069376444,-0.2115016392077688,0.2388298558976244,-0.7851684668823959,0.35209408042933377,-1.096884556521863,-0.1979995129506485,0.8722505965127774,-0.17899076629041694,-0.6732972379956608
sample_198,2.2769869314026474,-0.33228659687333967,0.4753382383889013,0.9899095012533896,-0.3555560928038165,0.39579077282896896,-0.5482629885962114,-0.11843245927239127,0.7653361451924335,-0.17238028768710043,0.22140490286418865,0.05254837893070372,0.2688429309878866,-0.35945607176673633,-0.32548794658057706,-1.779059471262768,-2.807175062690618,-0.3398616956696231,0.47281764491881995,-1.3463925333328164,-1.1850894207296099,0.5456810370822653,0.5370690268561668,-1.4471649108561617,0.7494492084710898,-0.3605769633231491,0.21787096204147313,-0.9654920251897564,0.48476689125448,0.20326019500859466,-0.12750072459280395,0.9695450293802366,0.8050758548499455,-1.0896855895402704,0.8886325235977719,-1.5820810532143024,-0.9383364430418784,-1.0490355919670087,0.06768613431672033,-0.19460231779689152,0.846220064350964,1.722542461207647,-1.0788080704788767,0.07336981990251439,0.49755134789644645,0.4598930546113952,-0.441840788301196,-0.4732985851549316,2.5705831979237255,0.8473642346933961
sample_199,0.35800558099018664,-1.0916632206654142,0.023365510583707307,-1.3396575874154755,0.3332213645656805,0.37312207373718603,0.28896491117190704,0.9725536902522641,0.04216453508224479,0.6075782031119057,-0.03605430160030478,0.2615896199377251,-0.24484951462456359,-0.81829570639107,-1.4354456358900407,0.954672597501425,1.710154898637447,1.0545798298777718,0.8127771323787009,-0.13287794385012244,-0.36751556106300715,-0.6766376996815515,-0.1536707724290021,3.3762144598696118,-0.3517330651937923,-0.3808564794639263,0.6390319496410521,-2.6057936637989405,0.8267116527021042,-0.45563491774237574,0.6142012476991021,-0.783401789830601,0.2933004282087816,0.9622202302468936,-0.8937396017377626,0.15494177277728885,1.6610525134621734,-0.9758349399387365,0.22961218193009625,0.153900953844984,0.7069738013102926,-0.8285740982567199,-1.3940102177225961,0.02670131812485329,-1.2301793040892963,-0.8364538014756107,1.4625079677309234,-0.861013621270714,0.9545353080346038,-0.9425755267216147
sample_200,1.6432088085486158,0.20203393243897544,1.666350342766744,0.6360776977396518,-0.8008927092672802,1.1910568969198507,-0.5829377059147405,0.24944221633265154,-0.16828327475730043,0.858503807845425,0.8211797063412959,0.09606998192115494,0.327930977644869,-1.3049809263363576,-1.3898117509996808,0.7422437264282951,0.4135290987007044,1.2436146705154187,0.8074287744719304,-0.7407158026024409,0.05635225332131303,-0.7977018321814844,-0.3076108389528508,0.37018434729837035,-1.0274605810209874,1.1296174282174771,-0.22246574717743164,-0.7234434035800363,1.1003169851906465,0.0622813145072631,0.10282890231579356,-1.1593274594908187,-1.4526636893993188,1.7308929312520365,1.2655584559173478,-0.37081978518723663,-1.521796128546891,-0.7908349385485459,0.46982062672939323,-1.07856856341853,0.21272405299706343,0.5868310717256644,1.2829712534735358,1.2336674924411457,0.42639820233902687,1.3168752156910908,-0.14652893675739756,-0.2987763669884121,-1.320537697203442,-0.6125742078202493
