id,prot_0001,prot_0002,prot_0003,prot_0004,prot_0005,prot_0006,prot_0007,prot_0008,prot_0009,prot_0010,prot_0011,prot_0012,prot_0013,prot_0014,prot_0015,prot_0016,prot_0017,prot_0018,prot_0019,prot_0020,prot_0021,prot_0022,prot_0023,prot_0024,prot_0025,prot_0026,prot_0027,prot_0028,prot_0029,prot_0030,prot_0031,prot_0032,prot_0033,prot_0034,prot_0035,prot_0036,prot_0037,prot_0038,prot_0039,prot_0040,prot_0041,prot_0042,prot_0043,prot_0044,prot_0045,prot_0046,prot_0047,prot_0048,prot_0049,prot_0050
sample_001,-0.4243657429849035,0.04496253701424899,-0.1159401793760783,-1.1277302576867414,-0.3065121549960327,0.6477393404249899,-0.4508815778515449,0.9854315915277554,0.3737449186635784,0.6353017678934677,-0.4341861718147935,-0.3728960064939858,-0.27452904970704145,-0.4099995232697343,1.8600205905957432,0.039895639057726334,-1.307992289323578,3.1734550143161693,-0.6230466048040443,0.9506967551068425,0.9931765693429984,-1.1066676466076775,-1.375265074080013,0.8528852880379573,-1.1290457591738625,0.675162726454865,0.1018368278674317,1.3687019592308067,0.8138611744519684,-1.7546678224318677,1.2683623397739647,-1.7309466419152137,0.5682216369944225,0.11106635943646616,1.6488025932657682,0.39317338146555275,0.044261674753290334,1.109464250811955,-0.13728569604571253,0.029409110265746958,-0.5782456710738327,-0.835445762822778,-0.5721858516680255,0.5746036581136349,0.5303178021387022,-0.7986365825903227,-1.0056127565090107,0.985654804628643,-0.6553863162284025,-0.46521528133088647
sample_002,-0.9985505588746363,-0.6795026278841534,1.0058021319006656,0.03040591940385532,0.050489892256775096,0.7802162287859625,-0.24896675676504584,-0.031529302179200615,-1.1526733442742099,0.27723043167539047,-1.2052191600760216,1.112090077366441,0.2525839090749114,-0.22295708395512479,1.5945424367817775,0.6007154440193977,-1.6489835053066935,-1.155251759008131,-0.3531744847200736,-0.6697954770707496,0.9690780967904558,0.20457593160860488,-0.3482227100664071,-1.2816829106852092,0.06226261667757898,0.15705857724393016,0.48971204550604264,1.46861195397486,1.2057282489235785,-0.5747818979272288,0.9307809970647908,-1.7457503675205683,-0.46633555629684814,-0.4127198578016287,-0.09520804568463835,-0.7245530383956799,0.8893532118414184,0.14937041345135885,-0.8607590375400309,-0.743486025946328,-0.5316650871013834,-1.4154148102754043,0.9049017990204928,-0.8056684613943078,-0.6729154195799866,1.1568898290393124,-0.056506410267835636,0.39431734162272714,-1.1370752157532,-0.05628250667445211
sample_003,-0.6474807013197308,0.8087169856162983,-0.08385783754383287,-0.8220027051501497,-0.9781004481921983,-2.3372568505734814,-0.34166923850506237,-0.48839493773212234,-1.1972077652455548,0.6046545908061454,-0.7146660309772013,0.4241785887165436,-0.19050679863659675,1.2913676627784394,-0.9806424890858841,0.01237243052957766,1.3068807629280896,-0.12350625703140214,0.9542709071490969,0.4042388750628494,1.3005069242886085,-0.8442499332837375,0.29466048072344375,1.7033890034917236,0.06627122879038366,-0.48306347191846244,-0.06867371452490345,0.8199242060340859,0.5392934480326451,-1.700308741681928,-0.4270494587896806,0.7974876276875885,0.13230916066073745,-0.5484476837061745,-0.8197055467707608,-0.5875268335159027,0.40491020034823116,-1.0690329770818596,-0.05798303468443635,-2.123066412147872,0.7952282183413334,-0.908153546177499,0.18078417045588485,0.05340818790451205,0.1803941117785409,-0.14568405734646286,-0.034108418734027236,-1.973047409526681,1.1803135223534689,2.006457115647931
sample_004,-0.28037508333939887,0.08274842710404873,1.2113731545865087,0.8308515036533766,0.7865025823826434,0.46550165657048026,0.411526508803595,0.3185092953228865,0.4018383264197092,-1.0230154901934694,1.5249852879109314,0.2095203730214613,0.32119744098217057,-0.8183172361438081,-0.22152655164555535,-0.7060605288149736,-0.3416083789101515,-1.0438532185667837,-0.15517391272507675,-0.4273664475956046,2.1669052901772936,1.8488961285821912,-1.4554589879237945,-0.37064989813766214,1.6262837946104358,0.3186486540899263,-0.4653200367318044,-0.20088845919932397,-0.46786142633886224,0.44183362240538315,0.08411356835498271,-2.983946679819138,1.5140499171834463,-0.45585009782102,1.226054846253185,1.3480375403430545,1.8352817071663214,-0.3079118710446143,-0.8979518837469581,-0.5601840358071793,1.1667270962476428,-1.252219756811999,-0.5084610908535163,-1.9221526606220551,-1.3381980693171154,1.4696814532921325,-0.17640877032324356,-1.3108510442390087,-0.15435355640230158,0.1784594306862085
sample_005,-0.24197726613182108,0.6195900943421618,0.8825195893305416,-0.5885947990190746,0.12415537990115898,0.7966904143595938,0.15884025727490314,0.804209037426555,-0.7440233050505649,2.006608664648634,-2.2409169347535034,-0.30562492981110456,1.7278440494591973,1.488684423090027,-2.1804754036434137,-0.704270217748959,-0.38324832486264465,-2.2155119889112203,-1.2272399493788408,-0.9104207082321946,0.591940722459438,1.069109476614141,-1.550967711737897,-0.4818996181772999,0.33125509254156105,-0.48905055337646813,-0.32800518223049674,-1.7432917693064094,-0.15788188766507794,1.1229271558770062,-0.43843417603053475,0.6408773581998403,1.223990559322565,-0.07365365628456252,-0.2898746960871686,1.3685256604851372,-0.47164675614272383,1.4469317604378586,0.13254340221317848,-0.9016936172690173,0.15120218145722622,0.30761269741341885,0.9883983903459743,-0.2730193664251293,0.311128201573431,0.8474890170606915,-0.31628639484107796,1.7538067997432292,0.03748662645371466,0.6056564032595626
sample_006,-0.3871628269819087,0.0910415145700344,-0.4120222998915013,-0.18537490699974585,1.315078571398481,-1.0986208367849153,0.5192723151527702,-0.9930895385431424,-1.250255761864802,-0.5841014749096517,-1.1694782790600866,0.36233163192018414,-0.8244245652201071,1.1194101757167652,1.9944749061753733,-0.22172276391851375,0.2755547983943068,-0.11319593265484341,-0.3040630360995319,1.6303558290822122,-1.2369221057054203,0.1780636559570725,-0.914725228312206,-0.023615870610603235,-0.6584531502533908,-0.1751841565363401,-0.7833305265714721,-1.0032292764817319,0.09551604505803155,-0.42712846840750046,0.5151275373331133,1.6130060904174222,-1.111609642145178,-1.5580527607453956,-3.233254101540395,-0.2173044398237692,-0.4073516989286207,-0.3410820381887125,0.7122299635565296,-0.8573506604910335,1.1175513636289836,1.509878752724611,-0.11704834787322299,-0.32276036130599345,-0.012370321196306476,-3.3243348536225064,0.4386928728558596,-0.15936051254042582,1.097610529701477,-0.2123872394424532
sample_007,-0.6399785239969202,1.0366761496556325,0.9052263667834187,0.1509508589529318,-0.5132398201028425,1.2478222387011282,-0.07525050134542491,0.11138118016833026,1.001456594230158,-0.0700503806814749,0.10507518992048853,0.49462214485757816,0.9125529479485768,0.01920336858271504,-1.8800714013107127,-1.8275743250900347,1.4662030060058646,1.7095028081069845,-0.2530616689861829,-0.5615095475374374,0.5902845656344977,-0.8737797336527068,-0.2027927116382061,-0.28282024422890867,0.5811177240463739,-2.673036980667612,1.3520177036611412,-0.3453171931817492,-0.14844013763820482,-0.7980512656377505,0.4203626592311432,-1.797381508139509,-0.6159868091803542,-0.037269345592247545,-0.9611787512236651,-1.156071340268612,-1.5228154096702398,0.4691577910836739,0.8474673183834173,-0.2129890460768941,-0.19652924171684466,-1.75207108509333,1.1324778023056012,-1.8113660482446647,1.1344902497251121,1.8478428116417664,1.551218725403181,0.6947716834202544,0.7651456089331534,-0.4365298813392821
sample_008,1.5272022492383077,-0.3420645523546964,0.5046119301254324,0.820241735913307,-0.020032954507972517,1.204484347259044,-0.23778538905088312,0.7737536776099955,0.30325376453161584,-0.2772398422070189,0.4878486455917474,-0.3121955781255026,1.3849924611606301,-1.0353986912292363,-0.5373011920068725,-0.9718594382525163,0.22312437072051594,-0.6356328436564697,-0.749059840947093,0.10135936416204037,-0.8483112855569763,1.2229047962588024,0.18711979059734696,-1.0220404229124365,-0.5539379123454921,1.635312968908395,-0.07768966260600005,-1.0663254103911335,0.8537815991346255,-0.7934136393569295,-0.0759726589263778,0.8501792597104467,1.990595218519689,3.0373665281813693,-1.2593671764172216,0.08246875969264715,-0.034939287019200294,-1.9461056764770683,-1.9816766047756387,0.7517674661837397,-0.5356480171262716,1.4485852938308437,1.7840164403814212,0.02521195167821857,0.4721211718965296,-0.9020062932575691,-0.571069520533746,-0.900926135989008,-1.6270443863742818,0.8215882591700322
sample_009,1.231622689090996,0.8934525065895488,-0.4185844996252242,-0.7385003405260382,0.9847804306526615,-0.23963192419089022,0.6018814772804114,-1.3188496887556083,-0.6760702146177509,0.07237415833823557,1.9660892292924996,-0.14297989384571716,0.5340623547261252,0.7295981449008335,0.26976901227864614,-1.3781005402832143,-0.059799226128043136,-2.171009096104311,-3.0570224050689125,1.413792536728299,-0.8974524231494319,0.245749527507707,-1.3437153931763908,1.4325517428663066,-0.8349176063311623,0.9993245269165915,-0.6448723253478118,-0.18219825891786454,-1.0018620891591823,-0.7487208243255657,-0.2725076997775347,1.7671346951250377,-1.0632780459573943,-2.3899942752938914,0.5898718892225687,-0.18313364129336412,-0.1952890702844159,0.15897850665445024,-0.39232725173338245,-0.2846446777062739,0.423467595067506,-0.7496726812567411,-0.6062910689694697,-0.540133971606913,-0.2974521344724907,0.4609902544660004,0.0674358679239954,0.18256289269575252,1.293435175116035,-0.5668841324337619
sample_010,2.112916482558099,1.1230929826183969,0.7007028665875648,-0.5944709517455828,-0.7778800763429775,-0.4741319149099526,-0.42314038590967473,-0.758012790398032,0.64797769082812,-0.5811106594673469,-0.19804955160944754,2.034880602408231,-1.0030589658024651,0.8770159953609156,1.0872932730913756,1.4468177929772326,0.7475797592352116,-1.088822769804116,-0.6845140381594866,1.183446086766916,-2.180395125661366,0.7409019991473234,-1.53339526852266,1.2100220934076582,0.7283870093160628,0.049534104048839386,0.009719377597058395,0.07064662890442032,1.2853580200452017,1.8733661299057822,-0.10921200979609928,1.9353575431441608,0.2802881054429169,-0.05817170955186642,0.39721916045580097,-0.7244385856456736,0.06659551488168422,-0.4622852247963578,0.11810731661217783,-1.4813476481886891,0.36041242859493594,0.32286109980808836,-0.5690303994129919,-1.9357920645521514,-0.6014590333572173,-1.0861391890618486,-1.6759033758294863,0.5818846308781391,-0.16567073963890092,-0.6544007771331799
sample_011,-0.03509522207920412,-0.03436489416103659,1.392937199628055,0.8399395739168479,1.2961317559419019,-0.3910198311710781,0.49691247361722984,-0.11205403662243485,1.3164746708030861,1.0768808939232715,-0.690381028846058,0.12450886328407373,-0.12468711161544306,1.1454779304703264,0.30730283888428417,0.899131405243738,-0.08127358784015742,0.29058986567583106,0.7410623838458865,-1.502231582399976,-0.4640494308989104,0.17542771937790466,0.5905309527611697,0.3014380237498504,-0.7234988690294849,1.1502523525580042,-1.2524749661595993,-0.2693710036554169,-0.6126611388629414,-0.5798735158605774,-0.34458109478526644,0.21745074676624115,1.3003490150331811,-0.9437363262854692,0.015139979418653925,-0.6781928369893453,-0.46128149756093634,-1.0813729799085825,1.155460996602832,-0.18571404808397687,-1.512306803436255,0.17755848725716616,-0.3437976622356672,-0.4984267247473101,-1.3345080743059146,0.030003555032015992,-0.590797897743817,-0.009412785765118985,0.3857931700651192,0.7307878083807446
sample_012,-1.0314270729499182,-0.9944950516121714,0.5264214755450718,-0.5633152588077747,0.8934700481176445,-1.0163295742454517,-0.01794566295151065,-0.11897422524737997,-2.206057686174641,1.319682021104033,1.3470294698209788,0.6288689830269172,-1.2544086140803183,1.46925373947388,0.2346841170238948,-0.16105457273049723,-0.312017677439784,-1.0682499249677144,1.3274055236645321,0.18737171036715322,0.2872616191492647,0.345678823978548,0.8965212923213539,-0.8127538722173169,-2.5827176948447104,-0.13560987090381757,0.2135452226001075,1.3357550138530772,1.427809580701052,-1.1357958598057787,-0.8684922951154879,0.6734990001716568,-0.3834669391567735,-0.0412563897110485,1.1897620672178557,-0.6950423276024971,-1.751702395317829,0.15866185372245634,-0.5064550357584454,0.3083565931067596,0.45354572942205607,-1.0304421307802063,-0.7893104362822363,2.2618324344870593,0.668096334327182,1.1576218646625853,-1.1154593868035345,-1.463480912375045,-1.1309964801923813,0.5337103875909109
sample_013,0.864978234564247,-0.26170772679549864,0.619539175548226,-0.2349998244968254,-1.3345654599635213,2.88382965611444,-1.2783677079789213,1.0529959001423075,0.1238750562722536,0.17217006052121947,-0.793982305155107,-0.05373323825099838,1.5410574706037596,1.2788123813340424,1.8251992852547825,1.091262525682604,0.9645560943406184,0.48018136846457243,-0.8246576545928275,-0.06485873305250182,0.5270704689105203,0.945764388302402,-0.42904232430852407,-0.06730352913756955,-0.11568783983001743,-2.41832268324017,-0.00732606292893788,-0.4734826561171475,0.032057798110668355,0.14294528951209204,-1.285876223517365,0.4224756225625825,0.5520196470118361,0.3590525337034142,0.530160395482798,0.6826507372157058,0.8198120583436379,0.8204331586477767,0.30903208604956117,0.8959838290532787,0.3007433021309077,2.090236448728583,-0.014511161292511556,-0.3111334641138822,0.6060979544476086,0.4874191888149899,0.27438787065041786,-0.1780055259760794,-1.51040769944216,0.043926463176210566
sample_014,-1.1635869217596169,-0.291113415541289,-0.9294765932087391,-1.4682075775672108,1.104470279862174,-0.3467276676013913,0.9760760200749427,-0.398021217478395,-0.31488790140189055,-0.04037877829814286,-0.013918064300520845,0.6016198454051224,0.001872505136292104,0.5384559594109433,0.5962383240222697,1.2308289636625707,-0.5127173661793084,-0.0869276628333783,-1.2905721727026849,-1.3700795674056052,-1.8631476936113276,-0.1406058638490437,0.2124450969393005,0.5948870267130866,1.0367275625560874,-0.29395633287555895,0.1178348484673736,-2.0538038406715824,1.8317421987902645,-0.5981679692432731,1.7177267835828187,2.0088861526903945,0.5828354818348185,-0.03865618437262766,1.731875496390744,1.076953105450999,-2.2107982561254484,-0.9933749905461614,-0.213004021473579,-1.858726421394147,0.33968573233470045,0.568972536194577,-1.1502003314333282,1.8713577317793875,-0.49707179695461423,-0.19298561135351888,1.4120811569664242,0.45637395441529505,-0.8204669398968057,-0.6744782813925627
sample_015,0.5731400870727575,-0.8438772498624312,-1.1442653190158327,0.3945259249054795,-0.7548221561177416,-0.29384230426485686,-0.182822758497941,0.9405161796722217,0.927828156683243,-1.5505857520059494,-0.3206187117211022,-0.517380056203745,1.9779256322042074,-0.3030402896385956,0.6480573742700757,-0.18765885185628284,-1.258099761192974,1.0953534331680848,0.7545924918806308,-0.39651977520563975,0.4608658332118661,0.8546426485119142,1.811397395629123,0.017259466811148663,0.6512215173300245,1.4505048784925538,0.9147340591175391,-1.4088085840011648,-0.9674756373218002,0.08764764711155663,-0.0848084230120108,-0.5147696232241051,-0.7601606350716706,-1.2815408177659668,-0.4929839462859003,0.5764135843199175,-0.07617031408205707,-0.17929977089113788,0.6156567139284849,-0.3727096327896818,-0.610237873483909,2.7387515360799872,1.088213565229588,0.3836167517935314,-0.9143696463787045,1.2288826616393698,-0.019948287174541116,-2.362450037238028,-1.058998061327891,0.9013904891275981
sample_016,-0.5404485029500881,-0.2454552691593592,-1.0045900767554605,0.862578599870966,1.9999752899152312,-0.05312179492591447,1.9457565894173732,1.000385614090071,-0.31438621642721964,0.7166215786740373,-1.6012109688481029,0.3968864196703897,-0.25625753874823587,-1.0898871971051023,0.0391791610879536,-2.0830815461345904,0.19163655593591244,0.8105783705203428,-0.028560085972843464,0.07306809684551284,0.6629331353028631,-1.1868679289862518,0.1826185029599854,0.6329069783256024,0.5868948307731647,-0.7474165313894154,-0.039362124592822754,1.106661584324426,0.2313144323504081,-2.533694599213935,-0.34895906292716755,-1.317020417990163,-0.2672012112086086,0.2681381665665968,-1.4979133669438665,-0.8991790373843813,0.5068021589170082,0.24750417347119225,-0.5480636229675687,-0.7576214121120091,-0.8812165918519559,0.7818167932009714,-0.7020673426109222,-1.5761807880463898,-0.9151410913696398,-0.8935606587590661,-1.2852872157249373,0.056037799832940695,-1.4898717675435946,0.325662216921341
sample_017,-0.8882120805147246,-1.4384618146175978,-0.028786399820804488,-0.5963084257546746,1.428308803541715,1.038181622509544,1.0115508290617687,-1.3145707195812142,1.557878583012043,-0.9739741090941552,-0.987086397501812,0.8369857465891207,0.43182158757534816,-1.6920969145864257,-0.31171959335638505,0.29090062722740206,-0.8522910136636831,1.7754085443600627,0.14473342525622065,0.27666452409111,-0.13760321604066203,1.323774630914866,-1.007214389364913,0.3695973428792546,-1.4408536385136157,0.9828074317560799,0.677010533657865,0.3828966563719574,0.10007373226650991,0.7024091441779028,2.678093396618569,0.0516380212605916,-1.3310068567997182,1.2270419667256924,-0.794190692605052,1.264758444658047,-1.5632547392280645,0.5319507508208619,0.3004437074984071,-0.7690737560877504,-0.5554764538474255,1.4880409561235564,1.7315854020532544,-1.4538320570741945,0.32878245748047924,-0.35018356138138657,-1.0695303967810834,0.8524420324936574,-0.22005532966554414,-0.4123658029015212
sample_018,1.2653737803367753,0.8289267087837624,1.7626783236482921,-0.4476041524602162,-0.2987906040623278,2.163256697933556,1.1981743185002462,-1.1140320143964333,-0.7151627119937074,-1.4235071725392041,-0.2958876891714241,0.40579675915876456,0.19150937436559345,0.8103555234928234,-1.4802236871871306,1.3887453594035257,0.798228040074921,-3.646480968532211,0.8103179799579315,0.9562346862116041,1.9827051928683315,1.6377498770019192,-0.6194188913151079,2.0194417673435576,-0.7583870053209966,-0.6623466625483418,1.3651929582386015,0.33523580378642925,0.8009638265861552,-1.761814287760032,0.10717484148525015,0.09321162514588181,-1.56049841949496,0.6734135523746366,0.7897761952549807,1.8208431498539157,-0.9516118617349416,1.151381777506273,0.9786521688509613,1.0560118190936123,-0.08794517252228283,0.2886283322649315,-1.3252267734512773,0.8201100627634939,1.1199875750196142,0.20461788503234876,-0.5620635416755271,-0.5749523896385135,-0.4256276426903031,1.2008423608959358
sample_019,-0.1611542866811564,-0.5114223005368765,0.5373749756651992,1.6582526017852095,0.9110638577846835,1.016954348593265,1.3780620858213923,0.611573781098522,-1.7799671909554693,-1.330107343099142,-0.7604590545672019,0.5664392806290506,1.1583886698214796,0.04429788217911732,1.6255244553104389,0.14822187607639553,0.5058451630928311,1.7077456680371526,2.204441139904875,-0.10422788173681258,0.004968016263615266,-0.12481126186152662,-0.7546370427353213,-1.001557590345743,-1.0992954545839333,-0.5118473313206742,0.5566399378915361,0.5145017963846089,0.024183326830284197,-0.2243900354185193,1.6672351538225423,0.24345040875907284,1.3246600892874942,0.9151940428910348,-1.8365240370895242,-0.17511962945139023,0.19745500044437228,0.07552915263518566,-0.08530415723778198,1.8068770669093441,-0.828150108372054,0.7374950341320976,2.726632744176788,0.40292917597401123,-0.2350745681432193,-0.7309050116018927,-0.190693980367799,-0.750482750166584,-0.43915381578528034,0.8253993588885967
sample_020,-1.3407113498632024,-0.520392030912013,-0.42861629183676314,-0.012772818014649924,-0.443332252749204,0.7994089895043284,0.08182308736692573,-0.6809310930973342,-0.12492656728491201,-0.7311546837378662,-1.0623580383097027,-1.3330171128164419,-1.348462823797671,-1.4814654251309975,0.48428750122043196,-1.1933099109053809,-0.04585398561908221,-0.07172360498287786,0.025907567037389424,0.5107682981791108,-0.4287806648067984,-0.49381741570960686,0.12357362271238362,-0.47354854033996374,0.6776334025744897,0.628540007804879,0.54098598814474,-0.3435598773033393,0.20329592367715288,0.2860629487407452,-0.8373576905722128,1.152828592414755,0.39585424214033044,0.23714885765314056,0.057924403669037824,0.327483236397168,-0.4528464365352549,1.435436064436858,-0.774783790684394,-1.6053569370143401,-0.15811452193600925,-1.1054882867474456,-0.05226370449871541,-0.9842106352200722,0.2731534644641835,0.34586629638112115,-1.5176337994633828,-0.3187371744183546,-1.979395808516778,-2.2880416084429394
sample_021,0.31393649962106357,-0.4257921044112487,-0.4534179642929515,-1.7533779049070688,0.7755326528029732,-0.5608398722631437,0.514453802544501,1.3754434711413623,-0.4106935397118705,0.8847852100069716,0.7676318976329689,-1.1438108737744281,0.16151877632974768,2.3774086736211077,-0.7223588198457618,0.043665765403571255,2.782623667807515,0.5204956306272859,-0.7248335762473924,0.9719314199534799,-0.2259352618579152,1.1292899450052964,-0.17023755883233857,0.976832659633538,0.46108368096225044,-1.4213425502152341,-1.8792566352587126,-0.043911515222559275,-0.19406000468520235,1.0648267052346734,0.6489847202847098,1.2686997874247745,-1.4590197126500293,-0.8979806669091791,-0.5740492564344364,0.9194369256803153,-0.16780275294657807,0.16225883224012708,-0.8416013743542812,0.0715102286030776,-0.3593359944330912,0.38894835349588763,-0.11512262705985103,0.6393088138578864,0.8827268065481675,0.5291362764023854,1.2181243634336245,1.624118674448448,0.43062594166946655,-0.4785058252447296
sample_022,-1.2256742264978788,0.14693135524169745,-0.05990923835188903,0.006014898070388005,1.2973990124866197,0.7625252937144942,-0.6458779796201546,-0.7438842850931295,-0.23787537586849922,-1.0375125720133174,1.7094028960853251,1.4037278880444686,-0.04213459228161085,-3.0669840307024,1.1408345258438595,0.12250545904633926,-1.1222113956053654,0.3503205699418414,0.6042159478429401,-0.8419994361437857,-0.024072026768129286,1.2818243547343031,0.3828553598443107,1.5376013715860646,1.9873684233512587,1.4704121995683717,-0.8523172388474584,-0.5214166083035955,0.4109658532184975,-1.9537619432455504,0.8538575025596179,0.19472677801415408,0.7275735714903823,-1.3476664638533766,0.8881041425751512,1.40292646240283,-0.6334692631997558,1.0526150816817552,-0.8733129949896391,1.2105919588004268,-1.4868392027271424,0.9263937761192453,0.004335742086743298,-1.6170425667644752,0.5242626784606074,-0.6344272798313303,1.2393228325849983,-1.4248933554496137,-0.7590254041942782,-0.9463887644760022
sample_023,1.355239013460614,-0.649535270590539,-1.5970700269371387,-0.5994937629549489,-0.45568738276332454,0.22076940617866242,-0.8549308714776247,-0.3586796293562,-1.4067300543728742,0.7800985027594435,-0.04902504160643416,0.8754842782379144,-1.5216855399756455,-0.2972705551476275,-1.6570028482933976,0.15869700002470943,0.6852288025515034,0.03280895266511264,0.2771937885616293,-0.2762048826931785,2.140340021185718,0.2364885213688986,-1.1628919202647787,0.9748556653291993,0.4226200632040164,-0.8335310499859743,1.1693778368167524,-1.2670790425639862,0.27009035153019817,-0.0056151377204429875,0.5114972987865262,0.14225795288514595,-0.41938731958380987,0.38379366137999193,0.6483147634496669,-1.3615364925519542,0.13738610411738944,2.158421881981483,-1.0745145487171264,0.21121408141682171,-0.08009778372538823,1.020010671554379,-0.9831893904067639,-0.5212386183431185,-0.7025465907412922,2.2874847147365047,-0.3990253256157258,-0.1792128118097273,-0.19121815428956157,0.17173424713172233
sample_024,-0.8425374318609311,0.7791116416106428,-1.7604563458295108,-0.9842614968409079,-0.3157163675242762,0.4796581633604366,0.4453344773848015,-1.1288823068892966,0.5624687505975617,0.4218687498883285,-0.5929755663571906,0.2170771273868823,1.0210418246523933,1.1542709815344032,-0.8919552312363009,1.209111827529455,0.7765283798662153,-1.4614858694863435,1.6151430321238358,-0.3514379735911494,0.5514718972670681,0.10839794412829558,-0.09637526886673206,-1.7684870860111384,0.4938544982620063,-1.4198890299259141,-0.3918473541524755,0.8779072234541375,-2.1482689658171843,-0.664813453711155,1.2458878165031995,-0.5805485299325228,0.40136642255591387,0.658299980669828,-0.7593828051261327,-0.4950042908668433,0.7501322824520261,-0.6620002233005954,-2.205383748054073,0.5973974004465142,0.6818627084643439,-0.1353035129175797,0.3686738055995247,1.3473813461674657,0.29356981999172554,-0.9524373909003696,-0.823348803258964,-0.9794978521953295,-0.12272691910757028,0.8871439250026488
sample_025,-0.07229512730925991,0.48279247130054725,2.357891296563517,-1.8123879846815028,-1.1735526146539739,-0.8281349103270385,1.5616024859756885,1.3386144641781306,0.759074249555882,0.2673386181577396,-0.754859258645845,1.4303535220475074,-0.5814253390115263,-1.8470510232394788,0.04875700500152652,0.27853069971358785,-1.4719398283262202,0.15370851762954651,0.6933779791090856,-1.4091583794382596,-1.769566393349074,-1.4683610010301635,2.0385386051073664,-0.43143066603767666,-0.5092163595716878,0.20951227694200864,0.8724712959317322,-0.3892763873695728,0.38718580667740304,-0.2775412274605065,-1.802921428123178,0.34022678104300225,0.5561683042296016,0.05352504234666378,-1.9370635470835926,0.32769998804896644,0.4111202947973459,0.30124709954833256,-0.8003096349575602,0.910873382557852,-0.9420473236591114,-0.5533823930819387,-1.0399735248767645,-1.515846578625396,-0.06554402800692345,1.1079255146641136,1.3914604757002988,1.6271352312728515,-0.7347290459002234,-0.14391479339977262
sample_026,0.4095843268734499,-0.562092886929765,0.8674926406109891,-1.0826678613021197,-0.3852088951444637,1.074336567024318,-0.23778420102401238,0.380555639793727,-0.5890857601839714,0.23009654409725758,-1.0544363807402477,-0.2256527933334014,-0.7408455484422468,-0.6780309454526454,-1.0400677550347797,-0.2406903093156925,-0.04177878587626151,1.9291391281218415,0.8490401627580659,0.821835033992763,1.160350867237149,-0.2987741690481088,-0.47537113195938846,-1.152757624629672,-0.0717845514322151,1.2285079665040992,0.7163618135709475,-0.9904487827990681,-0.4532150195725028,0.6659860310409863,1.5562360251481209,0.8128096794435303,-0.27445414523916306,-0.5358901283390254,1.1129107850481856,1.923415996587526,0.05027592286154886,-0.6953938465023991,-0.034400985885577794,0.29837936611396937,1.2847346130944945,-2.2775652249703198,-0.7341146744659474,-0.006450828445183174,-0.4766663083778259,-0.7520581183851499,1.3757593079911616,-0.278531713119015,1.6033140485093678,-0.8104271619843127
sample_027,2.1395834057604755,-0.498538231671009,-0.9773525461242437,-0.9155820528885605,0.9159092409897945,-0.6148210809707285,1.3027312911933548,0.8215804403844903,-1.1911342255554487,0.9451100794827667,0.13155220634588677,-2.024074065138367,1.380979181791545,-1.7953963468702405,-0.4804804504322844,0.517687811491817,-1.1730852219527348,0.09562677280936228,0.09886168885522922,1.9523975945703886,-1.196432793391644,1.5662755561172785,-1.7905411162863678,-0.02908879942959404,-0.7743611186154525,0.004526047077949932,-0.15684897313194784,1.1710812078357962,0.7444646857208578,-1.6031955410702223,1.0106678434429548,0.5301397370187206,1.564144932593053,0.5082322829644672,-0.4156129433394759,0.22911824289633603,0.07213274898660108,-0.34865233351253383,0.6546267425207113,-1.0465543689814436,-1.110542280985115,-0.27618000028659007,-0.07727819025939292,0.5029733719523156,-0.4109178011141073,0.47573941685329096,0.09434364047666648,0.7243568447480216,-0.4859584216614243,-0.4490367891749766
sample_028,0.6863089066089824,-1.1588074796583439,-0.7130071224878043,-0.8431006671495369,0.6228047770366901,0.2748952697015164,-0.6525498094983962,-0.21979088567382654,-0.6006057412322995,0.5405298723785976,-1.574163839058983,0.32997221998969867,0.9848659235479226,1.0380399939884837,-0.4194989567576833,0.7266480155665241,0.11491040910440768,-1.0063407799445527,1.3737634183274858,-0.46919157159882524,1.1595433305749188,1.3096755948429992,-0.37718199660928203,1.1197441774149637,-0.889221173147433,0.8115171486439475,-0.07409601119277,0.8303195560109629,1.091924139033301,-0.20899573566182073,-0.05903045318066451,-1.4825944626485272,1.2040131331008737,-0.08401146790974326,1.144828796284858,1.7809222293373634,-0.7283596151015754,-0.8476641761073643,-1.7275643892486852,-0.14503057529662033,-0.933742227437616,0.8625102198192801,-0.1942716049720103,0.5708112540465617,-1.302133989730122,1.4742893647431767,-0.5650316516139553,-0.10083561274763377,0.8393092141908944,1.1455500778507848
sample_029,0.15191556328505293,-2.122526257573392,1.358163551397503,0.07708243217693088,1.7453167915655678,0.3018558373223551,-1.1987030561042944,1.7340575679323356,0.9150252603168697,0.2951142508487495,-0.601608081537205,0.016281494656709326,0.36604116987687246,-0.6798651945933496,0.8313337604953005,0.16369902767715083,-2.3945456644662784,-0.2596574830431377,-1.1575859592549398,-0.4134337460564386,0.35050975135179774,-1.8437724024538442,-0.06571439438757525,-0.45616121914399477,1.3109082967845898,0.8261714628325609,0.3616103626055238,-1.3666490108775666,0.443927997802616,0.33885176917320114,0.755178923794784,0.41907275284112394,-0.1447540832635845,1.2827693978597243,1.1344123055906736,-0.36192466513859123,-0.035514000302840694,-0.6549271986956635,-0.779454130064962,-0.9808965961291253,1.102006942432233,-1.102668652744028,-0.24257871875562564,0.5577079932454462,0.45776021411172646,0.1853303709476892,-0.9057559464548659,1.5105076196094112,-1.0421832104606759,-1.13165228947373
sample_030,0.8792496061638695,0.8387122680109479,0.4359956626135386,0.8787591272403446,1.0466007768051424,-0.07728800299608518,0.37090771096565744,-1.439888745729711,-0.2880171056413267,0.6457565902129321,0.6423423153739498,-0.06637968747075194,-0.6525064665664496,-0.2319233110696484,-1.7193779641509677,1.148867644696667,2.5595650447811185,0.3744526433027465,1.0143130356656433,-0.22316293802965517,-0.6476971636079936,-0.21189503705633264,0.8463555691326385,0.3842165185815803,0.5377197245034391,-1.0842352804866422,1.2239431013878574,-0.12048865058855662,-0.13297650974719588,-0.9195240750888649,0.5640409277063821,-0.4156155705375078,-0.03066294203461269,2.10748235620854,0.5300148562495425,-0.7105704322155474,-2.369926444224067,-1.2098022326297826,-1.453310620384847,1.142665671239349,0.7293893526681515,-1.2564459439162217,-0.22646705703752745,-1.4098305357574026,0.7464943556654468,-0.6419013175481482,-0.7050543901638777,-0.46569110448822143,-1.9457038719001298,-0.7435988542108373
sample_031,0.44991858659600337,-0.6027908853047821,-0.4026619140369314,1.8650098067675047,2.1845226130369495,-1.6819333953964075,-0.7544874612107466,-0.9643947862792085,-0.20124909764227242,-0.5621554544384123,-0.7370601082796188,1.201944351942412,0.3726603148353425,1.9014269599404052,0.17207156836549148,-0.898286918197389,-1.3376603128690694,-0.9947030131736828,-0.5537415150764331,-0.8405977799497981,0.09558814584850066,0.8392749134431821,-0.9111870478050326,-0.2976817382759948,-0.18487418835689415,1.000053536338969,1.3438367852290969,0.5222213129790207,1.4084558536146206,-1.0969152392978432,-0.8052220825327447,1.4950464013174631,-0.06792994976817635,0.5300322034496802,0.08465950935083934,-1.10491223087501,-0.7253058300317065,0.20015264855334955,0.427600501635657,-0.42387039509759206,-0.7168345317989925,-2.0069621275393525,-0.927152282863063,-0.17077980142453836,-0.5062278017086193,-0.5710189087247457,-0.8892125385912225,0.6518125212670315,-0.3141765639890392,1.1640997484286284
sample_032,0.5739977407422538,0.8897643379172868,0.9442042134466174,0.14128465651670286,-1.5721023314834945,-0.5082424984784829,0.03749171501704252,-1.5897682858679298,0.5451855392223988,-0.09029138855024839,1.2863067820143406,0.5770332710425882,-1.5895307628098188,-0.2753060061755635,-0.8680239771019752,-3.2281591463267323,0.5878048928862872,0.7990284684605388,-0.8852337456465931,-0.1293816713024195,0.6231147690390281,0.3921667808089871,1.8164204937408346,0.6059885442630913,0.1130012329865135,-0.6647083966292017,-0.2083103508884902,1.028653312890541,-0.8109191483287993,-0.059822482241590556,0.2702274044175974,0.8487573105336652,1.1863800877463653,-0.5499233477509813,-1.3647618790952092,1.6838826834139982,2.1075932655017535,-0.11977936966587208,-1.8903872573076967,1.2784351537784668,-0.10984951424146817,-0.3974708593712086,1.1295686924321164,0.32841841470653027,0.6777759716750164,-0.45122038994329405,-0.3356022144774071,0.8992313584042597,-1.1309716957233227,-1.1858736125893714
sample_033,0.6971962469822128,0.9912729431994972,1.4821016161768832,-0.11169248236660462,-0.42994018841015996,-0.6345849475199035,-1.6847508667661828,0.9474388591304937,0.14806404459714587,1.6707008372284977,0.5854426224320689,1.202604042748937,1.9966529003185456,-1.2022554060153934,-1.6993455738187009,0.5222664541203719,0.3190596515866129,-0.1843630215077912,1.524912196379907,-0.38580780132971093,-0.023749800744018515,-0.706292953903776,0.6744779383256518,1.1437766752355414,0.2303206816804802,1.8935260532990015,1.2300263730850334,-1.6509343945910184,-1.2336744137481377,-2.290545502008223,-0.521032955217467,1.4863725494399738,-1.9492337167688254,-1.7191863213595164,1.1851704214694097,-0.16137085950880647,1.5183268817649405,-2.4697355862678756,0.9904840389085999,-0.30776239398350114,-0.6749787750296764,-1.1162124161716955,-1.0202502589720683,0.07094711794593082,1.633575318974216,0.11637988827898953,-0.19581687599000808,-0.24988037802277893,1.8574856990159916,-0.03288783806437255
sample_034,0.5645675214096176,-0.2558714040687575,0.08816925045764606,0.06980044595258658,-0.9695010664834899,-1.0657546197447652,0.7045603323031495,0.2916521107952675,1.5782544142981008,-0.6102895948773834,1.5629343773023312,1.1212463160931652,0.906118770311208,-1.243593935144357,0.06786704036333403,-0.5053679424979751,-0.6176368471074116,-0.6549922745326916,-0.48775116253216033,-1.8325294797480622,-0.7122175315501387,0.5468237216799997,-1.7533136425504392,0.013238584631612212,0.20066567289999074,-0.06777672137771323,-1.75019641052507,1.4062298299372713,0.03909839116619252,-0.6594023927092914,-0.5010220340012429,0.8749129199334164,-2.6863318742377507,0.03595320047347926,-0.5157798868333837,-0.2846329830350424,0.2726857690843804,-1.4190944349888215,0.33041789153073914,1.4712640680987585,-0.3906574449315026,1.0492887856804354,-0.6122508876725044,0.5387123397505537,0.5399836775893355,1.759043766063786,-1.8550480228741406,-1.835419221908215,0.1162394412456363,0.5560256530915144
sample_035,0.552781910542172,-0.0070247537843883285,0.500906639258496,-0.27431941473092547,0.2656938480800185,-0.6187543220025201,0.8501359358763438,0.8050899875625127,-1.7795752694499478,-0.91268586059596,0.9063921648204426,0.4674575127841259,-0.5683975234627637,0.015142981035043102,-0.28236693075391067,0.5055288584165458,0.026363585931722597,0.5074371077996974,1.4284155539557575,0.7123079980097737,-2.042849110532913,0.6293374997659189,1.012215097101516,0.6934709333195017,0.4338388704484096,0.10187118496264665,-0.4412336958571918,-0.8352852991260282,0.5230819782233493,-1.5813479762866012,-1.372137165869321,0.9995884982253805,1.1014636632566306,-1.0092139461012861,1.2703844433569222,0.8237579230421818,-1.2690646870964648,-0.2880129159835645,1.2741103594044123,-0.37372986450589807,0.9132935923690145,-1.0114332452511852,1.0587967479426486,1.5935193833901076,-1.430231907328541,0.6740440307449841,0.6123162402834248,0.28436767282351005,0.42283545700504305,0.05501151162810894
sample_036,-0.5324615109939399,1.6202643076567682,-0.30855556215253455,0.26195984285540896,-0.1090750400197151,1.3766764823822648,0.980133820820233,1.6110016639129983,-0.4853433201127904,-0.20258661004536965,-1.0835714017115923,1.326058534758255,-0.8524983774767455,-0.06972501428148155,0.9965806304805711,-0.5411309536015981,-0.5584572120180107,-0.434144465808291,-1.677128323817445,-0.3972269033957825,-0.19467075651008192,-0.4884249683505967,1.526086714561468,0.0599614648697845,0.7268469438819455,-0.3129969583010149,0.6019704490899794,-0.08518629817534928,0.09799164215525759,1.359825356632379,-0.7812650724421142,0.02372581472381288,-1.7499677862521594,0.6225125427839101,0.20523885396577435,0.43085428630072986,2.236718475470787,0.3491569423358125,0.7601107298029748,-0.18554716965433835,1.3629742168295793,0.28183175892674533,1.821720960171807,0.3828092246245876,-1.6960165558317646,-0.28822120429173487,2.8330769208966284,0.4213434957748142,-1.9255576890595434,-1.452960115159388
sample_037,-0.06628407653000185,-0.4619089036547628,-1.2791316676045104,-0.3837447937153584,-0.9369235856635381,-0.3175106335192704,0.5181039277008375,1.2270117653840988,0.15959503043493387,-1.182592056864862,0.5948159491376753,-0.05569784456155516,0.8255586990852575,-0.5018248765363497,2.453469107839477,-0.22177928232055757,1.0962101709276715,1.4724646049322447,0.3049579860259272,1.0732432415067668,0.8417295928910422,-0.5830780339754762,1.7097500681567759,-0.5777912660031144,-0.3324942164163223,-2.0601819502846004,-0.3303965351144321,1.5836787637869734,-0.7190658128639155,0.046597715033396984,-0.5263676842856706,-0.37119888600405326,1.8166987209855117,-0.9154500353330841,-0.05300060013400097,0.028504656592239667,-0.5271928271820773,1.0123760334830114,0.6306017264805998,2.2398631039116434,-0.957081171009794,-0.8910126418846326,-0.2993863561007386,0.2536071202522008,1.014546113107962,-0.6879658316998656,-0.32928518171978705,0.8722859169210956,-1.4497404208412603,2.0120347754056955
sample_038,-0.705977524644084,-0.7018855183733809,0.6492258476798077,1.4601736345273955,-0.7598868781609466,1.687757405349794,1.3798021474228581,0.4349346001422787,1.9802711964457191,0.3977528188957073,0.5030122160298974,0.674598040642213,0.5538781042147082,-0.031455389181695985,0.37803096415239384,-1.8558380586026482,-1.2275035131772971,-0.5176681541723515,0.9449295316821127,-0.403381430628457,0.7243510820504229,-0.9358129198056976,0.13133777795076526,1.1177925839319232,-0.07353770699387069,1.7646052973552333,-1.219584922883211,-0.06475411583200412,0.39603575662818846,-1.8698018095528395,-0.12784960954002292,0.12418770385621762,0.2823677166200815,-0.7622318096273812,0.16236037746419346,-0.6340937109536389,-1.3343495433709933,-0.5569660165188379,0.19346584157310337,-1.104374421265935,-0.2623557648634887,1.2493311897921224,-1.049579983530895,0.7220098981416827,-0.6556398566224441,0.9547667788578746,0.41450916979933267,0.10313720577527732,1.382660868498786,0.28631873089517135
sample_039,-0.14406392125416445,-0.12190194458072272,1.473260773549843,-0.35756342939752,-0.4615193777189203,0.32243659320839946,-0.005005705786536222,-0.22705818484978157,-0.1283437133130021,1.963511639683432,1.582921859318294,0.6625843910533427,-1.017613415618491,0.07002801883162232,1.0225002499890303,-1.666450534072886,-0.24390447559982856,1.147858766449013,0.1969348605396197,-0.895411989946631,1.3326617029726036,1.14850202105617,-0.1404563195087925,0.36055534820843343,-0.01480814082209533,0.47861601146289207,0.6972036812301856,-0.5593302875359389,0.9680987874030076,-0.44345980371482524,-0.18215906360142015,0.10923727651250374,-0.2202162426177828,-0.6773758310006728,0.8080623687704203,-3.2054275085660344,0.10417839396241248,0.8409948331378213,-0.28181033862163446,-0.6516889816588116,0.4585502616497317,0.2753189367856648,0.4709375700411189,0.5300074276946796,-0.6693972469473921,-0.6726268573183328,0.6287280566091478,-0.0028146356380403313,0.7554725253593345,-0.1577895206261896
sample_040,-2.2758502887398584,-0.9739828121687482,-0.4664346951441935,2.1659571451129915,0.07833115959561192,-0.27246894414134576,-0.4317921074919605,0.15191098277760287,-1.0312814979354623,0.1912824634131882,-0.8405627839661413,-0.6411925411093616,0.4112493826961308,0.61059269839658,-1.4312093338440455,0.824767260059966,1.0661269896257763,-0.5983061334363798,0.6154845911317086,-0.5777004532779817,-1.177423907890472,0.8356080834035079,-1.7532511634736905,-0.7738913810908953,0.47389500343825514,0.5457853450187407,-1.1219642188188443,-0.6979190619194439,-0.34457753856176454,0.6064423797876648,-0.4151367126148947,0.6214536188903765,-1.9296547752357203,1.7666083312425924,-0.3953292966899502,1.3921603568589436,0.6346966739755334,-0.49257947817318765,-0.04085402430860111,-0.20023896603168842,-1.339014846405243,-0.3794818492424402,0.4784766923465959,-0.13380169874700656,-1.5435988443355118,-0.6606988513417724,1.2306393070401787,1.4862734571784668,-0.1540675128175021,-0.44844643662471084
sample_041,-0.1385167692368421,-0.9050927450623013,0.028466137733647586,1.6236913098044004,0.3127061254716626,-1.8234621756697225,1.7548355094525028,0.2972304042807417,-1.128985233769095,-1.1679365574182397,-1.7961985156379106,-0.6204480288561153,-1.1007594844124609,-0.0333362667800137,-0.17527027249240845,2.2953904888662073,0.9532588465426597,0.00783249912046899,-0.32475178517887276,1.5268388939857294,-0.6292635062651716,1.1783777739065355,1.0223437420247459,-1.230710519399844,-0.11749801261685583,1.3785313791887526,0.08141044107944678,-0.1759901618667479,-0.5108843123231854,0.43611419562268894,-1.5317641530808517,0.2871812767720495,1.640432345161054,-0.87220289518802,0.6652189017102339,-0.19603600795051918,0.052225836906955495,0.17573914904397528,0.06665854786794599,-0.4963794010424973,0.05411740029107441,-0.730631640665393,1.0347469930858473,-1.3876770757153334,0.17737168050135002,-0.9696065621573406,1.6166872209503007,-0.994280611110318,1.6352844145510528,-0.7216258790993285
sample_042,-0.18693165994189279,0.16017700810696264,1.7707068085834203,-1.3941739208765462,-1.0719552297712756,1.4635697038191018,-1.6320468702645012,-0.3641040471877744,-0.021737868105428538,1.1139587757643217,-0.5067853337853993,0.7659696758566056,-0.32302782788962264,0.4360243037350912,-1.0219147551057783,0.7529417486061577,0.8688290263307394,0.27388035228634966,0.7040737859390052,-0.2959155544868799,0.025937348521388164,-0.13224241916302915,-0.06355931104803009,-1.0998426479701795,0.3390880989806636,0.25856878013831064,0.16343021540118008,-0.8985934034901446,0.13534138196724735,-1.4516308779931675,-1.2737603414467622,0.39437074245530457,1.380756028897909,0.0460467366438751,0.37269672019149264,-0.4124844708457283,0.4329638352124857,-0.3637303301500939,0.7190399789382907,-0.4556877139132295,0.8321202713962129,-0.5228909038907141,-1.1473566814540295,0.4672579634243738,-1.1614306253362598,0.27084034902755894,1.8754912631518026,-0.6940719954575322,-1.3353921333956351,-0.8046781292333239
sample_043,-0.34116979936210656,-2.595898404291973,-0.16968631298520293,-0.7195966310100731,-0.3203200888643194,-1.9700294327146453,-0.7224881092274988,-0.05428258853857284,0.48385372517630953,-1.0427177881667937,-0.6027668531628996,-1.950162815402916,1.5704912472461987,-0.5144093795826254,-0.4741795572376087,-0.39507142215681995,-0.04745533138317047,0.6048691173211173,0.23152404697557458,-1.6975572730702648,-1.2371761667073442,1.7378014949635578,0.6116208142826648,-0.22963401546741868,-0.3263339435573766,0.2620604645997765,-1.2287267922266867,-2.467721739621803,0.1942283823979746,1.2056819507579637,0.0429121706166153,-0.8369545165124354,-0.43886634528063073,1.9772274345269985,-1.4526333855934175,-0.9813340859401221,-1.8766710857548772,1.5574629669202873,-0.651717977315768,-1.0321104914139665,-0.4751402387752485,0.31040841550120624,-0.03834283160120359,-0.2660327958464469,-0.11548667292604502,0.5924384846271391,-0.3842393028175141,-0.8312661103908688,-1.3419092068706546,-0.7836800943452373
sample_044,-0.24666692826382738,0.6562894897847957,0.8823870274367532,0.9503833670246332,-0.03760069099455856,0.35515796424391016,1.978565279445083,1.6020646045078355,-0.5882041983662952,-1.0746296592253608,1.2490135874796566,1.0749869933123086,-0.9666192746636145,-1.2902345519999165,0.22543116027029095,-0.6821696164469148,0.41275491586476937,0.2597288481497751,0.7604147410019502,0.42747406860761367,-0.5599413709024175,-0.9673416577230268,1.1953657605495291,0.15624332261123358,-0.09379962779365902,0.2892434396646236,0.2918818007918459,-0.7002472618643455,0.7937604925985386,1.8128392057072231,0.5822251637644018,-1.4939913689440916,-0.03853776952979113,-0.9824824705619324,-0.8284741018864284,-0.6783156413384196,-0.04431507173226485,-0.05460879264793714,2.4549858458913847,-0.15393296248768748,-1.422949939017667,0.500579210004777,-1.0321198660044035,1.6661126728245537,-0.5922078286368466,0.6161156123516524,-0.6991775181609097,1.5356725796289865,-0.1987898871527145,-1.5007732510208538
sample_045,0.9988679057221685,0.05195023281506037,-1.3423565313003758,-2.3003261852988164,0.4537678962486344,-0.6866474983466698,-0.5949608235066944,0.28418412367356455,-0.6644003359178646,0.7481298954890782,-1.198913257253461,-0.36307689728557707,0.10856739731925096,-0.016084991946538226,-0.6240734556857879,-1.343546366355464,-0.5586021026035742,0.15005516740742295,0.857312059400419,-0.439613152325354,0.7368790468851232,0.9449321664129735,0.313346020642734,0.4867882824259185,0.3085677775071529,-1.9133459439735876,-0.5706631842619093,-1.92932179564912,1.8104465888118477,1.058444989425694,2.2715096741564182,-0.5033460314638946,1.476315866283699,-0.467740460644208,0.8150313686954143,-0.8956437124891117,-0.5395436646427864,-1.455405373058606,-0.9386805441397015,-1.10496875554007,1.7267660433960619,0.8010152659665746,0.5563254795327154,-0.5763531120376115,0.18095483070400606,-1.1439494400133867,-0.07152634256785043,0.22822055091248514,-0.3141733686486964,0.36607876767386605
sample_046,0.5639742772087404,-1.5747815586172058,-0.7890547833288155,-0.7559428795122455,0.7701000679805461,1.2694018912850609,-0.006639906742775789,0.3999962599528903,-1.2133222230532186,-0.6009707818928035,1.7679395892072955,0.31020934413989304,-0.565738373658047,2.56976971603029,0.8354649713104575,0.768798685872668,-1.0894148424519159,2.046760092191954,-0.22217548205622897,1.6078091123503244,-1.3781379119213386,-1.05338144807593,0.010928707269125629,0.4128237202043608,-0.4215414697080858,1.3972927805695488,0.4350128802721918,1.0208248494717285,-0.7179387759449539,-0.15253792080661224,-0.5994546791323032,0.23397298256199275,1.1620526058101583,-0.11589556417989276,-0.8211372053922,-0.9168471074094219,-0.55511029604404,-0.12912714598546685,-0.306802467950566,0.5180736891696819,0.18376160448566634,0.4306279746350518,-0.7919457862870907,0.6472341937142141,-0.7710127170761171,0.7001549072597119,-0.10728080413673027,-0.13742101271909496,-2.2980080423893514,1.9082749752393602
sample_047,0.3123569292299374,0.3990711090828148,-1.0545294774903637,-0.5035857533684882,-0.2795926508655968,0.2576653220731393,0.5262637719943869,-0.3810950514199357,-0.6497193088487568,1.5891658880722117,-0.6243141680494306,0.4283267675540832,2.3859035907793964,-0.05560451735412728,0.7557552131095908,0.08573039246408522,1.024618113552564,0.17168626197979472,-0.14515559544201498,2.0807979101101126,0.31190567470470976,-0.25378136202853113,0.7068951068722702,-2.1659562596722566,0.6266065209783768,1.4269082492272955,0.09830545040485154,0.31626541592766944,1.1433551800533424,0.3754701906105364,0.6463961233670114,-0.2046308351127346,0.0995687633344635,-1.0228993234066,0.18652182660978428,0.910798085749065,0.3441361528595,-0.6363273136034069,0.19554820275477305,-1.4053003708530356,-0.5187047618779937,0.8173359123450695,1.4540482763817577,-0.17223682976945578,-0.995127403076972,-0.37036940412304636,0.5513701938444339,-0.10108548399091834,0.7630610314317815,-1.8341488093610459
sample_048,0.8131671034455362,0.37104889927492307,1.1867316792598603,1.842986387591571,-0.05907073257913353,1.80115385233449,-0.1498042484924954,-1.2327210357601714,-0.750370039923637,1.1228580792175753,-1.2139132581629086,0.7448676160727601,2.710521833819975,-1.234398684085844,-0.6532512439049218,-0.18882559865784732,0.733489502589888,-1.0039290120963715,1.4727872552122097,0.31104222269960546,-0.6746205337561542,0.1491797309464896,0.31764734465196404,-1.814544205178866,0.6098873446174241,-1.566548656727122,0.22209610885207498,0.14408774464307172,-0.743949914819461,-0.572743114079576,1.217120445985571,-0.19716485235454995,-1.365842019362186,0.10243933035210474,0.39029963769161924,2.218550340680505,-0.3313279804265546,-1.2584674960410214,1.4699825282869983,-1.3780082590512879,-0.06804587402553736,-1.593772960454722,-1.7063144333487683,0.7749678284062413,0.5880076041686391,-1.6163540643478616,-0.3725938503647188,-0.2559946864085363,1.437557088680323,-0.2137410770313841
sample_049,0.97934063834613,-0.16384152710237201,-0.5075012681401512,-0.9416585143034155,-0.06395019861715309,-1.7162920846953151,-1.6641412038832202,0.6570710414727103,0.9314829967289447,1.4055290320173632,-1.1719798892932196,-0.9101164129930444,-0.7787245217867568,1.5244760168494706,-0.18679268581320013,-0.9829888017629457,-0.9133997877683893,0.625028978009191,0.8521355503897935,0.8539225989601082,0.08044148399517281,0.3020632502846453,-0.14866814594028277,-0.8261146297793689,1.2323882481918602,-0.3634373463277831,-0.04005595493448161,0.5564571632902703,1.0934015461405318,0.30696034279721734,-1.772375013388975,1.4003636848783514,0.6494014860597973,-1.5710128832220351,-1.5310919063713155,0.7714976379063738,0.7218218477003648,0.4044053999533051,-0.3494422134836663,-0.29873506808203565,-0.13246374689538468,-0.39746726444438324,-0.7962616527887265,1.4098840255823255,1.2296648175591658,-2.0305317925439925,-0.042110067947766415,-0.2643021183280447,-0.2729604424218372,-0.11745800815509674
sample_050,-1.0850294624493249,-0.5318836756816543,-0.23746974134828008,-0.2943969508128467,-1.2989161333206038,0.6492050105286435,-1.236588836734103,2.2380521733330374,0.40078275516160966,-0.00038653243712230084,-0.6325346699800545,0.09008447210103741,-0.6031723213633661,1.3629929040785957,0.72638429787603,0.23764868910507717,-0.7509815384515384,1.0152936002245456,-0.8665045991640159,0.17677602456808394,-0.0041059869739544725,-3.0652777172512504,0.33109267262787045,-0.21057903908899497,-0.5173835773322396,0.13956064827731296,0.15781329383525403,0.9076762255771864,-0.2061911702009777,0.822866801531582,-0.9653607799580375,-0.4896862915315948,-0.2753720599235043,-0.4552037245163388,-1.916533558304481,1.1629931581652255,-0.28017972660809815,0.13797852339401875,0.39928819328501425,1.2588156082258206,-0.44711970928753797,-0.4184662240644601,0.021144044865117936,0.09107911936063333,-1.75580472752337,-0.8117464763590542,-2.2179381505175244,1.1195197087854007,-0.23948211586024695,-0.24242463917944146
sample_051,-0.5710068545088807,1.2022782548519735,-0.29009700546181455,0.11836628466942081,0.7433921081196516,-1.1778942111277522,-0.2949618224475498,-0.6364786892072385,-0.280750961834677,-0.19288299148090784,0.7539304912521257,0.8662417430662385,0.0718322179560679,1.1241522000864983,-1.8342337778382305,-0.4600999252213328,1.982014666926306,0.3665572563947785,-1.0848086087754036,-0.4190071288244108,0.19389224236107158,-1.244791206947768,-0.6129263498399212,-0.3940302516253581,0.2954491308488793,-0.15105585690346315,0.026731318071951355,-0.7862187059561925,1.8721360179261022,0.5417773416792184,-1.4939124246447844,0.42238080537484163,0.27525487769618234,-1.2430904042381072,0.4283688539789969,-1.123914644621786,0.708312171846509,0.23104790479335846,0.7689972132121752,2.1332134575535577,0.19571570169154867,0.07694427122258247,-1.5636918607326786,-0.9265355673368504,-1.3462644670156736,0.5213831158126003,0.34499329569588344,1.0896584750316616,-0.01917805871371817,0.5184139489574433
sample_052,-0.1933468895232461,-1.4980189953466534,-0.6780115393115437,2.374380604138586,-0.255189518322318,1.0476121763138742,-0.15215826309247452,-0.362437832464273,0.41387529531439077,-0.7876606032283954,1.5343844902043537,-0.04754652792622382,0.05503902499371415,-1.7216210484474659,0.31275594641627946,0.07544388334850041,0.18546930054200805,-0.495586223400105,0.5606106251718738,0.819141749014822,-0.061639740674472226,-0.8145615926981339,1.759189766299144,-0.8602535599535357,-2.474239107345599,-1.0580763993547935,-1.292242013197308,0.029935355638117007,-0.12431768859666925,-1.5117686413468883,1.2540926529875864,-2.813312241841621,-0.6732067115856146,0.10092936266889527,0.35738061782942054,-1.2056585183187465,-0.014104211748399648,-1.544742208345968,-0.6352406323400478,0.9760411953459669,-0.5388363382078077,0.7959117049073976,-0.6181534471410026,0.596574783457504,-2.998048430609269,0.5780238205677704,-1.6264105633325292,1.0680201644763263,0.5455398222220915,1.5261978605054116
sample_053,1.9336372924380851,-1.0878476320745996,0.33511589730205876,-0.3349467274679148,-1.9004238595293494,-1.2842306807043617,-0.8264300993188128,0.40531020654728306,-1.7400276287135816,-0.25980028564807234,-2.1502973381288033,-1.5310178239892873,0.2942181478125931,-0.5293272254917969,-0.2141441504719856,-0.4958855690226495,-1.1079467327533608,-0.11059313807080035,-1.689311360001082,0.21099217649289553,1.555346128625398,1.0354535955126398,0.719208054598725,-0.8166484831609389,0.4520473853971721,1.1768534122576912,-1.7457679179770909,0.682879710357304,-1.3882323079269792,-1.0579499589139554,-0.15605081090838643,0.6493195840541336,-1.5301789817301494,1.5545171177616033,-1.1316897645870097,0.5208926367433145,-2.032511344714048,-1.7031346336269029,0.6008673877332977,-0.8931006627081131,0.43810871001106194,0.9143668089750628,-0.1966245110097068,-0.6755966128597305,-0.11209082880213726,-0.19854711907547906,0.9261614592402618,0.7505478349295385,-2.5068047303577083,-0.6626025644149391
sample_054,-1.084106985332885,0.998351383401983,2.6190583910728833,0.05544497740815394,-3.0916195797973263,0.21858763976445633,1.4763788320418276,1.0270550247372303,-1.5982806032010037,-1.683726838263229,0.6520400372597976,0.113838695832855,-0.4544093288534434,1.1530805919050724,0.016197568850385258,0.660208981252466,-0.45091681239912923,-0.5858935666888557,1.6362801609224686,-1.309490714679325,0.030177454970469197,0.2478335664760706,-0.5539504392294508,0.6057542855591783,0.20041035993522352,-0.27492346703876064,0.6452627735494929,0.9037017514384655,0.3723513913298361,-1.6147437975016807,0.9432771053038521,1.1698420442529556,-1.6226598962148642,0.6453372516109113,0.5098843471084572,0.8200089646768449,0.6282180331847864,1.168628713079805,-0.1861281115575262,1.3753373981514792,0.09212682470781046,0.9348815864015085,0.18654805576959796,0.8374619746589219,1.8393085745975017,1.3228578705898586,0.8793663964671646,1.2320687015676743,0.4426229294770223,0.3565917471888165
sample_055,-0.12831895713030705,0.0008670517590678437,-0.741353202776476,0.6388315785998474,-1.0004910711986896,0.875538225119223,0.6983903995686624,-0.337057934571094,0.915883375286641,0.9545484329295022,-0.8800546023197618,1.3522018156169542,-0.330634994285524,0.7108578742897496,0.6796248577296337,0.8873271336261097,-0.4437874772109156,0.17057897097051813,0.6026744135179206,-0.407004527694982,-1.120214161413113,0.1422844547668286,-0.6020945842034252,-0.5000936216552807,1.34116191771705,-0.2796218072917225,-0.6520018893489179,0.7942249960279913,-1.8780976251927892,-1.320092870624641,-0.3330375006333636,0.21024462856424497,0.5383643180279165,-0.34943798430105555,-0.3270903717850663,-0.0772160013219997,-0.14083645446629103,0.14548993856681475,-1.3115380272210126,1.9391469216163335,-0.06654464102943622,0.8129138699566801,1.022301649823157,1.237208970801303,2.9440806877251284,-1.916345339614198,-0.1757801004796849,-0.2498571029326112,-0.5658697421039858,-0.34121716212303715
sample_056,0.10296577880057295,-1.8256916438118713,0.8534498878812473,-0.4340730837261878,1.465874582972178,0.23822431236429822,0.09318545786016616,-0.240322516057898,-1.9537282178458937,-0.2888651973918396,1.1843952198755288,1.2157600999254843,0.8112555792577117,1.464686616363747,-0.31089648589053415,-0.24761798137601357,-0.5944782670542522,-0.3120760194293712,1.6123152122823994,-0.7644151159115186,-1.066750821604917,0.19937100304366104,0.8046209229637039,0.9511401215070903,-0.31457565237125296,-0.4808597446387904,0.8628358458013332,1.463269973354361,1.5578567621460255,2.3330048090909603,-0.2622522174931026,0.20077383063312995,0.45682846845321223,-0.8164078498840093,-0.579207130665289,0.2600399268555845,0.555084886508832,1.0156181300064862,1.1366701076999368,0.8819464948743622,-1.9492850959446306,0.21100977143177824,-0.9382723459123334,-0.5232908999033931,0.04817175372420195,0.3655415783435611,-1.027307184923478,-2.001720294643758,1.3982951110953616,0.15121617346196653
sample_057,1.7104354024506983,0.32032271697997533,1.0588755006134112,-0.9878086130383703,0.528491372499726,0.10460323569477714,0.7578979448027002,0.016120769102572714,0.3704193813054128,-0.16260804119325092,0.25170133465981676,0.05106406257164822,0.6434067274751283,1.601756691435015,1.7643968886165968,0.39475915830275926,-2.004946473939875,-1.5672173622770484,-0.18525364959402946,-1.0468318493960391,-0.5426808495500721,0.3591148414078748,-0.7073934543119907,0.6094344759926651,0.7465756430888802,0.7752618617984521,-1.054818222315174,-0.2096175310398037,-0.8170678463210641,1.4929259186563606,-0.10384771746248708,1.7506336892707637,1.0070508277231396,-0.8901510797519004,-0.9112436255847309,-0.8049143989551333,-1.5222205964680762,-0.15754810246634338,0.5491918575370424,-2.1654918098521,-1.6046769248859125,-1.4526513473021372,-0.6732880449836773,0.5715885834369444,-1.8652381200297277,-0.27292288423359856,-1.9840876883831269,-0.5015738829676858,-0.5947433620881678,-0.32488103736808555
sample_058,0.10379062475927833,-0.4425148887499593,-0.859229905179218,-0.14556085920970926,-0.011154199805605204,-0.11850740099248917,-0.2929568042349386,2.1023735975736395,-0.9392139194171414,2.220416505740457,-0.3768516727268443,0.28188965916579417,1.3449317063602144,-1.1662495631629337,-0.7021689419979956,-0.8118934781556725,-0.5127422263590664,-1.8726648868665108,0.03188773324876749,-0.11298357222694382,-0.3916115409560618,0.1328814191029086,0.6210939588732175,0.8553544401410194,-1.671073277732131,-0.7942533656270558,0.2808346875608118,-0.5030030729555056,-1.122710427411369,0.29595666845856994,-0.6689292763903866,0.8652720948961308,0.6529358159081441,0.4805296434691803,0.46112629300125413,-0.8939415747921476,-0.12055349885791926,0.9264264487179128,0.41037629579847473,-0.3791837404086407,0.09854702282194083,1.0638133997539443,1.0475144127832146,-0.24614492227495852,1.0674955207391106,-0.062375061876360334,1.5541097116852718,0.07492271394344825,1.0361274001655583,0.4534837412337366
sample_059,-1.436404875780927,-1.1468427290685717,0.6425711782635052,-0.5469332678260594,-0.04388698083768593,1.280072000272164,-0.26508145933323474,-0.3414726590001206,-0.9846284125455455,1.0555543979961952,2.132976279553319,0.6638214302014696,1.445738747456782,-1.3526926531964558,0.16465376840675316,1.2248530587168902,0.8813473726377321,-0.5164584606586717,-0.19854561708692248,0.9191917628591029,-0.37580985323715743,-0.8062586517521044,-1.7649981954855258,0.5431265754707214,2.2664503742304247,1.2378852704164713,1.4590020837087698,1.6985189259560807,1.472547087891733,0.2842575337942113,2.7950121096447895,2.2683507231865225,0.37280894434146605,0.1680313408119825,-1.3297177906205409,1.565138040787451,0.5905516507642464,-1.4165789601880252,1.2633818688284977,1.1163461441372582,1.7960863264401046,1.1760140194380089,-1.649596726868304,-0.9704475233975313,1.3077249504737853,0.5279707781193416,-0.7180025545899904,-0.869537027007022,1.1506468389922007,-0.9256121672136536
sample_060,0.2598549837717218,1.0456777784851135,-0.2977109720095421,1.0371098665429432,-0.9339987605249822,-0.24820681893303695,1.2309439062157703,-0.7497939158290327,-0.5951098834077209,-2.3975841334523627,-0.1470359311893348,2.4113172147255697,1.1661375049580538,0.11509745645356773,0.54472689294652,0.0010886662011174,0.21061135462317554,0.7623729169822864,2.1025670985769525,-2.3694710521793763,1.3805622170145067,1.0891698047200125,-0.6114853938595037,-0.58929894285497,1.7262929915384704,-1.2603142954863185,0.04892207143000766,-0.1742766663926905,-1.3812943057886224,0.8917880427878316,0.13866576154133828,-0.3722717454120227,0.4738873773228215,-1.3278608208285931,-0.4989743300464387,0.2186926079772967,0.0956517102820205,0.5204837703826904,0.3602117582017042,0.835176661179112,-1.244922158285391,-0.07040394348578777,-0.21290095815237692,-0.7151265591113095,0.11549515092247356,0.12911529418289827,-1.20289360058069,0.09719257048111887,0.2779911457362419,-1.8030963216287146
sample_061,-2.173958152391151,-0.48243372955459446,0.04316586697228273,0.2493608597888046,-0.13836676533570652,0.07611764224561958,-0.0335358072908096,0.31861065409218237,0.41977680556513797,0.6935540903051871,1.4626846987334738,0.2065424208527827,-1.1300701019536998,0.9582741879627278,-0.4669402823448355,-0.16825643701926207,-1.241459839603202,-0.7592307107763137,1.255868550453406,-0.5590384702834957,2.608262185692595,0.16381754942183277,0.1073500394185827,-0.6394998425656824,-1.2236391627285632,0.0976794417158797,-0.42705076086578975,-0.6457651747480432,0.6471316053260724,1.0959404033605185,-0.7327664155161897,-0.6346988117413351,1.6797664963465306,0.12494529517565583,-0.22377286197304547,-0.9744454354877801,0.2381532772132263,1.0199618424706571,0.21937561452186677,-1.0388418274451885,0.9983065516327555,-1.0284160313815602,1.0583977160184657,-1.5103157715700648,-0.1600881241581916,0.07601576414725425,-0.34274290100041843,0.3956924395520291,-1.0530248142134813,-0.13323835634503314
sample_062,-0.22337172671664945,-1.3156304555468628,-0.11263725088467219,0.8834037971715205,-0.4221498024491213,1.2470450830811632,0.7826030426791527,-0.8856310913271268,0.5178149503653431,-0.70201097344796,0.39749017289349814,-1.0269272931894715,0.6163350233005715,0.024825770461542544,-0.5457921566650067,0.27596930273030107,-0.8586689895044001,-0.04249427305737633,-2.272373976683007,0.14387507555740892,-0.9069922795177121,0.35795580854767195,0.35166570257043717,-0.9933628954207797,0.728076782950232,1.2877066412800224,0.3883712144612789,-1.000948987248014,0.07786714324894915,-0.05710778956428036,0.39150229258385766,0.4983441998867723,-0.5096762103329068,-0.6456095749266164,0.36988505217886974,-0.14629884006274413,0.645513309542955,0.07132520333045553,-0.4931781631610207,0.8785400695581246,-1.0362388618319667,-0.16561715805489416,1.0790303924945728,-1.0982478906909368,-1.0220684320349742,-0.17234804460543782,0.6575508219380348,-0.7205406740745637,0.824220561919669,-0.3365215182429311
sample_063,0.8993460226788755,-1.8245512853011308,0.15190264730080347,0.946104245658505,-0.8624610171159005,0.36886842882294146,-0.38830404326481016,-0.7580773935696974,0.6291816865784712,-0.08758544644480155,0.2908244835799614,0.06676821327367317,0.3345212634059804,0.6337241333330507,0.7459251398551087,0.502906866729679,-0.5138898404805623,0.026382655049179558,0.39074414117368816,1.0511623666400978,0.9576614122922027,0.9733521089848932,1.9543489188427203,-0.19114122895665792,0.437843668105029,-0.23842916803105185,0.34500315064024434,0.9211545229348267,0.2864714558482117,0.6958804521604166,-1.233028359962728,-0.8072544958125708,-0.9484548581000238,-0.5832246925697333,1.253436647784117,-2.3399332579691134,-0.8508844438269094,1.0876102836176236,1.2677984513140128,0.5436876417513,1.5111005212861643,0.906516750596175,-1.4874110700006111,1.6895743091060824,-0.7474993846478019,-1.534387640236091,-1.3366441322873084,-0.9637017594439244,0.28678196555989327,-0.8961296216252116
sample_064,1.3536606948706131,-1.318580265089715,-1.3916927790132827,-0.44460823283036555,0.8678802152416568,-1.0381260036413051,0.04601845958603045,-1.2503156774157491,-1.8140515603740983,-0.4322550122116817,1.2533342196931843,-0.43202826652223997,-1.7103964135216914,1.3950231677499882,0.8999977085530871,-0.016646340829385972,0.8329555300157694,-0.6329094119747636,2.303329266605015,-0.7897495700265099,0.6419275627976063,1.245936866963725,-0.8100839961722399,0.014558651306353526,0.06595540663653118,-1.5207779659856613,-0.8724532465702916,0.6959754708476011,0.04428491018199805,-0.6949368693081843,-0.44175490902472714,-0.1514302104601902,1.182947201286386,-1.4044977567183041,-1.4348176877746632,0.6552832967372841,-0.7325643450990572,1.2223002472724585,-0.9836788872692588,0.17498815861911632,-0.41101843161853024,-0.992885477420861,-2.0808137750013316,0.2727473778748351,0.6715436396202102,0.05630795352495011,-1.0522111071904816,0.5195537793293786,1.277230332684583,-1.3456462443532398
sample_065,1.1403602492149718,0.6255722639217861,0.7535276319145122,-1.4201739072601791,1.8992283030320523,0.9648535992497708,-0.9529334151306434,-1.8461753961692728,-0.8277288309432234,-0.8493061945570152,-0.051352973284418464,0.8500397310573087,-0.11422005549422944,1.0312816256638564,-0.3643192455497896,0.4894846324688715,-1.148291493275114,0.446017432220636,0.45649250224234456,1.0320424763493554,0.4050945074441648,-0.23099374765878158,-0.09992088636748542,-1.6755270776344204,-0.9868343443477977,-0.23537341407042983,0.9960826452179758,0.5606061975145701,-0.7029680107593245,0.6033048788871366,0.5341112897713743,-0.9560796804198266,1.0451683207494975,-2.3730974180993716,0.7735593029179316,-0.08556266987023584,0.2117697369481726,1.6851066814734819,-0.9106363890780869,0.47525863329791684,-0.4622716325170327,1.9916779554494146,-1.196937259650759,-0.9006881482138969,-0.2435880544873828,-1.3467801567743491,-0.30341772373754194,-0.400449787394294,0.3731522908998319,0.9300282601829842
sample_066,-0.4328276437423111,1.07707142258472,-0.28751636153695964,-0.9508240960706501,0.310208442958942,0.5565143154205862,0.5227752920964996,-0.7277348713368611,-2.3204820201061445,0.5345242040993285,0.0735004505506188,0.005992036718011712,-0.07481078129212561,0.13144588212150998,-0.17515184085045385,-0.7320772435773975,-1.2743548728326135,-0.3180183530307187,0.3181917899350169,-1.4241348601843369,-0.044719673198170676,1.0399128983053014,-2.9856973715475776,1.7749868797326682,-0.30135877283413315,0.7283475466931583,-0.4556620625748307,-2.1533755582131606,1.952479338186773,0.7460890258325895,0.20548634678521469,-0.4451981667698916,-0.5167457292504731,-2.601910334263383,1.673771386273913,1.011235012079593,-0.06402258119427355,0.001870328882918159,-1.2751447006233643,-0.09753620331044087,0.49834141116795183,2.6535092048574285,-0.21646797469025206,0.2465149216134864,0.9331031896060265,0.1604655276165057,1.377849744629569,0.721424449870103,-0.22481492737147743,1.0852452508604804
sample_067,0.6359245373006963,-0.35181423048530774,-0.33732496984188254,0.3693633777214133,0.16138543723611537,-0.7704125209244446,2.5014605818438613,-0.28488516349617055,-0.09473008685436547,-0.6914302943596489,1.1213016984129711,-1.526166066442089,0.5467221651754278,1.0615373666471533,0.5977256288361255,-1.2474643426813017,-0.16433412259127447,0.05619368115224439,0.14962782043044387,0.6682280535515002,-0.24268772078817752,-0.17901891408901857,0.10302544801274642,-0.5004587188431586,1.5295852173208762,-0.5748582420544062,-0.02027364225545373,-0.6717229425553348,-1.2001382273597112,1.6146570608949946,-0.649336839741239,-0.8768584339179117,-0.6542936091717049,0.0019380196300778658,-0.08486820747953426,1.1260407438185611,-0.02782507494019628,0.010386383349379856,1.705409484855203,0.1887802105706604,-0.35186870341959664,-0.2653533656766592,-0.1819854119558617,2.0638062841294307,0.666178012217845,0.28897207283591847,-0.9510698151641247,-1.3572163932414727,0.5297175164496598,-0.4975971233915754
sample_068,0.25280920862202727,-2.728870062545941,-1.4926587846025734,-1.091123581442621,0.5950684983411281,1.4203449556346042,-0.6802438983303004,-1.1421782365929245,-0.713832701534099,0.05737754977126222,-0.28683732557609126,0.8009752440421706,0.572630807413254,-1.4245899241427438,-0.6121449565023516,0.4056028907787425,-0.03166158717560969,0.21261090681448042,-1.4035216125458427,-0.5196988741399348,0.07447674468744012,-0.047159270351097814,1.0999417415387558,-0.875853943013796,-0.26007118042189714,0.23162464726610416,-1.587863664740207,-0.10812426178357815,1.0659075668004934,0.6673007922010491,-0.08817580963682803,0.21308815689692448,-0.41866195652498384,1.1440227677710881,-2.0356635417001554,1.2523050241850515,-1.1234776358492067,0.9085213564974841,-1.117663592769957,0.1623334578746673,-0.40404959216791564,-0.9943600270601949,0.09685427504976464,0.7161851052744685,0.5920785895450397,0.24005428257691036,2.0790922968617447,0.17424571453537127,1.4974121683738437,-0.8839674335778837
sample_069,0.39886746074609203,-0.29975244382786875,-1.412617672114712,0.3700129973732423,-0.9005875675170087,1.399642921334805,0.6751905167360953,-1.5703777330209134,0.8251619603547883,1.2662701755755106,0.6628335920580676,-0.24898140131211027,-0.8049843544679877,2.225993978195878,-1.640960079207521,-0.4603182126542225,-2.115049990918232,-1.3940042198796285,1.864354185951025,-0.10702911705550186,1.1835255993738927,-0.5414269973683997,-0.6674656982960112,0.48987127160787497,0.9646428589085293,-0.9149036701159214,0.23228887351890087,-0.13824403196273635,0.8945560519417125,-0.0036908851584755917,-0.7609738387979791,-0.7758231274716662,-0.8337508038262258,0.3939517497055106,0.8844656460898096,1.070776674204957,-1.282405482288578,0.3841244520276665,-0.3808273671741537,-0.7820436339881671,0.2663641512688179,0.04431824869923123,-0.13875040657595233,-0.09687535023778422,-1.600721292021912,0.5860804973860297,-0.34955805450965544,-1.5820629426107264,0.6991606029058329,-0.22586529779171993
sample_070,-0.3424583438483498,0.706348362541641,-0.12922492922670625,-0.01301987187318648,-0.025375672179112043,-1.991544054407938,-0.6619431295865373,-2.633336242217441,-0.21175982070685076,1.3424656649033295,0.24629532397586726,-0.06857370590820691,0.24863526319672097,1.036204060212665,2.6675940687062893,0.2818197102965403,-0.15081491003003133,0.655335696441825,0.3952441647615566,-0.12829796931968157,-0.7494109144893935,0.2607756860008739,-0.49438599276292566,-0.5682025084009047,-1.880248847592753,1.275265233479752,0.4188189517339052,-0.5568302926422851,1.0626023519647763,-0.7745493996617253,1.055025332607093,-1.7545732258067648,-0.924976205358271,2.3288186676622233,-1.6019992244946482,1.4286249855283553,-0.3227247901908449,0.2877780498232611,-1.0265174465983231,-0.4829137485496209,-1.2017451887748678,0.8276396531260477,-0.8668299175381096,-1.1132253289198994,0.7758424654045798,-0.07069450824509396,-0.831908859488644,0.01300534016211086,0.47983635305557587,0.5404878786242606
sample_071,-0.861266524440239,1.0235505473316495,0.38243334070993384,-0.020329044032146394,-0.5991252872466697,-0.3540647626983099,-0.14230320587464845,1.7097760048062494,2.086581606056296,1.6445063745149322,-0.9128146016071488,-3.148325662838065,-0.4393427838789328,-0.12636234739358884,-0.040771503743255395,0.24762116577087198,-1.1438533684204928,1.2406801634929179,2.0121094213011044,-1.4979029773808679,1.4209949675319546,0.6207492772336707,-0.36973617006945153,-0.5138396222613227,-0.4308716880717745,-1.0038988938132885,-0.22996994762044812,-0.3194988682813277,-1.069189650897985,2.3472755662261835,-0.4021728997168214,-0.5813883911909412,-0.46488412406982726,-0.5728035804464495,-0.2668582705273991,0.2912242614435311,0.20419035570669078,-1.2852425683136144,-0.5654477562802027,2.127601028249219,0.2276690308834973,-0.3243607505888222,1.0389076404329727,0.6620036710334292,-0.08036256749217201,-1.4508199996052888,-0.5050854135760865,0.6610802231270172,-0.6083908264842002,-0.12278351796695434
sample_072,-0.5541087829508343,-0.6708153007416287,0.23214680362025494,-0.8795521088004022,-1.0545243924989431,0.15044187357077704,-0.27485367846511727,0.4635387023863242,-0.3949763581590726,-0.08611958586630436,-0.172752448343367,-0.15572638087614407,1.4766261757301982,0.3986063157686463,-0.6079137424462815,0.6806929289470385,0.968407426025765,-0.7910416371898639,0.48323153392858326,0.024660840678406393,1.3848326435648892,-0.9467460423584904,-0.8586445870566134,1.3230816061495205,-0.12584383840522137,0.4434217469092899,-1.061026661205682,0.17304387088139622,0.3066221673062534,0.7874693929777129,1.394092360550614,-1.740657503598471,-0.467652530863363,-1.2725966625023708,-1.842309716217996,-1.5306211214499255,0.8896452572694793,-0.4833181157694413,-0.2538852679099089,-0.36026792520778694,2.1051154983305014,0.9882198236920967,0.6510739814198654,-0.6393410263168209,-2.399328857201998,0.7691391281404387,-1.6891800540971618,-0.920421792885175,-0.8825951594639562,1.6900653285170677
sample_073,-0.15881442230220952,0.32418014575777176,-1.0890607316736693,-0.8444833585132715,2.499237530768044,0.016306620456816672,1.6443949476713275,-1.1514176563585585,-0.0817813136301831,0.6477369452055156,-1.3171703240158774,2.133856327573023,0.5216806343719083,-0.24355435569603442,0.45281903272100305,-0.5606293165012757,0.34460522290544304,1.781889296260025,-1.620961685360451,1.2466865779335152,-1.1409527833331587,-0.0831933042433559,0.23502497940852085,-0.6189233279270961,-0.8092942632511506,-1.6690093107694384,-1.0580766179250793,-0.6995035738186736,0.8668434826626339,-0.8449163258182474,1.1206792157526142,-2.7891197803127072,1.5346443830611913,0.4307769044530634,-1.225717444924552,-1.456013891650256,0.316939582480542,-0.25671775681269565,-0.14387748634919337,-0.6545483422946933,0.7120170240492761,0.9485424805678363,0.8927749190033936,1.201422433401467,0.6312405362930747,1.7665189209383099,1.8700896104890206,0.7158943706018303,0.9371036418123907,0.022850071325069093
sample_074,-0.9263745867513907,0.6121226264726913,0.11534501441970635,-0.1302690833825055,-1.3886504615445867,-1.9119801772149672,0.008160681664219004,-2.130856305138541,2.221763075022802,0.7902066579579928,1.1695510944259742,1.3849140368958368,-1.0484820545175262,-0.41589110236863797,1.3148619236114871,0.6027217347423408,-0.8217455099850852,0.739475255830749,0.4669087226225242,-0.6837454437241357,-0.33641456426257343,-1.1597509078250836,0.008206240485883132,-0.9124029176322846,0.8315907864846089,1.9144306651024343,-0.811702460024742,-0.6081239354842106,-0.030687799442035292,-0.13582395968783842,-2.0351272374095917,-1.3221854839132516,-0.5857188024358569,1.1100567085666462,0.03587103349893403,0.9217411826951155,0.9071441259002104,0.448791955748977,-0.5518818373331099,-0.001967467544274494,1.341670561475585,-1.0101697366249742,1.3746543797205468,0.4123842921633,-0.8286590152944041,0.10984657017746617,1.0425689392891235,0.9064135603774376,-0.8667157817392988,0.8888186293106385
sample_075,1.6251763812309237,-0.7835431043778462,-0.922624969824792,-0.2714675034039045,0.48547328686831026,0.6646679392943777,2.103637384708468,-1.1829792428408905,0.9078022848849538,-0.8428708717332022,0.5081580038305852,0.9861915670636842,0.5600986432172381,0.15499242725617507,2.442940618606441,-1.6684061035726478,0.28623851277718776,-1.060417980119278,0.31885590408727676,0.8991898701985088,-0.6276608851530041,0.42817571951031363,-1.3902332431904658,-1.1028372760388756,0.10624988693790932,0.561947509833419,0.23459193434301379,-0.988395857895032,-0.7610821156692371,-1.1654261740110545,-0.03870407239784941,0.5028561016957862,0.043503871639880086,-1.4047171266246072,-1.7899490307029167,0.9483955307300516,0.08147576707540241,0.612062802604918,-3.4353096062689104,0.3725581666391281,-1.2168287328496548,0.010947336261288614,-0.25177058879716663,0.719320045875046,-1.111426302525786,-0.26158465735398917,0.162659247403232,0.05286541804969136,1.113982653258282,0.2194499138241657
sample_076,2.3427391712118166,-2.2727028536026124,-0.03524853762751791,1.4802934881627994,-3.1755649703438795,0.11022571772685755,-0.5697485520155173,2.052925022986841,0.04759919859294216,-0.33956609051067316,1.9214546887992712,0.515729749953806,-0.7686348945077525,-0.3639862911574855,-0.6799117849223295,0.167499270348657,0.5701775238860243,0.0811687788847649,-0.23070664345874084,2.2707008991514783,-0.4082273529574963,0.2859689476274304,-0.8339103195395504,1.4555757692150268,-0.5984568131265243,-0.1505559777214043,1.4282065701520397,-1.7435884087212625,-0.5266315903433528,-0.23682295417059815,0.5118778760001149,-2.229498777521847,0.8993136438372895,0.5932322190349019,0.10368412432352381,-2.307331282777764,-0.472922702617516,0.335345140612032,-0.8183933915778259,0.08430097429564318,-0.3560614064141339,0.7578707198770406,-0.3034907118917116,1.2496331097973004,0.17944334234234094,-0.22072306099488714,-0.6114281721600251,-1.0449455111998958,-0.5246513903166913,-0.01840634502571204
sample_077,2.0420521401231584,0.4763758401476637,-0.3091756608620496,-0.43566449899779625,0.534636831451464,-1.2364691440462472,0.6320421971755215,0.28702648617184257,-0.9095892828231973,1.086342353012784,0.22344613746721398,-2.5413698460639025,-1.024538171848941,-0.1107464736934624,-1.4058467684669846,-1.3441852645996717,1.1895703299606966,1.8800101553160251,0.8418271088368406,0.026206828366292907,-0.7328329171278775,0.13241716822960078,0.789848237346551,1.4767218012004493,-0.8930524035209437,2.1110796804224012,1.0390783421127454,-0.09966573717463097,0.5536370509362475,-1.3511979556602915,-0.3568802618689126,0.45874337244630103,-0.40944427508265063,0.7521854048448704,0.4263255408534701,-0.7200631213395052,-0.6248757029783027,1.0704740161597408,2.0674558745525955,-2.24975966832159,0.04043855662014911,0.40867504268297794,0.14891445433679487,-0.5152323771598627,0.18915509472237763,-0.8832353099176163,-0.5592337420307659,0.42433847015766607,1.333672772644746,0.626186103481414
sample_078,0.744788258487532,-0.26454325328043965,0.6149301698776972,-0.7356442294577487,0.9584575326796887,-0.6759467154467266,1.0737069105500965,0.6848932530364861,-0.04921761784100437,-0.7749292956126079,1.059718794560841,0.14858006161927062,-0.9530248439855268,-0.5725273677293479,0.4222857162416563,0.32381618284859676,0.10577115244896826,0.453246610306678,-0.10275036800350716,0.8410093723791351,-0.5409096352269767,1.4326713508118936,0.0625945332359258,-0.6408381489796973,0.5279518537786108,-1.0245900270866168,-1.1829115654042284,-0.5657440395991155,-0.35757287673966187,-0.32538584519743924,0.3162815787316709,-1.762214542473646,0.8230848774170574,-1.2101429093896905,-0.41755221729451925,-0.13194047722968485,-0.03868618829936375,-1.2168154321727245,-0.07593030687750871,0.7428675664760888,-0.6542868153972418,0.38665307398265136,0.13536725467347424,0.8265830324553601,0.4911476624464722,1.0114655926131921,1.1649071663687585,-0.851988786179321,-0.46384359117507146,0.513864924014901
sample_079,0.019834401664755974,-2.108641968350619,-1.0352057173675588,-2.190052401549502,-1.6706507267197723,0.33904949683652935,1.2066849352688174,-0.4516345159105558,-0.754831467191909,-0.2829882011249703,1.4912272988684558,1.340323552068972,0.47037423471193035,-0.8764291491862042,-1.1873017859929378,-1.4898912013863679,0.8437981273808826,-0.2271307432651025,1.4881274194396403,-0.1357652833541124,-0.07728214279029212,-0.04377930466757353,-0.6499602442487566,-1.0005690264320914,0.37609463083180544,-1.7105065148411103,0.21728230538944682,-1.5384420441114202,-0.24382766202791614,-1.4580491052572726,-0.5849856437476318,0.5667978272268543,0.18709705141647565,1.0993627252064317,-0.875918603354224,0.3501767831769089,1.2392669539518912,-1.124698488382349,0.09735076933317915,-0.46540093940092075,-0.46735799893028285,1.3311746541625629,0.5386473553370192,-2.0725718128646364,-1.5450825089769626,-1.979004313268938,1.3912845403623753,-2.01625472595031,0.6802602178016236,-0.14828984584759444
sample_080,0.7157289870480756,-0.24788724574101587,-0.23483435476928932,-0.22533694392592848,-1.0850146874407942,0.37791077315940336,0.9685697535229875,-0.3371820584346092,0.6426159853005927,-1.282195040362764,1.068070366216297,-0.9639776305933628,0.6159146250133004,1.6106187759408848,1.2134206387023616,-0.06182725168016424,-0.08011566506688138,0.6963078740329235,-2.153117317732648,0.2208791739009933,0.39208216210653335,2.024262855383818,0.6285363609770043,1.1473159795614152,0.8836891479896251,-0.09941755290104913,0.8755264910372269,1.392997326392412,-1.2770762167372005,0.6247172456572141,-0.01138632990512755,-0.7999286318998625,1.8276671431009264,0.5221880773216659,-0.37571979939089395,-0.24590029423037313,-1.0944613211532326,2.127051453116397,-0.6318018053762404,1.0174690237634578,-0.21602334349418603,0.16701224047637803,-1.2303223610419327,0.001372412120793457,1.092547593355378,-0.41813954710623896,-1.617805186505643,0.03635367786035572,-0.10013240667913392,-1.1307090577934915
sample_081,0.5578801575559608,0.43296312097527057,-0.06757148464836173,-0.9827008353494592,0.9940661327604062,-0.4042348851547378,1.103183547070426,-0.6832145903558146,-0.7995777368477673,2.2665936817656784,-2.1241709376872233,-0.5231789950941504,-1.616804451721667,0.5965836230576707,-1.5443783958249004,-0.33160759551991115,0.6803027159709911,0.7487437276565818,-1.09441339175066,0.3152791218194912,-0.6095799526856852,1.0228322809271284,-0.38029140214893054,-1.4067060824137763,-0.09005858132408158,-0.7179284514871549,0.3702221076029035,-0.6711055557287451,2.9573565266931428,-0.3074872402311228,2.5836679193831076,-0.7444389813406903,0.4488686393981189,1.1691994554477676,1.7147632706723461,0.425819698997113,2.706648073512801,-0.7744407587978086,-0.24018513982996043,1.616064949943698,-0.37978605397801773,0.2556265753215505,0.6704452916720752,0.1559378761549418,-0.5836224081102666,-1.39132145482233,0.0892340554790131,-0.2469902235678938,-0.13091863341599666,0.052203828344319025
sample_082,0.6104518217844227,-1.412043064948048,0.12000245484503139,0.9831579401843255,-0.4180760159513324,-0.40051501098218467,1.1985861084126808,0.7596688980988678,-1.2339560467043573,0.30194043429562734,1.0047978602594434,-0.5572935355997398,0.03097177178514275,-0.9524525846168909,0.03712007742676693,0.18823754823326647,0.25870361739632075,-0.8349255408219365,-0.06105538870896461,0.7784960885631722,1.9731619913243508,-0.5462747996625038,-2.108757423515974,-1.2374898921397022,-0.8914833319804664,-1.2259477842041773,1.7064182135306674,-0.32936548171665536,-0.2349207214324961,-0.6560949765910039,0.6913776702350448,-0.396460977547526,-0.7295894051114566,-2.1425947547185515,-0.9499599382760964,-0.5782562161599907,0.1829725104825201,-1.4730690518945015,-1.4204341485394707,1.3239019876821254,0.4881231202869083,0.02993532864517148,-0.21320649660721486,2.230716537458294,-1.1273206343179738,0.06260657500998047,-0.12297302249135088,0.4690940937761931,0.4956327275906497,-1.0000079501692822
sample_083,-0.23245898661089495,0.9974165869961829,0.45683609347202686,-0.551939009184894,-1.2200548936176554,1.5057807363795348,0.03649775840524812,-0.21370347890274094,0.4784250718105763,-0.28694229410707234,-0.4769711656775105,-0.64173339848503,0.5386558572426227,-0.9291765565401026,-0.25547231967677564,-1.0570698260165663,0.9060297293874827,-1.434164288513783,-0.6835814342987134,-0.3992561409255813,-0.31667498165822,-1.1016656773102087,-1.025872347174563,0.15243823155024294,2.257213463109797,-2.133898362426164,-1.9843623811044933,-0.3748063579531137,-0.8768160273711884,0.7565288691497715,-0.7525137267487323,-0.4591648429660301,0.22605903888137413,-0.2183627006678052,0.5429556357658286,1.4138233784044127,0.5738905829325228,-1.286619457368468,-0.8009503418527794,0.676613871800428,-0.18436806733688482,-0.9352370544730307,0.3169694472478612,-0.6453775719819546,0.45555347658595224,1.0483797574674656,0.11785992542059859,0.8653676285261166,0.2940177400971526,-0.3986079546158158
sample_084,0.29488147536861614,0.4354881259388621,0.3772163191867617,-0.5168030454669551,1.049173732003572,0.2938981846556852,-0.7611038162149708,-0.5289606486781333,-1.265073654235857,0.028626416155864597,0.0055959175777848934,1.0351831956357969,-1.0239280325489726,0.3739812338852174,0.2159252062856822,-0.7579574756739466,1.2583809700034303,0.7818608026120808,0.2544951009128349,-1.4926214254133192,0.07527336592688663,0.12838032035208274,-1.5925859528817485,-0.13916743472857213,1.0129033940261272,-0.26273136206958414,0.42321796040943604,0.6912414945869623,-1.03631261252339,-1.2122563818301328,0.5616311607708951,1.6851962016060136,0.9287498251818649,1.869403641104131,-2.2072048024081568,0.49638436552124776,-0.5536166436718485,-0.894726948299442,1.2888210077582691,0.633507729275036,-2.07086767606201,-2.3233732346675446,-1.296887476995911,0.6481774359195805,1.099242501440945,-0.008282155174915082,0.7632620679591005,0.5463177819138244,-1.3578824015036517,-0.4718219617758336
sample_085,-1.273350080806365,-0.05373820731260108,-2.438233529497279,0.32109724979295884,-0.9284657164157282,0.3415751787431013,0.8770999972149341,-1.021146198633832,0.15527904525301736,-1.16443661005853,-0.741032118335217,-0.5519530870320112,-2.1178145337782635,-0.0013672336780883193,1.3196573113288528,-2.041629889631752,1.2067131586137858,1.1295332186581375,-1.6675434944863727,-0.1642153273213397,0.47179456009648674,-0.22675437636306742,0.2736671015209518,0.6446238969450843,-0.29199451176196495,0.212291182061921,1.3857455844907225,0.5589366923285426,0.40789700871482876,-0.81751735151128,-2.6810475932624094,0.6237685202364854,-1.313054775513927,0.07076274684144732,0.6655846149189838,0.19204728585014946,-1.1850580016902963,-0.6890217435510814,0.1409854457813694,0.0602563379080393,-1.4880979584887293,-1.4376333627977083,0.2277174462362903,0.14615693669330448,0.8866630644374717,0.5262631005760715,-0.22767653677421557,-0.40477292326085434,1.1479829775049173,-1.1831478319550812
sample_086,1.8333959873640961,-0.07127302431305589,-0.42854989909252916,2.9213446205096583,-0.07328763945668075,0.026962093827062845,-1.4996039287978347,-0.5709078366241314,0.3352523635755271,-0.27696244204156195,-1.306800774776613,-0.05185531701736525,1.1395012833923304,0.39847167975520215,0.10636566405576958,0.26338134569105126,0.6578355422434025,-0.43688470609968166,-0.555955161544858,-2.343776589246057,2.517724640868486,1.1479817628403095,0.07650866743485778,2.62612118748015,-0.6871527823980957,-0.009492585142863618,-0.2668758751863077,1.3850053282937442,0.47887552466566846,1.7167466953130575,-0.754338746739441,0.8141892010891868,-0.7151479810884896,0.24121541236078714,0.3477214111228435,0.45352929380461493,0.0962398665490663,-0.12365271899045557,-0.2525927382947799,0.8950901428323337,-1.3473888553959854,1.5573643401567954,-0.147688608142798,0.9600531942628198,0.48458363100798674,1.7549339074173333,0.8262015529699126,0.2939854843480236,-0.11436777952368637,-1.6720729995185446
sample_087,0.8767552838000527,0.7950068015049889,0.6121390381723949,-1.2677393573226403,-0.3015547609899817,-1.048684337793437,0.8383549633888185,-0.06903495235171596,-0.9574354663083674,0.0364087770070383,0.18634323939133465,-0.12053828440715533,1.5024924668290094,-0.11635445147159337,0.012961054307478027,0.18139799776724905,-0.5721087379988126,0.3135922644648752,-0.3407181613530914,-0.43234691915626805,-0.7523756539404848,-2.466957963361001,-1.7328934464999197,-0.9879436276866929,-1.2880812918629463,0.498374736459645,0.4339168215681853,-1.48175767062441,-0.16641415780423063,-1.4703840765516258,-0.9796342524202654,-0.1033813075925812,0.39320256384399005,-0.4552275504318293,1.378427573852029,-0.4193014545112434,-0.4136514116604994,1.4374320959894016,1.6104150710179486,-1.93453898926409,1.32541627834951,-0.44035689418256563,-0.9691371252572883,0.558173383435872,-0.775508794320869,-0.6905845552100396,-0.018697004484765235,0.29992524805051674,-0.3699816246958539,1.9991473003991544
sample_088,-0.898624280751277,-0.8508351065287003,-0.3518130215096323,-0.8447479656763855,2.162413781498079,-0.716130976690108,1.5881822579185156,2.055636239504441,-0.8802675696496521,0.11075547221910767,0.12135885990641793,-1.5626884724319923,0.6282004329426142,-0.3754732615988005,-0.3520649397174407,0.6417317595463589,-1.858260094392065,0.12018557447150847,0.17337000842977102,1.0606775887232969,2.4652235302622496,-1.1384956991936495,-0.12799820202606996,-0.1842999970660506,0.03272220123868951,1.0630647058651777,-0.7141219161741852,1.77255852389131,0.008752950418750965,0.9094860408172174,1.8994519414848694,0.8576721374769926,0.6515485405943491,0.34086062285725,0.4492171253465731,-0.3137300239729877,1.5405695550869638,2.0600952230331426,-0.04102637951832129,0.12305040964140546,-0.4765784927274902,0.1158740542034065,-0.20023622376011022,0.41122923073549256,-0.2931489330190483,1.0428429884144879,-1.1209257061170637,-1.6354237709581743,0.8097110255534948,0.5605968126278432
sample_089,-0.5571957422409702,1.156986957678991,0.8060415211207033,0.08058012434056204,-1.183902664977107,-2.244867063021365,1.6187595642342942,-1.570766557306453,-0.8768957607502487,0.14824536734811575,-0.7500012606885104,0.7645496931737811,1.0928201675380302,-2.0395419628831917,1.5238727669899341,0.011074585376617046,0.6651547493313613,0.955111722825252,-1.2371715492552786,-0.14674764977132912,1.2592622958444877,-0.8956000261202905,-1.064615447210416,1.0316239009053354,-1.0070435638969077,1.0887107337714546,1.3931502812197378,0.032283688477208375,0.8489760655179955,-0.5887591723844524,-1.7612645510458644,-0.11318944011715586,-0.6627828007854284,0.5202036833250405,1.3566629492550957,0.6383971685051328,0.0791110703111209,1.8018812426807793,0.7965402022562241,1.3462540577168451,0.10252772868598534,-0.07673986087271785,-0.4727742167727213,0.6925164545168043,0.21564261026221987,-0.15398661787009557,-1.1783783112602297,0.41310682842271657,1.092676069503585,0.9353584963838484
sample_090,2.0305489085977833,1.0138807732435753,0.915319593577876,0.2717834331878973,0.7346173438509818,-1.1797432828367953,0.297969344160636,-0.5024168899938664,0.4754666115186466,-1.8253417474184253,-0.9469585722358597,-1.1491623236404491,-0.28765291316274527,0.04468541420358644,0.23447980787494094,-0.2542210494776627,-0.3591294667640194,-1.6334989390211256,0.14498999586060707,-0.29913620024607634,2.028790215289923,1.3944921068735892,0.32878045823448987,-1.1192908607622745,-1.0355464427579784,1.188769439196329,1.4705072877910632,1.5161120202366098,-1.711339531350799,-1.4459255098828432,0.4229171960630557,-0.9584155305069924,-1.0849151914346866,0.5661934498656415,0.39249282061143353,1.5928373050579478,0.12326477677449738,0.8783835856240242,-0.20037947745787346,-1.791802415669126,0.281005515074639,-0.9950208270992342,0.2532449222348989,-0.49931668427067244,0.8000445238931451,-1.8247761074865103,0.003498469205866023,-0.5449308372291385,-0.36615180567386196,-0.9285192232931491
sample_091,0.6187798749274137,0.4563775343111375,1.2803756865822622,0.12760996683962153,-1.8028617985420368,-1.1593261047142307,1.0002115396180726,0.22224396570019161,-1.5478573001801395,-0.6025619205469441,-0.7372556265896293,-2.0566452013924983,0.5431021444493904,0.19120877913005774,-0.814442509195731,1.387119935462668,0.4868754402532442,0.1977218801172831,2.192095830335695,2.1820038754832476,0.6847407080820948,-0.5909647121067225,0.9347645077757877,-0.12681981201339565,0.3091569583144805,2.311722320081537,-0.5006656726126961,1.2368317278987788,1.5259433475103317,-0.08140716482513612,-0.622272963079961,0.7208348265881828,-1.1570786892156708,0.897093315260304,0.06011344435283494,1.0617982336528768,-0.47008342553167426,-0.23358159286620847,0.872098645845169,0.29085560816154793,-0.401752727014249,-0.25526698920316915,0.2548247402436896,0.2354001864952109,-0.4099105864756965,-2.0962864439902797,1.3827352231783931,-0.4948766790780401,1.3728342223612537,-0.09312639110403571
sample_092,-0.1416102174017159,0.29831783145903135,-0.7135340189489154,-0.6925951167411432,-0.30132814278245,0.0804941084072245,0.9713926032344049,1.825703133105858,-0.2780031146779271,-0.9617809176853146,-0.6399182476740405,-0.3624427383526966,-0.7889210754062836,-0.8758702176953432,-0.743527380993416,-0.4480466060110512,-0.5305596896550409,-0.13088984754360986,1.2627346256880183,0.3314836899053001,-0.18357563748218844,1.2091185185286106,-0.4997879881887505,0.560410013137126,1.4834298342485448,0.6137403648719759,1.05283227953907,0.2218733750457389,1.1668875289505918,1.470908003247995,0.19909515617776694,-0.36723345630251353,0.25409306568603607,-1.3289984542808204,1.251027279596394,-1.5361481024973405,0.31319020948456683,2.112044251004548,-0.9346278841215859,2.476377320190504,0.4118074567941442,-0.8497400686839142,-1.1457551162583703,0.6343475632573284,-0.3020873617900318,0.2524823470517042,0.529006532846049,2.7924135970327155,-0.6113344434022612,0.27149261538298297
sample_093,-1.4331105215560604,-0.3515842561463256,-1.0636516788876753,1.5702789808465403,-0.532550533851375,-0.60337170834992,0.5026718620180122,0.7709282312503791,-0.4545848193008975,0.689320658721495,0.655676672313366,1.2265903782909773,-0.4655295494616711,1.8845374583472827,-0.2694873169343557,1.1268287120114215,0.23430072036552052,-0.8237032812226017,0.017399664567590036,0.672359884137573,0.14990247838030699,0.5052644004328601,-0.5016779970952652,-0.8226107311762262,-0.26432506952015633,1.3139519453716924,-0.027384438499337613,1.1992585396828401,-0.4090678479618406,-0.6267414258803763,0.6442941324966681,0.26460715864586637,0.46814141132354814,-0.38746298770717275,-0.7537765476311684,-1.2086240167304498,0.8107627979628881,1.2306952614946027,0.6198730139797233,0.5862545407869449,-1.0646681890150032,1.746735407992837,-0.27737342387399466,-1.7690690872980246,0.04754734476368201,0.7504481400318374,0.5598705617995957,0.9619066514994828,-1.2205617295466313,0.651935264985391
sample_094,1.8124255932638318,-0.6881313061343995,-0.42909015092764996,-0.6712431229899894,0.9142837133662965,-0.40595837775793314,-0.29256826516211587,1.8153908939476722,0.9547574051712758,-0.05058011932022869,-0.6575945771529986,-0.33827330378396775,-1.419142340928694,0.8056724002269822,0.7737112534908825,-1.7407274731415376,0.03826891705323956,-0.6496042500620196,-2.0091145166358384,0.4333099608054958,1.4920051844824331,1.148383967099377,-0.6134198221799962,0.12043687478437808,-0.5404865982877012,-0.9958558896781601,1.191090672480604,0.674804878813817,-0.3657229301644928,-0.8237301587855026,0.7137081270857568,0.18877716534925543,-0.7798421012883613,-2.2262710027906993,1.1099737219642751,0.19078484524467682,0.20662320505947473,-0.6144552846268199,-1.264804175063017,1.0302882449042,-1.9034651017176611,0.8898415698595792,0.4499040284708575,-0.10276071237130896,-1.4395469463451898,-0.5726037095579855,0.25849275860460624,-1.3943660439307406,0.4924073587385141,0.013023194219504439
sample_095,0.19534865944866242,0.5357864325716063,0.9563425076952019,-1.2780638091366818,1.1161617867792244,-0.6443258274148015,-1.3272596946697306,0.2680874932178613,0.14851517479875867,0.23603146014084486,-0.47163270241689453,-3.61506013772216,0.03372635973631871,-1.0059660486720414,-2.5611657544753297,0.22100149932790625,-1.3308118756133442,1.6355544595473959,-0.9688608927049037,0.12234900797814376,0.3541480118944075,0.23631210990393964,-0.9676851353044534,1.4026962008975097,0.167843704260951,0.08470639693919048,-0.5635529905248093,-0.553162995615526,-1.1038387924294735,-1.1052640878500433,0.6443160731488038,-0.9275685649114135,-1.2179415523422326,-0.25204598871395967,2.4477149976570827,-1.028119767281523,-0.7066892453633714,-0.2526946606613067,0.327401347746492,0.08379565869104279,-1.2232745514182206,-0.8631747023352162,0.46441372917298895,-1.6331083134383222,-0.0429551421827062,1.2616140824972812,0.6522729085099673,-0.5595785219966916,-0.9713084069172899,-1.2820308577589723
sample_096,-0.8264096434183218,1.2412875508646168,-1.289973650259322,-0.670580792013847,0.6601447274810218,0.8815472334592033,-1.9251198229595792,1.0631910338355663,0.3446194037846264,0.07119255552050735,0.4329964258178154,1.2632017437977463,1.16187561671725,-0.07274368519963793,0.6590399781182295,-1.5844378130205767,-0.3802243364667014,0.20702378649517483,-0.831182713561623,0.5362163931830473,-1.228381055924192,-0.08875962954572349,1.252228101472658,-0.3694841835286799,0.9772053713965835,0.2431732074822756,-0.31960505176960513,0.2013041798107867,-1.1823822462948557,-0.45504956500609983,0.5442568994146394,-0.8817910518109786,-0.9054277750740916,-2.6108829855727906,1.232243390340973,2.0404741197646157,1.107532810964821,0.38944149977147885,0.34026024000707517,-0.4583014146086555,-0.23509078249226656,-1.2918274019483194,-0.2715918027148327,-0.20207610521400612,-0.26213880795817557,0.36256369794435045,-0.7200114519541843,-0.7826188403772801,-1.3613032012065105,-1.0642880324235628
sample_097,0.9461821831459487,0.6860136006200556,1.2696925857505523,-0.1893405029675797,-0.7107522396707738,-0.1939708421743105,-0.2895404998871195,-0.3799560409954428,0.6917717236466129,-0.6509037304664522,0.9112658138341723,1.2900353421961366,1.926549071208364,-0.3461198644839987,-0.0132038325650359,-0.0005203723817420068,-0.2688783593195504,0.06767797525928854,-0.288950424819091,1.2257766387543856,-1.8885496598314846,-1.088196216375824,0.3157530707632081,-0.3858375954315862,1.2595785197712233,0.4339191957745488,0.35741622901762854,0.04582724717407554,-0.22686286866775954,-0.533748502058668,-0.3466343047926251,0.835276506005572,0.008369480716714537,-1.5332601961314314,-0.1337441006132568,-0.38070415286962933,-0.35542912382311725,0.02617153827991851,-1.262414168807568,-0.7257234947802034,-1.0867695227850316,-1.617208694877125,0.9130355945429522,-2.2267969218192705,-0.637732469508167,-0.00885303185908426,0.5192714962467389,1.191800370667704,1.4226062802956754,-0.4108928828589616
sample_098,1.0181740467655673,-0.965940185370672,0.10798185746696658,-1.4493177186734663,-0.38735891430766084,-0.8192796708367811,-0.22492307661782746,-1.0963693759027084,0.5508551352408968,1.6715672984450403,-0.18993896223239895,1.105908515868003,-0.36709760919871093,-0.6445600899750304,-0.10120299582224412,-0.1868086446332737,0.15260377798759647,-0.966258727204599,-1.7450984591197831,1.553670883494705,0.5819928363663761,0.3168888840517221,-0.007393171471132465,0.31512482019947363,-1.1691334720579647,-0.14991282741075673,-1.9116012419043098,-0.6290564930454196,-0.2789251929696303,-0.3645833475502072,0.6001395053746014,0.7350328499846188,0.006596598989686568,0.10004711888210994,0.9020989237129402,-0.035295852738068956,0.20921443698428202,-0.4352369562084243,1.2875954307853614,0.45622328774700815,-0.8934968618768072,0.5901771961354755,0.6493813544551775,1.0972201978185552,-1.7075311864603862,1.5702095516430679,0.41682671862122245,0.25850446249953335,1.6880049034014375,-1.4274650098817794
sample_099,1.473789847449136,-2.5214716532295993,-0.3415664112763731,-0.16117073072535962,1.057133480903577,-0.661701666847061,1.206702942359553,-0.8298962390391866,1.4757281944411509,-0.2592870675415765,-0.3211395972620403,0.8420852609645803,-0.4161407369171956,-0.47316888225400444,-1.0471239613562846,-1.5173838149713674,-0.4103048092340883,-0.1480710733962059,0.9342263173552072,0.19792108021438182,0.4978195802999745,1.5144252063474875,-1.1856246275914841,-0.12103576282862376,-0.36245689508047885,0.7252544544440979,0.7252286952560824,-0.9710989914230009,0.7180662412485258,0.6063673572945462,-0.6788072189274326,-0.715646880093512,-0.002034311352121281,0.38473501565315193,-2.9035391514469624,1.104407158569747,-0.08381052714621687,-0.09909365092345664,1.196558262011237,0.634985315427071,-0.0359051911954137,0.6452826805540325,0.7033795848449008,-0.20584197420087422,-0.4587881318194199,-0.35866406282983193,1.062778068815457,0.29533660753368735,1.7757598295676666,0.21019680603401308
sample_100,-0.25254049710470805,0.2284351210994027,-0.37597127231486804,0.3251365421347613,0.5660733059436417,1.5588136350987243,-1.5464448563089228,0.6817677539957391,0.9075934420386073,1.233243331323317,0.9140455433488773,0.3675167239607953,0.03643798469495213,1.0699483195827602,-0.4565440900036621,-0.5729772592272417,0.17256394389976648,-1.2798030302589503,1.0930474638311503,1.2581485250305853,-0.32356320318996484,-0.5088031469970697,-0.9035603392738937,0.7902637081730186,0.6426822051608627,-0.015237656375084159,0.3441188521088648,-0.5013173229898823,0.9513293583870471,-0.09737371226295283,-0.5295587326275786,-0.02327736952226036,0.39405017388240243,0.3407936444556165,0.26332354074192615,1.0452400503785868,0.6365480149682646,-0.20545956881582983,-1.7259773690100242,0.7628631768014736,0.6619504520636458,1.737225034846743,-0.45191732548528546,1.004222327195097,0.6604024954464802,-2.4055982050908575,-0.700398092031037,0.7616861696664444,1.9897090975245537,0.8235194355262793
sample_101,1.6687973932688591,-0.4352282516586139,-0.8331149944454573,-0.8883671451917986,1.2637809589853708,-0.11834611047451733,2.1994273371999897,0.3005441663184751,-2.692167141788321,-1.498739684106134,0.5698257579531584,0.0483621421239166,-1.2123488959497652,0.04181204546338222,-1.4563084996290283,0.5325755017950315,0.014981979722525176,1.0932239484541306,-0.43016413351485355,-0.1345019232871762,-1.391849682765293,1.1858658758879244,-0.12668518393694422,0.3146117374896869,0.572225025800278,1.501502013654913,-1.161332496642631,-0.6180280581488165,-0.06763789403708984,-0.6255339453784862,0.7296565815020772,-1.1116505655652478,-0.7984261532214574,-0.5607561320481208,-0.6528314345621326,2.0178225495619557,-0.7622833769929095,-0.2878510403378942,-0.9906423267124833,-0.006399479780920968,-0.2409645618903167,-1.08760924698023,0.822596001291774,-1.2400952697130634,-1.4013843289350942,-0.04828555638887494,-0.09132696962670758,-0.9456087345898453,0.2654967497939703,-0.8043841801725766
sample_102,-0.652372640579421,1.0157605485066217,0.7833616095865776,-0.4353868502791778,-0.2127748949990797,1.1608520213508464,0.917754515956093,-0.9831854350549467,-0.4113373129468316,2.131419888375145,-0.3629721904686499,0.5058415430463723,-0.16133998876096,-0.2759799271173646,-0.9586771692857393,1.4793530587671533,0.4309705997905006,1.4460168351554805,-0.018914274605596547,-1.210500844585401,0.5145033537931378,0.4066935841572598,0.3511689585023773,-0.7140180469795285,-1.979683328953418,-0.7631372448896133,0.5307308516337423,0.5559529412063443,0.9103044003947096,-0.4210958205224522,1.4087807844866063,0.755394641757748,1.0409772917210967,-0.2600465443067435,0.866175922391847,0.2603301368900585,0.3005375675212474,-0.9685167907242519,1.1887922676399243,0.5417951492152121,1.0327507752016616,0.9786354608795089,-1.5831707029269373,-0.680886055574027,-1.4139906386295333,0.6563767736014584,0.9117962301522405,-1.2589553389628565,0.616789901255464,0.5113244489119849
sample_103,-0.8383805562195652,0.25619709599505336,-0.1451745612483862,-1.2261816805845598,1.1903951679660094,-1.8841344960284416,-1.4048196207898143,1.2004896701170058,0.6679671313288059,0.06094718828623143,0.38037819834858133,-0.9183940515536413,-1.4269902790428777,0.48444074242978014,-0.4142512069977215,-0.824402723927796,1.0573525002024693,-0.6140746963757616,0.5522617137489736,1.4594655753005374,-0.19194707522508744,2.2075673258775725,1.304699197318594,1.716757730674669,-0.44296033799980994,1.0597360687588455,0.735117808856225,0.04037812759843001,-0.44006958572825483,1.9819910308769741,-0.6208284963598673,1.3276079094086168,-0.7083454156745105,0.22108431949129154,0.08904501708594717,0.498535653180727,0.4151899919372347,-0.3427580843713144,-0.8890186857339962,1.2533594591198605,0.23886315090179627,0.1879230964422401,0.7877986534427374,0.8548371770151106,-0.5454716459593697,-1.8429803305783539,-0.5225049167327944,-1.552350989783401,-1.2701197782129374,-0.013970429629297936
sample_104,0.47557832823288715,2.6112925730264904,1.193551607096972,-1.5906379238997217,-1.1997131235430507,-0.7447888421632437,-1.9224277608121545,-0.4954790110799095,-0.09409225601775682,-0.6402761928392299,0.8807322527109653,-0.32230603563074856,-0.9739915110707538,0.5166995176342286,-0.6426945226831905,0.25781665195202574,0.9884333358169285,0.48663943531307446,0.16153104835018497,1.1257437105081083,0.4536002113857737,0.9906793575384729,0.3984875896743721,-0.9462832296746904,-0.590414287888996,1.7798408498826908,0.05342945949346585,0.9050786385389242,0.5511265743058628,-0.8955048939903631,0.6002819622958793,-1.1039281244900434,0.21631873112309274,0.47035439252163996,-0.48575661633581235,-0.31416506779532394,-1.136055669593419,1.151589393194823,0.3889762929493595,1.5363416381334745,-1.0008830554689279,-0.36075576089091693,-0.04679172342838952,0.6077701767940167,-1.3796723389270538,0.8560639649635821,0.37707527787799044,0.16095832373704264,1.072654636113486,-2.4803638186230645
sample_105,0.6994492524666696,-0.18275901416156826,-0.9298210772117862,-1.0724307578003929,1.0104689847900803,0.46850081978281327,-0.2676321047061377,0.1568674776884873,1.4339982778575935,-0.07117921407667972,1.5472094329131543,0.24280302761876027,0.39355364685963784,-1.9883651751013114,0.04600893860876825,0.4118918304087311,0.6697743371092068,-0.4947765625777681,-0.3562390593277466,0.5073087424693582,-0.18868654941617471,0.07007085755047415,0.17918732699330256,-0.8573594151117547,-0.9427014438279557,-0.6065007283569441,-0.43739204842565327,-0.5496366670606483,-0.7056908210266856,0.5382684056029401,-0.9513514691982372,0.0947474192934633,-0.9298714377223546,-0.4417489420596995,-0.6676793914684002,-1.2369597265117014,-0.2771703324694044,-0.8643153593500671,-0.9443238719222536,0.9802141209864325,-0.8784847491266614,1.1394332225602195,0.9848717943943754,0.31610687465684467,-0.47301072376264486,-0.5503093205082277,-0.91577501044831,-0.3114918355605831,0.024316541438410864,-0.39118250281193584
sample_106,0.2970010256252119,-1.3727024907156558,0.36933255778139396,1.3510953495412892,-1.8478405962215392,-1.8723142690427124,-0.28939052420739125,0.2720582567092612,-0.47532334863669823,0.06929926757819725,-1.3696157680324317,-1.007166667764812,-1.3888614300341426,-1.6250608149193357,0.2312936604807295,-0.5314607477977275,1.9480742526174186,0.7612367164469463,-0.8413029003893711,-0.1696214408334446,-0.2631514651374052,-0.6825446400982371,-0.7052688276571153,-0.4059157081608959,-1.6066515680419002,0.5236550771555532,-0.26469139744250414,0.31028246832601364,-1.7430338833335612,1.7013295268451019,0.4923811395191366,0.9256620446335465,1.6305223778906972,0.4224297904349955,0.5142962278082496,-0.07801789549302984,0.641744059177548,-0.039862890540402374,-0.6348283028527404,-1.3690133457670153,-1.0109020155295507,0.389501487163121,0.5614447287626757,-1.4301497705859008,-1.5023567282053667,-1.1515353213892958,0.582508579537977,-0.7092827499575346,0.18263333724411587,1.1031625243457022
sample_107,0.9265120431301769,-1.1755532705377434,-0.6611136363901742,0.9354719535611521,-1.6479651176488617,0.3495031985109139,-0.16061539747223907,0.1411951935973013,-0.31113734357446154,1.4882790022405843,-0.45538063066599654,-0.2179942434043195,-0.31822260264501906,2.4533118911225515,-0.4413664312496166,-0.44087973162740085,0.6809330971715553,-0.4076051408886625,-0.24187735787477063,1.2466964134291163,-0.4639028102334539,-0.9793324286632007,-2.1859881975277586,-0.4822159651220857,0.08870978130614626,-0.4142138166271501,2.7110118247963952,0.16521887698222162,-0.23884085847078163,-0.5199038598321167,1.154298114059249,0.07299583563057845,0.6674624921259377,-0.32479807040008707,-0.005311154175611325,-0.6235426558707267,-1.4995270152952926,-0.8528263841596082,1.3961225109306146,1.0349487937564972,-0.6653970336424763,-0.7554672424391169,-0.3062781027735539,1.145589756732209,0.06901402526816808,-0.497715201519808,0.9217203292766295,0.6826165993909086,0.257720133269561,-1.7996778597404055
sample_108,-0.6888762653818519,-0.6567572648428753,0.09761452342588242,0.8391690989435534,-0.01610372056339328,1.964680538983307,-0.5581912076333035,-0.08393096037831398,0.4139865329301857,1.367420415266256,-0.3204010055485747,-0.5871988143946183,0.351730274472586,-1.5047170076404408,0.34012732317762406,-1.7452462525667938,1.5389601971142484,-1.2765349281364704,0.6416450513899477,0.019533485071118836,1.0990866155476922,-0.3543705600108743,-0.17956313513294003,-1.6149709211031056,-0.14317045578690635,2.508690140104891,0.8347683546299799,-0.6705717195626963,2.6006421059726503,0.5867259984604745,2.6890638733987697,-1.023126063107049,0.21962274694914863,-0.06630510415225672,-1.0465946559927015,-0.015850546822104263,0.8325803942510313,-0.022305444031139956,0.8805271727910917,0.8572227575931297,-0.45058294629345175,-0.2617357046132701,0.2722890559721448,-0.568322000971259,-0.8272676259473666,0.1417203789899494,-0.18812276634126468,-0.733447793945731,-0.7899251589240595,0.6270477305751334
sample_109,0.35151277664845676,0.42283551016166104,0.3713050636527184,0.0017731515175191854,0.6581317228612347,1.9216050044529103,-1.6637886262740673,0.3851012085489333,-0.7712447474513842,0.12127172957011378,-0.03700467724827954,-0.5728414746878056,0.7577714554102115,0.0528462146632056,1.101819710780298,0.5021107340033274,-1.643821775654091,1.0447385866454229,-1.00333938583434,-0.29235153509334944,1.409057266456584,0.5575187106895025,0.1585495869984535,0.7316353622915455,0.04164714310233652,-0.38199732608927023,-1.8297626057238123,0.853789386718281,0.3810248928822845,-0.06012062995701093,-1.370253216150497,-0.16839736610396774,-0.34047978678474694,0.7396632259607893,1.8748522712295712,0.07402996332650714,-2.373727883691417,-0.4567967839377509,-0.17317443708547628,0.9771418834234993,0.7854331621838263,0.9913247506102917,1.8908777516257627,-1.1740261553170412,-0.20011541229577004,0.32065532355362975,-0.09196706247544272,-0.9510747427884031,0.7203758738525163,0.24712991063201273
sample_110,0.0439379609249427,-2.6240614626475947,-1.972852844172559,-1.1427912084777452,-1.900872638372083,0.9954085596566074,0.5645625626270806,-0.9871388058334067,1.078355011742602,-1.0122560159166607,-0.6653734705380019,1.6941941994063965,0.0010186365174712604,-1.3393547986345518,-0.2186200036300451,0.447947992711396,1.116701596583817,0.6434703571234047,0.5049857172431714,-0.6046818046981708,0.7881070028390328,-1.1459705157226443,0.9968913444655386,1.1476838958915907,-0.17758880827208004,-0.019534756728811428,-0.3224735506876996,-0.7103471721348802,-0.3631266982856927,0.9393930351566783,1.1395841298972842,-0.30698083472157306,0.8770196593090137,-0.4615176716760572,0.4922139800875748,-1.1546489383312095,0.3692568679139255,1.3382020678231763,1.2656347799459777,0.7254512494959868,-0.7169412539803509,0.8243798701033462,0.3936677923644787,-0.6285759951753502,-1.4133091811614915,1.1907595839141978,0.27845357911138374,0.7742870404055664,1.3201010863736082,1.2235071599841216
sample_111,1.7481831263880405,0.10090840491019248,-0.6822736021387952,1.0442200643943609,1.755046094001024,-0.8432163991974662,1.3788237224740059,-0.3921519374742312,0.06910079131424339,-0.5526135964167168,-0.2784457134006902,1.5686432995221566,2.560357486146967,-1.3657457466096983,-0.2816563999092677,-0.9570224934036639,-0.6158048510938762,0.8512588081244931,-0.28174294326949967,1.0005165550467878,0.3196567643546306,0.5278413178735812,2.769016101746462,-0.949708228780701,0.17228623496129733,-0.08944215580563686,0.8236288661796058,0.021346183078549394,1.5248551533773944,-0.1665208477602483,-0.5282569349259806,0.4457161507114936,-0.606962856741735,-0.7248043458180121,0.6868153955037736,2.341295674441138,0.2259004512075823,-1.1490178851703015,-0.4250957585193518,-0.5160823543714521,-1.5372767676800383,1.2112852487341539,-0.23217222008611313,1.0770525356044,0.7768354496741922,-0.24421327265875234,0.9794582488162624,-1.0245283128553595,-0.7028517255751011,-0.07929150204236235
sample_112,-0.44006147097639864,0.0010751149333956395,-0.25305218631741033,0.1956437007267141,-2.0384592097581993,-0.36774133561537514,-0.30084698344638144,0.593833828709987,-1.4471125191986045,0.6977620359346275,1.6247424857844688,1.1545751513370566,0.507218030945655,-1.4674024467253484,-0.37964886672838166,0.5831632983816557,-1.8167116597737272,-1.260194905171168,-0.44059885475318145,-0.5154337374475592,-0.42388463623753675,-1.3936763438832334,1.4234416378244148,-3.4120297679354676,-0.31004873096282426,0.9743565396231445,0.0336486641474412,-0.2795161175897433,-2.674589924081244,1.3973480931458175,-0.5645516629615711,0.5317949227574837,-1.0099672100087005,-0.5353036410055733,-0.6596902067006832,-0.06513428373989466,-0.5842704906509065,0.2731584732400458,0.9887638694471576,-0.0823846387942262,-0.34851405399795016,-1.4421121394330194,1.2418934207365973,0.16842553326670628,-0.24768327351505326,-0.10453544073289757,-0.8959231616782001,-0.08447922982672523,-0.7830850868344633,0.1968851993346615
sample_113,-0.6651061720225805,-0.08720338713426085,0.5796137343972133,-3.09524115658688,0.9688787624086744,1.0752210461578147,1.790541584742212,1.66963767807908,-1.541565321801551,2.6045584826093036,0.086608195977495,-0.23208892395634304,-1.0222854868330717,0.6818123649088733,-0.07378694718165421,-0.5477824176443039,-1.1150536995700988,-1.5011322260610487,-1.139841918257038,-0.1723423195160245,-0.11292871063788733,-0.5167931545036178,1.0075846139452773,-0.7340417951791501,-0.5183276886870959,1.4782953135957062,-0.13348561890173624,0.9375002559496766,-1.6395591594757284,1.2559501119918035,0.19377674855652752,-0.3782058755963674,-0.21720584361367254,0.7649778284544382,0.5793185845580395,-2.643597775993584,1.9421481174730586,1.3650932277107228,0.4555076141006717,-0.7858524623148297,1.1918094552520524,1.1682928169002618,1.7911620598175626,0.9409912481018772,-0.23077827263296766,-0.5608183425533295,-1.6558542829860154,-0.1602473088795602,-1.7561718605229084,-0.5272488629357771
sample_114,-0.30550323796207735,1.158935819454988,-0.2302412402112931,0.6590812048903204,0.6304841244272484,2.7154673123778634,0.4532576014938185,-1.5317170203097452,-1.3338707254054003,0.724626027076529,0.9597590652177495,-0.25370102143997225,0.8206407804038444,1.4047427318189354,2.548114144576315,1.985329537196831,-0.19149068983745263,-0.6508140378915762,-0.9613437388207107,-0.27969490440810096,0.06176169224930084,-0.04561319941325621,-0.6970673474950195,0.34188787829861156,-0.45469671805323864,0.31130948687308097,2.2683038522805523,-1.3973323437561875,-1.9320878454038264,1.1451082571097668,-1.9967433782519757,1.491304271151143,0.01120858454857579,-2.4466097211901268,1.2239430809549827,0.9895828067771499,-0.34168216094974196,0.2060467356434442,0.8694427181362431,0.6429241413216628,-0.789116049853867,0.6989589993779729,0.3844363137136942,3.2132958902317363,-1.1853538555981686,1.5315827436712925,1.0489491455163709,-1.414608310817722,0.9191158123731994,0.45034551738676826
sample_115,-1.3052354598038833,0.5812890025288094,-0.1277418210487248,1.5371848440008593,0.6476275487550793,0.7796069632187544,-1.0059021075764063,-1.8452354049136699,0.2689347009624277,0.16921872347337477,1.8851527434454407,0.40741946189465883,-0.5068163819079322,-0.6010532559472066,-1.2064046333021947,1.4861134340460551,2.1132649749256855,-0.28488144184688813,0.7474228472023354,-0.6260140156716788,-1.2296136844147154,0.5377731474816186,0.21577376946890234,-0.6416528553962983,1.44909646964048,-0.17234428151658343,0.12757266390442804,1.3483430633918447,-1.282575530119763,1.2014444490222138,1.1736839010472069,-0.05072740818465516,0.9546303556034611,-0.03495040781107896,0.6084926526991462,1.194600604481302,-0.5435570056356732,0.5133841224588642,1.5283698598734063,-0.9267170019836444,1.0852527709773563,0.5689647016560391,0.7435793644182523,-0.2679677854383414,-1.395439562561859,0.30546214587656545,-0.5620258647281022,2.0469313529359594,0.5399146570441629,-0.18028480869077923
sample_116,-0.9900202975317949,-0.5259057347468137,0.02564405930766562,0.034896112527046025,0.37569297528905826,0.43183505252004084,0.334096935966027,0.37336818761093143,-0.38002040761441763,-1.9912354401033483,-1.8899220287352267,0.39289370793707196,0.4755129370471091,0.4999880263676715,0.7089523094557691,-1.923445157450831,0.9450260927688328,0.28915606952081496,0.9664627838626989,-0.6412156313946211,-1.1029532108124738,2.0747709789326296,1.2133161886004673,-1.1713036473522085,-1.2628552495954044,1.4063597424321967,-1.1960921402937714,1.2211769386905973,0.7961129839249147,-0.4583729733790914,-0.1265055984956255,-0.7630237660871619,-0.1948408524067287,1.4796965878853046,-0.8771596545058042,-1.7725411936385411,1.370503170666036,-0.16512792817808422,1.016461373716478,-0.7944115320312971,-0.09616086093359306,0.5154065574681242,-0.4526126356486424,0.03586483608181099,-0.30667974817357924,1.4522891961903497,0.3676476216098573,-1.5298034750961558,-1.6119202618060593,-0.8301930968924035
sample_117,-1.1690318085077351,0.9288387503476221,1.5789057091153744,-1.0595285537850627,-0.05223941746256405,0.2747349661817299,-0.49689554016194637,0.5463474455185245,1.971011815868431,0.5464647487453949,1.7035859141767862,-1.4841394502523015,0.06182855244028808,-0.4045940947142001,-0.07340479660045503,0.11623102020829632,-0.6889847741291094,-0.4493014010808964,0.5719975033387316,-1.0416315199230288,-0.2890494684295882,-0.8947377972549241,0.40548799483571646,-1.692237627592433,-0.24840592374069878,0.9186758759520086,0.08909760071050758,1.3616028951478505,-1.4215047767027167,1.6076229130169004,-3.0892240475528556,-0.004614214870054347,0.7277123178972118,-0.10652782359156149,-0.25299976027714777,0.15702628390136433,2.5610678913035683,-0.206082973149676,1.9437123864826653,-0.6714013818102093,-0.7100977853440188,0.6676087196595383,1.2102368722256054,0.4222642004246745,-0.7229097813254756,-2.624486436893495,-2.7338471840180287,-0.6005424772262133,-1.0243601910128965,-0.9450672318879625
sample_118,0.6032209093966958,1.2070261893175032,-1.7926696394701314,0.623903317182318,-1.0567747280564987,1.2707665511236312,0.4901564073752794,-0.229322952978013,0.06184658489172015,-1.2307500164010858,0.11671230708268718,-0.36959051785331204,1.0477723829586825,-0.9475220976722831,1.1776827785426203,-0.5080238972912151,0.9036655540520702,0.2961542944336799,0.548664631315529,-1.646700562226055,-1.1143023192587054,-0.28538776948228134,-0.36335215462335907,-0.5440245352910743,0.24924266596259054,1.9441668082785628,1.5373217969026671,-1.1598743255451347,0.5203439428982383,0.25923512184887804,0.8060477037035693,-1.785760653389039,-0.20905877247121388,1.2233599686340138,0.7943855526298069,-0.8579558835312978,-1.3272953752283734,0.20608460471131057,-0.38324971867761526,-0.9152945629370215,-0.5981709143419841,0.9331378379967992,-0.7626806483922913,-0.6552228512282153,0.8858000934881799,0.8330179422520624,0.49345690406040926,-0.494790907861673,-0.21743146346753223,1.5940878264331075
sample_119,1.8700590395134595,-0.29519597872204895,-1.5098427034231,0.6849505614619313,-0.2771578298887356,0.4998099660694828,0.7750186987537075,-1.023410444282597,-2.3038436960672684,-0.13728680848548275,-0.5211078942159498,-0.5042100883818798,-0.8608918861513174,1.635773274289793,-1.171247871299078,-0.11425932034805357,0.2968346192489684,-0.04272048346057779,0.3684215571574134,0.5890319197234498,-0.46973905982912284,-0.7597955243152642,0.747808249582367,1.2638505700415796,0.9296489798377606,-0.8841556331890698,0.284406755969228,-0.4198354239754152,-0.11683093789062843,0.48570880073935857,0.723746159840341,-0.21874810939969086,-1.1350074052995722,-1.512655847006674,-0.34636694012031677,1.8067215274467825,-0.8109639575043511,1.5079892890253113,1.3697736475962599,-1.1499309180110655,-0.6375577393095972,-0.4011284594053659,-0.11715520779609312,0.4301753563561196,-0.6634457347751994,0.13461333031331912,-0.03585855858255832,0.3976433346877979,1.3640186668852312,-1.4002927732856143
sample_120,0.4075019827175501,0.7656646027651343,-1.026990534996392,-1.5002658102360935,0.2800920527878785,0.21021898805078346,0.44433538283165036,0.023311230493540835,-0.6322726980299996,-0.4651351776783106,-1.1617405996609946,0.8574239120821013,0.2625994446400865,0.3903862821765018,1.849339448212912,0.021827153538585754,-0.2014758502867778,-1.023817632565475,0.2610474381565461,0.8862965804269396,-0.41791204512831437,0.7423063317743406,-0.8200304287711826,0.4389594649994855,0.3657975529053058,0.44655172620734435,0.5403729951728063,1.49920714214566,0.9045399287764458,0.1396289435122515,0.12308497854119498,0.8024914451055835,-0.1380268422130554,-0.2409558083157283,-0.36307364784228324,-0.554669366666093,0.2831529699263792,1.3707915116666887,-1.0544097497611375,0.04743188067688985,-2.1786023781087414,-0.3157617128153264,-1.450877001058267,1.147028469702377,-0.2278378018742163,2.2520997366504942,0.6222963128862481,0.6833088276190232,0.23306378599455863,-0.2746901243252348
sample_121,-0.8197383939504351,0.7829623828791913,-1.1754308055050038,-0.10870463863937138,0.44381954059179785,-1.2744426755122096,-1.0401090650959242,-1.824465301185137,-0.3368810948080682,-1.2323538706605504,-1.1609892350955056,1.2292792769324008,0.8193917529339518,-2.6891208171208962,-1.8908983212585426,-0.18669441771127238,-0.04205079559472185,-0.8078330850294878,-2.2965521873295787,-1.677363016551429,0.5197940904795888,-1.189911966318088,-0.4441961535313464,0.0626512819324969,0.2381521048148304,0.714234858700808,1.265627392690249,-0.26619084880729216,1.1912478764917989,-1.2552409019666437,0.059392193747541996,0.13354322586008255,0.3994499672803556,1.8025979306326105,0.3207798508046173,-0.2967506907980239,-1.216306859312482,0.7258111704005236,0.3875231545750502,0.022714915562291278,0.3522213595186958,-0.24976891147975833,-2.7794608157714107,-1.575121669532358,-0.4608609027878455,0.31887447465083735,-0.5527957629160503,0.27660035268811994,-1.9187032781738325,0.24150736442082807
sample_122,-0.0019166456019013849,1.139036367123381,1.4958712538341061,0.7747843184107802,-1.0104491491814156,0.3104028420120577,2.224602925838722,0.09819212949388195,0.3324325415485128,0.15207889911191907,1.0995565023382987,-0.256701332241829,-0.3252432783080046,0.3128871309571622,-0.7344948341986569,3.0005128353915236,1.129423267188698,0.9311624132059675,0.17039675537249793,1.8516635388944505,0.44505738031987796,1.4663030089032913,-0.5047652581432112,1.047749875749437,-0.1188720662479339,1.1383517796196165,1.6640466352657,0.9337912494910529,-0.2958072823862999,0.9362148603418269,1.6156131543276828,1.4182420712024,-0.8385376510029332,0.5979350516228207,-0.6887629545959549,-0.5085106880173974,-0.42275614358433417,0.9937273854129509,0.3816269880546657,-0.23377754072445744,2.2679555586068996,-0.49597016512195513,1.3997216634064424,0.4697792901321085,-0.9487554630248598,-0.4776323524372378,-0.6298851959361785,-0.256921834317755,2.028047804918418,-0.048194264741872925
sample_123,0.24691082162726416,-0.47745650772508114,0.007934882426354246,-0.4974185884127326,-1.1275037949859985,0.32064678440634,0.32934947927224356,-0.935965742814392,-0.9350302422418018,1.4104098277640391,-0.5392148863159829,-0.0892805037988997,-0.5641031766510801,0.7357802629844563,-0.155171119743286,0.9739105220872277,0.2456504766692597,-1.0476301984613476,-0.0543513002667616,-1.6599178198362106,0.389385995097307,0.5314600298782185,0.10850637549551939,-0.27561765169116514,-1.3472600229099474,-0.4089711105502885,0.9669896922310288,0.8165607764104721,0.10342423649277684,-0.9972912994357852,-0.7191578242060959,0.1192887720334054,1.843051937682043,0.4188553938499467,1.008486530337907,-1.1240288702281114,-0.1358546912478675,-0.5657566759248217,1.0000922628353712,0.866241557521981,-2.1157955199503355,0.4605463004882253,-0.5808998684869674,0.3147458305439274,1.7277326268537696,1.3660698156648554,0.18141149277633112,0.5669577538160587,-1.1254618107943406,0.2499042603060588
sample_124,-0.3032061255476778,-0.15876764267349383,1.0540852636477083,0.5911060752839302,0.18231227926508492,-2.562071042436836,2.3323613989038887,-0.4599199684729883,-0.8896736449307935,2.8056850550595738,0.22713517875889774,0.13897522856244937,0.5949737535140796,-0.07348591444252171,-0.8834789556294885,-1.992787549569568,0.3357263735122676,3.0600841088157367,1.826174748066431,0.2865110646989695,0.7537560974953932,-0.910723843805286,0.4934657090406683,0.2887834509227555,1.4621861884669174,-0.7891314626606452,-0.6889473138293215,0.6310762400997851,-0.023117661917462718,-0.613759763906688,-0.007236918578330279,1.7596604394215734,-1.7902269739392618,1.4535131125880125,1.759742724768398,-1.7505939177981917,-2.3828517512202634,0.927791592550457,-0.6642832481017812,-0.5325631519940931,0.9363429091091272,-0.5101813527797744,-0.06458804128309245,1.1416409579787687,0.6420595076834736,-0.020799134146863157,0.16055239808621186,-0.12819258722647897,0.16054574178099956,-1.6750975464136555
sample_125,-0.822224005375361,-0.699202395446645,-0.23236815604079497,-1.8334815672084435,0.45715099389547514,-0.002773785602906299,-0.5611946600524165,-0.7260018249781356,0.12220360759869958,-1.226664821462588,0.9103235203635084,-2.5038667654675457,-1.4744373661028736,0.4218149088592348,1.3765212704385903,-0.14186893398966943,0.04561938825455814,0.7051116074540418,1.0034819006498032,-0.8418935800791678,-2.6042623125550746,-0.29218114290327957,-0.3113171748768776,-1.9916232451331677,0.2808518671813382,1.5368192981521076,1.6442867870049411,-0.03583652645272058,-1.6170449458778215,0.6905963880195778,0.07814873827690351,-0.683515827330387,0.05518034375246983,-0.3823158247244301,0.5989289586760755,0.7940059551820539,-0.06130117801720711,-0.44000960478320866,0.6034103201339073,0.23479320196847747,-0.7365161653948208,1.0155056308666124,-2.9083255658943727,-0.6496620388403479,1.309258767492266,0.6118009466637715,-0.28760130912271537,0.7316339734335877,-0.022033421497617785,-0.7327767032143455
sample_126,-0.3460435115416451,1.9099112371920381,-0.06816658031176774,-0.16534706365239973,-1.2362392545477696,0.5544713551065072,0.049792701535387306,0.6028072049593274,0.32427769281701807,0.7637875769452218,0.5203788802139673,-1.0204031404687586,-0.6991277900320317,1.4681573673333792,-0.6292175886103498,0.23244128509420098,0.3148977441797337,-0.014745862984086382,1.51819818911339,-0.3163722019769166,-0.3366858646772394,1.4613330073411817,0.2116657222347062,-1.0609899535913543,0.4300211360662784,0.13034345534315186,0.6465651502864295,-0.38725719844099216,0.6551975259038528,1.3930679219158757,-1.2331906072254826,-0.8027908987216378,0.37721805812684184,-0.31389786139540055,1.772699703822025,0.7261790672004332,-0.30804500550786645,1.0948756363896983,-1.3271602284069883,0.4878089817948738,0.5321025407940023,-0.18627669547565617,-1.3188676402577246,-0.509731190908305,-0.13010867075194024,-1.3550024029198413,0.6747574361287736,-0.24873718030440442,-0.714353185373289,-0.9003997409757661
sample_127,-0.554443180141379,0.35464804027192615,0.10012135294749382,-1.8767947663057345,-0.808489533351561,-0.4329513391422603,1.0262958736175793,0.1711466217754597,1.0070647506541008,-0.03206098842242314,-1.3424681335035071,0.8787057138883329,-1.121576052176049,-0.23956199581550983,-0.03701593098402974,-0.4782021949132215,-0.1504305174325965,-0.7923158930370172,-0.262572091274491,0.3227868998536302,0.28135800869101385,0.8340073212582516,0.7785671199771514,-1.2931830056004003,-0.45968653806666265,-0.5606573093714112,-1.160797069454948,-0.7693809077417897,0.7395881053718678,1.4688678573040168,-2.2492778748020457,0.8618629284783179,1.2069416186134145,1.6244198602621762,0.7299265112421206,0.4889946437489189,0.629148914823419,0.3573069640943214,-0.09169375631750866,-2.827304506899933,-1.452782747983778,0.5996821507989454,0.37158933046516346,0.6254199297515703,-0.4657803384144364,-2.5355786544274967,-0.4297057974454985,-0.667410717923243,-1.7989561978106363,-1.03226263988477
sample_128,-0.27600689805865813,-0.2916921086035472,0.6618916245250168,2.1174732384625847,-0.15227676730240727,-0.2441632682902422,0.9226012215913789,0.7244122815323466,-1.369484452105208,0.8475012177180519,1.0220193583175492,-0.714658416983807,1.2608069647025184,0.8522525611629471,0.6652585056343713,-0.3496444280518892,-0.564436382807596,-0.22166269397772492,-0.34590339926958014,-1.2112859255935018,-0.40157762324866636,-0.4979960718484559,-2.612686405869859,-1.3029280331317659,2.073252496327749,-1.208207531798905,-0.5507219097245885,1.9081818063543874,-0.21431254473646852,2.4551167105166036,-0.060126948151871466,-0.6344087378587361,-0.20698160866283205,-0.1670475610921981,1.925526354425455,0.8835203990999504,0.8986039311037782,-0.2840234597077403,-0.6600114143703855,2.3992142254538855,0.08072325405466259,-0.28045906194410714,0.33012567169906826,0.7628506287869526,0.32647332095073156,2.1334994599081987,-0.6888311717751028,0.9226029285939001,0.525048013154647,0.48077215436107507
sample_129,-0.5259899025640163,-1.6792172564573467,0.7648545573913422,-0.3944466816985581,-0.3322698793031697,-0.47716911307118387,-0.10808338049244758,0.3513329039204439,-1.3458810609448282,0.3227036057995007,1.9437898657711201,-1.4008409431668079,1.6958609864083827,-0.28749499560656105,0.49693626771935173,0.5784241265693594,0.3508305597946788,-0.04585543915103184,-0.12170739174228197,-0.8255955665145436,-0.40273494825674294,-0.042305815855300063,0.1769694194715974,0.37968698551403773,0.5538776095369464,0.6799854821117467,-0.27152220529521187,0.03619977479402523,-1.1270576717182381,-0.9612801811320687,-0.36550158865355975,0.8408457094442525,0.8311384602255766,0.10773404191339332,0.6068602443614047,-0.9930346292051577,0.8310755895555726,-1.0396834859506643,-0.8183920532070068,0.4550477964172574,-0.7250383822850434,-1.214785493795234,0.17844004771558475,-0.5606610603294063,1.099423901669367,-0.7530359914700345,0.39264709152842237,0.5926558969334876,-0.005617613787329501,-0.8490614847016366
sample_130,0.050843938763408876,0.034121507788826215,-0.10694804380380203,-0.5619344931524796,-0.4236395074970445,-0.049468700462306836,0.19528072453153278,-0.2886329136327171,-0.9533714004387365,-1.9862625973334371,1.2312038418077742,1.2583014303295743,0.24219865400550702,-1.228708740003946,-0.6975407236529926,0.6370481978512145,0.7373701024512829,-1.8547286028297176,0.0668223738256512,0.22854567207941898,1.089614519677048,-0.06334822529750357,0.05298289895620885,0.6151223978440556,2.0006061558064676,-0.03389771284242608,-0.4538790699718491,-0.5021002867905328,-0.40054175904798905,0.0534916831170227,-0.8776802243843069,-1.018552749840366,-1.062775844251838,-0.47518513879590585,-1.5675092392805667,-0.9962027867226613,-1.1353784632422046,-0.801286139003781,0.054411840584175815,-0.01708247269117443,1.0549512629627058,1.7220559584089377,2.501055799673024,0.6358474271945157,0.1443345103918677,0.518520816790357,-0.6636705979045232,1.7656060497984227,-0.3729291768348641,-0.2773759456652631
sample_131,-0.32028434801699796,-1.304011734432059,0.747939734644469,-1.6175113194264288,0.686602905757874,-0.5521263818422879,1.149394959642236,0.8937017871044206,0.04933368779770141,1.3349142528098794,1.9059115513626232,0.638405666875117,0.6414767234968911,0.33162358841067513,0.5076628882635811,-0.19799545880386465,0.012093695316361161,-0.24490133030533046,1.5083731286393331,0.1587137266303899,-0.7626919437512786,-0.8261331635235662,0.42538241064539956,-0.38074439724690123,1.3365896282962004,-0.006258814601318248,0.2683238142751571,0.5471131060534259,-0.912702161506294,0.5768689505442541,0.7474907797507201,1.1459102823709488,-0.6230757932730182,-1.46515117530623,1.564464952482435,-1.4219418614926371,-0.847864884554536,-0.07237900462949876,1.1925569000319278,0.8688733128957297,-0.012509481634724796,0.5668327869532052,0.547952938892773,0.842821003188238,0.08794486699480344,-1.6426975872422462,0.5908672252675863,0.020121623237144802,0.13053823025610659,2.0199417751685766
sample_132,-0.796173626121884,0.3690313766560236,-1.9526617024766182,1.2147422090823723,-0.12326075460262476,-1.487579543355537,0.004440475400812934,-0.4905504660459463,1.290761909261534,-0.1945980916321144,1.504215560418647,1.429694216201125,-1.7495030752570446,0.48238464126306413,1.3716960783945311,-1.2629467652732396,-0.4870463216787562,0.9743708006777947,-0.13159127405618612,1.8487136290485888,1.0147302525679642,0.19970128629764416,-0.019520901088947745,0.06528710928050685,-1.4525558958768763,-0.8397142321912946,0.9185434599142293,0.5817119041764928,1.5847356883730646,0.04613856750614679,-0.340567259924176,0.6307607065748462,2.4903533062643186,-0.07496436706254284,0.013987974461964932,-0.8327133603245899,-0.4357174581711994,1.6652750576317528,-0.7155380691916822,-1.168770492605171,-0.620597940045346,0.8001171216572056,-1.4791939618580923,-0.8201783477000517,-0.020122571815443833,0.26606954149133105,-0.7333022849926839,-0.0974670139047999,0.25282032850714536,-1.9497500825290264
sample_133,-0.7638108805722161,-0.452750028829448,-0.7229850459725875,0.5950256305127662,0.6093993080133155,-2.802816146865204,1.0682123460953095,1.60607977894572,0.17447521386776288,1.0196588333626295,-0.15557208135161393,0.14146270645271977,-0.015113325171257238,-1.2986274650074918,-0.8698333720106969,1.7560150791490583,-0.30124156599942525,-0.3554412961797345,-1.0688536601772771,1.4796924531689888,-0.40523668446989175,0.36939203213145844,1.6537877263429264,-3.1390592560081454,0.19741531647274074,-1.4915182865613732,-0.2577331449285553,-0.9496719270720192,0.7208651353790174,-0.3338147295910438,-0.35493898588301137,0.874957796979413,0.4194872991234403,-0.2758471097465793,-1.0278007807352367,2.6679692506725563,-1.9299218001822986,-0.7756486761239243,-1.4789066221087281,-1.0035193139265464,-0.659535297661915,-1.4180902996508713,2.2110195998615567,0.5056060268414869,-1.4037275809015672,-1.1566778371788289,0.41081368712339555,1.3448433307314542,-0.179906136355161,-0.7040569867303054
sample_134,1.3580619133782736,0.29810330736869384,0.6556495670015897,0.8590533205990725,1.0420767310674899,1.5463154815645297,0.08256469773809424,-0.11411512033270989,-0.36444165892830266,-0.0639494209764859,0.45416234995678695,0.020748685714550803,-0.057285869477753715,-0.9338612728651847,0.9416039514314934,1.4789747429803988,0.5875877408229325,0.19255000918150178,-0.18932252329556348,-0.1359914697931046,-0.5405972814169817,1.2385174066557467,-2.0363991642392434,0.2389348009335241,-0.30264127048189277,1.8157342330531314,-0.3043384460482484,-0.8257318095653133,0.1425905075428264,-1.26674823669353,0.7952770309202644,0.14325416782557326,0.9440646165656461,0.35794767173306086,1.086405435347955,-1.0768325049982765,1.7930160178518229,0.9878848656470247,-0.9493937817727384,0.7145593433459255,0.3573351153374263,-1.032349792244432,-1.185230515629263,0.2187078703827493,-0.2306038308521968,-0.6533775473462551,-0.8148789603788039,0.0966772822662128,-1.5582313931593392,0.01822537524917675
sample_135,1.2331480809779556,0.028709573296501752,-0.21418101146231072,-0.07133518885664361,1.1041459456572282,2.0219837457204033,-0.10028583920789712,-0.39085775284658764,0.5324605955564847,-1.042451082974158,-0.3755652461451444,2.3643556235772105,0.9180495571258298,1.2941253290247603,-0.8881657858835283,-0.21539716690230115,-0.40204864588152667,0.07144525023077009,0.47460649991435583,1.1488795678055053,-0.30720129461517254,2.17012861181391,-0.06333651596903105,0.04563559678957938,0.2322938867948279,-0.5294430472348812,-0.8362346111228666,0.026712800467769245,-0.2589926887233047,-0.9070759338098956,-1.1599475937672026,1.6813654780531464,-0.17286808937447065,0.8133781909097094,0.7398137529847327,0.06634146376189391,1.5895533930626098,0.05783394246914339,1.0183825474302264,-0.8102798910941461,1.005566392855123,-0.4937576872148022,-0.8617785564363689,-1.6163902687985399,-1.0395089827226633,-1.1028497357449178,1.2485022674928263,-0.7469478071681765,-1.5890618568936217,-1.4755432246704276
sample_136,-1.5841267865780184,-1.3198286324362591,-0.33437378455653116,0.5350558849981556,0.019972464764879707,-0.24166015463109147,-0.29535066905197505,0.3807436795787142,1.0794055012788943,2.02557550686299,1.1584485458492797,0.8667799248402797,-0.21933068436305878,0.0889527774596153,-1.1198303865994375,0.7369628383592324,0.6606406750423724,0.4219462620046818,1.2762408369973033,-0.8297697730996534,-0.4035309437037667,0.34615758112620076,-0.12342027976743451,-0.696223551551867,-0.14354049868816163,-0.4277791317338239,-2.9387659027743163,-0.7858148002015385,0.6408920096435732,1.0664305880081686,-0.9729436903017992,1.315108684505199,1.3886571771333658,-0.09063249605355948,-0.7203210722722426,-0.0893995921615322,-0.4946412341842926,-0.5161995246555116,0.5979324700806259,-1.5368543564866226,-1.3967075595205356,0.37715945754138747,-0.3383732625555665,2.6124815753803965,0.5053625730158963,0.6012574825246888,-0.10140610702190513,0.3435944087889298,-0.053385426237772815,1.3608308929571584
sample_137,0.9550737388725936,0.7137172109336429,0.5452465540669688,0.38749232847563325,0.7754990979324541,0.40605593610175267,0.3760810168410509,-0.01255854903605243,0.5110499796065123,-0.6615567689128359,0.5824832059562863,2.344608195468309,-0.6909227209313462,0.00040357194186921676,0.7880911627205854,0.6625233368720073,0.8027317870300591,-0.07188823439268018,-0.257477638724451,-1.2956991774007645,-1.5442846817817155,-0.2914818030152881,1.0503733916364557,0.6142294124304697,1.2693378379657583,0.2505980627985587,-0.17166149973573713,0.35548955940817195,0.5064114972107041,1.7095759511547404,1.5521520965841957,-2.0612834919899936,0.5988769431261075,-0.837114650410728,0.9188590620802176,-0.4406841355071533,0.6286762916349065,-1.3391824178222307,0.14090079678389084,0.8848088283496609,-2.1410396768700077,-0.40432912010851974,-1.9466805574452777,0.07542603320771352,-1.1866902727447484,0.870828276291052,0.8808372392464621,1.7876140979502628,-0.3413284604337488,-0.4315848603677518
sample_138,-2.4189405066659155,0.9367629387425347,-1.5905535093816183,-1.3122346495261712,-0.5746940932707864,0.6648570882525605,2.1093840255644705,-2.565523303661754,2.3851994255051947,0.5268953407429139,0.49301642054145695,-0.031872922434546175,0.2740065481242197,-1.1020061785494837,1.5231341227293507,-0.7184510940471462,0.1653563689981316,0.2506422040599605,1.1902494346370487,-0.494473456943233,-1.116698546360272,-0.4404195169731265,1.3154666294273922,-1.6611507867526552,-0.7186079992309468,-0.4327403486811187,0.437982456868229,-0.07416692549672961,0.648425350860655,0.9731336834194514,1.4524617806934292,0.35310143497261465,1.1806660391058528,0.33713563424923526,0.4246015255226052,-0.9167154143370546,0.932771603419989,0.5661547486383335,-1.6565858513065432,0.7962723194859509,-1.1124531848954715,0.39765121700980544,0.9431001784463193,-0.40766833999616386,-0.48722576288801295,-0.6006809555262462,-0.4509656785138224,0.2172007451434782,1.5494275938591313,-0.1515030147365914
sample_139,-0.13385854993718702,0.13845872930551836,0.9495848359077173,-0.23483730513342282,-1.5663215419038634,0.4057134255282244,-0.0738566658430662,-0.059419962000924365,-1.578356696211582,0.9264061069895337,-1.4721673220833709,-0.24691474502162852,-1.513117460393895,-0.8592798228409018,-0.4208923448976458,-0.41811566188642807,0.9645779699709165,-0.6937396049473491,-0.32151345611827437,-0.9741759657671636,0.8918255834358231,0.4399014578862942,0.3631303312466356,-0.5569235161767307,0.317135886795165,1.3924374581023875,0.4436040894462725,-0.6913191543069716,0.856641975725851,1.1932557982575203,0.6406033891694267,0.002079920288864145,-0.3397270925125807,1.8028099905169304,1.1985310185802078,-0.7511069313480359,0.46741519613838095,1.2037106321742048,-0.45967170427454895,-0.4725442450271278,0.8769678608632117,1.012422814356701,-0.7738558362235627,-0.5837392510734885,0.127773002301634,-0.9627080150770715,1.5058487951332742,1.656675316817552,1.8499464430945458,-1.1757807827650089
sample_140,0.04068977221366721,0.7519488854070226,-0.9305141247052849,-1.5992136483502164,0.31067576347670034,-0.045005054339916625,-0.3490024774106468,-0.1407592683491881,-1.3536857719714466,-0.06350223119334367,0.8303835162862155,1.3158564512784017,0.27519562247098023,-0.3736811880646912,-0.7552419833301179,0.07392549960146781,-0.05770065719998364,-0.4227794952756415,0.2727120811945102,-1.1888652031347122,-0.8688725412932833,-0.42161040649253484,-0.3707506504349457,1.292109054854686,0.021938547251811776,0.7873249340454583,0.7976056099721032,-2.546301748191198,-1.0314766781566354,-0.5627045026401613,0.6284611249404632,0.8039001526438773,0.5758588838533024,-2.094641105815573,1.2954789665209903,-0.6459978708667925,0.011665441398759083,-1.2145495297306694,-0.4083168916388991,0.7726532904429101,-2.160645226547222,1.1146926229357583,-0.7175309635128353,0.5701396336759523,-1.0971938559538066,3.202957310654603,-1.1385358674399118,-0.06561467543025246,-0.2195944192671441,0.824945947316516
sample_141,-1.0509203347731007,0.9182315601957113,1.123359862070879,-1.3557087419590315,-0.8604675248898619,0.9762722109757717,-0.7563692131259306,0.5847070508584983,1.3352215724902445,-1.20377024637914,1.230847748797257,0.4692600216739009,-0.8363026760483467,0.9218877040840148,-0.4325271594511271,0.9985564573008825,0.022224711056115433,-1.312482778156684,-1.0270967720234598,-1.9648491486547512,-0.5795896048257635,0.572885216216361,-0.04432151508374408,-0.49985144297487116,-1.05545960331316,0.4633094726012645,-0.5563517966848074,0.24429269543458706,0.261648990873455,0.9614042551708086,-0.14166224965245364,0.365951206760759,1.0033095098940963,0.3555558540886832,0.7478707908366347,-0.050132633640698594,-0.4836289817374283,0.40518575164754284,-0.31243119815383347,0.27741139917982294,-0.056681850926161306,1.3042055374282915,0.5603594011346247,0.5312128045768179,0.4732809691378838,0.6465937223820442,1.9326058571408293,-0.8817047520033681,2.6901957437602824,0.324157771394778
sample_142,-1.6465421783234129,-1.1021695209169942,-0.9273566126032103,-0.019188251012159496,-0.27487077108488955,0.32903264436487195,-0.13362780905510188,-0.9215291675910392,0.147254582507026,1.3010702372958929,1.5071996839849717,-0.482990863702778,-1.2889977180585055,-0.26232850837623894,0.4568274664795587,0.09440182063582098,-0.6610856602218991,-0.38798822905844027,-0.5917443204641769,-0.6387452973507644,-0.6673413307097015,1.5225873997703019,-0.731694524554366,0.5668102632222294,-1.744904565060074,0.14868162440701713,-2.095594920237635,-0.40365128929173466,-0.35396202294809354,-0.5814767508086719,-1.1423272806884317,-0.4837411220314989,-0.6901969545185727,0.6368945339897369,-0.9067869490105621,-1.1711775914719185,-0.45011848573076396,0.12685026296359922,-0.18554198530834928,0.482249616560918,0.5646638609303736,0.21862329112051274,0.10191387485300937,-1.4375236470736168,-0.5032969930804926,0.04938560665548262,0.7605363224595815,0.8577860892814175,0.4814895458615756,-1.6358123465314605
sample_143,-0.16348233966868242,1.164037680100467,-0.17747948775715983,-0.7140740394142722,-0.49009138763070853,-1.2569055662360529,-0.6880090825983456,-0.251836686366746,-0.00419760491603118,-0.505657766117755,-0.5513013073603273,-0.4905647665110625,0.32521861603933705,0.5903012108463077,0.6374013495764514,-0.5871541279955568,0.9304955660182227,-1.3578996130770187,-0.6371135194075316,0.43418282848895867,1.0698134170285427,1.2189075100970959,0.4307473953507114,-1.413759070643687,-0.24812252703120452,0.14558893274261325,-0.05907735937401813,1.0638260123119379,-1.3202004375941503,0.8205973162251265,1.564684461378471,-0.10823499624592708,-1.4348940539291877,1.1814562410533964,-1.0996828534537288,-1.5160104351408925,-1.1776981079083375,-2.6867151222575507,0.6884246824425251,0.13403918572856477,1.5801663602490845,2.276607259239382,2.1302080439553537,-0.47815521544755063,1.4405435212286375,-1.2023712124734143,-1.0421212459703744,1.2924044423624552,-2.739876793276187,-1.8964703756493881
sample_144,0.14801794175959238,-0.39024096425097216,1.742964162633391,0.2110441013881711,0.7128189551870572,1.0309098871267703,-1.516825222879463,0.966496429401992,0.6268180980469723,-0.5905351598841339,0.5564576501199442,0.31859762630759,2.2993276573961112,-0.13746857203422105,0.9840148932176421,0.6232736386488112,0.9649776960042477,0.2824103649948332,-0.21711162130382797,-0.4231791797632698,1.5503611111807436,0.27254047373965795,0.08233480162160607,-0.6098815105472315,0.4090784421287973,0.18387798334068076,0.8541733661947825,-0.3886649938772936,-0.18411433838901042,1.166319577357414,-0.04183142805990339,-0.27838966826821787,-0.7676184716345603,-0.33010994537876615,-0.860295524928337,0.2023578625773623,-0.34675891550610394,-0.7960642524376979,1.1365719591224692,0.7906943254711861,-1.3806271518307456,-1.0345642141844305,-0.8798130417852804,0.26126969436168557,-2.626993818137049,-1.1282847102386577,0.8395087107935405,-0.4671915757049166,0.7918775067529251,1.3865672467756782
sample_145,1.0515068051295422,-0.05010402328847616,0.34983033841428723,0.3392441487726308,0.6020703427522299,0.8143832446144385,-0.307038244082133,0.5848425333993433,2.0642906463282253,0.2985495163339174,-1.1662594456557032,-0.3469283773146115,1.0676646060661503,1.5416354233220093,0.5183048463866733,0.24603532536849754,2.7367902474050347,0.9016840356050106,-0.09838147893324382,1.1620955612035433,-1.1807532859360246,-0.2428027133797139,-0.6135128881420847,0.2943159978992542,0.26374334999267657,0.14644620975961228,0.5342179876716586,0.09407119980668742,1.6610716518445001,2.2592751807920872,-2.457665285720502,-0.07759513823018141,0.6178225271560259,-0.29956991273651595,0.053048687779861665,1.0508798945500446,-0.6523808266408316,-0.7326039399534102,-1.5669478727600352,-0.6105234969122872,-0.23364853048294296,0.7543324670919406,0.3302490756743725,-0.7990806859066862,0.39332000347321,0.08451758729569661,0.5788068982296072,-0.6004108818985093,0.8277856138174646,0.8102094652230774
sample_146,-1.6493506289025393,0.19135257386682522,-0.0019401761986715658,0.22049379371617156,0.5385078123576855,-0.824014481541615,0.3242573508114633,-0.9186110705046244,-0.6034485481529444,-2.1668780668453467,-0.4655938074388037,-0.5470795689802115,0.37750721439238144,0.2479084081787403,-0.46875791549558565,0.5466428187108388,0.7874222611349715,-0.19835399399984616,0.505340046637831,-2.080169223700478,-0.36565929542090253,-1.2330348468575352,-0.7142329133146895,0.44545256312122034,0.8762823796690566,-1.3601590128534498,0.18727433565851487,0.32735410528833403,-0.6054261569260342,-0.05950313600644924,-1.073598732365768,0.5355624677907349,-0.1651292241291513,-1.7520608095372192,1.4284427155910655,1.3335459479381293,-1.5139587880724887,0.39767721935753175,0.139466353334378,-0.802674853363144,1.0594706655394834,-0.9022152984729858,0.992647730809582,-0.22093127084255537,1.0005355730439325,-1.2497329444587548,0.05705826939837396,0.12882177709806522,1.5465078063659479,2.188338554541424
sample_147,0.532706761070885,-1.3473886853810755,-0.23280278380793012,1.7417082691224408,-0.28983965375726506,0.7620165229041184,0.41150361017527265,-1.1494238726746442,0.748204216888126,1.2148336481325577,-1.2457916389499892,-1.4998120866415119,1.2022744608612437,0.7857077139460428,-0.6699274724738019,1.0416750423140995,-0.47694857617450703,-0.20637989306898383,0.9046323224929944,1.284271808355553,-0.6232048970599974,1.210117821127698,-0.9061502506811229,-2.541431085506897,-0.950051809021903,0.01978319127544119,0.08953000388370504,-0.7911513208525502,-0.03650430638704964,-0.8901128273199547,0.9483983354361271,-1.3195474223603838,0.3776746487835081,0.5137481085294584,-0.5507714530449819,1.1759854897632251,-0.8137048001747083,0.2384992764249013,-0.13650608365852676,1.0468385487708767,-0.01426047547363782,-0.4096593990395063,-0.6492262754414025,0.8711722156167607,-0.5697486753436193,-0.29821855577197276,-1.0924273266398437,0.7972400563007148,0.4006044130255787,-1.6425140802432923
sample_148,-1.2303846100528872,0.3744579914137039,0.41243314669978104,0.5889101045054806,-0.7580170412605144,-0.19041744847844133,-0.013601887679355362,0.087898651814831,0.9308163362260523,-0.5494656156129631,-0.328394852841928,-0.8045874011449443,0.8312988713119684,0.6217156704553966,0.07448591482018141,0.44932195427099475,-1.6073952707860115,0.45681081882429975,0.2538106143653072,0.18627693939470025,1.645194976389543,1.0041838639019611,2.3116326579050988,-0.5105560074081144,0.6755784763621138,-0.8685683983235211,-0.10084733628540547,-0.8498124617511529,1.5645944641649479,0.3592764973245657,-0.4057515542884476,-0.26612256736427614,-1.2147312337440561,1.512923196828852,0.016722386259330032,-1.1522472957953716,0.3211959516004412,-0.5428492180471716,1.338373007053797,0.8599900535374321,-0.4381836364845056,0.1621875707330916,-0.6285637440996877,0.2323397407397384,1.0908363674853263,2.3117584632514823,0.843708405245368,1.9725863350435267,-0.20417610123622468,0.15185721114366618
sample_149,-0.1946635091911752,0.1117748379648156,0.6698161761835592,0.6367944700574452,-0.16935149936804647,1.104125823475867,0.8879174073174119,-0.36998731621875225,-0.8229977422800201,0.030691799131552438,0.46384462308592267,-0.23317486972802157,-1.5732812286570919,0.6419886980883102,-0.5042533108688428,1.2839171735921586,-1.6009935430657538,0.10651385660270159,-0.7369624530716333,1.5098499476323146,0.7692794138659824,0.5098433939061875,-0.18880815383488436,0.4721205556703971,-0.6777986949210435,-0.6985631211231735,-0.8493976278386742,0.7493422421870263,1.1025301359143818,-0.8189053683596028,-0.013833223798090866,-0.8521875886868323,0.38245658440939306,0.6457291522941178,0.2766823230614865,0.40169010453172577,-1.2702498783090321,0.2758613265169316,-0.01089945506056529,-0.17647352802705663,-0.8119349213256372,0.45207429104088476,0.013707921628994835,1.0476310093087717,-1.5582651560395102,1.7235473319870316,-0.8203172564921422,0.20759013649726235,1.0774233171088048,0.8937022547652217
sample_150,1.5337972501719015,-0.20903735003137733,1.6319052658808697,0.4895944279550706,-0.678132383006344,-0.5179372116116139,1.2234179422960405,1.0864208744316952,0.21034164063048133,-0.6777325726705199,0.5798438989158545,-0.5156546050768367,1.278387098205661,0.7963139762869061,0.9057690700817852,0.07996806240164117,-0.6656052719213492,-1.0428830562773668,-1.6855080766442043,-0.14513251940488248,-0.12545928556325528,-1.460852691081185,1.455270439246795,-0.3656832589669338,-0.2381428550786518,0.7279480274299672,2.0492805708849446,-0.8779363001654121,-0.21835123653869234,-1.590435434099782,-0.712718262572897,0.4726416596869524,-0.2953590640638669,-0.46386405087992166,0.3473305176317714,0.2006259009462953,-2.3498106744257377,-0.4621321686403626,-1.2997405333828307,1.2010494700141798,-1.254298131723738,1.5708088733419157,-0.566929103945166,0.03671753424074069,-0.11162101737110758,0.6549499235955241,-1.5452681777642345,0.7334981467582181,2.0542018768237513,-0.8089105114076796
sample_151,0.40968350280510474,-0.07764846669041435,0.22575216914742252,0.5240480918842884,-1.1131347539471383,0.727711102808009,0.8450117976556357,-0.012199743573624498,1.079974796347366,0.9900697002389341,-1.007207697792149,0.8454350193395901,1.270380244199749,-0.6545333735667102,0.8468688735733509,0.12933002708066643,1.235879413389001,0.8757497132520486,-1.4112075915651219,-0.12316928522412521,-1.3569071730190099,-0.5062255471702735,-0.29114192854775556,-0.06943633031954126,-1.7626142188486003,-0.9909029329941189,1.38295960433766,-0.9016136026064295,-0.12686170462649335,1.6149760325353448,0.3106494146421984,-1.188037686841863,0.3818908351977376,-0.28121688420213564,-1.007851910186891,0.1306758259871691,-0.36631916226259187,-0.6473562673291402,0.87220585427999,0.030310432481461178,-1.8008913944845097,-0.30071047855002897,-0.17668192135961217,0.8719367196395581,-0.12540802092138348,-1.5390241694539333,-0.09520101712778645,0.6397369941013638,0.9977187891376865,-1.0375030182686147
sample_152,-0.07449435309926151,-1.2141684095419405,-0.5479558061703749,0.011335927162127914,2.3277822677614233,-1.4488736584876458,-0.4555192429039132,-0.3871874193950742,0.2950912541411729,-0.21399997624518302,-2.0729900692586725,-0.6727256262201606,0.007761796891625921,0.12794330744875573,-0.010152402562522438,-0.6187082225940078,-0.6224006645465908,-0.6546168964424741,0.038714990911808425,0.44245379522532396,1.1423492736144683,1.2008788069914218,-0.9956744185751452,0.02699633137800866,0.18812936480305834,1.6530964144498554,-1.9615629151609169,0.5347954920703625,0.5415705813544018,-0.36240335776006816,-0.12163070421727393,-0.8104391364992848,1.1070050964335014,-0.578713210503519,-0.23194581569553302,1.2099409497468185,-0.38041558963153216,-0.5334081491594902,1.458382705790862,-0.7928562824517036,1.1912045024371436,0.8083792345341348,-1.1990952164021136,-0.9890475017188022,-1.5240377978602075,-0.2150407726184365,2.0754184707671954,0.5358328972353887,-1.686112850413345,0.9985015184787761
sample_153,-0.376079588067235,0.34234523537636147,-0.8607583880338895,-1.1233091708184606,1.4255234852480654,-1.7812070286267934,0.034068991698564935,0.9792181832026219,0.7735329055845599,-1.2231713944944689,0.36633221797855947,1.0660509399570302,-1.2664796127911064,1.2412842941209885,0.07403496153438643,-1.194745974054285,-1.0827952743258453,1.0477435943612685,-0.6103920099061567,1.7023124500531681,0.09418025189154056,-0.1693973923254121,0.8369414799564945,0.5490912771255225,0.6290431701518608,-1.4411665658293715,0.0782720517607759,-0.16838648906450457,0.22476978957347493,0.09737736014135008,-0.10547446989431711,0.14408244661836211,0.8794491331742345,-0.668685799790127,-0.27174713659121746,0.35710725341658006,0.8807209444695674,-0.5313285192069185,0.003565404038539724,0.40335894520876375,0.4743417675835769,-0.07814178844350826,-0.419440087146251,0.8404726772623278,0.24330836590838628,1.5204001363404114,-0.32484336836081074,-0.016277871563324907,1.0413003686590916,-1.0642305748598355
sample_154,-1.2987422303378446,-0.3954364809648861,-1.184469641475965,-1.963724254461809,1.0634105652389443,-1.4976355121905933,-0.9675193231294108,-0.9131139717938987,1.1544040182834703,0.9465777067375151,0.12621413258891626,0.46677929716700906,0.8102128194774579,-0.7931834742145129,-0.4467932580391294,-0.6566688773645103,-0.012961326063959352,1.9777668552681742,0.360192945154501,0.32856203203226225,1.0139001601308262,-1.0536768780206092,0.03879663391601459,1.008781093375996,-0.4295577132043778,-0.9622388436244568,-0.4716611335847177,-0.4353357665141701,0.4379356026675094,-1.206431036280949,0.27941406575863587,0.18623895261211973,0.6716598869600965,1.0610524612217007,0.01393272488948663,-0.1053059386194681,0.7324790173617247,-1.6969289467425261,-0.8765839407508148,-0.7981598896963588,0.5133209558933624,-0.4480644698761002,0.4475395800598447,1.1920211464281327,-1.6044212698194582,1.4950851151008124,1.5237788268127335,-2.3805343810408637,1.458047343304522,0.6328098769764451
sample_155,-0.35520485850744654,-0.30293471365798513,-1.7040283871341817,-1.0904702101072405,1.9956656380710784,-1.0355018586652691,0.5129224069489912,-1.5664633952172689,0.6496565425770539,0.24278189043417683,-0.7123650123162943,-0.18110797369794834,-0.3342963603204248,-2.449842299700112,0.19715454211553793,-0.4486938275282558,-0.25076341811130953,1.3903578887508152,-0.04874252489983335,-0.46861005505094416,0.47072493175052244,0.33509688918340713,-0.6173715159520601,-0.1852079385359975,-1.1971077003654664,-0.03549628568156986,0.6960678981610244,-0.27573696788320484,0.939041937430074,0.9324360467557533,0.7225144159308752,-0.16976727332858774,-0.15055267137916536,0.5362684709029673,-1.1574386851684004,-0.8622732046935112,-0.7269063249095713,-2.016727714447525,-2.4023335538401227,-0.6360166104686532,1.8321842886472288,-1.1112886352861777,-0.7358328664883131,-0.23842515780267426,-1.427547477225221,-1.5585015243931057,0.13789096555418057,-0.6444740028524691,0.12528046855764646,-1.291661623038282
sample_156,-0.4182961496212369,0.46859970793206546,-1.6371687094466525,0.11968204322896225,0.01381290554872312,-0.25866761501067614,-0.0963297326836383,-0.5182867439739078,1.4394883156907792,-1.1196140916400819,0.6201801197097702,-0.59020536214872,0.9659433077595316,-0.5981356360202189,-0.8824308197295171,0.6156594885924513,1.1388418974359342,2.0922164970329074,0.6719924211753567,0.6706069305058823,1.767885650699472,0.3684600928495945,-1.0842119596928363,-1.1050849368995286,-1.3691853576834454,1.207300883406115,-0.9928463941291733,0.0842377538788294,0.564460973834596,0.4751417449922578,-1.3245414530768187,-0.03473331483400076,0.5852671986285644,-1.5229533326726774,1.4916806596640138,-1.4955555326213,-1.091643224857926,1.4507229391895242,-0.9447205482026145,-0.38469378115871633,-1.6027222565778192,-0.41261942994129636,-1.3632585960581842,1.0655126703288444,-0.01442929277456463,-0.7828418509595183,0.9058274402327301,0.028838082236510538,-0.3928982436062624,0.057270143324700463
sample_157,-0.41014863793150613,0.5350540497771068,0.4477231249284619,-0.7882933134236516,1.7703465638718243,-0.6608584041730026,0.6432566610596353,-0.17148362171487128,-2.3317921527726213,-0.8560461542880505,-0.3029365851624626,-0.24741190171238564,-0.5954240361005387,0.7638015549621864,1.9860664387645333,0.7651426194660496,0.11329151011612212,-0.7987417436458991,0.8498919791822982,0.7297718218213186,0.7996655940484404,0.979308254337022,-0.4927417136044826,1.5844850102609151,-1.202723310787955,-1.2665755942041914,0.941850310907031,-0.12011560182688763,1.5734428388956967,-0.9898740068274411,-0.3523576101961211,1.2344299963427137,-0.25196764469542415,-0.4306980986448443,-0.497919129788647,0.2655352034134437,0.9041722135047913,0.520437323839688,-0.6863894605170047,1.7103750745035593,0.40279624552994653,0.16143943476077685,-1.1933399523537336,0.663905282607979,0.9873428234460045,1.1999861351400096,-0.36784715328936934,0.7585424851214572,0.9750290615939738,-1.1127077862722408
sample_158,1.0003504128999117,-1.7175503000931267,0.3172786660979372,-1.1964198501871652,-1.1770149473976514,-1.8475160792653509,-0.28625916330823414,-1.3702527723091174,-1.3606505591002507,0.8366135210731432,0.23417460090184206,-0.3403522407358363,-1.0984500384387546,1.059473643998106,-0.014541338778186925,0.6219018641984189,0.22489897056715794,-0.6746511036635602,1.846149739874958,-1.7793913991331352,0.751658421804995,0.8830839476976262,0.613274008722437,-0.03261854652736089,0.12246701726860242,-0.6078630495235572,0.8711908837031636,0.40287340698969465,-0.13305119458491538,1.4096776986845565,0.021790323104647864,0.09612644329531785,-2.1233047769990367,-2.4775622121249454,-0.02926630339653728,1.218740897402347,0.9825698728204131,-0.6188990045480017,-0.2814640245665258,-0.4258029243160097,1.346308013743408,-0.11934853876527976,-0.551599353127613,-0.19455102963629162,-0.4933180988265976,-1.0650607679679425,-1.9413708406709587,0.4082702683887943,0.5999748163132489,-0.6171122149246261
sample_159,-1.5800169638679973,-0.018828882631869416,0.6338695375844103,-0.4680099025096194,-0.08200737438717806,1.0299587166799902,0.31821704520240823,-0.4966963849603503,-0.5489272631205705,0.08968257938602665,-1.9635167078731623,1.0418344918353102,-0.5995592033309508,0.8515995077791134,-1.6233856815143464,0.45653000251284087,1.7021939564324389,1.4365966385814637,0.4329405042074277,0.7171244064070926,-1.28412515300105,-1.5050208921957997,0.7308900338338642,0.4340012208176873,-0.6775762305851476,-0.8368761989498243,0.15383856893882453,1.0234923781993501,0.1744347763024854,1.0993705874658675,-0.8927916216077152,-0.06287611814524031,2.4176972411920716,-0.30646827898545576,0.23158243286692468,0.2123108225838708,0.14841242044796218,-0.7226694564775491,1.3142888981796563,0.9099582701684481,1.0237044725674105,0.9526849041935166,0.5951706332892928,-0.4446630684128103,-0.3164697752485782,1.4333736705170985,0.05911033195338078,0.3223286154976899,-0.721747543270573,-0.6444192390014913
sample_160,-0.1707482610574483,0.5505956493171297,0.9766064280997288,-0.12684672803815616,-1.4071504769420669,-0.38972382399749533,-0.4222162486424981,1.6567976822285229,-0.48774721252866426,-1.8953548082286134,-1.90115580160126,0.7370809804628251,0.6666646114836479,1.7672980727122538,2.077744809345179,-0.15407721173749106,-1.0243165085351407,-0.22381255773862735,1.1172299953553435,0.09857053750342042,-0.2499268272813195,1.7673394923799217,-0.23460949150508872,2.404071273341045,-0.9247542655907742,1.577784938915646,3.5728686185419507,0.7675797297734562,-0.2992999554231246,2.7922879720656772,-0.11238896681332074,-1.9505860081957878,-1.0086056827250387,1.0250476207095152,-0.6515857642566082,1.134930488487424,-0.4425977527565925,1.7026572557608743,0.11009822921545814,0.8398179100430536,0.9190532799969809,1.711101909443466,-1.1270032521725917,-0.927244961984153,-1.7383808666731226,0.355533241868025,0.7053015326851755,0.21143905874371763,0.3199664309835451,0.16528336821896775
sample_161,0.6737747107384447,-0.8712633151587745,0.1572646328881546,-1.291395817409081,0.2275520822917595,-0.7655408354491796,0.09785956268814001,0.5410401846277336,-1.644201888438808,1.355231089071452,-0.1277995891227918,-0.980847099828047,-0.24516980383942877,0.2387101446078028,-1.6998856153794735,0.8601209858518947,0.7426001645752828,-0.9170763284269361,-0.7459207095194503,1.824995578525153,-0.21225999138577747,0.9767808307247591,1.48227402753905,1.4072308954086006,0.7762796346660854,-0.15772443363886027,-1.5736484404394655,-1.4316646382774079,0.7658648513037353,-0.8398653822288793,0.788584134884754,3.7909185789296465,1.3601792998467648,-1.009026344061269,-0.26973160260164203,-0.889520086475671,-0.834185673398384,0.6400355492692824,0.4322751309338086,-1.615840008604775,0.18496124374435843,-0.3997601450764288,-0.9465766958663451,0.1865404168825114,-1.0000638061133706,0.6412093555995655,-0.7508341789099268,0.061075423258386,-0.048055909106130994,-0.29346479248782165
sample_162,-1.1663333697399587,-0.44453970237123613,-0.33230996873184104,1.1538763364070428,-0.024887277573306554,-2.1903091460619493,0.9266937038131029,1.2106325963542979,0.304042117013665,-1.298975018072391,-0.003931760299878525,0.3637783484127044,-1.1658389003519825,-1.3094867453104613,-1.5163601674822693,-0.09921062344433451,1.1178308328563034,0.023646512126112556,-1.0453219654275487,0.35047351038752994,0.3416145647455897,1.0311284972274088,1.3592628127388369,1.4465767002080008,0.6666814539384647,-0.2894903659454337,0.5900044459091661,-1.3355931740397013,1.5369066394629887,1.8470127573526969,2.2882782171419227,-0.43122096453861336,-1.105638846919402,-2.0899147393924977,0.3007465944166294,-0.708231762596445,1.0713493445562836,-1.0652869683757478,0.6769251653410613,0.8051202107649105,-0.8899721855150489,-1.0445423188043643,-0.2750820657291972,-0.8386928227693653,-1.0081398944545872,-0.0756686121734653,-1.1324212425212212,-0.0066327004115724585,0.1383872211168849,0.4569653467401722
sample_163,0.016227953607614694,-1.1109207153006657,-0.8605759300238439,0.05466272785184961,0.1988462112355457,0.6232545924909332,0.5867263218790177,1.139598517015476,0.33680778409488765,-0.4325360494347446,-1.3001838008922917,0.5152942101865283,-2.126805918569759,-0.24554084071233068,0.7317475802056753,-1.562484340802106,0.8224484975317806,0.3684851863694834,0.9431213727685421,-0.6209706467357304,0.5194539879558128,-0.005626296783665236,2.1760337302579944,-0.6136155128319891,0.47742298687587365,-0.4192966093049575,0.5343249548607693,0.15014473987807767,-1.3636881220770283,-2.167984935537876,-1.1881435200808326,2.0028697439317895,-1.3706764933341264,-0.4903393902845607,-1.6990157690703902,0.46961192714521055,0.7201997048911348,0.3776574332454761,-1.65840982100764,1.008099467733206,0.28510476652961203,0.015550785979308463,0.7914266736040418,0.07317807799360591,-0.8058667202044771,-0.38880079755858304,-1.2196459143892875,-0.45792155061560436,0.42438571916992107,1.1104930987075556
sample_164,-0.5478668839117697,1.6335569892829924,-0.1279743225367964,-1.4349593584042422,0.5295908680163636,0.4601548048244222,1.5432489754923453,-0.6854426733245527,0.34727896036530065,-0.29869086470319817,-0.41136168071903123,-1.2611179272987736,-2.0322761364938624,-0.7474232191568188,-1.0338888987419403,-1.213506550239556,1.1515734548130834,-0.49060425359871235,-0.38695575668048,-0.724124525070415,-0.11454270913578662,-1.5120296697557705,-0.4705894386585549,1.1603838182048254,0.5510047154691115,-0.6644040995677527,0.8304584285456512,-1.6723298514961809,-1.272118311262596,0.19461435361294255,-0.016992132807043443,0.5232554495118644,-0.8845675931482498,-0.6488692256797609,-0.17757748454335245,-0.2739749938799083,1.3293879497664136,1.7766450987241431,0.5843867250245031,-0.2519121752272494,-1.1839997664527684,-0.6652415998024138,0.3897717877389,0.19807295117446722,-1.2488005860443363,0.9539719485557976,-0.2978743629865883,-2.40225550571484,0.5042860771481207,-0.3494577780109952
sample_165,0.34083722023147045,0.6283365904874003,1.3362920808104792,-0.3113711965538976,-0.19328990965128443,-1.4936000425257958,0.8749857255592481,0.11988654863717038,1.6575263604224124,-1.3429972841378495,1.0314974141944369,0.19993808472697544,0.2003255545976428,0.09607939916966897,0.48435608236906136,0.16984805914647583,-0.4952889410811999,0.7302484472719992,0.7569097456302353,-0.09018384479715925,-1.3475406248536292,0.8465877085447145,-1.182213578038475,-0.6500430629449836,0.3698550256512347,-0.4372235904418532,-2.6749373486653534,0.21874853644683312,-0.13660271300815932,-0.4695093135770808,0.10594458945766162,-0.991251915533571,-1.3399031552240885,0.8126830791789346,-0.6150063782430055,1.5456474965225662,-1.3946693629229827,1.2057779954391243,1.1934338173245405,0.4779566249514797,-0.7055452117157598,-0.3698783408453147,0.09793213128557186,0.6981164659560259,-0.2066890863725173,0.4350792538528777,-0.08013316872516661,-0.020351838594739043,-1.6222632724853712,-0.022801874724973678
sample_166,-1.1252393427189835,0.5528511998326029,0.060176502333606684,0.1260556195482803,-0.4585216931767724,0.5923535505743022,-1.0676501794981978,0.4262750801706319,-1.311321148720772,-0.17520775660527013,0.6326366966927568,-0.8329434453558483,-1.9125442713370306,0.29237913173946484,0.4220731728035959,0.34368233348313637,0.015190441234640459,-0.9696756845275465,-1.5504173917551947,0.45022180461105693,0.5382374933064786,-0.915981075884609,-1.4767959338897974,-0.04069897807700548,0.07955403321600218,-1.0486972117351674,-0.6061717092796931,-0.11177804787405611,-0.1994989580282878,0.4534657527984426,-0.9630912453605845,-0.19499356248921362,0.02897717102400867,2.224220403226596,0.7353477519490355,0.20845725615615454,1.9151333915553277,2.418275881018338,-2.0416766223745006,-0.5116331004185585,0.5634423095498006,1.2402682381323602,1.0023808367017186,-0.17444939549157648,-1.6360758898076109,-0.7035567927567581,-0.9363891987145753,-0.07253636264729149,-0.5267157733651391,0.924569942265523
sample_167,1.0618546166123182,2.7410681271123387,0.020072435881209553,-0.20140660043340447,-0.3469046472925163,-0.6645229561958427,2.283347463140711,1.3260062762807647,0.40921639675487176,0.4263445859153441,-0.1813355484147792,-0.0013531294661336423,-1.1314737526008871,-1.2928481526700275,0.19706850875036006,0.017463288585130975,-0.829649618443076,0.12781703597164948,1.0698609111747794,-0.08523272646317732,-0.634495729655685,-1.0012261804039557,-1.763903653254005,0.5133728068872662,-0.6719549821763681,-0.44752679486660374,-0.3150086703141299,-0.8647872209321505,0.08919124494071229,0.27918362256509954,0.598465502470805,-2.9926157482006706,-0.7231324017003086,-2.164598772133708,1.6765223479176248,-0.9787330688023691,0.04790619875366243,-0.45435974640311166,0.64958848681575,-0.7079580767410437,0.8083313526717341,1.704928112093052,-0.12999241118733948,0.17711595505195227,1.347082491199122,-1.3362640528559055,-0.6519481217860859,-0.43804666732878494,0.13819289384218902,0.024751573588193906
sample_168,0.9990716776966123,0.0759796698917554,0.32192011533088116,-0.12981249048452087,1.7398215089166358,-0.4173824383763102,-0.751236262515276,0.26895483533547904,-0.21085489098977586,0.9580568475173861,0.7964473735201909,0.44988966624414434,-0.9235404983718976,-0.5576420082548881,0.6248611976248967,0.44089924988897805,-0.4988867137455448,1.4579793076730738,0.32241708738652686,1.2159862174196605,0.56144186546665,-1.3305126266995115,-0.5623974900220153,0.9739133277305062,1.5601440103754645,-0.18385446177156972,0.31235931703279324,0.7902887944613805,0.7559626124042965,1.5019965096044743,0.6169209656680623,1.1788291365736387,-0.3454952043751836,-0.022954857460210844,-0.8462021860308626,0.8845777667335898,0.7893796884394682,0.257780319320956,0.01974785912152277,-0.03288932994526203,-0.027932747672474244,-0.4419315279219953,-0.8313166428745277,-1.505609383233279,1.1416604084840505,-0.5448405499707667,-0.9614090547895712,0.47386943156485184,-1.8444080188199126,-0.1725475360378825
sample_169,-0.33828379856251223,0.10721213400978762,0.20408091084840316,0.9022350849699129,-0.17235838389033808,-0.5072137756455152,-0.1692715186679903,0.8219004035563837,0.04836881143909529,-0.14800278163347105,1.4672276890381062,-0.2926820202791108,-1.217446687557535,-1.0089425968787493,0.8297893920062207,-0.29064861446798806,0.899887067338802,-0.7129703958816848,0.6155047163623415,1.2555350393960891,0.9351922752818257,0.2460971695364102,-0.19519436443150728,0.02973718798287562,-0.6776300023289775,0.11593978290001923,0.49423524635044647,1.0686670299436116,0.4228022684335504,-0.3049335113149264,0.0798329726403437,0.6244486409643756,-0.836774488596695,-0.4848201488004677,0.6425968863672492,1.0572001871557173,0.18105212480606497,0.6579089086128004,1.1817392667515778,-0.1610084668749179,1.3973546071261516,-0.04871259468924884,0.4859245974830709,0.671973636118408,0.2766163239892081,-0.5749691908642597,-0.993071836911481,-0.15426331149812855,-0.34943387711719953,0.3635239641447607
sample_170,3.3962615695939835,-0.5488522222927765,0.2357629413310942,0.31053763007822793,-0.8996620974764852,0.7339386290066363,-0.3563842741622561,0.06059793856245512,1.3092667872960564,1.148335045795342,-0.5959467540723612,-2.011411644941366,-1.164028644675671,-1.4387802814100148,1.3297992452846357,-1.4721626999983377,0.10719216033302105,1.572031096794246,-1.4039907867110986,1.4717755083847757,-1.1002886673689576,-1.8152427257478039,0.45920316214628426,0.18864981749525606,-0.27758552968976064,-1.5707408398760332,-0.10251424270082667,-1.0044966272249503,-0.28079664773166946,-1.07855264687615,-1.8049556342166089,0.5920230653125903,1.6181190406882264,-0.3649659383833704,-0.6133761719637834,-0.9395746401249565,1.0723271276647837,1.0186131223124344,0.5715118999554898,1.185204764698778,-1.917011145489812,-1.187014011753482,-2.0936875503738896,0.4861332397029743,-2.0973442216453346,0.5283320547009235,2.041285139378769,-1.8303812529088528,1.2771307507246001,0.12365569376501974
sample_171,-0.0934360058437664,-0.2910591719488712,-2.304402678929911,-0.2658708851905547,-0.2865397243724922,-0.4387260454843249,-0.6294137665887146,0.3643883035463192,-1.0190881350615544,0.661470338342501,-0.9695907905285747,0.7900782844568162,-1.2294301673795653,1.270523300145191,0.5228251536400306,0.18413476688675395,1.6646869676330383,-0.8759443832712054,1.3046529600870918,-2.632918673244953,0.5660192719781978,-1.1993526234128906,-0.20362232452833692,-0.14067608487763475,-0.24684027835418906,-2.049858152981373,-0.03137581799495063,-1.7975063085045724,0.6872367610518744,-0.7460466741851167,-0.27796554031296183,-2.3722249548803593,0.8657579965461969,0.23901406119666044,-0.01427143159430039,1.6567032138912285,2.529255381031245,-0.8727921929447034,0.2924687482517025,1.0566829512500793,0.4265196638823706,0.8952375053104137,0.22608148136654346,0.2078747509553103,-0.621159907909379,0.0014887709316729711,0.34829665049858965,-1.4471457318649361,-1.6106087632714219,1.0953357008948794
sample_172,-0.04512011114210041,-0.7621776718835881,1.6378367860661391,-0.3687336822339864,0.7250598400362857,-0.16071274617040765,-0.574581345679248,0.8876327921525569,-1.3586213811939654,-0.8107933396474096,-0.2661219867179934,0.10313205852084459,-1.320991393700231,-1.2492985264037286,0.46587320388559833,1.7038971191802137,-0.46617580869501063,0.10077958125032856,0.30610521451015016,0.1822472440209143,0.9732875369004601,-1.2571341374261686,0.26722663513823103,0.03249425881955101,0.8761213717839083,0.7200873497035083,2.717881369375912,-0.09369929216388231,0.6694109618405005,-1.2203817389470804,0.19310703843698365,0.9907215118057913,0.347005750930857,-1.0950933232721574,-1.0756477788023475,0.2696741975451268,1.0076622104034858,1.3544791833487642,0.03508831983670592,-0.1376896212135312,0.7904843434743323,-0.25377428193951673,1.0188657089472601,-1.567034118458936,-0.759166224656535,1.242670096758485,0.886504456384353,-0.13667698638887396,-1.29025621954825,0.399225098786248
sample_173,-1.3821096141491285,0.5926307170387788,1.1085903703618254,0.44882622223772245,0.17771616970192616,-2.8152661073755385,1.2302069336767991,-0.19082167651888315,-0.06636379485838341,-0.5048499020541566,0.5992067229924458,-1.5944318713400183,-0.4713271538579677,-0.63370653074916,-1.754372189551592,-0.04537661302826188,0.785159066792458,-1.2525793557473794,-1.638461501887693,-0.19599692814501493,-0.25133692211287606,-0.350580821886516,0.6729346434360391,0.8953143418344953,-0.41724987014025805,1.2537900120967924,0.6542195673723945,0.03444491982958971,0.5691595433428324,-0.37245628661761293,0.5510535403884604,0.6922093036236903,1.589357957853766,-0.9680097921370865,0.8606494335399192,0.5383518840781548,-0.2645432454410938,-1.1052674756173226,-0.1858972129225923,0.5149584870436484,-0.2470820543719119,0.11705016612708506,-0.33743641229931776,2.5423545128362983,-1.2405870330454656,0.7233689503213404,-0.20783920279111773,0.9590790261387442,-0.975426979699352,-1.4985280072541616
sample_174,0.04787817771725558,0.39167074293233617,0.3034098372785013,0.33892490157819344,-1.6272821210869912,-0.1581643628999429,0.33180175103715986,-0.5284808074545193,0.5130033087233583,-0.6050979609204014,1.2185333173742687,-0.48601607460900514,-1.419326422286492,-0.8101291260522661,1.1893744505186012,-0.7222007116012396,-0.8530690458643929,-0.381582732554867,-0.5888295547986693,-1.8641504537795701,-0.2241555141225339,1.0791315031764108,-1.366012781452018,1.4777186794088064,-0.16795142567151233,-0.017642071104144612,-1.3070529617072972,0.3847137823729214,0.21864821332510398,0.7666080015892389,0.09150447134972493,-0.18598272118795706,0.8477265387087503,0.24807802037255478,-0.5903274215093363,0.6766265682375519,-0.3898771763894665,1.1275038275976295,0.29461103506643255,1.3272218645388394,0.03664914929078659,-0.8465372006150399,2.718028300676254,0.5225898167303806,-0.3621970001295502,0.5505625572169789,-0.17042266186270186,-0.16685899334813553,-1.078444678173463,0.2725304525942551
sample_175,-0.8185177362549456,0.2782280164542228,2.1038908735496094,-2.271383897074834,0.29610474058034353,-0.11671961899290646,-0.4667526776822192,-0.7619729512972317,-0.23677185843204052,-1.219369419698915,0.7176430164477146,-1.0041529734902503,-1.2244323878500134,0.194250782857973,-0.7370968723260299,1.2879520554443227,0.5595764870030024,1.7468164583294439,0.8817664260056578,-2.3454223714822415,0.19463851929876205,0.25248923356226044,0.17536659635872018,-0.2889550747360808,1.4163298586559356,1.1299540130771697,0.5942818623682447,-0.5397926737239083,-0.568412865869988,-0.21380976655359724,-2.699391439413923,1.2159880343124059,-0.9705873155445266,-0.9680904584861443,-0.00017896134838422056,-0.33075181725546166,-1.7872113064029245,1.26267306756558,-0.9644815758965474,-0.8286585493327381,0.5218743350292243,-0.7197651483247222,1.6906518895470406,1.0638741800204914,-1.3213210576744512,-1.0750332183223599,0.8678523804076519,-2.2130631476148093,-1.4446677417942668,0.6445214634315893
sample_176,0.6438391903510351,-0.8554148527158604,-0.4513366057430646,-0.07447199330904583,-0.6359235555099434,-0.38975922523025386,-1.9315962224301944,-1.0466112141451138,1.0260685338717603,0.18483191980469302,-1.4847712969821747,-0.33494846291174557,-1.3042198593317453,-1.3667397845921905,-0.0780883580742996,0.4706757164821427,0.4874652217726309,-0.06826693452087768,0.04733735028515588,-1.8952980777561628,0.9265510995513303,0.9272656027300966,1.906298746194262,-0.571078402848004,-0.40701901503379756,-1.3259411231890126,-0.4426627562245283,-1.4530163828723024,0.770128369668438,-0.32827770670368195,0.7200630495783386,0.41429927465859046,-1.1858590519984815,0.7038998250759839,0.3424932167775734,0.3253726373526608,0.7539198682976666,0.9783874137745119,-0.5447516996641936,0.23991838433353388,1.7930042152058578,0.017228130085173442,-0.8928532683806385,0.5219373250151468,0.12662971339351856,0.04606417149298728,-0.4457312268765325,0.8136244863654168,-0.6372559095132576,-0.7827029656757183
sample_177,1.047564913332224,0.9910429695773909,1.534468468211983,0.12799961419854822,1.4033401021390968,2.0525138029524315,0.19157531325862842,-0.648328028946332,-0.6393825982803422,0.6313442348548829,-0.06839743520560236,0.21413141087101947,-0.3691517312409904,0.8309334095185461,-0.12433254186035694,-0.9286047259102477,-0.23409632839551048,-0.2282865934339233,-0.9358240690494432,-1.6059261275726735,-1.5948133896950465,1.7447230807396212,-1.3109875649321265,1.0921183951583318,0.023831453554768123,0.3609743974693014,0.3148463180663167,-0.14931432289802649,-1.134003458870487,-0.4887509036553367,0.6116590115143248,0.16911849576960894,-0.5029891817150693,0.8981542601262468,0.5489392826488769,-0.6866567857280705,-0.6059196388557428,0.4123041872724295,-0.11033516454974028,-1.0636190523046052,-0.015336634679143417,1.9293013979867093,0.29849861109440445,-1.1024891604317244,-0.3727880169397169,-2.0985633152103125,-1.1077555962261763,0.18459291855816234,-2.459104737567317,-0.9461164658681279
sample_178,-1.0481829879489737,0.48758884326420043,0.4237405253524977,-0.3819151477952771,1.1940972184656076,-0.02343131364958238,0.10062109183776442,-0.20271230890075126,-0.7206821426257897,0.14433205720036277,1.8152852064286442,1.8583740189151592,1.209810326445951,0.4280795963924681,-0.3627780460148381,-0.14250868949162943,0.6749097798109472,0.6828808377414595,0.7239774688413825,-0.8000889225855342,0.11221929341514364,-0.002308440995349384,-0.5362829262608254,-0.9257739890410055,-0.3769462574264809,1.2593798905114209,-0.8314765137953044,-0.15674433455913983,-1.2563446687096058,-0.5226551815827388,-2.312059307014764,0.18712639800824624,-1.239836617235803,0.30257463091259484,0.538556610623285,-0.0026819959851099875,-1.4346384923941493,0.344109169590109,0.1329829401029147,-0.33012129721081074,0.03718459229360382,-0.913551567053368,-1.1991017760583333,-0.9659559725734918,1.7870181881690983,1.3873799988807811,-0.4011842253002751,-0.9410616313130764,0.4292177105781654,-1.5826912883899866
sample_179,-0.6389545106090084,0.9296288390301223,1.2174939277312602,0.21550469629907268,1.095350398062861,1.835393651337927,-1.8018708448251795,0.44137848939634305,0.10522526232165237,-0.4480988565735457,1.1951078806463686,-0.47434334199343897,1.4455356557965153,0.30620902239533143,-1.266779708743401,0.005297425479977476,-1.038639426926763,-0.1868163729892509,1.0176179465464206,0.9532337718079517,0.41039562052055495,0.872360129616976,-1.1881510035738156,1.1873625072626155,-0.31198419971262276,0.8156345475747117,0.9190628893265645,0.6114035978098773,-0.7980474465988328,-1.1154794654383,0.9635684618580393,0.45316836807985883,-0.728856599564891,0.6561640522909715,1.5257027983752276,-0.38019775880022255,-0.12158496381787165,1.624088988454874,0.42068666949585765,-0.1799425155405686,0.9324006372354988,0.6424418936585108,-0.6391724110490405,-0.45298030909993536,1.040201600936412,-0.292012723366329,-0.4066061200922705,-0.44589085172133447,1.7857329641569923,-0.1494133729631019
sample_180,-0.9607791596211663,0.8713238776134402,-0.39708458901187454,-1.0220455263359276,-0.3427665681313431,2.232298924122396,0.25899405882651666,0.8158789273963994,1.9194375857653025,-1.9128184906623487,-1.424305832644923,0.6749345255131329,-0.616970418917427,-1.454926363493593,0.667234219154892,2.027860957507962,0.6280035599603997,0.8545209086848221,2.7832957224122556,0.7088864130876067,-0.8676059309881954,-1.8180481620755806,0.37004273814394284,0.9761678519056111,0.7612432318895874,-0.08391403020944418,-0.20523720547430047,0.38027459767049593,0.862006348001622,-0.897899143179948,-1.1726124320488158,0.03980266289973054,-0.12170480048898627,-0.9462001518486628,-0.21561088259394692,-1.2519741960483688,-0.928832002856897,-0.3067088697282013,1.5413762076702728,1.3374904422683351,1.5139678431378412,-0.11140433862146293,-1.5059219475579284,1.4539400841441692,-0.5191867267013963,-1.7065067442761637,0.3133453109443946,0.8515992249282027,1.8892156801265116,0.16702646166826082
sample_181,0.9799780657565065,-1.8666457454017558,0.8925294195265449,0.4339553676848463,-1.5112665033978872,1.8636960673986114,1.7180415996326122,0.7795272106053835,0.17886485063622062,-1.164630588716676,-0.3787861807265908,1.1654525870223915,-0.154361818795858,-2.323965150397802,1.0914919437625679,1.1044357921597114,-0.7268151086220153,0.1640709805513326,-0.38702009423093625,-1.4861537347419123,-0.5619162636274035,0.32660386047588896,0.6652227723328011,0.08866144088120649,-0.022754250091161735,0.2607280475277386,-0.8545285854334792,-0.7089545252462047,-0.001477108273892849,0.5779547677496316,-0.5096354123608509,-0.47502739384401726,0.533991236720251,-0.2348618074191314,0.3610745705904882,1.5515769564856154,0.6611004714794951,-0.29189226155856424,-0.0896663271739036,1.306595083040796,0.6411519102131245,-1.2779199602015487,0.7335564797015376,-0.5747538736021434,-0.1581230129508046,-1.4100845743742245,0.3988625513224264,1.6929928705723978,-0.34441415461245817,-0.6453787390543387
sample_182,1.5562064907089623,-0.2964014419552345,-0.013990013637279392,-0.44286632315375235,-0.8647930031888461,0.1657136287521984,0.9059543743676209,0.01028450144708347,-1.6314739892152585,0.7626493196804885,-1.1082805622471825,-1.584259714802784,0.6121976399539052,-0.06402350545591062,0.31539310733897935,-1.0784608979700339,1.786911890008259,0.9090452629276083,-0.4770301468889339,-0.1432943403523986,0.5678069290099006,1.4982509333824587,-2.2396423458689023,0.5888019908835205,-0.6780776451322209,-0.7843000134425011,-0.8046643547627923,0.7185582925460123,-0.37220258349623336,-2.4660482376314943,-1.4785381442688377,0.30603879879398876,0.22793268930866273,-1.6241344411981629,0.9632201114183025,-1.4268235828291034,-0.14291009314191214,0.7154612857093595,0.3654672958728819,-0.34922244557813004,-1.3964551870150403,0.5366682251439231,0.4215659165681101,0.18577947917104362,0.9174968434604883,-0.18642975768153391,-0.11463728294279082,-1.8144154682392701,-1.6367585859886962,-0.3128384116828768
sample_183,-0.28918789506776066,-1.3414966425683053,-0.6941775064044066,-1.3318288018322613,0.7166674625810175,-1.6757193875663072,-1.3975099231381307,0.8725616719125672,1.6884558714922484,0.8766354135180865,-0.0746932151714188,-0.705041418731758,-0.163258586754954,0.026505972706677434,1.5387791342794652,0.4600757324420631,-0.44921472699889253,-0.737441349620542,0.3951931429087836,0.4787031890242496,-0.38382649436241345,0.4060474062821477,0.49156431514007204,1.0234554123070392,0.5886377322013854,-0.10864148492021679,-0.5506927584565496,0.5815814676111454,-0.33966933518282594,-1.3798129443794844,-0.43792800801584075,0.8783842821499008,0.42183178361860296,0.29058048717234736,0.1032850177933942,-1.1166361259645465,0.3335346189847425,0.9728328420034459,-0.6252258628034982,0.2297676452943625,0.5452875558973213,-1.5764944441169317,1.9343402294045846,-0.4680159435236852,-0.7450460012964253,-0.9350938104116723,-1.3514354729305569,0.04626961313102553,-0.3352032413905672,1.904978294390181
sample_184,0.034243611306111386,-0.12001254342098869,0.057763456407934524,-0.40909214507365305,0.5704655989238485,0.34735960341395244,0.474850454828955,-0.9694095449775473,-1.6670790815836718,-0.7038754136051157,0.7266999102150631,-0.79493044691385,0.2961100008168209,0.31579476314792415,0.3495593537405918,-1.0345379724213974,0.3756747838971668,0.4110607100008256,0.8831301870359569,-0.3233229288224834,-0.42959658154155905,-0.8066167384061108,-0.29110611182409224,0.6067286524495037,0.13789158384404063,0.7418218996098268,0.5278020667232697,1.015995374191368,-0.004613802451196116,0.15090144558290292,0.400110230340317,-0.964834837501094,-0.2043585086134688,2.212257004606823,1.4308776057381642,1.0144608407612719,-1.5954299695624479,-0.27921486712498067,-1.132304039065245,-0.15536600710270937,-0.23722736746552753,2.1365922429144932,0.5800215289536969,0.577925066822344,-0.388856000243212,0.4553743435480003,-0.9563209826617032,-1.5388565093669273,-0.0038460303064204748,0.4947072160274201
sample_185,-0.7267034288670314,0.8104661912741571,-0.816432576182349,0.18614282456142653,-0.596786128492696,-0.25929063402951347,1.902336174945909,-0.6062291938707891,0.8398379268106799,-0.7689309957018458,0.35948532019563706,-1.3966356882201556,0.8207741256727318,0.36211018892178676,-1.0924699775789404,1.3786112905920822,0.9325185430429855,1.8074701973290648,-0.32609336945933454,-0.8123493422763548,-0.7751151676808846,-0.16967115712396105,0.22768622274095596,-0.8775447813168237,0.24530243857423786,0.038373395210059356,1.5902902329220323,0.47312748347399763,-1.1010957363978404,1.579384825166749,1.5096319062607189,-0.7209235594811026,-1.0677734124452694,0.7230557647733485,-1.3240719675016703,-0.9721238206474373,0.8555323770339675,-2.5181100884635974,1.6953671542447948,-0.6746117424534032,0.6038490415231412,-1.3904066655988252,0.9606130792970895,0.15714611668270248,-0.7077028205172917,1.4282167307807314,1.1659246142489497,-0.7487828018897273,-0.7904740018772478,-1.3408351363887234
sample_186,-0.725612779918209,-0.0868075691025513,-0.3056378737080755,0.16820809260914407,-0.005771493142869924,-1.1844513259392326,0.4131514933492547,0.4725099183089229,0.7905703869154989,0.6209274368985375,-0.7845108524875382,0.6044717563541903,1.4305799246519324,-0.33139052975632166,0.5798648241965219,1.5323277236875665,0.3430992914285933,-0.7221408438094442,0.9014522357083546,0.9260967247574735,-0.2845892092552555,1.157043917992709,1.3676856058153972,0.0032941481275189804,-1.338131036400346,1.043831016540855,-0.6897973993858026,-0.022626290698777137,0.40968154180637595,0.085735754296032,-1.1658211033799435,1.0222973781809934,0.8420153341687996,-1.2223448884754102,2.5732866828914776,-0.2442314825844918,1.273549052970727,1.4140268531773754,1.0417953410084875,-1.3968618046271126,1.9417372635786248,0.34038355631442485,1.2429818967645039,-0.37815166287758134,-1.5104315347508945,-0.3502662301392664,-1.793544699638241,2.350849075340562,-1.1023993283763358,1.886714986637737
sample_187,0.8277080391314541,-0.022893298087820854,-0.23352459029916586,-0.7382317985837479,-1.0806659479194702,1.1403928096912113,0.06255445480310044,-0.4080822007674209,-0.6608752370942307,-1.5535464044256861,-1.1711632231999012,1.9927773675821947,-3.2135734369062066,0.06512217833376566,1.3528651466658623,0.788247428099006,-0.67004757456215,0.9515207008350925,0.4599170074463411,-1.7581387976158853,0.22379197888256366,-1.654372076123461,-0.09438598952151131,-0.7142871536811332,-1.0381890293978513,-0.5898778222197683,1.6819718544071567,1.5552534936156273,0.2627981872601546,0.6224923222896989,-0.04685406849589205,1.2307091817454268,-0.33553831698109043,-0.24828483675515678,-0.4399522863570809,-0.6283869305299844,0.8137859588824897,-1.4728582973989854,-1.0122534121337308,0.17596240538523336,-0.6809029598070879,-0.7205201882755295,-1.1905491726381978,-0.8920749077162544,-0.5517499017329275,2.117739596407437,-2.0552036323572844,-0.1061866336401928,-0.862002386152932,0.59592464118885
sample_188,-0.21395996829348396,0.9199052070764671,-0.8137273407958988,1.8560221687330272,-0.5815620536102871,-0.16996928388674748,1.5218955421954274,1.3975395140052254,2.039547385292412,-1.1028071299901923,-0.3295086701641269,-1.2176506626215446,-2.6325089302898865,-0.5675201201947605,-0.5031326498256878,-0.14744497417666808,-1.140835246653808,-0.29372002193335217,-0.05959656012078025,0.12052773804250011,0.05061548540518929,1.273346851836645,0.18121415900012175,-0.35740589791916333,-1.8333107629780527,1.539858505957448,0.5484424096244362,1.059315248609344,-1.3239669721714789,-1.4013396195413474,-1.2687843659410498,0.8330883021986257,-1.0753655592789133,1.139808641702617,1.0673086200082587,-0.841810271524421,-0.8590720896844192,-0.024641687487774067,-0.97350657644984,-0.5613575493259432,0.7054973330146658,-1.102921096669976,-0.4804462322090453,0.575685516654893,-0.14897483553163837,-1.8421667005475082,0.15154551046389714,0.08676057776217928,1.5565732698133168,-1.0586366959575777
sample_189,-0.5387859683889563,-1.1558824579570015,-0.5060723391956646,0.7269760891044101,-1.3495260220775778,-0.7518917601917323,-0.2488223474749168,1.304007965414847,1.0605661016529444,0.8210277233419853,0.1656526271138416,0.03176608587226573,-1.102607469640576,1.2853489995739729,0.009019753236834292,-0.000990364488618102,-1.2082752610947107,0.8962407954708195,0.29753267568686864,-0.009449427019614596,0.43704829090609176,-0.4666263136478259,-0.13433574398017342,0.2581614516629297,-0.1893671102252426,1.439759922024401,-0.5592567026912179,2.0688847363784273,-0.02054878783233508,-0.8213365059002534,-0.8424990329644618,-0.6127181276761822,0.2532514669677507,-3.5192410603959954,-1.0463171721189806,-1.129954046684299,-0.3617503311993398,0.5931400183067127,-0.5537650558188254,1.8192598051549396,-0.005627467399675448,-0.03495955344871587,0.6227487113858384,1.7159254362624474,1.0497270791889888,-1.624658406622402,-1.6975929668565783,2.190050113257913,-0.044006959464138184,-0.7073841402395954
sample_190,-1.706628957864634,0.603824435852177,2.1320853835007547,-0.0417392493060176,-0.9798201784584453,1.086048633669761,-1.5960618042277162,0.3656721071273072,-0.45696104358185713,-0.7350207858349892,-0.3434489498910941,-0.7565477875736766,0.7826957043489161,0.0481935279519242,-0.46403479380202617,-0.27138580078677277,-0.21969244136916352,0.38244509868930354,1.2348637771057447,-1.5443057563180103,-1.313271666616848,1.5146696819095327,-3.113103499805295,2.2427803088650675,-1.6236361946764069,-0.24498580260123343,-0.7076350805334446,-1.3607234821432914,-0.3203213062644793,-1.3689342668450606,1.3199103281247644,-0.871650063713942,0.09565625036935453,-0.07843228315674784,-0.8146607958122767,-0.5281524360529937,0.29045218147792934,-0.9545043358077185,-1.6350453565334042,0.8925154310789577,0.07232916539059596,-1.0426756878886652,-0.9988022918622104,0.5260371604428888,-0.4335181623634238,-0.40683618223722917,1.536550252803204,-0.38405378926721306,0.7319218369445848,-0.8597418626147453
sample_191,-0.7494857255806934,-0.6440009572571967,1.726159835556497,-0.6536447601366483,0.5945392909754238,-0.2789528467400693,-0.9092647514883765,1.4075147951884515,0.4733460269759376,0.12098997140206823,-0.04758060876007739,1.313015619889666,-0.18199020861878246,0.6103882629360109,0.021755430797072067,0.3462956857967812,-0.1481453154211679,-0.992670106098544,-1.0311428076897562,-1.241695253527119,0.10432209373156306,-2.69643693376723,-1.0184411718837711,0.7801973378909196,-0.5444172808534558,-0.21266107646733654,-0.5447333554213283,0.18736527206756914,0.2650965847538986,-0.39307102418477124,-0.7269397617189336,-0.022889764940894834,0.7288504417220708,0.005537096450070858,1.1013720522007968,0.0357363847286427,-0.8303437359267551,-1.5947479284251278,1.4112320239444167,-0.5494962819804542,-0.153587160245902,1.1058893107332337,0.5040008916737949,0.16056508161327973,0.6943843593006663,0.7306744619979584,-0.7605976186022309,-0.34776900324449883,-1.0684195935488756,1.5360466182010273
sample_192,-0.10920062356791616,-0.3753647623367041,0.013137513886833463,-0.25088505789421717,1.410537906661584,-0.9742580672420097,-1.8123246531771362,0.9823335778882532,0.9350982060949897,-1.9563902405031752,-0.00015999709500601555,0.3939848122135263,-0.6931803955471442,1.144348201369174,1.948480454567984,0.055717059962325774,-0.2666442410143595,0.07419896706880698,2.135365045823662,-0.5430755293649371,-2.32376134401783,0.09538807290238131,0.556206473533592,0.2697469631688258,1.1016875125998524,-1.7958857012310177,-2.8913012440247416,0.5445074529722576,0.9441756221488048,0.0717728651497686,-0.036229525416716854,2.2487174568764345,1.2473130913711776,0.4958822930201536,1.2650164211149804,1.2930135540814134,-1.1357708770227473,0.4342975441840625,-0.7560335251365258,0.929727794823971,-0.6203036728805177,-1.0785188964107855,-0.4286606974259986,-0.9806759085058295,0.16974295733764663,-0.7908326832442506,0.868636261831177,-0.10054798388988609,0.39924960427690337,-0.37582985539884967
sample_193,-0.5328625231187543,0.24126995445914448,-1.8719163553241351,-2.6604084592894277,-0.09072713428703526,-1.4421961997194814,-1.2682566712756256,0.46326428942346903,0.9426202355391187,0.10782168035273498,-0.9805127057264407,-0.14211269827272377,-0.16542176076606063,-1.0169570294926997,0.2765856506455558,-0.2908566020446572,1.4705899748176883,1.1378675264995237,0.6001160931530725,-1.0770661595196818,-1.5612503366483277,0.47821511949550666,0.566364939621938,0.43072351168637424,0.6217514316802157,-1.030330885874665,-0.029866943044118133,-0.6052476478021349,-1.5812005490090386,-0.8002832254550724,1.3955644855996272,-1.2959317699057913,0.6459553255624919,-0.8785820568695699,-0.6616779091369094,-2.4717760386459466,-0.4520440065159972,0.3548308350511023,2.1276992787446836,-0.48558789851677353,-0.4899704535968329,-0.4161188931556136,1.155227828930406,-0.751756768829302,0.02568304450552581,-1.4712155053533595,-0.06727730904631586,-1.078943186039891,1.7245924514115547,-1.1130128827266366
sample_194,0.06966889221639873,-0.0059858606682849395,0.5740605045421913,0.33942625289905337,1.3396515577887098,0.3261033002380992,0.2832685152287845,0.6829825643914575,-1.6563031636759291,-0.7860564474262035,-0.4399180994051384,1.2459767713254282,0.41408936898369564,1.228271576681295,-0.334696210040969,0.48112800569054276,-1.5408830648202347,0.18500174715885306,1.528904380952097,0.7916940803154031,-0.11711256986311726,-1.3594984333202729,0.6697253994687773,-0.8005604647570712,1.1290984916673414,2.4023310846775168,-0.18808836583722482,-0.45780530287915105,-1.9706134875252144,-1.2718391031585257,-0.5380985043575633,0.8527802694447486,-0.5272907852017771,1.2597214946246442,-0.4960337237985361,-0.1432124448870171,-1.2441401878453715,-1.2200929530453881,0.41736910993268667,-0.4803989774963474,-0.8761517257489163,0.5877029099263444,0.36325713200337345,-1.2988235866455835,0.37755162483820076,-0.26264212549870153,-1.409218582294562,-1.1956815802601135,0.8773535079493358,1.8107928401851299
sample_195,-0.11707617157144236,-0.26459829678756186,0.6576697855711008,0.7252751523873303,-0.9150676793011572,-1.0282211343365002,-0.35198031413892183,-0.6525527878945824,-1.5038015887274794,0.21321827121933323,-1.2147062994836169,-0.19512541696513075,1.0423019997024903,1.3039849707371032,0.9906646919632539,-0.3308603394142321,1.6390915977088547,1.4989383458239003,0.8923770431484587,-0.09723244231456622,-0.5606671680304036,-0.42371128187881973,1.0950314304703253,1.4528754483017499,-0.6152397655637897,1.0203495315482383,0.4649110278887658,0.5138467073064563,-0.15048193641571517,-0.02406440493340956,-1.7582096824283653,0.24819377400215478,-0.40048000439358317,0.6760483734377608,0.889530398368715,-0.2307456510028118,-1.8574328860438487,-0.22803904311465703,0.382692992919138,0.8050855319028412,0.9102027466974304,-0.9401991696924709,-1.9517527021152592,0.11473663694724157,-0.4192476764061081,0.9281291247520375,-0.6330198722067608,0.6968972203611417,-0.2711753012326936,-0.6791052353632867
sample_196,1.8631967276972659,-0.4437834212911936,1.7037241590859329,-0.03211878466568931,0.5863585421812999,-0.36991949164885957,0.6902012731661286,0.01661022672159226,0.5066397618762547,0.17556768929662755,-0.02497851580720518,1.2111629178012937,-0.8762739481228793,0.6080918953844565,-0.43162081804673164,0.8210673363410989,-2.0620667702126823,0.75377746284539,-1.2845772891489207,-0.5016430726996608,-1.3080211008322127,0.07427961163628141,-0.42946148023797304,-0.23625212127511425,0.06336163187175377,1.1731545156423029,-0.021465594571366448,-1.3272836610075598,-0.2866886785417455,-0.5981754933475512,-0.8399146978384509,0.7612511841427482,0.08838836760039838,0.29847510297558416,-0.3540386651316288,1.8405641441947695,0.2535418955148912,0.2598802188560479,-0.8466572316827313,-0.6116949262671685,-1.5651685007435037,-1.09226027876341,-0.16326991735095295,-0.2873404118695499,-0.7159767602970046,-0.4078168688128164,0.8527611273240194,0.5395345267698155,-0.29912981514581216,2.3479981517465123
sample_197,-0.16429715434651918,0.9550016879915941,0.2703739240099254,-1.5187471983336744,0.30207610587585654,0.7806935859919796,-1.1849541299292152,-0.19988243958097687,-0.040052462682603714,0.8522009060397628,0.3863549130196477,-0.6435821429407139,-2.561642801620747,0.7101365951606365,-1.7659496432702393,-0.4350832941019005,1.34311350512664,-0.9514924307884131,-0.33781515983874333,-0.6973097580580687,0.6404035736649282,-0.4048258885926363,1.1747990728046644,1.0386077785201717,0.28020318196182314,0.9347952437052225,-1.5941967250925941,-2.722846034829429,-0.3075938992992074,-0.5634523546133887,0.04860193498892239,1.1822715526728875,-0.8232947173065621,0.6699431787641643,1.7196713852480117,0.005657645160376817,-2.153913583037653,-1.9427417923616574,1.483912214682197,0.6946912206537762,0.16458081878542,-1.0884610141655908,0.3574701585098928,0.5889449018475343,1.55984621624643,0.3022591554335085,-1.1325930073488628,-1.12403660638292,0.5530477215496522,0.7880831378672493
sample_198,0.6298475188686722,1.2987162001366217,1.3770605036389385,-0.6372888893739991,0.0676894086699693,-0.3591797463758315,1.404924716070956,1.0501959182525087,-0.6508929776089517,-0.5424044252177805,0.640985103852003,-2.4308405837923934,0.5052000987213828,0.7335084550634553,1.6001688884736032,0.05585965742497537,0.9891429575441645,1.0620914550856448,2.0724419266593244,0.7977427315632717,-0.6212562538518007,-0.45166461606207814,-0.9054254599598521,-0.9462771938516025,-0.054296059977850746,0.15808767734606397,0.9200931038988598,0.05350903849229124,-0.6861542729724278,-0.8455748470837957,-0.0353175282339194,-0.270234079478366,-0.8359645598921824,-1.420369690030953,-0.22263768137516862,2.271411726021929,2.2666311381456614,-0.5641574561324201,-1.1225885626997152,-2.3982311797509728,1.0161471198860532,-0.5344114552886605,-1.3430630217285557,0.3582843090211754,0.8738882174374422,0.13716013880027475,-1.7917782371266697,-0.7325474534758404,-0.41233462315590896,-1.0626253315481549
sample_199,0.2767757607979036,0.5997739239066412,-0.9354916470953079,1.5293176024609887,1.436016484643501,-0.01208053963930283,-0.7647638317553823,0.29555432088703054,0.4875113810269092,-0.3377877433158979,-0.8867637922049144,0.017906595640000855,-0.2926817959636103,-1.2547966473694114,0.7271209983310359,1.405981488976056,0.6118858085473772,-0.17434373432016198,0.27768260978980147,1.4942345335799971,-1.182464463448753,-0.8722638953224102,2.0352857796934964,0.14240396028020805,2.0296753209237806,-0.39703847171619144,-0.3627538017400895,-0.13236845224766813,0.6698704410933735,-0.3500114561825085,2.3633456425052874,1.2259608962641408,-2.4749051295062054,-0.7763016177893115,0.19563570757913973,0.9175371662103795,2.590344749620334,2.029170298837703,-0.7234337928804361,1.68473207581896,0.9532190896576905,-0.5170877000745808,0.4016402331320961,1.6314229983146968,0.2969082784032356,-0.9021774227700647,-1.92626108206747,-0.3790758894028992,-0.5560522531217744,0.5978559718309109
sample_200,-0.28813548103288217,-0.7176163166964332,0.8531717432857235,-0.39409634721603287,0.8348920153505746,1.3220505714712507,0.30589840979821326,0.9139334076459423,-1.0870831350805688,-0.6420683766912754,-0.03907041831492877,0.8954746190750801,0.29219928714825216,-1.3534037047556264,1.1558002814333364,-0.0709251585527074,-0.6287260256417015,-0.9007064949864272,0.11958623615388947,0.616984392047392,-0.08777367707090437,-0.5446923504379512,0.5336821000043438,0.8306631861139437,-0.8474719736111728,-0.7501111888055388,-0.2133641614831666,-0.6334336609513336,-0.5819359128363348,-0.23267801298988794,-0.3852032649444741,0.6002058647501796,0.02483615409825499,-0.130432216579845,-1.1607862869061707,-0.5939012927078905,2.0114995537891933,-0.5924202599073782,0.7250095704089152,-1.6173963533855005,1.756111077367317,-0.1365883580072234,1.506794252627884,0.326813189286607,-0.7987128556932246,-0.1875344123603934,-0.17173737275908343,0.4359988055758251,-0.19727766415836492,-1.6153538419385782
